       0.003     -0.4467E+01      0.0000E+00
       0.005     -0.4467E+01      0.9844E-06
       0.007     -0.4467E+01      0.4028E-05
       0.010     -0.4467E+01      0.9245E-05
       0.013     -0.4467E+01      0.1671E-04
       0.015     -0.4467E+01      0.2648E-04
       0.018     -0.4467E+01      0.3855E-04
       0.020     -0.4467E+01      0.5291E-04
       0.022     -0.4468E+01      0.6950E-04
       0.025     -0.4468E+01      0.8822E-04
       0.027     -0.4468E+01      0.1089E-03
       0.030     -0.4468E+01      0.1315E-03
       0.032     -0.4468E+01      0.1557E-03
       0.035     -0.4468E+01      0.1814E-03
       0.037     -0.4468E+01      0.2082E-03
       0.040     -0.4468E+01      0.2359E-03
       0.043     -0.4468E+01      0.2641E-03
       0.045     -0.4468E+01      0.2925E-03
       0.048     -0.4468E+01      0.3208E-03
       0.050     -0.4469E+01      0.3485E-03
       0.053     -0.4469E+01      0.3753E-03
       0.055     -0.4469E+01      0.4007E-03
       0.058     -0.4469E+01      0.4242E-03
       0.060     -0.4469E+01      0.4455E-03
       0.063     -0.4469E+01      0.4640E-03
       0.065     -0.4469E+01      0.4793E-03
       0.068     -0.4470E+01      0.4909E-03
       0.070     -0.4470E+01      0.4982E-03
       0.073     -0.4470E+01      0.5010E-03
       0.075     -0.4470E+01      0.4986E-03
       0.078     -0.4470E+01      0.4907E-03
       0.080     -0.4470E+01      0.4768E-03
       0.083     -0.4471E+01      0.4564E-03
       0.085     -0.4471E+01      0.4293E-03
       0.088     -0.4471E+01      0.3949E-03
       0.090     -0.4471E+01      0.3529E-03
       0.093     -0.4472E+01      0.3031E-03
       0.095     -0.4472E+01      0.2450E-03
       0.098     -0.4472E+01      0.1786E-03
       0.100     -0.4472E+01      0.1035E-03
       0.103     -0.4472E+01      0.1959E-04
       0.105     -0.4473E+01     -0.7325E-04
       0.108     -0.4473E+01     -0.1751E-03
       0.110     -0.4473E+01     -0.2860E-03
       0.113     -0.4473E+01     -0.4060E-03
       0.115     -0.4474E+01     -0.5349E-03
       0.118     -0.4474E+01     -0.6727E-03
       0.120     -0.4474E+01     -0.8191E-03
       0.123     -0.4474E+01     -0.9740E-03
       0.125     -0.4475E+01     -0.1137E-02
       0.128     -0.4475E+01     -0.1308E-02
       0.130     -0.4475E+01     -0.1486E-02
       0.133     -0.4475E+01     -0.1671E-02
       0.135     -0.4476E+01     -0.1862E-02
       0.138     -0.4476E+01     -0.2059E-02
       0.140     -0.4476E+01     -0.2261E-02
       0.143     -0.4477E+01     -0.2468E-02
       0.145     -0.4477E+01     -0.2678E-02
       0.148     -0.4477E+01     -0.2891E-02
       0.150     -0.4477E+01     -0.3106E-02
       0.153     -0.4478E+01     -0.3322E-02
       0.155     -0.4478E+01     -0.3539E-02
       0.158     -0.4478E+01     -0.3754E-02
       0.160     -0.4479E+01     -0.3968E-02
       0.163     -0.4479E+01     -0.4178E-02
       0.165     -0.4479E+01     -0.4385E-02
       0.168     -0.4480E+01     -0.4586E-02
       0.170     -0.4480E+01     -0.4781E-02
       0.173     -0.4480E+01     -0.4968E-02
       0.175     -0.4481E+01     -0.5147E-02
       0.178     -0.4481E+01     -0.5316E-02
       0.180     -0.4481E+01     -0.5473E-02
       0.183     -0.4482E+01     -0.5618E-02
       0.185     -0.4482E+01     -0.5750E-02
       0.188     -0.4482E+01     -0.5867E-02
       0.190     -0.4483E+01     -0.5968E-02
       0.193     -0.4483E+01     -0.6052E-02
       0.195     -0.4483E+01     -0.6117E-02
       0.198     -0.4484E+01     -0.6164E-02
       0.200     -0.4484E+01     -0.6190E-02
       0.203     -0.4484E+01     -0.6194E-02
       0.205     -0.4485E+01     -0.6176E-02
       0.208     -0.4485E+01     -0.6135E-02
       0.210     -0.4485E+01     -0.6070E-02
       0.213     -0.4486E+01     -0.5980E-02
       0.215     -0.4486E+01     -0.5864E-02
       0.218     -0.4486E+01     -0.5723E-02
       0.220     -0.4487E+01     -0.5554E-02
       0.223     -0.4487E+01     -0.5358E-02
       0.225     -0.4487E+01     -0.5134E-02
       0.228     -0.4488E+01     -0.4882E-02
       0.230     -0.4488E+01     -0.4603E-02
       0.233     -0.4488E+01     -0.4295E-02
       0.235     -0.4489E+01     -0.3958E-02
       0.238     -0.4489E+01     -0.3594E-02
       0.240     -0.4490E+01     -0.3202E-02
       0.243     -0.4490E+01     -0.2782E-02
       0.245     -0.4490E+01     -0.2336E-02
       0.248     -0.4491E+01     -0.1863E-02
       0.250     -0.4491E+01     -0.1364E-02
       0.253     -0.4491E+01     -0.8400E-03
       0.255     -0.4492E+01     -0.2923E-03
       0.258     -0.4492E+01      0.2783E-03
       0.260     -0.4492E+01      0.8707E-03
       0.263     -0.4493E+01      0.1484E-02
       0.265     -0.4493E+01      0.2115E-02
       0.268     -0.4493E+01      0.2765E-02
       0.270     -0.4494E+01      0.3430E-02
       0.273     -0.4494E+01      0.4109E-02
       0.275     -0.4494E+01      0.4801E-02
       0.278     -0.4495E+01      0.5503E-02
       0.280     -0.4495E+01      0.6213E-02
       0.283     -0.4495E+01      0.6930E-02
       0.285     -0.4496E+01      0.7650E-02
       0.288     -0.4496E+01      0.8373E-02
       0.290     -0.4497E+01      0.9094E-02
       0.293     -0.4497E+01      0.9812E-02
       0.295     -0.4497E+01      0.1052E-01
       0.298     -0.4498E+01      0.1123E-01
       0.300     -0.4498E+01      0.1192E-01
       0.303     -0.4498E+01      0.1260E-01
       0.305     -0.4499E+01      0.1327E-01
       0.308     -0.4499E+01      0.1391E-01
       0.310     -0.4499E+01      0.1454E-01
       0.313     -0.4500E+01      0.1514E-01
       0.315     -0.4500E+01      0.1571E-01
       0.318     -0.4500E+01      0.1625E-01
       0.320     -0.4501E+01      0.1676E-01
       0.323     -0.4501E+01      0.1724E-01
       0.325     -0.4501E+01      0.1768E-01
       0.328     -0.4502E+01      0.1808E-01
       0.330     -0.4502E+01      0.1844E-01
       0.333     -0.4503E+01      0.1875E-01
       0.335     -0.4503E+01      0.1901E-01
       0.338     -0.4503E+01      0.1923E-01
       0.340     -0.4504E+01      0.1939E-01
       0.343     -0.4504E+01      0.1951E-01
       0.345     -0.4504E+01      0.1956E-01
       0.348     -0.4505E+01      0.1956E-01
       0.350     -0.4505E+01      0.1951E-01
       0.353     -0.4505E+01      0.1939E-01
       0.355     -0.4506E+01      0.1921E-01
       0.358     -0.4506E+01      0.1897E-01
       0.360     -0.4506E+01      0.1867E-01
       0.363     -0.4507E+01      0.1830E-01
       0.365     -0.4507E+01      0.1787E-01
       0.368     -0.4507E+01      0.1737E-01
       0.370     -0.4508E+01      0.1681E-01
       0.373     -0.4508E+01      0.1619E-01
       0.375     -0.4508E+01      0.1550E-01
       0.378     -0.4509E+01      0.1474E-01
       0.380     -0.4509E+01      0.1393E-01
       0.383     -0.4509E+01      0.1305E-01
       0.385     -0.4510E+01      0.1211E-01
       0.388     -0.4510E+01      0.1111E-01
       0.390     -0.4510E+01      0.1005E-01
       0.393     -0.4511E+01      0.8938E-02
       0.395     -0.4511E+01      0.7769E-02
       0.398     -0.4511E+01      0.6548E-02
       0.400     -0.4511E+01      0.5278E-02
       0.403     -0.4512E+01      0.3960E-02
       0.405     -0.4512E+01      0.2599E-02
       0.408     -0.4512E+01      0.1196E-02
       0.410     -0.4513E+01     -0.2448E-03
       0.413     -0.4513E+01     -0.1720E-02
       0.415     -0.4513E+01     -0.3226E-02
       0.418     -0.4514E+01     -0.4759E-02
       0.420     -0.4514E+01     -0.6315E-02
       0.423     -0.4514E+01     -0.7889E-02
       0.425     -0.4515E+01     -0.9478E-02
       0.428     -0.4515E+01     -0.1108E-01
       0.430     -0.4515E+01     -0.1268E-01
       0.433     -0.4515E+01     -0.1429E-01
       0.435     -0.4516E+01     -0.1589E-01
       0.438     -0.4516E+01     -0.1748E-01
       0.440     -0.4516E+01     -0.1906E-01
       0.443     -0.4517E+01     -0.2062E-01
       0.445     -0.4517E+01     -0.2216E-01
       0.448     -0.4517E+01     -0.2367E-01
       0.450     -0.4517E+01     -0.2515E-01
       0.453     -0.4518E+01     -0.2658E-01
       0.455     -0.4518E+01     -0.2797E-01
       0.458     -0.4518E+01     -0.2932E-01
       0.460     -0.4518E+01     -0.3061E-01
       0.463     -0.4519E+01     -0.3184E-01
       0.465     -0.4519E+01     -0.3300E-01
       0.468     -0.4519E+01     -0.3410E-01
       0.470     -0.4520E+01     -0.3512E-01
       0.473     -0.4520E+01     -0.3607E-01
       0.475     -0.4520E+01     -0.3694E-01
       0.478     -0.4520E+01     -0.3771E-01
       0.480     -0.4521E+01     -0.3840E-01
       0.483     -0.4521E+01     -0.3900E-01
       0.485     -0.4521E+01     -0.3949E-01
       0.488     -0.4521E+01     -0.3989E-01
       0.490     -0.4522E+01     -0.4018E-01
       0.493     -0.4522E+01     -0.4037E-01
       0.495     -0.4522E+01     -0.4044E-01
       0.498     -0.4522E+01     -0.4040E-01
       0.500     -0.4523E+01     -0.4025E-01
       0.503     -0.4523E+01     -0.3998E-01
       0.505     -0.4523E+01     -0.3960E-01
       0.508     -0.4523E+01     -0.3910E-01
       0.510     -0.4524E+01     -0.3847E-01
       0.513     -0.4524E+01     -0.3773E-01
       0.515     -0.4524E+01     -0.3687E-01
       0.517     -0.4524E+01     -0.3589E-01
       0.520     -0.4524E+01     -0.3479E-01
       0.522     -0.4525E+01     -0.3357E-01
       0.525     -0.4525E+01     -0.3223E-01
       0.527     -0.4525E+01     -0.3078E-01
       0.530     -0.4525E+01     -0.2922E-01
       0.532     -0.4526E+01     -0.2755E-01
       0.535     -0.4526E+01     -0.2577E-01
       0.537     -0.4526E+01     -0.2388E-01
       0.540     -0.4526E+01     -0.2189E-01
       0.542     -0.4526E+01     -0.1981E-01
       0.545     -0.4527E+01     -0.1763E-01
       0.547     -0.4527E+01     -0.1537E-01
       0.550     -0.4527E+01     -0.1302E-01
       0.552     -0.4527E+01     -0.1060E-01
       0.555     -0.4527E+01     -0.8100E-02
       0.557     -0.4528E+01     -0.5536E-02
       0.560     -0.4528E+01     -0.2911E-02
       0.562     -0.4528E+01     -0.2326E-03
       0.565     -0.4528E+01      0.2493E-02
       0.567     -0.4528E+01      0.5259E-02
       0.570     -0.4529E+01      0.8058E-02
       0.572     -0.4529E+01      0.1088E-01
       0.575     -0.4529E+01      0.1372E-01
       0.577     -0.4529E+01      0.1658E-01
       0.580     -0.4529E+01      0.1943E-01
       0.582     -0.4530E+01      0.2228E-01
       0.585     -0.4530E+01      0.2512E-01
       0.587     -0.4530E+01      0.2793E-01
       0.590     -0.4530E+01      0.3071E-01
       0.592     -0.4530E+01      0.3346E-01
       0.595     -0.4530E+01      0.3615E-01
       0.597     -0.4531E+01      0.3879E-01
       0.600     -0.4531E+01      0.4137E-01
       0.602     -0.4531E+01      0.4387E-01
       0.605     -0.4531E+01      0.4630E-01
       0.607     -0.4531E+01      0.4863E-01
       0.610     -0.4531E+01      0.5087E-01
       0.612     -0.4532E+01      0.5300E-01
       0.615     -0.4532E+01      0.5503E-01
       0.617     -0.4532E+01      0.5693E-01
       0.620     -0.4532E+01      0.5870E-01
       0.622     -0.4532E+01      0.6034E-01
       0.625     -0.4532E+01      0.6184E-01
       0.627     -0.4533E+01      0.6320E-01
       0.630     -0.4533E+01      0.6440E-01
       0.632     -0.4533E+01      0.6544E-01
       0.635     -0.4533E+01      0.6632E-01
       0.637     -0.4533E+01      0.6703E-01
       0.640     -0.4533E+01      0.6757E-01
       0.642     -0.4533E+01      0.6793E-01
       0.645     -0.4534E+01      0.6810E-01
       0.647     -0.4534E+01      0.6810E-01
       0.650     -0.4534E+01      0.6791E-01
       0.652     -0.4534E+01      0.6752E-01
       0.655     -0.4534E+01      0.6695E-01
       0.657     -0.4534E+01      0.6619E-01
       0.660     -0.4534E+01      0.6523E-01
       0.662     -0.4534E+01      0.6408E-01
       0.665     -0.4535E+01      0.6274E-01
       0.667     -0.4535E+01      0.6121E-01
       0.670     -0.4535E+01      0.5948E-01
       0.672     -0.4535E+01      0.5757E-01
       0.675     -0.4535E+01      0.5548E-01
       0.677     -0.4535E+01      0.5320E-01
       0.680     -0.4535E+01      0.5075E-01
       0.682     -0.4535E+01      0.4812E-01
       0.685     -0.4536E+01      0.4533E-01
       0.687     -0.4536E+01      0.4237E-01
       0.690     -0.4536E+01      0.3925E-01
       0.692     -0.4536E+01      0.3599E-01
       0.695     -0.4536E+01      0.3258E-01
       0.697     -0.4536E+01      0.2903E-01
       0.700     -0.4536E+01      0.2536E-01
       0.702     -0.4536E+01      0.2157E-01
       0.705     -0.4536E+01      0.1766E-01
       0.707     -0.4537E+01      0.1366E-01
       0.710     -0.4537E+01      0.9567E-02
       0.712     -0.4537E+01      0.5392E-02
       0.715     -0.4537E+01      0.1146E-02
       0.717     -0.4537E+01     -0.3159E-02
       0.720     -0.4537E+01     -0.7513E-02
       0.722     -0.4537E+01     -0.1190E-01
       0.725     -0.4537E+01     -0.1632E-01
       0.727     -0.4537E+01     -0.2075E-01
       0.730     -0.4537E+01     -0.2518E-01
       0.732     -0.4537E+01     -0.2960E-01
       0.735     -0.4538E+01     -0.3400E-01
       0.737     -0.4538E+01     -0.3836E-01
       0.740     -0.4538E+01     -0.4267E-01
       0.742     -0.4538E+01     -0.4692E-01
       0.745     -0.4538E+01     -0.5110E-01
       0.747     -0.4538E+01     -0.5519E-01
       0.750     -0.4538E+01     -0.5918E-01
       0.752     -0.4538E+01     -0.6306E-01
       0.755     -0.4538E+01     -0.6682E-01
       0.757     -0.4538E+01     -0.7045E-01
       0.760     -0.4538E+01     -0.7392E-01
       0.762     -0.4538E+01     -0.7725E-01
       0.765     -0.4538E+01     -0.8040E-01
       0.767     -0.4539E+01     -0.8337E-01
       0.770     -0.4539E+01     -0.8615E-01
       0.772     -0.4539E+01     -0.8873E-01
       0.775     -0.4539E+01     -0.9110E-01
       0.777     -0.4539E+01     -0.9326E-01
       0.780     -0.4539E+01     -0.9518E-01
       0.782     -0.4539E+01     -0.9687E-01
       0.785     -0.4539E+01     -0.9832E-01
       0.787     -0.4539E+01     -0.9952E-01
       0.790     -0.4539E+01     -0.1005E+00
       0.792     -0.4539E+01     -0.1011E+00
       0.795     -0.4539E+01     -0.1016E+00
       0.797     -0.4539E+01     -0.1017E+00
       0.800     -0.4539E+01     -0.1016E+00
       0.802     -0.4539E+01     -0.1012E+00
       0.805     -0.4539E+01     -0.1005E+00
       0.807     -0.4540E+01     -0.9952E-01
       0.810     -0.4540E+01     -0.9827E-01
       0.812     -0.4540E+01     -0.9674E-01
       0.815     -0.4540E+01     -0.9494E-01
       0.817     -0.4540E+01     -0.9285E-01
       0.820     -0.4540E+01     -0.9049E-01
       0.822     -0.4540E+01     -0.8786E-01
       0.825     -0.4540E+01     -0.8496E-01
       0.827     -0.4540E+01     -0.8179E-01
       0.830     -0.4540E+01     -0.7837E-01
       0.832     -0.4540E+01     -0.7470E-01
       0.835     -0.4540E+01     -0.7079E-01
       0.837     -0.4540E+01     -0.6664E-01
       0.840     -0.4540E+01     -0.6227E-01
       0.842     -0.4540E+01     -0.5767E-01
       0.845     -0.4540E+01     -0.5288E-01
       0.847     -0.4540E+01     -0.4788E-01
       0.850     -0.4540E+01     -0.4270E-01
       0.852     -0.4540E+01     -0.3736E-01
       0.855     -0.4540E+01     -0.3185E-01
       0.857     -0.4540E+01     -0.2619E-01
       0.860     -0.4540E+01     -0.2041E-01
       0.862     -0.4540E+01     -0.1450E-01
       0.865     -0.4540E+01     -0.8499E-02
       0.867     -0.4540E+01     -0.2406E-02
       0.870     -0.4540E+01      0.3757E-02
       0.872     -0.4541E+01      0.9975E-02
       0.875     -0.4541E+01      0.1623E-01
       0.877     -0.4541E+01      0.2251E-01
       0.880     -0.4541E+01      0.2879E-01
       0.882     -0.4541E+01      0.3506E-01
       0.885     -0.4541E+01      0.4131E-01
       0.887     -0.4541E+01      0.4750E-01
       0.890     -0.4541E+01      0.5363E-01
       0.892     -0.4541E+01      0.5968E-01
       0.895     -0.4541E+01      0.6563E-01
       0.897     -0.4541E+01      0.7146E-01
       0.900     -0.4541E+01      0.7716E-01
       0.902     -0.4541E+01      0.8271E-01
       0.905     -0.4541E+01      0.8809E-01
       0.907     -0.4541E+01      0.9329E-01
       0.910     -0.4541E+01      0.9828E-01
       0.912     -0.4541E+01      0.1031E+00
       0.915     -0.4541E+01      0.1076E+00
       0.917     -0.4541E+01      0.1119E+00
       0.920     -0.4541E+01      0.1160E+00
       0.922     -0.4541E+01      0.1197E+00
       0.925     -0.4541E+01      0.1232E+00
       0.927     -0.4541E+01      0.1264E+00
       0.930     -0.4541E+01      0.1293E+00
       0.932     -0.4541E+01      0.1319E+00
       0.935     -0.4541E+01      0.1341E+00
       0.937     -0.4541E+01      0.1360E+00
       0.940     -0.4541E+01      0.1375E+00
       0.942     -0.4541E+01      0.1387E+00
       0.945     -0.4541E+01      0.1395E+00
       0.947     -0.4541E+01      0.1400E+00
       0.950     -0.4541E+01      0.1401E+00
       0.952     -0.4541E+01      0.1398E+00
       0.955     -0.4541E+01      0.1391E+00
       0.957     -0.4541E+01      0.1380E+00
       0.960     -0.4541E+01      0.1366E+00
       0.962     -0.4541E+01      0.1348E+00
       0.965     -0.4541E+01      0.1326E+00
       0.967     -0.4541E+01      0.1300E+00
       0.970     -0.4541E+01      0.1271E+00
       0.972     -0.4541E+01      0.1237E+00
       0.975     -0.4541E+01      0.1201E+00
       0.977     -0.4541E+01      0.1160E+00
       0.980     -0.4541E+01      0.1116E+00
       0.982     -0.4541E+01      0.1069E+00
       0.985     -0.4541E+01      0.1018E+00
       0.987     -0.4541E+01      0.9644E-01
       0.990     -0.4541E+01      0.9075E-01
       0.992     -0.4541E+01      0.8476E-01
       0.995     -0.4541E+01      0.7849E-01
       0.997     -0.4541E+01      0.7196E-01
       1.000     -0.4541E+01      0.6517E-01
       1.002     -0.4541E+01      0.5815E-01
       1.005     -0.4540E+01      0.5090E-01
       1.007     -0.4540E+01      0.4346E-01
       1.010     -0.4540E+01      0.3583E-01
       1.012     -0.4540E+01      0.2804E-01
       1.015     -0.4540E+01      0.2011E-01
       1.017     -0.4540E+01      0.1206E-01
       1.020     -0.4540E+01      0.3897E-02
       1.022     -0.4540E+01     -0.4343E-02
       1.025     -0.4540E+01     -0.1264E-01
       1.027     -0.4540E+01     -0.2098E-01
       1.030     -0.4540E+01     -0.2933E-01
       1.032     -0.4540E+01     -0.3767E-01
       1.035     -0.4540E+01     -0.4599E-01
       1.037     -0.4540E+01     -0.5425E-01
       1.040     -0.4540E+01     -0.6244E-01
       1.042     -0.4540E+01     -0.7052E-01
       1.045     -0.4540E+01     -0.7849E-01
       1.047     -0.4540E+01     -0.8631E-01
       1.050     -0.4540E+01     -0.9396E-01
       1.052     -0.4540E+01     -0.1014E+00
       1.055     -0.4540E+01     -0.1087E+00
       1.057     -0.4540E+01     -0.1157E+00
       1.060     -0.4540E+01     -0.1225E+00
       1.062     -0.4540E+01     -0.1290E+00
       1.065     -0.4540E+01     -0.1352E+00
       1.067     -0.4540E+01     -0.1411E+00
       1.070     -0.4540E+01     -0.1466E+00
       1.072     -0.4539E+01     -0.1518E+00
       1.075     -0.4539E+01     -0.1567E+00
       1.077     -0.4539E+01     -0.1611E+00
       1.080     -0.4539E+01     -0.1652E+00
       1.082     -0.4539E+01     -0.1689E+00
       1.085     -0.4539E+01     -0.1721E+00
       1.087     -0.4539E+01     -0.1749E+00
       1.090     -0.4539E+01     -0.1772E+00
       1.092     -0.4539E+01     -0.1791E+00
       1.095     -0.4539E+01     -0.1806E+00
       1.097     -0.4539E+01     -0.1815E+00
       1.100     -0.4539E+01     -0.1820E+00
       1.102     -0.4539E+01     -0.1820E+00
       1.105     -0.4539E+01     -0.1815E+00
       1.107     -0.4539E+01     -0.1805E+00
       1.110     -0.4539E+01     -0.1790E+00
       1.112     -0.4539E+01     -0.1770E+00
       1.115     -0.4539E+01     -0.1745E+00
       1.117     -0.4539E+01     -0.1716E+00
       1.120     -0.4538E+01     -0.1681E+00
       1.122     -0.4538E+01     -0.1642E+00
       1.125     -0.4538E+01     -0.1598E+00
       1.127     -0.4538E+01     -0.1550E+00
       1.130     -0.4538E+01     -0.1497E+00
       1.132     -0.4538E+01     -0.1439E+00
       1.135     -0.4538E+01     -0.1377E+00
       1.137     -0.4538E+01     -0.1311E+00
       1.140     -0.4538E+01     -0.1242E+00
       1.142     -0.4538E+01     -0.1168E+00
       1.145     -0.4538E+01     -0.1090E+00
       1.147     -0.4538E+01     -0.1009E+00
       1.150     -0.4538E+01     -0.9251E-01
       1.152     -0.4538E+01     -0.8377E-01
       1.155     -0.4538E+01     -0.7475E-01
       1.157     -0.4537E+01     -0.6545E-01
       1.160     -0.4537E+01     -0.5592E-01
       1.162     -0.4537E+01     -0.4616E-01
       1.165     -0.4537E+01     -0.3621E-01
       1.167     -0.4537E+01     -0.2609E-01
       1.170     -0.4537E+01     -0.1583E-01
       1.172     -0.4537E+01     -0.5449E-02
       1.175     -0.4537E+01      0.5019E-02
       1.177     -0.4537E+01      0.1555E-01
       1.180     -0.4537E+01      0.2611E-01
       1.182     -0.4537E+01      0.3668E-01
       1.185     -0.4537E+01      0.4722E-01
       1.187     -0.4537E+01      0.5772E-01
       1.190     -0.4536E+01      0.6813E-01
       1.192     -0.4536E+01      0.7843E-01
       1.195     -0.4536E+01      0.8859E-01
       1.197     -0.4536E+01      0.9859E-01
       1.200     -0.4536E+01      0.1084E+00
       1.202     -0.4536E+01      0.1180E+00
       1.205     -0.4536E+01      0.1273E+00
       1.207     -0.4536E+01      0.1364E+00
       1.210     -0.4536E+01      0.1451E+00
       1.212     -0.4536E+01      0.1535E+00
       1.215     -0.4536E+01      0.1616E+00
       1.217     -0.4535E+01      0.1693E+00
       1.220     -0.4535E+01      0.1766E+00
       1.222     -0.4535E+01      0.1834E+00
       1.225     -0.4535E+01      0.1899E+00
       1.227     -0.4535E+01      0.1958E+00
       1.230     -0.4535E+01      0.2013E+00
       1.232     -0.4535E+01      0.2062E+00
       1.235     -0.4535E+01      0.2107E+00
       1.237     -0.4535E+01      0.2146E+00
       1.240     -0.4535E+01      0.2180E+00
       1.242     -0.4535E+01      0.2208E+00
       1.245     -0.4534E+01      0.2230E+00
       1.247     -0.4534E+01      0.2246E+00
       1.250     -0.4534E+01      0.2257E+00
       1.252     -0.4534E+01      0.2261E+00
       1.255     -0.4534E+01      0.2260E+00
       1.257     -0.4534E+01      0.2252E+00
       1.260     -0.4534E+01      0.2239E+00
       1.262     -0.4534E+01      0.2219E+00
       1.265     -0.4534E+01      0.2193E+00
       1.267     -0.4533E+01      0.2161E+00
       1.270     -0.4533E+01      0.2124E+00
       1.272     -0.4533E+01      0.2080E+00
       1.275     -0.4533E+01      0.2030E+00
       1.277     -0.4533E+01      0.1975E+00
       1.280     -0.4533E+01      0.1914E+00
       1.282     -0.4533E+01      0.1847E+00
       1.285     -0.4533E+01      0.1775E+00
       1.287     -0.4533E+01      0.1698E+00
       1.290     -0.4532E+01      0.1616E+00
       1.292     -0.4532E+01      0.1529E+00
       1.295     -0.4532E+01      0.1438E+00
       1.297     -0.4532E+01      0.1342E+00
       1.300     -0.4532E+01      0.1241E+00
       1.302     -0.4532E+01      0.1137E+00
       1.305     -0.4532E+01      0.1029E+00
       1.307     -0.4532E+01      0.9183E-01
       1.310     -0.4532E+01      0.8039E-01
       1.312     -0.4531E+01      0.6866E-01
       1.315     -0.4531E+01      0.5669E-01
       1.317     -0.4531E+01      0.4448E-01
       1.320     -0.4531E+01      0.3209E-01
       1.322     -0.4531E+01      0.1953E-01
       1.325     -0.4531E+01      0.6851E-02
       1.327     -0.4531E+01     -0.5926E-02
       1.330     -0.4531E+01     -0.1876E-01
       1.332     -0.4530E+01     -0.3163E-01
       1.335     -0.4530E+01     -0.4448E-01
       1.337     -0.4530E+01     -0.5729E-01
       1.340     -0.4530E+01     -0.7003E-01
       1.342     -0.4530E+01     -0.8265E-01
       1.345     -0.4530E+01     -0.9512E-01
       1.347     -0.4530E+01     -0.1074E+00
       1.350     -0.4530E+01     -0.1195E+00
       1.352     -0.4529E+01     -0.1313E+00
       1.355     -0.4529E+01     -0.1429E+00
       1.357     -0.4529E+01     -0.1541E+00
       1.360     -0.4529E+01     -0.1650E+00
       1.362     -0.4529E+01     -0.1755E+00
       1.365     -0.4529E+01     -0.1856E+00
       1.367     -0.4529E+01     -0.1952E+00
       1.370     -0.4529E+01     -0.2044E+00
       1.372     -0.4528E+01     -0.2131E+00
       1.375     -0.4528E+01     -0.2213E+00
       1.377     -0.4528E+01     -0.2289E+00
       1.380     -0.4528E+01     -0.2359E+00
       1.382     -0.4528E+01     -0.2424E+00
       1.385     -0.4528E+01     -0.2482E+00
       1.387     -0.4528E+01     -0.2535E+00
       1.390     -0.4528E+01     -0.2580E+00
       1.392     -0.4527E+01     -0.2619E+00
       1.395     -0.4527E+01     -0.2652E+00
       1.397     -0.4527E+01     -0.2677E+00
       1.400     -0.4527E+01     -0.2695E+00
       1.402     -0.4527E+01     -0.2706E+00
       1.405     -0.4527E+01     -0.2710E+00
       1.407     -0.4527E+01     -0.2707E+00
       1.410     -0.4527E+01     -0.2697E+00
       1.412     -0.4526E+01     -0.2679E+00
       1.415     -0.4526E+01     -0.2654E+00
       1.417     -0.4526E+01     -0.2622E+00
       1.420     -0.4526E+01     -0.2582E+00
       1.422     -0.4526E+01     -0.2536E+00
       1.425     -0.4526E+01     -0.2482E+00
       1.427     -0.4526E+01     -0.2422E+00
       1.430     -0.4526E+01     -0.2355E+00
       1.432     -0.4525E+01     -0.2281E+00
       1.435     -0.4525E+01     -0.2200E+00
       1.437     -0.4525E+01     -0.2114E+00
       1.440     -0.4525E+01     -0.2021E+00
       1.442     -0.4525E+01     -0.1922E+00
       1.445     -0.4525E+01     -0.1818E+00
       1.447     -0.4525E+01     -0.1708E+00
       1.450     -0.4524E+01     -0.1593E+00
       1.452     -0.4524E+01     -0.1473E+00
       1.455     -0.4524E+01     -0.1349E+00
       1.457     -0.4524E+01     -0.1221E+00
       1.460     -0.4524E+01     -0.1088E+00
       1.462     -0.4524E+01     -0.9521E-01
       1.465     -0.4524E+01     -0.8128E-01
       1.467     -0.4524E+01     -0.6707E-01
       1.470     -0.4523E+01     -0.5260E-01
       1.472     -0.4523E+01     -0.3792E-01
       1.475     -0.4523E+01     -0.2307E-01
       1.477     -0.4523E+01     -0.8081E-02
       1.480     -0.4523E+01      0.7004E-02
       1.482     -0.4523E+01      0.2215E-01
       1.485     -0.4523E+01      0.3730E-01
       1.487     -0.4523E+01      0.5244E-01
       1.490     -0.4522E+01      0.6750E-01
       1.492     -0.4522E+01      0.8246E-01
       1.495     -0.4522E+01      0.9727E-01
       1.497     -0.4522E+01      0.1119E+00
       1.500     -0.4522E+01      0.1263E+00
       1.502     -0.4522E+01      0.1404E+00
       1.505     -0.4522E+01      0.1542E+00
       1.507     -0.4522E+01      0.1677E+00
       1.510     -0.4522E+01      0.1808E+00
       1.512     -0.4521E+01      0.1935E+00
       1.515     -0.4521E+01      0.2057E+00
       1.517     -0.4521E+01      0.2174E+00
       1.520     -0.4521E+01      0.2286E+00
       1.522     -0.4521E+01      0.2393E+00
       1.525     -0.4521E+01      0.2493E+00
       1.527     -0.4521E+01      0.2588E+00
       1.530     -0.4521E+01      0.2676E+00
       1.532     -0.4521E+01      0.2757E+00
       1.535     -0.4520E+01      0.2831E+00
       1.537     -0.4520E+01      0.2898E+00
       1.540     -0.4520E+01      0.2958E+00
       1.542     -0.4520E+01      0.3009E+00
       1.545     -0.4520E+01      0.3054E+00
       1.547     -0.4520E+01      0.3090E+00
       1.550     -0.4520E+01      0.3118E+00
       1.552     -0.4520E+01      0.3138E+00
       1.555     -0.4520E+01      0.3149E+00
       1.557     -0.4519E+01      0.3153E+00
       1.560     -0.4519E+01      0.3148E+00
       1.562     -0.4519E+01      0.3134E+00
       1.565     -0.4519E+01      0.3112E+00
       1.567     -0.4519E+01      0.3082E+00
       1.570     -0.4519E+01      0.3043E+00
       1.572     -0.4519E+01      0.2996E+00
       1.575     -0.4519E+01      0.2941E+00
       1.577     -0.4519E+01      0.2878E+00
       1.580     -0.4519E+01      0.2806E+00
       1.582     -0.4519E+01      0.2727E+00
       1.585     -0.4519E+01      0.2641E+00
       1.587     -0.4518E+01      0.2546E+00
       1.590     -0.4518E+01      0.2445E+00
       1.592     -0.4518E+01      0.2337E+00
       1.595     -0.4518E+01      0.2222E+00
       1.597     -0.4518E+01      0.2101E+00
       1.600     -0.4518E+01      0.1973E+00
       1.602     -0.4518E+01      0.1840E+00
       1.605     -0.4518E+01      0.1701E+00
       1.607     -0.4518E+01      0.1557E+00
       1.610     -0.4518E+01      0.1409E+00
       1.612     -0.4518E+01      0.1256E+00
       1.615     -0.4518E+01      0.1099E+00
       1.617     -0.4518E+01      0.9381E-01
       1.620     -0.4517E+01      0.7743E-01
       1.622     -0.4517E+01      0.6078E-01
       1.625     -0.4517E+01      0.4390E-01
       1.627     -0.4517E+01      0.2683E-01
       1.630     -0.4517E+01      0.9620E-02
       1.632     -0.4517E+01     -0.7687E-02
       1.635     -0.4517E+01     -0.2505E-01
       1.637     -0.4517E+01     -0.4241E-01
       1.640     -0.4517E+01     -0.5973E-01
       1.642     -0.4517E+01     -0.7696E-01
       1.645     -0.4517E+01     -0.9406E-01
       1.647     -0.4517E+01     -0.1110E+00
       1.650     -0.4517E+01     -0.1277E+00
       1.652     -0.4517E+01     -0.1441E+00
       1.655     -0.4517E+01     -0.1602E+00
       1.657     -0.4517E+01     -0.1759E+00
       1.660     -0.4517E+01     -0.1912E+00
       1.662     -0.4517E+01     -0.2061E+00
       1.665     -0.4517E+01     -0.2205E+00
       1.667     -0.4517E+01     -0.2344E+00
       1.670     -0.4517E+01     -0.2477E+00
       1.672     -0.4516E+01     -0.2603E+00
       1.675     -0.4516E+01     -0.2724E+00
       1.677     -0.4516E+01     -0.2837E+00
       1.680     -0.4516E+01     -0.2944E+00
       1.682     -0.4516E+01     -0.3043E+00
       1.685     -0.4516E+01     -0.3134E+00
       1.687     -0.4516E+01     -0.3218E+00
       1.690     -0.4516E+01     -0.3293E+00
       1.692     -0.4516E+01     -0.3360E+00
       1.695     -0.4516E+01     -0.3418E+00
       1.697     -0.4516E+01     -0.3467E+00
       1.700     -0.4516E+01     -0.3507E+00
       1.702     -0.4516E+01     -0.3538E+00
       1.705     -0.4516E+01     -0.3559E+00
       1.707     -0.4516E+01     -0.3571E+00
       1.710     -0.4516E+01     -0.3574E+00
       1.712     -0.4516E+01     -0.3567E+00
       1.715     -0.4516E+01     -0.3551E+00
       1.717     -0.4516E+01     -0.3525E+00
       1.720     -0.4516E+01     -0.3490E+00
       1.722     -0.4516E+01     -0.3445E+00
       1.725     -0.4516E+01     -0.3391E+00
       1.727     -0.4516E+01     -0.3328E+00
       1.730     -0.4516E+01     -0.3256E+00
       1.732     -0.4516E+01     -0.3175E+00
       1.735     -0.4516E+01     -0.3085E+00
       1.737     -0.4516E+01     -0.2986E+00
       1.740     -0.4516E+01     -0.2880E+00
       1.742     -0.4516E+01     -0.2765E+00
       1.745     -0.4516E+01     -0.2642E+00
       1.747     -0.4516E+01     -0.2512E+00
       1.750     -0.4516E+01     -0.2375E+00
       1.752     -0.4516E+01     -0.2231E+00
       1.755     -0.4516E+01     -0.2081E+00
       1.757     -0.4516E+01     -0.1924E+00
       1.760     -0.4516E+01     -0.1762E+00
       1.762     -0.4516E+01     -0.1595E+00
       1.765     -0.4516E+01     -0.1423E+00
       1.767     -0.4516E+01     -0.1246E+00
       1.770     -0.4516E+01     -0.1066E+00
       1.772     -0.4516E+01     -0.8817E-01
       1.775     -0.4516E+01     -0.6948E-01
       1.777     -0.4516E+01     -0.5055E-01
       1.780     -0.4516E+01     -0.3141E-01
       1.782     -0.4516E+01     -0.1212E-01
       1.785     -0.4516E+01      0.7259E-02
       1.787     -0.4516E+01      0.2669E-01
       1.790     -0.4516E+01      0.4611E-01
       1.792     -0.4516E+01      0.6547E-01
       1.795     -0.4516E+01      0.8473E-01
       1.797     -0.4516E+01      0.1038E+00
       1.800     -0.4516E+01      0.1227E+00
       1.802     -0.4516E+01      0.1413E+00
       1.805     -0.4516E+01      0.1596E+00
       1.807     -0.4516E+01      0.1776E+00
       1.810     -0.4516E+01      0.1951E+00
       1.812     -0.4516E+01      0.2122E+00
       1.815     -0.4516E+01      0.2287E+00
       1.817     -0.4516E+01      0.2447E+00
       1.820     -0.4516E+01      0.2601E+00
       1.822     -0.4516E+01      0.2749E+00
       1.825     -0.4516E+01      0.2890E+00
       1.827     -0.4516E+01      0.3023E+00
       1.830     -0.4516E+01      0.3149E+00
       1.832     -0.4516E+01      0.3267E+00
       1.835     -0.4516E+01      0.3377E+00
       1.837     -0.4516E+01      0.3478E+00
       1.840     -0.4516E+01      0.3570E+00
       1.842     -0.4516E+01      0.3653E+00
       1.845     -0.4516E+01      0.3727E+00
       1.847     -0.4516E+01      0.3790E+00
       1.850     -0.4516E+01      0.3844E+00
       1.852     -0.4516E+01      0.3888E+00
       1.855     -0.4516E+01      0.3922E+00
       1.857     -0.4516E+01      0.3946E+00
       1.860     -0.4516E+01      0.3959E+00
       1.862     -0.4516E+01      0.3961E+00
       1.865     -0.4516E+01      0.3953E+00
       1.867     -0.4516E+01      0.3935E+00
       1.870     -0.4516E+01      0.3906E+00
       1.872     -0.4516E+01      0.3866E+00
       1.875     -0.4516E+01      0.3816E+00
       1.877     -0.4516E+01      0.3756E+00
       1.880     -0.4516E+01      0.3686E+00
       1.882     -0.4516E+01      0.3606E+00
       1.885     -0.4517E+01      0.3516E+00
       1.887     -0.4517E+01      0.3416E+00
       1.890     -0.4517E+01      0.3307E+00
       1.892     -0.4517E+01      0.3189E+00
       1.895     -0.4517E+01      0.3062E+00
       1.897     -0.4517E+01      0.2927E+00
       1.900     -0.4517E+01      0.2783E+00
       1.902     -0.4517E+01      0.2632E+00
       1.905     -0.4517E+01      0.2473E+00
       1.907     -0.4517E+01      0.2307E+00
       1.910     -0.4517E+01      0.2135E+00
       1.912     -0.4517E+01      0.1957E+00
       1.915     -0.4517E+01      0.1772E+00
       1.917     -0.4517E+01      0.1583E+00
       1.920     -0.4517E+01      0.1389E+00
       1.922     -0.4517E+01      0.1190E+00
       1.925     -0.4517E+01      0.9884E-01
       1.927     -0.4517E+01      0.7831E-01
       1.930     -0.4517E+01      0.5752E-01
       1.932     -0.4517E+01      0.3652E-01
       1.935     -0.4517E+01      0.1537E-01
       1.937     -0.4517E+01     -0.5879E-02
       1.940     -0.4517E+01     -0.2717E-01
       1.942     -0.4517E+01     -0.4845E-01
       1.945     -0.4517E+01     -0.6965E-01
       1.947     -0.4517E+01     -0.9073E-01
       1.950     -0.4517E+01     -0.1116E+00
       1.952     -0.4517E+01     -0.1323E+00
       1.955     -0.4517E+01     -0.1526E+00
       1.957     -0.4517E+01     -0.1726E+00
       1.960     -0.4517E+01     -0.1922E+00
       1.962     -0.4517E+01     -0.2114E+00
       1.965     -0.4518E+01     -0.2300E+00
       1.967     -0.4518E+01     -0.2481E+00
       1.970     -0.4518E+01     -0.2655E+00
       1.972     -0.4518E+01     -0.2823E+00
       1.975     -0.4518E+01     -0.2984E+00
       1.977     -0.4518E+01     -0.3137E+00
       1.980     -0.4518E+01     -0.3283E+00
       1.982     -0.4518E+01     -0.3420E+00
       1.985     -0.4518E+01     -0.3548E+00
       1.987     -0.4518E+01     -0.3668E+00
       1.990     -0.4518E+01     -0.3777E+00
       1.992     -0.4518E+01     -0.3877E+00
       1.995     -0.4518E+01     -0.3968E+00
       1.997     -0.4518E+01     -0.4047E+00
       2.000     -0.4518E+01     -0.4117E+00
       2.002     -0.4518E+01     -0.4175E+00
       2.005     -0.4518E+01     -0.4223E+00
       2.007     -0.4518E+01     -0.4259E+00
       2.010     -0.4518E+01     -0.4284E+00
       2.012     -0.4518E+01     -0.4298E+00
       2.015     -0.4518E+01     -0.4301E+00
       2.017     -0.4518E+01     -0.4292E+00
       2.020     -0.4519E+01     -0.4272E+00
       2.022     -0.4519E+01     -0.4240E+00
       2.025     -0.4519E+01     -0.4198E+00
       2.027     -0.4519E+01     -0.4144E+00
       2.030     -0.4519E+01     -0.4078E+00
       2.032     -0.4519E+01     -0.4002E+00
       2.035     -0.4519E+01     -0.3915E+00
       2.037     -0.4519E+01     -0.3818E+00
       2.040     -0.4519E+01     -0.3710E+00
       2.042     -0.4519E+01     -0.3592E+00
       2.045     -0.4519E+01     -0.3464E+00
       2.047     -0.4519E+01     -0.3327E+00
       2.050     -0.4519E+01     -0.3181E+00
       2.052     -0.4519E+01     -0.3026E+00
       2.055     -0.4519E+01     -0.2862E+00
       2.057     -0.4519E+01     -0.2691E+00
       2.060     -0.4519E+01     -0.2512E+00
       2.062     -0.4519E+01     -0.2326E+00
       2.065     -0.4520E+01     -0.2133E+00
       2.067     -0.4520E+01     -0.1935E+00
       2.070     -0.4520E+01     -0.1731E+00
       2.072     -0.4520E+01     -0.1521E+00
       2.075     -0.4520E+01     -0.1308E+00
       2.077     -0.4520E+01     -0.1090E+00
       2.080     -0.4520E+01     -0.8692E-01
       2.082     -0.4520E+01     -0.6455E-01
       2.085     -0.4520E+01     -0.4196E-01
       2.087     -0.4520E+01     -0.1921E-01
       2.090     -0.4520E+01      0.3633E-02
       2.092     -0.4520E+01      0.2652E-01
       2.095     -0.4520E+01      0.4938E-01
       2.097     -0.4520E+01      0.7215E-01
       2.100     -0.4520E+01      0.9479E-01
       2.102     -0.4520E+01      0.1172E+00
       2.105     -0.4520E+01      0.1394E+00
       2.107     -0.4521E+01      0.1612E+00
       2.110     -0.4521E+01      0.1827E+00
       2.112     -0.4521E+01      0.2037E+00
       2.115     -0.4521E+01      0.2242E+00
       2.117     -0.4521E+01      0.2442E+00
       2.120     -0.4521E+01      0.2635E+00
       2.122     -0.4521E+01      0.2822E+00
       2.125     -0.4521E+01      0.3002E+00
       2.127     -0.4521E+01      0.3174E+00
       2.130     -0.4521E+01      0.3338E+00
       2.132     -0.4521E+01      0.3494E+00
       2.135     -0.4521E+01      0.3641E+00
       2.137     -0.4521E+01      0.3778E+00
       2.140     -0.4521E+01      0.3905E+00
       2.142     -0.4521E+01      0.4023E+00
       2.145     -0.4521E+01      0.4130E+00
       2.147     -0.4521E+01      0.4226E+00
       2.150     -0.4522E+01      0.4311E+00
       2.152     -0.4522E+01      0.4385E+00
       2.155     -0.4522E+01      0.4448E+00
       2.157     -0.4522E+01      0.4499E+00
       2.160     -0.4522E+01      0.4538E+00
       2.162     -0.4522E+01      0.4565E+00
       2.165     -0.4522E+01      0.4580E+00
       2.167     -0.4522E+01      0.4583E+00
       2.170     -0.4522E+01      0.4573E+00
       2.172     -0.4522E+01      0.4552E+00
       2.175     -0.4522E+01      0.4519E+00
       2.177     -0.4522E+01      0.4473E+00
       2.180     -0.4522E+01      0.4416E+00
       2.182     -0.4522E+01      0.4346E+00
       2.185     -0.4522E+01      0.4266E+00
       2.187     -0.4522E+01      0.4173E+00
       2.190     -0.4522E+01      0.4070E+00
       2.192     -0.4522E+01      0.3955E+00
       2.195     -0.4523E+01      0.3830E+00
       2.197     -0.4523E+01      0.3695E+00
       2.200     -0.4523E+01      0.3549E+00
       2.202     -0.4523E+01      0.3394E+00
       2.205     -0.4523E+01      0.3230E+00
       2.207     -0.4523E+01      0.3057E+00
       2.210     -0.4523E+01      0.2875E+00
       2.212     -0.4523E+01      0.2685E+00
       2.215     -0.4523E+01      0.2489E+00
       2.217     -0.4523E+01      0.2285E+00
       2.220     -0.4523E+01      0.2074E+00
       2.222     -0.4523E+01      0.1858E+00
       2.225     -0.4523E+01      0.1637E+00
       2.227     -0.4523E+01      0.1411E+00
       2.230     -0.4523E+01      0.1181E+00
       2.232     -0.4523E+01      0.9476E-01
       2.235     -0.4523E+01      0.7112E-01
       2.237     -0.4523E+01      0.4725E-01
       2.240     -0.4523E+01      0.2322E-01
       2.242     -0.4523E+01     -0.9019E-03
       2.245     -0.4524E+01     -0.2506E-01
       2.247     -0.4524E+01     -0.4919E-01
       2.250     -0.4524E+01     -0.7322E-01
       2.252     -0.4524E+01     -0.9710E-01
       2.255     -0.4524E+01     -0.1208E+00
       2.257     -0.4524E+01     -0.1441E+00
       2.260     -0.4524E+01     -0.1671E+00
       2.262     -0.4524E+01     -0.1897E+00
       2.265     -0.4524E+01     -0.2119E+00
       2.267     -0.4524E+01     -0.2335E+00
       2.270     -0.4524E+01     -0.2545E+00
       2.272     -0.4524E+01     -0.2749E+00
       2.275     -0.4524E+01     -0.2946E+00
       2.277     -0.4524E+01     -0.3135E+00
       2.280     -0.4524E+01     -0.3316E+00
       2.282     -0.4524E+01     -0.3489E+00
       2.285     -0.4524E+01     -0.3652E+00
       2.287     -0.4524E+01     -0.3807E+00
       2.290     -0.4524E+01     -0.3951E+00
       2.292     -0.4524E+01     -0.4085E+00
       2.295     -0.4525E+01     -0.4208E+00
       2.297     -0.4525E+01     -0.4321E+00
       2.300     -0.4525E+01     -0.4422E+00
       2.302     -0.4525E+01     -0.4511E+00
       2.305     -0.4525E+01     -0.4589E+00
       2.307     -0.4525E+01     -0.4655E+00
       2.310     -0.4525E+01     -0.4708E+00
       2.312     -0.4525E+01     -0.4749E+00
       2.315     -0.4525E+01     -0.4778E+00
       2.317     -0.4525E+01     -0.4794E+00
       2.320     -0.4525E+01     -0.4797E+00
       2.322     -0.4525E+01     -0.4787E+00
       2.325     -0.4525E+01     -0.4765E+00
       2.327     -0.4525E+01     -0.4730E+00
       2.330     -0.4525E+01     -0.4683E+00
       2.332     -0.4525E+01     -0.4623E+00
       2.335     -0.4525E+01     -0.4551E+00
       2.337     -0.4525E+01     -0.4466E+00
       2.340     -0.4525E+01     -0.4370E+00
       2.342     -0.4525E+01     -0.4262E+00
       2.345     -0.4525E+01     -0.4143E+00
       2.347     -0.4525E+01     -0.4012E+00
       2.350     -0.4525E+01     -0.3871E+00
       2.352     -0.4526E+01     -0.3719E+00
       2.355     -0.4526E+01     -0.3558E+00
       2.357     -0.4526E+01     -0.3386E+00
       2.360     -0.4526E+01     -0.3206E+00
       2.362     -0.4526E+01     -0.3017E+00
       2.365     -0.4526E+01     -0.2820E+00
       2.367     -0.4526E+01     -0.2615E+00
       2.370     -0.4526E+01     -0.2403E+00
       2.372     -0.4526E+01     -0.2184E+00
       2.375     -0.4526E+01     -0.1959E+00
       2.377     -0.4526E+01     -0.1729E+00
       2.380     -0.4526E+01     -0.1494E+00
       2.382     -0.4526E+01     -0.1255E+00
       2.385     -0.4526E+01     -0.1012E+00
       2.387     -0.4526E+01     -0.7666E-01
       2.390     -0.4526E+01     -0.5187E-01
       2.392     -0.4526E+01     -0.2692E-01
       2.395     -0.4526E+01     -0.1870E-02
       2.397     -0.4526E+01      0.2321E-01
       2.400     -0.4526E+01      0.4824E-01
       2.402     -0.4526E+01      0.7318E-01
       2.405     -0.4526E+01      0.9794E-01
       2.407     -0.4526E+01      0.1225E+00
       2.410     -0.4526E+01      0.1467E+00
       2.412     -0.4526E+01      0.1705E+00
       2.415     -0.4526E+01      0.1940E+00
       2.417     -0.4526E+01      0.2169E+00
       2.420     -0.4526E+01      0.2393E+00
       2.422     -0.4526E+01      0.2610E+00
       2.425     -0.4526E+01      0.2821E+00
       2.427     -0.4526E+01      0.3025E+00
       2.430     -0.4526E+01      0.3221E+00
       2.432     -0.4526E+01      0.3408E+00
       2.435     -0.4526E+01      0.3586E+00
       2.437     -0.4526E+01      0.3756E+00
       2.440     -0.4526E+01      0.3915E+00
       2.442     -0.4526E+01      0.4064E+00
       2.445     -0.4526E+01      0.4202E+00
       2.447     -0.4526E+01      0.4330E+00
       2.450     -0.4526E+01      0.4446E+00
       2.452     -0.4526E+01      0.4550E+00
       2.455     -0.4526E+01      0.4642E+00
       2.457     -0.4526E+01      0.4723E+00
       2.460     -0.4526E+01      0.4790E+00
       2.462     -0.4526E+01      0.4845E+00
       2.465     -0.4526E+01      0.4888E+00
       2.467     -0.4526E+01      0.4917E+00
       2.470     -0.4527E+01      0.4933E+00
       2.472     -0.4527E+01      0.4936E+00
       2.475     -0.4527E+01      0.4927E+00
       2.477     -0.4527E+01      0.4904E+00
       2.480     -0.4527E+01      0.4868E+00
       2.482     -0.4527E+01      0.4819E+00
       2.485     -0.4527E+01      0.4757E+00
       2.487     -0.4527E+01      0.4683E+00
       2.490     -0.4527E+01      0.4596E+00
       2.492     -0.4527E+01      0.4498E+00
       2.495     -0.4527E+01      0.4387E+00
       2.497     -0.4527E+01      0.4264E+00
       2.500     -0.4527E+01      0.4130E+00
       2.502     -0.4527E+01      0.3985E+00
       2.505     -0.4527E+01      0.3830E+00
       2.507     -0.4527E+01      0.3664E+00
       2.510     -0.4527E+01      0.3488E+00
       2.512     -0.4527E+01      0.3303E+00
       2.515     -0.4527E+01      0.3109E+00
       2.517     -0.4527E+01      0.2907E+00
       2.520     -0.4527E+01      0.2697E+00
       2.522     -0.4527E+01      0.2480E+00
       2.525     -0.4527E+01      0.2256E+00
       2.527     -0.4527E+01      0.2026E+00
       2.530     -0.4527E+01      0.1791E+00
       2.532     -0.4527E+01      0.1551E+00
       2.535     -0.4527E+01      0.1306E+00
       2.537     -0.4527E+01      0.1058E+00
       2.540     -0.4527E+01      0.8071E-01
       2.542     -0.4527E+01      0.5539E-01
       2.545     -0.4527E+01      0.2991E-01
       2.547     -0.4527E+01      0.4336E-02
       2.550     -0.4527E+01     -0.2125E-01
       2.552     -0.4527E+01     -0.4680E-01
       2.555     -0.4527E+01     -0.7223E-01
       2.557     -0.4527E+01     -0.9748E-01
       2.560     -0.4527E+01     -0.1225E+00
       2.562     -0.4527E+01     -0.1472E+00
       2.565     -0.4527E+01     -0.1715E+00
       2.567     -0.4527E+01     -0.1953E+00
       2.570     -0.4527E+01     -0.2187E+00
       2.572     -0.4527E+01     -0.2415E+00
       2.575     -0.4527E+01     -0.2636E+00
       2.577     -0.4527E+01     -0.2850E+00
       2.580     -0.4527E+01     -0.3058E+00
       2.582     -0.4527E+01     -0.3257E+00
       2.585     -0.4527E+01     -0.3447E+00
       2.587     -0.4527E+01     -0.3628E+00
       2.590     -0.4527E+01     -0.3800E+00
       2.592     -0.4527E+01     -0.3962E+00
       2.595     -0.4527E+01     -0.4113E+00
       2.597     -0.4527E+01     -0.4254E+00
       2.600     -0.4527E+01     -0.4383E+00
       2.602     -0.4527E+01     -0.4501E+00
       2.605     -0.4527E+01     -0.4606E+00
       2.607     -0.4527E+01     -0.4700E+00
       2.610     -0.4527E+01     -0.4781E+00
       2.612     -0.4527E+01     -0.4849E+00
       2.615     -0.4527E+01     -0.4905E+00
       2.617     -0.4527E+01     -0.4948E+00
       2.620     -0.4527E+01     -0.4977E+00
       2.622     -0.4527E+01     -0.4994E+00
       2.625     -0.4527E+01     -0.4997E+00
       2.627     -0.4527E+01     -0.4987E+00
       2.630     -0.4527E+01     -0.4964E+00
       2.632     -0.4527E+01     -0.4927E+00
       2.635     -0.4527E+01     -0.4878E+00
       2.637     -0.4527E+01     -0.4815E+00
       2.640     -0.4527E+01     -0.4740E+00
       2.642     -0.4527E+01     -0.4653E+00
       2.645     -0.4527E+01     -0.4553E+00
       2.647     -0.4527E+01     -0.4440E+00
       2.650     -0.4527E+01     -0.4317E+00
       2.652     -0.4527E+01     -0.4181E+00
       2.655     -0.4527E+01     -0.4035E+00
       2.657     -0.4527E+01     -0.3878E+00
       2.660     -0.4527E+01     -0.3711E+00
       2.662     -0.4527E+01     -0.3533E+00
       2.665     -0.4527E+01     -0.3347E+00
       2.667     -0.4527E+01     -0.3151E+00
       2.670     -0.4527E+01     -0.2948E+00
       2.672     -0.4527E+01     -0.2736E+00
       2.675     -0.4527E+01     -0.2517E+00
       2.677     -0.4527E+01     -0.2292E+00
       2.680     -0.4527E+01     -0.2061E+00
       2.682     -0.4527E+01     -0.1824E+00
       2.685     -0.4527E+01     -0.1582E+00
       2.687     -0.4528E+01     -0.1336E+00
       2.690     -0.4528E+01     -0.1087E+00
       2.692     -0.4528E+01     -0.8344E-01
       2.695     -0.4528E+01     -0.5799E-01
       2.697     -0.4528E+01     -0.3238E-01
       2.700     -0.4528E+01     -0.6694E-02
       2.702     -0.4528E+01      0.1901E-01
       2.705     -0.4528E+01      0.4467E-01
       2.707     -0.4528E+01      0.7021E-01
       2.710     -0.4528E+01      0.9557E-01
       2.712     -0.4528E+01      0.1207E+00
       2.715     -0.4528E+01      0.1455E+00
       2.717     -0.4528E+01      0.1698E+00
       2.720     -0.4528E+01      0.1938E+00
       2.722     -0.4528E+01      0.2172E+00
       2.725     -0.4528E+01      0.2401E+00
       2.727     -0.4528E+01      0.2623E+00
       2.730     -0.4528E+01      0.2839E+00
       2.732     -0.4528E+01      0.3046E+00
       2.735     -0.4528E+01      0.3246E+00
       2.737     -0.4528E+01      0.3437E+00
       2.740     -0.4528E+01      0.3619E+00
       2.742     -0.4528E+01      0.3792E+00
       2.745     -0.4528E+01      0.3955E+00
       2.747     -0.4528E+01      0.4107E+00
       2.750     -0.4528E+01      0.4248E+00
       2.752     -0.4528E+01      0.4378E+00
       2.755     -0.4528E+01      0.4496E+00
       2.757     -0.4528E+01      0.4603E+00
       2.760     -0.4528E+01      0.4697E+00
       2.762     -0.4528E+01      0.4779E+00
       2.765     -0.4528E+01      0.4848E+00
       2.767     -0.4528E+01      0.4905E+00
       2.770     -0.4528E+01      0.4948E+00
       2.772     -0.4528E+01      0.4978E+00
       2.775     -0.4528E+01      0.4996E+00
       2.777     -0.4528E+01      0.5000E+00
       2.780     -0.4528E+01      0.4991E+00
       2.782     -0.4528E+01      0.4968E+00
       2.785     -0.4528E+01      0.4933E+00
       2.787     -0.4528E+01      0.4884E+00
       2.790     -0.4528E+01      0.4823E+00
       2.792     -0.4528E+01      0.4748E+00
       2.795     -0.4528E+01      0.4662E+00
       2.797     -0.4528E+01      0.4562E+00
       2.800     -0.4528E+01      0.4451E+00
       2.802     -0.4528E+01      0.4328E+00
       2.805     -0.4528E+01      0.4194E+00
       2.807     -0.4528E+01      0.4048E+00
       2.810     -0.4528E+01      0.3892E+00
       2.812     -0.4528E+01      0.3726E+00
       2.815     -0.4528E+01      0.3549E+00
       2.817     -0.4528E+01      0.3364E+00
       2.820     -0.4528E+01      0.3169E+00
       2.822     -0.4528E+01      0.2966E+00
       2.825     -0.4528E+01      0.2755E+00
       2.827     -0.4528E+01      0.2537E+00
       2.830     -0.4528E+01      0.2312E+00
       2.832     -0.4528E+01      0.2081E+00
       2.835     -0.4528E+01      0.1845E+00
       2.837     -0.4528E+01      0.1603E+00
       2.840     -0.4528E+01      0.1358E+00
       2.842     -0.4528E+01      0.1109E+00
       2.845     -0.4528E+01      0.8565E-01
       2.847     -0.4528E+01      0.6021E-01
       2.850     -0.4528E+01      0.3461E-01
       2.852     -0.4528E+01      0.8928E-02
       2.855     -0.4528E+01     -0.1678E-01
       2.857     -0.4528E+01     -0.4245E-01
       2.860     -0.4528E+01     -0.6800E-01
       2.862     -0.4528E+01     -0.9338E-01
       2.865     -0.4528E+01     -0.1185E+00
       2.867     -0.4528E+01     -0.1433E+00
       2.870     -0.4528E+01     -0.1678E+00
       2.872     -0.4528E+01     -0.1917E+00
       2.875     -0.4528E+01     -0.2152E+00
       2.877     -0.4528E+01     -0.2381E+00
       2.880     -0.4528E+01     -0.2604E+00
       2.882     -0.4528E+01     -0.2820E+00
       2.885     -0.4528E+01     -0.3029E+00
       2.887     -0.4528E+01     -0.3229E+00
       2.890     -0.4528E+01     -0.3421E+00
       2.892     -0.4528E+01     -0.3604E+00
       2.895     -0.4528E+01     -0.3777E+00
       2.897     -0.4528E+01     -0.3941E+00
       2.900     -0.4528E+01     -0.4094E+00
       2.902     -0.4528E+01     -0.4236E+00
       2.905     -0.4528E+01     -0.4367E+00
       2.907     -0.4528E+01     -0.4486E+00
       2.910     -0.4528E+01     -0.4594E+00
       2.912     -0.4528E+01     -0.4689E+00
       2.915     -0.4528E+01     -0.4772E+00
       2.917     -0.4528E+01     -0.4843E+00
       2.920     -0.4528E+01     -0.4900E+00
       2.922     -0.4528E+01     -0.4945E+00
       2.925     -0.4528E+01     -0.4976E+00
       2.927     -0.4528E+01     -0.4995E+00
       2.930     -0.4528E+01     -0.5000E+00
       2.932     -0.4528E+01     -0.4992E+00
       2.935     -0.4528E+01     -0.4971E+00
       2.937     -0.4528E+01     -0.4936E+00
       2.940     -0.4528E+01     -0.4889E+00
       2.942     -0.4528E+01     -0.4828E+00
       2.945     -0.4528E+01     -0.4755E+00
       2.947     -0.4528E+01     -0.4670E+00
       2.950     -0.4528E+01     -0.4572E+00
       2.952     -0.4528E+01     -0.4461E+00
       2.955     -0.4528E+01     -0.4339E+00
       2.957     -0.4528E+01     -0.4206E+00
       2.960     -0.4528E+01     -0.4061E+00
       2.962     -0.4528E+01     -0.3906E+00
       2.965     -0.4528E+01     -0.3741E+00
       2.967     -0.4528E+01     -0.3565E+00
       2.970     -0.4528E+01     -0.3380E+00
       2.972     -0.4528E+01     -0.3186E+00
       2.975     -0.4528E+01     -0.2984E+00
       2.977     -0.4528E+01     -0.2774E+00
       2.980     -0.4528E+01     -0.2556E+00
       2.982     -0.4528E+01     -0.2332E+00
       2.985     -0.4528E+01     -0.2102E+00
       2.987     -0.4528E+01     -0.1866E+00
       2.990     -0.4528E+01     -0.1625E+00
       2.992     -0.4528E+01     -0.1380E+00
       2.995     -0.4528E+01     -0.1131E+00
       2.997     -0.4528E+01     -0.8788E-01
       3.000     -0.4528E+01     -0.6247E-01
       3.002     -0.4528E+01     -0.3688E-01
       3.005     -0.4528E+01     -0.1120E-01
       3.007     -0.4528E+01      0.1451E-01
       3.010     -0.4528E+01      0.4018E-01
       3.012     -0.4528E+01      0.6575E-01
       3.015     -0.4528E+01      0.9114E-01
       3.017     -0.4528E+01      0.1163E+00
       3.020     -0.4528E+01      0.1411E+00
       3.022     -0.4528E+01      0.1656E+00
       3.025     -0.4528E+01      0.1896E+00
       3.027     -0.4528E+01      0.2132E+00
       3.030     -0.4528E+01      0.2361E+00
       3.032     -0.4528E+01      0.2585E+00
       3.035     -0.4528E+01      0.2801E+00
       3.037     -0.4528E+01      0.3011E+00
       3.040     -0.4528E+01      0.3212E+00
       3.042     -0.4528E+01      0.3405E+00
       3.045     -0.4528E+01      0.3588E+00
       3.047     -0.4528E+01      0.3763E+00
       3.050     -0.4528E+01      0.3927E+00
       3.052     -0.4528E+01      0.4081E+00
       3.055     -0.4528E+01      0.4224E+00
       3.057     -0.4528E+01      0.4356E+00
       3.060     -0.4528E+01      0.4476E+00
       3.062     -0.4528E+01      0.4585E+00
       3.065     -0.4528E+01      0.4681E+00
       3.067     -0.4528E+01      0.4765E+00
       3.070     -0.4528E+01      0.4837E+00
       3.072     -0.4528E+01      0.4896E+00
       3.075     -0.4528E+01      0.4941E+00
       3.077     -0.4528E+01      0.4974E+00
       3.080     -0.4528E+01      0.4994E+00
       3.082     -0.4528E+01      0.5000E+00
       3.085     -0.4528E+01      0.4993E+00
       3.087     -0.4528E+01      0.4973E+00
       3.090     -0.4528E+01      0.4940E+00
       3.092     -0.4528E+01      0.4893E+00
       3.095     -0.4528E+01      0.4834E+00
       3.097     -0.4528E+01      0.4762E+00
       3.100     -0.4528E+01      0.4678E+00
       3.102     -0.4528E+01      0.4581E+00
       3.105     -0.4528E+01      0.4472E+00
       3.107     -0.4528E+01      0.4351E+00
       3.110     -0.4528E+01      0.4218E+00
       3.112     -0.4528E+01      0.4075E+00
       3.115     -0.4528E+01      0.3920E+00
       3.117     -0.4528E+01      0.3755E+00
       3.120     -0.4528E+01      0.3581E+00
       3.122     -0.4528E+01      0.3397E+00
       3.125     -0.4528E+01      0.3204E+00
       3.127     -0.4528E+01      0.3002E+00
       3.130     -0.4528E+01      0.2792E+00
       3.132     -0.4528E+01      0.2576E+00
       3.135     -0.4528E+01      0.2352E+00
       3.137     -0.4528E+01      0.2122E+00
       3.140     -0.4528E+01      0.1886E+00
       3.142     -0.4528E+01      0.1646E+00
       3.145     -0.4528E+01      0.1401E+00
       3.147     -0.4528E+01      0.1152E+00
       3.150     -0.4528E+01      0.9006E-01
       3.152     -0.4528E+01      0.6466E-01
       3.155     -0.4528E+01      0.3908E-01
       3.157     -0.4528E+01      0.1340E-01
       3.160     -0.4528E+01     -0.1231E-01
       3.162     -0.4528E+01     -0.3799E-01
       3.165     -0.4528E+01     -0.6357E-01
       3.167     -0.4528E+01     -0.8898E-01
       3.170     -0.4528E+01     -0.1142E+00
       3.172     -0.4528E+01     -0.1390E+00
       3.175     -0.4528E+01     -0.1635E+00
       3.177     -0.4528E+01     -0.1876E+00
       3.180     -0.4528E+01     -0.2112E+00
       3.182     -0.4528E+01     -0.2342E+00
       3.185     -0.4528E+01     -0.2566E+00
       3.187     -0.4528E+01     -0.2783E+00
       3.190     -0.4528E+01     -0.2993E+00
       3.192     -0.4528E+01     -0.3195E+00
       3.195     -0.4528E+01     -0.3389E+00
       3.197     -0.4528E+01     -0.3573E+00
       3.200     -0.4528E+01     -0.3748E+00
       3.202     -0.4528E+01     -0.3913E+00
       3.205     -0.4528E+01     -0.4068E+00
       3.207     -0.4528E+01     -0.4212E+00
       3.210     -0.4528E+01     -0.4345E+00
       3.212     -0.4528E+01     -0.4467E+00
       3.215     -0.4528E+01     -0.4576E+00
       3.217     -0.4528E+01     -0.4674E+00
       3.220     -0.4528E+01     -0.4759E+00
       3.222     -0.4528E+01     -0.4831E+00
       3.225     -0.4528E+01     -0.4891E+00
       3.227     -0.4528E+01     -0.4938E+00
       3.230     -0.4528E+01     -0.4972E+00
       3.232     -0.4528E+01     -0.4993E+00
       3.235     -0.4528E+01     -0.5000E+00
       3.237     -0.4528E+01     -0.4994E+00
       3.240     -0.4528E+01     -0.4975E+00
       3.242     -0.4528E+01     -0.4943E+00
       3.245     -0.4528E+01     -0.4898E+00
       3.247     -0.4528E+01     -0.4840E+00
       3.250     -0.4528E+01     -0.4769E+00
       3.252     -0.4528E+01     -0.4685E+00
       3.255     -0.4528E+01     -0.4589E+00
       3.257     -0.4528E+01     -0.4481E+00
       3.260     -0.4528E+01     -0.4361E+00
       3.262     -0.4528E+01     -0.4230E+00
       3.265     -0.4528E+01     -0.4087E+00
       3.267     -0.4528E+01     -0.3934E+00
       3.270     -0.4528E+01     -0.3770E+00
       3.272     -0.4528E+01     -0.3596E+00
       3.275     -0.4528E+01     -0.3412E+00
       3.277     -0.4528E+01     -0.3220E+00
       3.280     -0.4528E+01     -0.3019E+00
       3.282     -0.4528E+01     -0.2810E+00
       3.285     -0.4528E+01     -0.2594E+00
       3.287     -0.4528E+01     -0.2371E+00
       3.290     -0.4528E+01     -0.2141E+00
       3.292     -0.4528E+01     -0.1906E+00
       3.295     -0.4528E+01     -0.1666E+00
       3.297     -0.4528E+01     -0.1422E+00
       3.300     -0.4528E+01     -0.1173E+00
       3.302     -0.4528E+01     -0.9219E-01
       3.305     -0.4528E+01     -0.6681E-01
       3.307     -0.4528E+01     -0.4125E-01
       3.310     -0.4528E+01     -0.1558E-01
       3.312     -0.4528E+01      0.1013E-01
       3.315     -0.4528E+01      0.3582E-01
       3.317     -0.4528E+01      0.6141E-01
       3.320     -0.4528E+01      0.8684E-01
       3.322     -0.4528E+01      0.1120E+00
       3.325     -0.4528E+01      0.1369E+00
       3.327     -0.4528E+01      0.1615E+00
       3.330     -0.4528E+01      0.1856E+00
       3.332     -0.4528E+01      0.2092E+00
       3.335     -0.4528E+01      0.2323E+00
       3.337     -0.4528E+01      0.2547E+00
       3.340     -0.4528E+01      0.2765E+00
       3.342     -0.4528E+01      0.2976E+00
       3.345     -0.4528E+01      0.3178E+00
       3.347     -0.4528E+01      0.3373E+00
       3.350     -0.4528E+01      0.3558E+00
       3.352     -0.4528E+01      0.3734E+00
       3.355     -0.4528E+01      0.3900E+00
       3.357     -0.4528E+01      0.4056E+00
       3.360     -0.4528E+01      0.4201E+00
       3.362     -0.4528E+01      0.4334E+00
       3.365     -0.4528E+01      0.4457E+00
       3.367     -0.4528E+01      0.4567E+00
       3.370     -0.4528E+01      0.4666E+00
       3.372     -0.4528E+01      0.4752E+00
       3.375     -0.4528E+01      0.4826E+00
       3.377     -0.4528E+01      0.4887E+00
       3.380     -0.4528E+01      0.4935E+00
       3.382     -0.4528E+01      0.4970E+00
       3.385     -0.4528E+01      0.4991E+00
       3.387     -0.4528E+01      0.5000E+00
       3.390     -0.4528E+01      0.4995E+00
       3.392     -0.4528E+01      0.4977E+00
       3.395     -0.4528E+01      0.4946E+00
       3.397     -0.4528E+01      0.4902E+00
       3.400     -0.4528E+01      0.4845E+00
       3.402     -0.4528E+01      0.4775E+00
       3.405     -0.4528E+01      0.4693E+00
       3.407     -0.4528E+01      0.4598E+00
       3.410     -0.4528E+01      0.4491E+00
       3.412     -0.4528E+01      0.4372E+00
       3.415     -0.4528E+01      0.4241E+00
       3.417     -0.4528E+01      0.4099E+00
       3.420     -0.4528E+01      0.3947E+00
       3.422     -0.4528E+01      0.3784E+00
       3.425     -0.4528E+01      0.3611E+00
       3.427     -0.4528E+01      0.3428E+00
       3.430     -0.4528E+01      0.3236E+00
       3.432     -0.4528E+01      0.3036E+00
       3.435     -0.4528E+01      0.2828E+00
       3.437     -0.4528E+01      0.2612E+00
       3.440     -0.4528E+01      0.2390E+00
       3.442     -0.4528E+01      0.2161E+00
       3.445     -0.4528E+01      0.1926E+00
       3.447     -0.4528E+01      0.1686E+00
       3.450     -0.4528E+01      0.1442E+00
       3.452     -0.4528E+01      0.1194E+00
       3.455     -0.4528E+01      0.9427E-01
       3.457     -0.4528E+01      0.6890E-01
       3.460     -0.4528E+01      0.4335E-01
       3.462     -0.4528E+01      0.1768E-01
       3.465     -0.4528E+01     -0.8030E-02
       3.467     -0.4528E+01     -0.3372E-01
       3.470     -0.4528E+01     -0.5932E-01
       3.472     -0.4528E+01     -0.8477E-01
       3.475     -0.4528E+01     -0.1100E+00
       3.477     -0.4528E+01     -0.1349E+00
       3.480     -0.4528E+01     -0.1595E+00
       3.482     -0.4528E+01     -0.1836E+00
       3.485     -0.4528E+01     -0.2073E+00
       3.487     -0.4528E+01     -0.2304E+00
       3.490     -0.4528E+01     -0.2529E+00
       3.492     -0.4528E+01     -0.2748E+00
       3.495     -0.4528E+01     -0.2959E+00
       3.497     -0.4528E+01     -0.3162E+00
       3.500     -0.4528E+01     -0.3357E+00
       3.502     -0.4528E+01     -0.3543E+00
       3.505     -0.4528E+01     -0.3720E+00
       3.507     -0.4528E+01     -0.3887E+00
       3.510     -0.4528E+01     -0.4043E+00
       3.512     -0.4528E+01     -0.4189E+00
       3.515     -0.4528E+01     -0.4324E+00
       3.517     -0.4528E+01     -0.4447E+00
       3.520     -0.4528E+01     -0.4559E+00
       3.522     -0.4528E+01     -0.4658E+00
       3.525     -0.4528E+01     -0.4746E+00
       3.527     -0.4528E+01     -0.4820E+00
       3.530     -0.4528E+01     -0.4882E+00
       3.532     -0.4528E+01     -0.4931E+00
       3.535     -0.4528E+01     -0.4967E+00
       3.537     -0.4528E+01     -0.4990E+00
       3.540     -0.4528E+01     -0.5000E+00
       3.542     -0.4528E+01     -0.4996E+00
       3.545     -0.4528E+01     -0.4979E+00
       3.547     -0.4528E+01     -0.4949E+00
       3.550     -0.4528E+01     -0.4906E+00
       3.552     -0.4528E+01     -0.4850E+00
       3.555     -0.4528E+01     -0.4781E+00
       3.557     -0.4528E+01     -0.4700E+00
       3.560     -0.4528E+01     -0.4606E+00
       3.562     -0.4528E+01     -0.4500E+00
       3.565     -0.4528E+01     -0.4382E+00
       3.567     -0.4528E+01     -0.4252E+00
       3.570     -0.4528E+01     -0.4111E+00
       3.572     -0.4528E+01     -0.3960E+00
       3.575     -0.4528E+01     -0.3797E+00
       3.577     -0.4528E+01     -0.3625E+00
       3.580     -0.4528E+01     -0.3443E+00
       3.582     -0.4528E+01     -0.3252E+00
       3.585     -0.4528E+01     -0.3053E+00
       3.587     -0.4528E+01     -0.2845E+00
       3.590     -0.4528E+01     -0.2630E+00
       3.592     -0.4528E+01     -0.2408E+00
       3.595     -0.4528E+01     -0.2179E+00
       3.597     -0.4528E+01     -0.1945E+00
       3.600     -0.4528E+01     -0.1706E+00
       3.602     -0.4528E+01     -0.1462E+00
       3.605     -0.4528E+01     -0.1214E+00
       3.607     -0.4528E+01     -0.9633E-01
       3.610     -0.4528E+01     -0.7098E-01
       3.612     -0.4528E+01     -0.4545E-01
       3.615     -0.4528E+01     -0.1979E-01
       3.617     -0.4528E+01      0.5923E-02
       3.620     -0.4528E+01      0.3162E-01
       3.622     -0.4528E+01      0.5723E-01
       3.625     -0.4528E+01      0.8269E-01
       3.627     -0.4528E+01      0.1079E+00
       3.630     -0.4528E+01      0.1329E+00
       3.632     -0.4528E+01      0.1575E+00
       3.635     -0.4528E+01      0.1817E+00
       3.637     -0.4528E+01      0.2054E+00
       3.640     -0.4528E+01      0.2286E+00
       3.642     -0.4528E+01      0.2511E+00
       3.645     -0.4528E+01      0.2730E+00
       3.647     -0.4528E+01      0.2942E+00
       3.650     -0.4528E+01      0.3146E+00
       3.652     -0.4528E+01      0.3341E+00
       3.655     -0.4528E+01      0.3528E+00
       3.657     -0.4528E+01      0.3706E+00
       3.660     -0.4528E+01      0.3873E+00
       3.662     -0.4528E+01      0.4031E+00
       3.665     -0.4528E+01      0.4178E+00
       3.667     -0.4528E+01      0.4313E+00
       3.670     -0.4528E+01      0.4438E+00
       3.672     -0.4528E+01      0.4550E+00
       3.675     -0.4528E+01      0.4651E+00
       3.677     -0.4528E+01      0.4739E+00
       3.680     -0.4528E+01      0.4815E+00
       3.682     -0.4528E+01      0.4878E+00
       3.685     -0.4528E+01      0.4928E+00
       3.687     -0.4528E+01      0.4965E+00
       3.690     -0.4528E+01      0.4989E+00
       3.692     -0.4528E+01      0.4999E+00
       3.695     -0.4528E+01      0.4997E+00
       3.697     -0.4528E+01      0.4981E+00
       3.700     -0.4528E+01      0.4952E+00
       3.702     -0.4528E+01      0.4910E+00
       3.705     -0.4528E+01      0.4855E+00
       3.707     -0.4528E+01      0.4787E+00
       3.710     -0.4528E+01      0.4707E+00
       3.712     -0.4528E+01      0.4614E+00
       3.715     -0.4528E+01      0.4509E+00
       3.717     -0.4528E+01      0.4392E+00
       3.720     -0.4528E+01      0.4263E+00
       3.722     -0.4528E+01      0.4123E+00
       3.725     -0.4528E+01      0.3972E+00
       3.727     -0.4528E+01      0.3811E+00
       3.730     -0.4528E+01      0.3639E+00
       3.732     -0.4528E+01      0.3458E+00
       3.735     -0.4528E+01      0.3268E+00
       3.737     -0.4528E+01      0.3069E+00
       3.740     -0.4528E+01      0.2862E+00
       3.742     -0.4528E+01      0.2648E+00
       3.745     -0.4528E+01      0.2426E+00
       3.747     -0.4528E+01      0.2198E+00
       3.750     -0.4528E+01      0.1964E+00
       3.752     -0.4528E+01      0.1725E+00
       3.755     -0.4528E+01      0.1482E+00
       3.757     -0.4528E+01      0.1234E+00
       3.760     -0.4528E+01      0.9835E-01
       3.762     -0.4527E+01      0.7302E-01
       3.765     -0.4527E+01      0.4749E-01
       3.767     -0.4527E+01      0.2184E-01
       3.770     -0.4527E+01     -0.3876E-02
       3.772     -0.4527E+01     -0.2958E-01
       3.775     -0.4527E+01     -0.5520E-01
       3.777     -0.4527E+01     -0.8068E-01
       3.780     -0.4527E+01     -0.1059E+00
       3.782     -0.4527E+01     -0.1309E+00
       3.785     -0.4527E+01     -0.1556E+00
       3.787     -0.4527E+01     -0.1798E+00
       3.790     -0.4527E+01     -0.2035E+00
       3.792     -0.4527E+01     -0.2267E+00
       3.795     -0.4527E+01     -0.2494E+00
       3.797     -0.4527E+01     -0.2713E+00
       3.800     -0.4527E+01     -0.2925E+00
       3.802     -0.4527E+01     -0.3130E+00
       3.805     -0.4527E+01     -0.3326E+00
       3.807     -0.4527E+01     -0.3514E+00
       3.810     -0.4527E+01     -0.3692E+00
       3.812     -0.4527E+01     -0.3861E+00
       3.815     -0.4527E+01     -0.4019E+00
       3.817     -0.4527E+01     -0.4166E+00
       3.820     -0.4527E+01     -0.4303E+00
       3.822     -0.4527E+01     -0.4428E+00
       3.825     -0.4527E+01     -0.4542E+00
       3.827     -0.4527E+01     -0.4643E+00
       3.830     -0.4527E+01     -0.4732E+00
       3.832     -0.4527E+01     -0.4809E+00
       3.835     -0.4527E+01     -0.4873E+00
       3.837     -0.4527E+01     -0.4924E+00
       3.840     -0.4527E+01     -0.4962E+00
       3.842     -0.4527E+01     -0.4987E+00
       3.845     -0.4527E+01     -0.4999E+00
       3.847     -0.4527E+01     -0.4998E+00
       3.850     -0.4527E+01     -0.4983E+00
       3.852     -0.4527E+01     -0.4955E+00
       3.855     -0.4527E+01     -0.4914E+00
       3.857     -0.4527E+01     -0.4860E+00
       3.860     -0.4527E+01     -0.4793E+00
       3.862     -0.4527E+01     -0.4714E+00
       3.865     -0.4527E+01     -0.4622E+00
       3.867     -0.4527E+01     -0.4518E+00
       3.870     -0.4527E+01     -0.4401E+00
       3.872     -0.4527E+01     -0.4274E+00
       3.875     -0.4527E+01     -0.4135E+00
       3.877     -0.4527E+01     -0.3985E+00
       3.880     -0.4527E+01     -0.3824E+00
       3.882     -0.4527E+01     -0.3653E+00
       3.885     -0.4527E+01     -0.3473E+00
       3.887     -0.4527E+01     -0.3283E+00
       3.890     -0.4527E+01     -0.3085E+00
       3.892     -0.4527E+01     -0.2879E+00
       3.895     -0.4527E+01     -0.2665E+00
       3.897     -0.4527E+01     -0.2444E+00
       3.900     -0.4527E+01     -0.2216E+00
       3.902     -0.4527E+01     -0.1983E+00
       3.905     -0.4527E+01     -0.1744E+00
       3.907     -0.4527E+01     -0.1501E+00
       3.910     -0.4527E+01     -0.1254E+00
       3.912     -0.4527E+01     -0.1004E+00
       3.915     -0.4527E+01     -0.7505E-01
       3.917     -0.4527E+01     -0.4954E-01
       3.920     -0.4527E+01     -0.2389E-01
       3.922     -0.4527E+01      0.1816E-02
       3.925     -0.4527E+01      0.2752E-01
       3.927     -0.4527E+01      0.5315E-01
       3.930     -0.4527E+01      0.7864E-01
       3.932     -0.4527E+01      0.1039E+00
       3.935     -0.4527E+01      0.1289E+00
       3.937     -0.4527E+01      0.1536E+00
       3.940     -0.4527E+01      0.1778E+00
       3.942     -0.4527E+01      0.2016E+00
       3.945     -0.4527E+01      0.2249E+00
       3.947     -0.4527E+01      0.2476E+00
       3.950     -0.4527E+01      0.2696E+00
       3.952     -0.4527E+01      0.2909E+00
       3.955     -0.4527E+01      0.3114E+00
       3.957     -0.4527E+01      0.3311E+00
       3.960     -0.4527E+01      0.3499E+00
       3.962     -0.4527E+01      0.3678E+00
       3.965     -0.4527E+01      0.3847E+00
       3.967     -0.4527E+01      0.4006E+00
       3.970     -0.4527E+01      0.4155E+00
       3.972     -0.4527E+01      0.4292E+00
       3.975     -0.4527E+01      0.4419E+00
       3.977     -0.4527E+01      0.4533E+00
       3.980     -0.4527E+01      0.4635E+00
       3.982     -0.4527E+01      0.4726E+00
       3.985     -0.4527E+01      0.4803E+00
       3.987     -0.4527E+01      0.4868E+00
       3.990     -0.4527E+01      0.4921E+00
       3.992     -0.4527E+01      0.4960E+00
       3.995     -0.4527E+01      0.4986E+00
       3.997     -0.4527E+01      0.4999E+00
       4.000     -0.4527E+01      0.4998E+00
       4.002     -0.4527E+01      0.4985E+00
       4.005     -0.4527E+01      0.4958E+00
       4.007     -0.4527E+01      0.4918E+00
       4.010     -0.4527E+01      0.4865E+00
       4.012     -0.4527E+01      0.4799E+00
       4.015     -0.4527E+01      0.4721E+00
       4.017     -0.4527E+01      0.4630E+00
       4.020     -0.4527E+01      0.4526E+00
       4.022     -0.4527E+01      0.4411E+00
       4.025     -0.4527E+01      0.4284E+00
       4.027     -0.4527E+01      0.4146E+00
       4.030     -0.4527E+01      0.3997E+00
       4.032     -0.4527E+01      0.3837E+00
       4.035     -0.4527E+01      0.3667E+00
       4.037     -0.4527E+01      0.3488E+00
       4.040     -0.4527E+01      0.3299E+00
       4.042     -0.4527E+01      0.3102E+00
       4.045     -0.4527E+01      0.2896E+00
       4.047     -0.4527E+01      0.2682E+00
       4.050     -0.4527E+01      0.2462E+00
       4.052     -0.4527E+01      0.2235E+00
       4.055     -0.4527E+01      0.2002E+00
       4.057     -0.4527E+01      0.1764E+00
       4.060     -0.4527E+01      0.1521E+00
       4.062     -0.4527E+01      0.1274E+00
       4.065     -0.4527E+01      0.1024E+00
       4.067     -0.4527E+01      0.7708E-01
       4.070     -0.4527E+01      0.5158E-01
       4.072     -0.4527E+01      0.2594E-01
       4.075     -0.4527E+01      0.2336E-03
       4.077     -0.4527E+01     -0.2547E-01
       4.080     -0.4527E+01     -0.5111E-01
       4.082     -0.4527E+01     -0.7662E-01
       4.085     -0.4527E+01     -0.1019E+00
       4.087     -0.4527E+01     -0.1270E+00
       4.090     -0.4527E+01     -0.1516E+00
       4.092     -0.4527E+01     -0.1759E+00
       4.095     -0.4527E+01     -0.1998E+00
       4.097     -0.4527E+01     -0.2231E+00
       4.100     -0.4527E+01     -0.2458E+00
       4.102     -0.4527E+01     -0.2678E+00
       4.105     -0.4527E+01     -0.2892E+00
       4.107     -0.4527E+01     -0.3098E+00
       4.110     -0.4527E+01     -0.3296E+00
       4.112     -0.4527E+01     -0.3484E+00
       4.115     -0.4527E+01     -0.3664E+00
       4.117     -0.4527E+01     -0.3834E+00
       4.120     -0.4527E+01     -0.3994E+00
       4.122     -0.4527E+01     -0.4144E+00
       4.125     -0.4527E+01     -0.4282E+00
       4.127     -0.4527E+01     -0.4409E+00
       4.130     -0.4526E+01     -0.4524E+00
       4.132     -0.4526E+01     -0.4628E+00
       4.135     -0.4526E+01     -0.4719E+00
       4.137     -0.4526E+01     -0.4798E+00
       4.140     -0.4526E+01     -0.4864E+00
       4.142     -0.4526E+01     -0.4917E+00
       4.145     -0.4526E+01     -0.4957E+00
       4.147     -0.4526E+01     -0.4984E+00
       4.150     -0.4526E+01     -0.4998E+00
       4.152     -0.4526E+01     -0.4999E+00
       4.155     -0.4526E+01     -0.4986E+00
       4.157     -0.4526E+01     -0.4960E+00
       4.160     -0.4526E+01     -0.4921E+00
       4.162     -0.4526E+01     -0.4870E+00
       4.165     -0.4526E+01     -0.4805E+00
       4.167     -0.4526E+01     -0.4727E+00
       4.170     -0.4526E+01     -0.4637E+00
       4.172     -0.4526E+01     -0.4535E+00
       4.175     -0.4526E+01     -0.4421E+00
       4.177     -0.4526E+01     -0.4295E+00
       4.180     -0.4526E+01     -0.4158E+00
       4.182     -0.4526E+01     -0.4009E+00
       4.185     -0.4526E+01     -0.3850E+00
       4.187     -0.4526E+01     -0.3681E+00
       4.190     -0.4526E+01     -0.3503E+00
       4.192     -0.4526E+01     -0.3315E+00
       4.195     -0.4526E+01     -0.3118E+00
       4.197     -0.4526E+01     -0.2913E+00
       4.200     -0.4526E+01     -0.2700E+00
       4.202     -0.4526E+01     -0.2480E+00
       4.205     -0.4526E+01     -0.2253E+00
       4.207     -0.4526E+01     -0.2021E+00
       4.210     -0.4526E+01     -0.1783E+00
       4.212     -0.4526E+01     -0.1541E+00
       4.215     -0.4526E+01     -0.1294E+00
       4.217     -0.4526E+01     -0.1044E+00
       4.220     -0.4526E+01     -0.7915E-01
       4.222     -0.4526E+01     -0.5366E-01
       4.225     -0.4526E+01     -0.2804E-01
       4.227     -0.4526E+01     -0.2335E-02
       4.230     -0.4526E+01      0.2337E-01
       4.232     -0.4526E+01      0.4902E-01
       4.235     -0.4526E+01      0.7453E-01
       4.237     -0.4526E+01      0.9985E-01
       4.240     -0.4526E+01      0.1249E+00
       4.242     -0.4526E+01      0.1496E+00
       4.245     -0.4526E+01      0.1740E+00
       4.247     -0.4526E+01      0.1978E+00
       4.250     -0.4526E+01      0.2212E+00
       4.252     -0.4526E+01      0.2439E+00
       4.255     -0.4526E+01      0.2660E+00
       4.257     -0.4526E+01      0.2875E+00
       4.260     -0.4526E+01      0.3081E+00
       4.262     -0.4526E+01      0.3279E+00
       4.265     -0.4526E+01      0.3469E+00
       4.267     -0.4526E+01      0.3650E+00
       4.270     -0.4526E+01      0.3821E+00
       4.272     -0.4526E+01      0.3981E+00
       4.275     -0.4526E+01      0.4132E+00
       4.277     -0.4526E+01      0.4271E+00
       4.280     -0.4526E+01      0.4399E+00
       4.282     -0.4526E+01      0.4515E+00
       4.285     -0.4526E+01      0.4620E+00
       4.287     -0.4526E+01      0.4712E+00
       4.290     -0.4526E+01      0.4792E+00
       4.292     -0.4526E+01      0.4859E+00
       4.295     -0.4526E+01      0.4913E+00
       4.297     -0.4526E+01      0.4954E+00
       4.300     -0.4526E+01      0.4982E+00
       4.302     -0.4526E+01      0.4997E+00
       4.305     -0.4526E+01      0.4999E+00
       4.307     -0.4526E+01      0.4988E+00
       4.310     -0.4526E+01      0.4963E+00
       4.312     -0.4526E+01      0.4925E+00
       4.315     -0.4526E+01      0.4874E+00
       4.317     -0.4526E+01      0.4811E+00
       4.320     -0.4526E+01      0.4734E+00
       4.322     -0.4526E+01      0.4645E+00
       4.325     -0.4526E+01      0.4544E+00
       4.327     -0.4526E+01      0.4431E+00
       4.330     -0.4526E+01      0.4306E+00
       4.332     -0.4526E+01      0.4170E+00
       4.335     -0.4526E+01      0.4022E+00
       4.337     -0.4526E+01      0.3864E+00
       4.340     -0.4526E+01      0.3696E+00
       4.342     -0.4526E+01      0.3518E+00
       4.345     -0.4526E+01      0.3331E+00
       4.347     -0.4526E+01      0.3134E+00
       4.350     -0.4526E+01      0.2930E+00
       4.352     -0.4526E+01      0.2718E+00
       4.355     -0.4526E+01      0.2498E+00
       4.357     -0.4526E+01      0.2273E+00
       4.360     -0.4526E+01      0.2041E+00
       4.362     -0.4526E+01      0.1803E+00
       4.365     -0.4526E+01      0.1561E+00
       4.367     -0.4526E+01      0.1315E+00
       4.370     -0.4526E+01      0.1065E+00
       4.372     -0.4526E+01      0.8125E-01
       4.375     -0.4526E+01      0.5578E-01
       4.377     -0.4526E+01      0.3016E-01
       4.380     -0.4526E+01      0.4464E-02
       4.382     -0.4526E+01     -0.2125E-01
       4.385     -0.4526E+01     -0.4690E-01
       4.387     -0.4526E+01     -0.7243E-01
       4.390     -0.4526E+01     -0.9777E-01
       4.392     -0.4526E+01     -0.1228E+00
       4.395     -0.4526E+01     -0.1476E+00
       4.397     -0.4526E+01     -0.1720E+00
       4.400     -0.4526E+01     -0.1959E+00
       4.402     -0.4526E+01     -0.2193E+00
       4.405     -0.4526E+01     -0.2421E+00
       4.407     -0.4526E+01     -0.2642E+00
       4.410     -0.4526E+01     -0.2857E+00
       4.412     -0.4526E+01     -0.3064E+00
       4.415     -0.4526E+01     -0.3263E+00
       4.417     -0.4526E+01     -0.3454E+00
       4.420     -0.4526E+01     -0.3635E+00
       4.422     -0.4526E+01     -0.3807E+00
       4.425     -0.4526E+01     -0.3968E+00
       4.427     -0.4526E+01     -0.4120E+00
       4.430     -0.4526E+01     -0.4260E+00
       4.432     -0.4526E+01     -0.4389E+00
       4.435     -0.4526E+01     -0.4506E+00
       4.437     -0.4526E+01     -0.4612E+00
       4.440     -0.4526E+01     -0.4705E+00
       4.442     -0.4526E+01     -0.4786E+00
       4.445     -0.4526E+01     -0.4854E+00
       4.447     -0.4526E+01     -0.4909E+00
       4.450     -0.4526E+01     -0.4951E+00
       4.452     -0.4526E+01     -0.4981E+00
       4.455     -0.4526E+01     -0.4997E+00
       4.457     -0.4526E+01     -0.4999E+00
       4.460     -0.4526E+01     -0.4989E+00
       4.462     -0.4526E+01     -0.4966E+00
       4.465     -0.4526E+01     -0.4929E+00
       4.467     -0.4526E+01     -0.4879E+00
       4.470     -0.4526E+01     -0.4816E+00
       4.472     -0.4526E+01     -0.4741E+00
       4.475     -0.4526E+01     -0.4653E+00
       4.478     -0.4526E+01     -0.4553E+00
       4.480     -0.4526E+01     -0.4441E+00
       4.483     -0.4526E+01     -0.4317E+00
       4.485     -0.4526E+01     -0.4181E+00
       4.488     -0.4526E+01     -0.4035E+00
       4.490     -0.4526E+01     -0.3878E+00
       4.493     -0.4526E+01     -0.3710E+00
       4.495     -0.4526E+01     -0.3533E+00
       4.498     -0.4526E+01     -0.3347E+00
       4.500     -0.4526E+01     -0.3151E+00
       4.503     -0.4526E+01     -0.2948E+00
       4.505     -0.4526E+01     -0.2736E+00
       4.508     -0.4526E+01     -0.2517E+00
       4.510     -0.4526E+01     -0.2292E+00
       4.513     -0.4526E+01     -0.2060E+00
       4.515     -0.4526E+01     -0.1823E+00
       4.518     -0.4526E+01     -0.1582E+00
       4.520     -0.4526E+01     -0.1336E+00
       4.523     -0.4526E+01     -0.1086E+00
       4.525     -0.4526E+01     -0.8341E-01
       4.528     -0.4526E+01     -0.5795E-01
       4.530     -0.4526E+01     -0.3235E-01
       4.533     -0.4526E+01     -0.6657E-02
       4.535     -0.4526E+01      0.1905E-01
       4.538     -0.4526E+01      0.4471E-01
       4.540     -0.4526E+01      0.7025E-01
       4.543     -0.4526E+01      0.9561E-01
       4.545     -0.4526E+01      0.1207E+00
       4.548     -0.4526E+01      0.1455E+00
       4.550     -0.4526E+01      0.1699E+00
       4.553     -0.4526E+01      0.1938E+00
       4.555     -0.4526E+01      0.2173E+00
       4.558     -0.4526E+01      0.2401E+00
       4.560     -0.4526E+01      0.2624E+00
       4.563     -0.4526E+01      0.2839E+00
       4.565     -0.4526E+01      0.3047E+00
       4.568     -0.4526E+01      0.3247E+00
       4.570     -0.4526E+01      0.3438E+00
       4.573     -0.4526E+01      0.3620E+00
       4.575     -0.4526E+01      0.3792E+00
       4.578     -0.4526E+01      0.3955E+00
       4.580     -0.4526E+01      0.4107E+00
       4.583     -0.4526E+01      0.4248E+00
       4.585     -0.4526E+01      0.4378E+00
       4.588     -0.4526E+01      0.4496E+00
       4.590     -0.4526E+01      0.4603E+00
       4.593     -0.4526E+01      0.4697E+00
       4.595     -0.4526E+01      0.4779E+00
       4.598     -0.4527E+01      0.4848E+00
       4.600     -0.4527E+01      0.4905E+00
       4.603     -0.4527E+01      0.4948E+00
       4.605     -0.4527E+01      0.4979E+00
       4.608     -0.4527E+01      0.4996E+00
       4.610     -0.4527E+01      0.5000E+00
       4.613     -0.4527E+01      0.4991E+00
       4.615     -0.4527E+01      0.4968E+00
       4.618     -0.4527E+01      0.4933E+00
       4.620     -0.4527E+01      0.4884E+00
       4.623     -0.4527E+01      0.4822E+00
       4.625     -0.4527E+01      0.4748E+00
       4.628     -0.4527E+01      0.4661E+00
       4.630     -0.4527E+01      0.4562E+00
       4.633     -0.4527E+01      0.4451E+00
       4.635     -0.4527E+01      0.4328E+00
       4.638     -0.4527E+01      0.4194E+00
       4.640     -0.4527E+01      0.4048E+00
       4.643     -0.4527E+01      0.3892E+00
       4.645     -0.4527E+01      0.3725E+00
       4.648     -0.4527E+01      0.3549E+00
       4.650     -0.4527E+01      0.3363E+00
       4.653     -0.4527E+01      0.3169E+00
       4.655     -0.4527E+01      0.2965E+00
       4.658     -0.4527E+01      0.2755E+00
       4.660     -0.4527E+01      0.2536E+00
       4.663     -0.4527E+01      0.2312E+00
       4.665     -0.4527E+01      0.2081E+00
       4.668     -0.4527E+01      0.1844E+00
       4.670     -0.4527E+01      0.1603E+00
       4.673     -0.4527E+01      0.1357E+00
       4.675     -0.4527E+01      0.1108E+00
       4.678     -0.4527E+01      0.8559E-01
       4.680     -0.4527E+01      0.6016E-01
       4.683     -0.4527E+01      0.3456E-01
       4.685     -0.4527E+01      0.8872E-02
       4.688     -0.4527E+01     -0.1684E-01
       4.690     -0.4527E+01     -0.4251E-01
       4.693     -0.4527E+01     -0.6806E-01
       4.695     -0.4527E+01     -0.9344E-01
       4.698     -0.4527E+01     -0.1186E+00
       4.700     -0.4527E+01     -0.1434E+00
       4.703     -0.4527E+01     -0.1678E+00
       4.705     -0.4527E+01     -0.1918E+00
       4.708     -0.4527E+01     -0.2153E+00
       4.710     -0.4527E+01     -0.2382E+00
       4.713     -0.4527E+01     -0.2605E+00
       4.715     -0.4527E+01     -0.2821E+00
       4.718     -0.4527E+01     -0.3029E+00
       4.720     -0.4527E+01     -0.3230E+00
       4.723     -0.4527E+01     -0.3422E+00
       4.725     -0.4527E+01     -0.3605E+00
       4.728     -0.4527E+01     -0.3778E+00
       4.730     -0.4527E+01     -0.3941E+00
       4.733     -0.4527E+01     -0.4094E+00
       4.735     -0.4527E+01     -0.4236E+00
       4.738     -0.4527E+01     -0.4367E+00
       4.740     -0.4527E+01     -0.4487E+00
       4.743     -0.4527E+01     -0.4594E+00
       4.745     -0.4527E+01     -0.4690E+00
       4.748     -0.4527E+01     -0.4773E+00
       4.750     -0.4527E+01     -0.4843E+00
       4.753     -0.4527E+01     -0.4900E+00
       4.755     -0.4527E+01     -0.4945E+00
       4.758     -0.4527E+01     -0.4976E+00
       4.760     -0.4527E+01     -0.4995E+00
       4.763     -0.4527E+01     -0.5000E+00
       4.765     -0.4527E+01     -0.4992E+00
       4.768     -0.4527E+01     -0.4971E+00
       4.770     -0.4527E+01     -0.4936E+00
       4.773     -0.4527E+01     -0.4889E+00
       4.775     -0.4527E+01     -0.4828E+00
       4.778     -0.4527E+01     -0.4755E+00
       4.780     -0.4527E+01     -0.4669E+00
       4.783     -0.4527E+01     -0.4571E+00
       4.785     -0.4527E+01     -0.4461E+00
       4.788     -0.4527E+01     -0.4339E+00
       4.790     -0.4527E+01     -0.4206E+00
       4.793     -0.4527E+01     -0.4061E+00
       4.795     -0.4527E+01     -0.3906E+00
       4.798     -0.4527E+01     -0.3740E+00
       4.800     -0.4527E+01     -0.3565E+00
       4.803     -0.4527E+01     -0.3380E+00
       4.805     -0.4527E+01     -0.3186E+00
       4.808     -0.4527E+01     -0.2983E+00
       4.810     -0.4527E+01     -0.2773E+00
       4.813     -0.4527E+01     -0.2556E+00
       4.815     -0.4527E+01     -0.2331E+00
       4.818     -0.4527E+01     -0.2101E+00
       4.820     -0.4527E+01     -0.1865E+00
       4.823     -0.4527E+01     -0.1624E+00
       4.825     -0.4527E+01     -0.1379E+00
       4.828     -0.4527E+01     -0.1130E+00
       4.830     -0.4527E+01     -0.8780E-01
       4.833     -0.4527E+01     -0.6239E-01
       4.835     -0.4527E+01     -0.3680E-01
       4.838     -0.4527E+01     -0.1112E-01
       4.840     -0.4527E+01      0.1459E-01
       4.843     -0.4527E+01      0.4026E-01
       4.845     -0.4527E+01      0.6583E-01
       4.848     -0.4527E+01      0.9122E-01
       4.850     -0.4527E+01      0.1164E+00
       4.853     -0.4527E+01      0.1412E+00
       4.855     -0.4527E+01      0.1657E+00
       4.858     -0.4527E+01      0.1897E+00
       4.860     -0.4527E+01      0.2132E+00
       4.863     -0.4527E+01      0.2362E+00
       4.865     -0.4527E+01      0.2585E+00
       4.868     -0.4527E+01      0.2802E+00
       4.870     -0.4527E+01      0.3011E+00
       4.873     -0.4527E+01      0.3212E+00
       4.875     -0.4527E+01      0.3405E+00
       4.878     -0.4527E+01      0.3589E+00
       4.880     -0.4527E+01      0.3763E+00
       4.883     -0.4527E+01      0.3927E+00
       4.885     -0.4527E+01      0.4081E+00
       4.888     -0.4527E+01      0.4224E+00
       4.890     -0.4527E+01      0.4356E+00
       4.893     -0.4527E+01      0.4477E+00
       4.895     -0.4527E+01      0.4585E+00
       4.898     -0.4527E+01      0.4682E+00
       4.900     -0.4527E+01      0.4766E+00
       4.903     -0.4527E+01      0.4837E+00
       4.905     -0.4527E+01      0.4896E+00
       4.908     -0.4527E+01      0.4942E+00
       4.910     -0.4527E+01      0.4974E+00
       4.913     -0.4527E+01      0.4994E+00
       4.915     -0.4527E+01      0.5000E+00
       4.918     -0.4527E+01      0.4993E+00
       4.920     -0.4527E+01      0.4973E+00
       4.923     -0.4527E+01      0.4940E+00
       4.925     -0.4527E+01      0.4893E+00
       4.928     -0.4527E+01      0.4834E+00
       4.930     -0.4527E+01      0.4762E+00
       4.933     -0.4527E+01      0.4677E+00
       4.935     -0.4527E+01      0.4580E+00
       4.938     -0.4527E+01      0.4471E+00
       4.940     -0.4527E+01      0.4350E+00
       4.943     -0.4527E+01      0.4218E+00
       4.945     -0.4527E+01      0.4074E+00
       4.948     -0.4527E+01      0.3920E+00
       4.950     -0.4527E+01      0.3755E+00
       4.953     -0.4527E+01      0.3580E+00
       4.955     -0.4527E+01      0.3396E+00
       4.958     -0.4527E+01      0.3203E+00
       4.960     -0.4527E+01      0.3001E+00
       4.963     -0.4527E+01      0.2792E+00
       4.965     -0.4527E+01      0.2575E+00
       4.968     -0.4527E+01      0.2351E+00
       4.970     -0.4527E+01      0.2121E+00
       4.973     -0.4527E+01      0.1886E+00
       4.975     -0.4527E+01      0.1645E+00
       4.978     -0.4527E+01      0.1400E+00
       4.980     -0.4527E+01      0.1152E+00
       4.983     -0.4527E+01      0.9000E-01
       4.985     -0.4527E+01      0.6460E-01
       4.988     -0.4527E+01      0.3903E-01
       4.990     -0.4527E+01      0.1335E-01
       4.993     -0.4527E+01     -0.1236E-01
       4.995     -0.4527E+01     -0.3804E-01
       4.998     -0.4527E+01     -0.6362E-01
       5.000     -0.4527E+01     -0.8903E-01
       5.003     -0.4527E+01     -0.1142E+00
       5.005     -0.4527E+01     -0.1391E+00
       5.008     -0.4527E+01     -0.1636E+00
       5.010     -0.4527E+01     -0.1877E+00
       5.013     -0.4527E+01     -0.2112E+00
       5.015     -0.4527E+01     -0.2343E+00
       5.018     -0.4527E+01     -0.2567E+00
       5.020     -0.4527E+01     -0.2784E+00
       5.023     -0.4527E+01     -0.2994E+00
       5.025     -0.4527E+01     -0.3195E+00
       5.028     -0.4527E+01     -0.3389E+00
       5.030     -0.4527E+01     -0.3573E+00
       5.033     -0.4527E+01     -0.3749E+00
       5.035     -0.4527E+01     -0.3914E+00
       5.038     -0.4527E+01     -0.4068E+00
       5.040     -0.4527E+01     -0.4212E+00
       5.043     -0.4527E+01     -0.4345E+00
       5.045     -0.4527E+01     -0.4467E+00
       5.048     -0.4527E+01     -0.4576E+00
       5.050     -0.4527E+01     -0.4674E+00
       5.053     -0.4527E+01     -0.4759E+00
       5.055     -0.4527E+01     -0.4832E+00
       5.058     -0.4527E+01     -0.4891E+00
       5.060     -0.4527E+01     -0.4938E+00
       5.063     -0.4527E+01     -0.4972E+00
       5.065     -0.4527E+01     -0.4993E+00
       5.068     -0.4527E+01     -0.5000E+00
       5.070     -0.4527E+01     -0.4994E+00
       5.073     -0.4527E+01     -0.4975E+00
       5.075     -0.4527E+01     -0.4943E+00
       5.078     -0.4527E+01     -0.4898E+00
       5.080     -0.4527E+01     -0.4840E+00
       5.083     -0.4527E+01     -0.4769E+00
       5.085     -0.4527E+01     -0.4685E+00
       5.088     -0.4527E+01     -0.4589E+00
       5.090     -0.4527E+01     -0.4481E+00
       5.093     -0.4527E+01     -0.4361E+00
       5.095     -0.4527E+01     -0.4230E+00
       5.098     -0.4527E+01     -0.4087E+00
       5.100     -0.4527E+01     -0.3933E+00
       5.103     -0.4527E+01     -0.3770E+00
       5.105     -0.4527E+01     -0.3596E+00
       5.108     -0.4527E+01     -0.3412E+00
       5.110     -0.4527E+01     -0.3220E+00
       5.113     -0.4527E+01     -0.3019E+00
       5.115     -0.4527E+01     -0.2810E+00
       5.118     -0.4527E+01     -0.2594E+00
       5.120     -0.4527E+01     -0.2371E+00
       5.123     -0.4527E+01     -0.2141E+00
       5.125     -0.4527E+01     -0.1906E+00
       5.128     -0.4527E+01     -0.1666E+00
       5.130     -0.4527E+01     -0.1422E+00
       5.133     -0.4527E+01     -0.1173E+00
       5.135     -0.4527E+01     -0.9219E-01
       5.138     -0.4527E+01     -0.6680E-01
       5.140     -0.4527E+01     -0.4124E-01
       5.143     -0.4527E+01     -0.1557E-01
       5.145     -0.4527E+01      0.1014E-01
       5.148     -0.4527E+01      0.3582E-01
       5.150     -0.4527E+01      0.6141E-01
       5.153     -0.4527E+01      0.8684E-01
       5.155     -0.4527E+01      0.1120E+00
       5.158     -0.4527E+01      0.1369E+00
       5.160     -0.4527E+01      0.1615E+00
       5.163     -0.4527E+01      0.1856E+00
       5.165     -0.4527E+01      0.2092E+00
       5.168     -0.4527E+01      0.2323E+00
       5.170     -0.4527E+01      0.2547E+00
       5.173     -0.4527E+01      0.2765E+00
       5.175     -0.4527E+01      0.2976E+00
       5.178     -0.4527E+01      0.3178E+00
       5.180     -0.4527E+01      0.3372E+00
       5.183     -0.4527E+01      0.3558E+00
       5.185     -0.4527E+01      0.3734E+00
       5.188     -0.4527E+01      0.3900E+00
       5.190     -0.4527E+01      0.4055E+00
       5.193     -0.4527E+01      0.4200E+00
       5.195     -0.4527E+01      0.4334E+00
       5.198     -0.4527E+01      0.4457E+00
       5.200     -0.4527E+01      0.4567E+00
       5.203     -0.4527E+01      0.4666E+00
       5.205     -0.4527E+01      0.4752E+00
       5.208     -0.4527E+01      0.4826E+00
       5.210     -0.4527E+01      0.4887E+00
       5.213     -0.4527E+01      0.4935E+00
       5.215     -0.4527E+01      0.4969E+00
       5.218     -0.4527E+01      0.4991E+00
       5.220     -0.4527E+01      0.5000E+00
       5.223     -0.4527E+01      0.4995E+00
       5.225     -0.4527E+01      0.4977E+00
       5.228     -0.4527E+01      0.4946E+00
       5.230     -0.4527E+01      0.4902E+00
       5.233     -0.4527E+01      0.4845E+00
       5.235     -0.4527E+01      0.4775E+00
       5.238     -0.4527E+01      0.4693E+00
       5.240     -0.4527E+01      0.4598E+00
       5.243     -0.4527E+01      0.4491E+00
       5.245     -0.4527E+01      0.4372E+00
       5.248     -0.4527E+01      0.4241E+00
       5.250     -0.4527E+01      0.4100E+00
       5.253     -0.4527E+01      0.3947E+00
       5.255     -0.4527E+01      0.3784E+00
       5.258     -0.4527E+01      0.3611E+00
       5.260     -0.4527E+01      0.3428E+00
       5.263     -0.4527E+01      0.3237E+00
       5.265     -0.4527E+01      0.3037E+00
       5.268     -0.4527E+01      0.2828E+00
       5.270     -0.4527E+01      0.2613E+00
       5.273     -0.4527E+01      0.2390E+00
       5.275     -0.4527E+01      0.2161E+00
       5.278     -0.4527E+01      0.1926E+00
       5.280     -0.4527E+01      0.1687E+00
       5.283     -0.4527E+01      0.1443E+00
       5.285     -0.4527E+01      0.1195E+00
       5.288     -0.4527E+01      0.9433E-01
       5.290     -0.4527E+01      0.6897E-01
       5.293     -0.4527E+01      0.4341E-01
       5.295     -0.4527E+01      0.1775E-01
       5.298     -0.4527E+01     -0.7962E-02
       5.300     -0.4527E+01     -0.3365E-01
       5.303     -0.4527E+01     -0.5926E-01
       5.305     -0.4527E+01     -0.8470E-01
       5.308     -0.4527E+01     -0.1099E+00
       5.310     -0.4527E+01     -0.1349E+00
       5.313     -0.4527E+01     -0.1594E+00
       5.315     -0.4527E+01     -0.1836E+00
       5.318     -0.4527E+01     -0.2072E+00
       5.320     -0.4527E+01     -0.2304E+00
       5.323     -0.4527E+01     -0.2529E+00
       5.325     -0.4527E+01     -0.2747E+00
       5.328     -0.4527E+01     -0.2958E+00
       5.330     -0.4527E+01     -0.3162E+00
       5.333     -0.4527E+01     -0.3357E+00
       5.335     -0.4527E+01     -0.3543E+00
       5.338     -0.4527E+01     -0.3719E+00
       5.340     -0.4527E+01     -0.3886E+00
       5.343     -0.4527E+01     -0.4043E+00
       5.345     -0.4527E+01     -0.4189E+00
       5.348     -0.4527E+01     -0.4324E+00
       5.350     -0.4527E+01     -0.4447E+00
       5.353     -0.4527E+01     -0.4559E+00
       5.355     -0.4527E+01     -0.4658E+00
       5.358     -0.4527E+01     -0.4745E+00
       5.360     -0.4527E+01     -0.4820E+00
       5.363     -0.4527E+01     -0.4882E+00
       5.365     -0.4527E+01     -0.4931E+00
       5.368     -0.4527E+01     -0.4967E+00
       5.370     -0.4527E+01     -0.4990E+00
       5.373     -0.4527E+01     -0.5000E+00
       5.375     -0.4527E+01     -0.4996E+00
       5.378     -0.4527E+01     -0.4979E+00
       5.380     -0.4527E+01     -0.4949E+00
       5.383     -0.4527E+01     -0.4906E+00
       5.385     -0.4527E+01     -0.4850E+00
       5.388     -0.4527E+01     -0.4782E+00
       5.390     -0.4527E+01     -0.4700E+00
       5.393     -0.4527E+01     -0.4606E+00
       5.395     -0.4527E+01     -0.4500E+00
       5.398     -0.4527E+01     -0.4382E+00
       5.400     -0.4527E+01     -0.4253E+00
       5.403     -0.4527E+01     -0.4112E+00
       5.405     -0.4527E+01     -0.3960E+00
       5.408     -0.4527E+01     -0.3798E+00
       5.410     -0.4527E+01     -0.3626E+00
       5.413     -0.4527E+01     -0.3444E+00
       5.415     -0.4527E+01     -0.3253E+00
       5.418     -0.4527E+01     -0.3054E+00
       5.420     -0.4527E+01     -0.2846E+00
       5.423     -0.4527E+01     -0.2631E+00
       5.425     -0.4527E+01     -0.2409E+00
       5.428     -0.4527E+01     -0.2181E+00
       5.430     -0.4527E+01     -0.1946E+00
       5.433     -0.4527E+01     -0.1707E+00
       5.435     -0.4527E+01     -0.1463E+00
       5.438     -0.4527E+01     -0.1215E+00
       5.440     -0.4527E+01     -0.9645E-01
       5.443     -0.4527E+01     -0.7111E-01
       5.445     -0.4527E+01     -0.4557E-01
       5.448     -0.4527E+01     -0.1991E-01
       5.450     -0.4527E+01      0.5795E-02
       5.453     -0.4527E+01      0.3149E-01
       5.455     -0.4527E+01      0.5710E-01
       5.458     -0.4527E+01      0.8256E-01
       5.460     -0.4527E+01      0.1078E+00
       5.463     -0.4527E+01      0.1328E+00
       5.465     -0.4527E+01      0.1574E+00
       5.468     -0.4527E+01      0.1816E+00
       5.470     -0.4527E+01      0.2053E+00
       5.473     -0.4527E+01      0.2284E+00
       5.475     -0.4527E+01      0.2510E+00
       5.478     -0.4527E+01      0.2729E+00
       5.480     -0.4527E+01      0.2941E+00
       5.483     -0.4527E+01      0.3145E+00
       5.485     -0.4527E+01      0.3340E+00
       5.488     -0.4527E+01      0.3527E+00
       5.490     -0.4527E+01      0.3705E+00
       5.493     -0.4527E+01      0.3872E+00
       5.495     -0.4527E+01      0.4030E+00
       5.498     -0.4527E+01      0.4177E+00
       5.500     -0.4527E+01      0.4313E+00
       5.503     -0.4527E+01      0.4437E+00
       5.505     -0.4527E+01      0.4550E+00
       5.508     -0.4527E+01      0.4650E+00
       5.510     -0.4527E+01      0.4738E+00
       5.513     -0.4527E+01      0.4814E+00
       5.515     -0.4527E+01      0.4877E+00
       5.518     -0.4527E+01      0.4927E+00
       5.520     -0.4527E+01      0.4965E+00
       5.523     -0.4527E+01      0.4989E+00
       5.525     -0.4527E+01      0.4999E+00
       5.528     -0.4527E+01      0.4997E+00
       5.530     -0.4527E+01      0.4981E+00
       5.533     -0.4527E+01      0.4952E+00
       5.535     -0.4527E+01      0.4911E+00
       5.538     -0.4527E+01      0.4856E+00
       5.540     -0.4527E+01      0.4788E+00
       5.543     -0.4527E+01      0.4708E+00
       5.545     -0.4527E+01      0.4615E+00
       5.548     -0.4527E+01      0.4510E+00
       5.550     -0.4527E+01      0.4393E+00
       5.553     -0.4527E+01      0.4264E+00
       5.555     -0.4527E+01      0.4124E+00
       5.558     -0.4527E+01      0.3973E+00
       5.560     -0.4527E+01      0.3812E+00
       5.563     -0.4527E+01      0.3641E+00
       5.565     -0.4527E+01      0.3460E+00
       5.568     -0.4527E+01      0.3270E+00
       5.570     -0.4527E+01      0.3071E+00
       5.573     -0.4527E+01      0.2864E+00
       5.575     -0.4527E+01      0.2649E+00
       5.578     -0.4527E+01      0.2428E+00
       5.580     -0.4527E+01      0.2200E+00
       5.583     -0.4527E+01      0.1966E+00
       5.585     -0.4527E+01      0.1727E+00
       5.588     -0.4527E+01      0.1484E+00
       5.590     -0.4527E+01      0.1236E+00
       5.593     -0.4527E+01      0.9855E-01
       5.595     -0.4527E+01      0.7322E-01
       5.598     -0.4527E+01      0.4769E-01
       5.600     -0.4527E+01      0.2204E-01
       5.603     -0.4527E+01     -0.3670E-02
       5.605     -0.4527E+01     -0.2937E-01
       5.608     -0.4527E+01     -0.5499E-01
       5.610     -0.4527E+01     -0.8047E-01
       5.613     -0.4527E+01     -0.1057E+00
       5.615     -0.4527E+01     -0.1307E+00
       5.618     -0.4527E+01     -0.1554E+00
       5.620     -0.4527E+01     -0.1796E+00
       5.623     -0.4527E+01     -0.2033E+00
       5.625     -0.4527E+01     -0.2266E+00
       5.628     -0.4527E+01     -0.2492E+00
       5.630     -0.4527E+01     -0.2711E+00
       5.633     -0.4527E+01     -0.2924E+00
       5.635     -0.4527E+01     -0.3128E+00
       5.638     -0.4527E+01     -0.3325E+00
       5.640     -0.4527E+01     -0.3512E+00
       5.643     -0.4527E+01     -0.3691E+00
       5.645     -0.4527E+01     -0.3859E+00
       5.648     -0.4527E+01     -0.4017E+00
       5.650     -0.4527E+01     -0.4165E+00
       5.653     -0.4527E+01     -0.4302E+00
       5.655     -0.4527E+01     -0.4427E+00
       5.658     -0.4527E+01     -0.4541E+00
       5.660     -0.4527E+01     -0.4642E+00
       5.663     -0.4527E+01     -0.4732E+00
       5.665     -0.4527E+01     -0.4809E+00
       5.668     -0.4527E+01     -0.4873E+00
       5.670     -0.4527E+01     -0.4924E+00
       5.673     -0.4527E+01     -0.4962E+00
       5.675     -0.4527E+01     -0.4987E+00
       5.678     -0.4527E+01     -0.4999E+00
       5.680     -0.4527E+01     -0.4998E+00
       5.683     -0.4527E+01     -0.4983E+00
       5.685     -0.4527E+01     -0.4955E+00
       5.688     -0.4527E+01     -0.4914E+00
       5.690     -0.4527E+01     -0.4861E+00
       5.693     -0.4527E+01     -0.4794E+00
       5.695     -0.4527E+01     -0.4715E+00
       5.698     -0.4527E+01     -0.4623E+00
       5.700     -0.4527E+01     -0.4519E+00
       5.703     -0.4527E+01     -0.4403E+00
       5.705     -0.4527E+01     -0.4275E+00
       5.708     -0.4527E+01     -0.4136E+00
       5.710     -0.4527E+01     -0.3986E+00
       5.713     -0.4527E+01     -0.3826E+00
       5.715     -0.4527E+01     -0.3655E+00
       5.718     -0.4527E+01     -0.3475E+00
       5.720     -0.4527E+01     -0.3285E+00
       5.723     -0.4527E+01     -0.3087E+00
       5.725     -0.4527E+01     -0.2881E+00
       5.728     -0.4527E+01     -0.2667E+00
       5.730     -0.4527E+01     -0.2446E+00
       5.733     -0.4527E+01     -0.2219E+00
       5.735     -0.4527E+01     -0.1986E+00
       5.738     -0.4527E+01     -0.1747E+00
       5.740     -0.4527E+01     -0.1504E+00
       5.743     -0.4527E+01     -0.1257E+00
       5.745     -0.4527E+01     -0.1006E+00
       5.748     -0.4527E+01     -0.7532E-01
       5.750     -0.4527E+01     -0.4981E-01
       5.753     -0.4527E+01     -0.2417E-01
       5.755     -0.4527E+01      0.1534E-02
       5.758     -0.4527E+01      0.2724E-01
       5.760     -0.4527E+01      0.5286E-01
       5.763     -0.4527E+01      0.7835E-01
       5.765     -0.4527E+01      0.1036E+00
       5.768     -0.4527E+01      0.1286E+00
       5.770     -0.4527E+01      0.1533E+00
       5.773     -0.4527E+01      0.1776E+00
       5.775     -0.4527E+01      0.2014E+00
       5.778     -0.4527E+01      0.2246E+00
       5.780     -0.4527E+01      0.2473E+00
       5.783     -0.4527E+01      0.2693E+00
       5.785     -0.4527E+01      0.2906E+00
       5.788     -0.4527E+01      0.3111E+00
       5.790     -0.4527E+01      0.3309E+00
       5.793     -0.4527E+01      0.3497E+00
       5.795     -0.4527E+01      0.3676E+00
       5.798     -0.4527E+01      0.3845E+00
       5.800     -0.4527E+01      0.4005E+00
       5.803     -0.4527E+01      0.4153E+00
       5.805     -0.4527E+01      0.4291E+00
       5.808     -0.4527E+01      0.4417E+00
       5.810     -0.4527E+01      0.4532E+00
       5.813     -0.4527E+01      0.4634E+00
       5.815     -0.4527E+01      0.4725E+00
       5.818     -0.4527E+01      0.4803E+00
       5.820     -0.4527E+01      0.4868E+00
       5.823     -0.4527E+01      0.4920E+00
       5.825     -0.4527E+01      0.4959E+00
       5.828     -0.4527E+01      0.4985E+00
       5.830     -0.4527E+01      0.4998E+00
       5.833     -0.4527E+01      0.4998E+00
       5.835     -0.4527E+01      0.4985E+00
       5.838     -0.4527E+01      0.4958E+00
       5.840     -0.4527E+01      0.4918E+00
       5.843     -0.4527E+01      0.4866E+00
       5.845     -0.4527E+01      0.4800E+00
       5.848     -0.4527E+01      0.4722E+00
       5.850     -0.4527E+01      0.4631E+00
       5.853     -0.4527E+01      0.4528E+00
       5.855     -0.4527E+01      0.4413E+00
       5.858     -0.4527E+01      0.4286E+00
       5.860     -0.4527E+01      0.4148E+00
       5.863     -0.4527E+01      0.3999E+00
       5.865     -0.4527E+01      0.3839E+00
       5.868     -0.4527E+01      0.3670E+00
       5.870     -0.4527E+01      0.3490E+00
       5.873     -0.4527E+01      0.3302E+00
       5.875     -0.4527E+01      0.3104E+00
       5.878     -0.4527E+01      0.2899E+00
       5.880     -0.4527E+01      0.2685E+00
       5.883     -0.4527E+01      0.2465E+00
       5.885     -0.4527E+01      0.2238E+00
       5.888     -0.4527E+01      0.2005E+00
       5.890     -0.4527E+01      0.1767E+00
       5.893     -0.4527E+01      0.1524E+00
       5.895     -0.4527E+01      0.1277E+00
       5.898     -0.4527E+01      0.1027E+00
       5.900     -0.4527E+01      0.7742E-01
       5.903     -0.4527E+01      0.5192E-01
       5.905     -0.4527E+01      0.2629E-01
       5.908     -0.4527E+01      0.5843E-03
       5.910     -0.4527E+01     -0.2512E-01
       5.913     -0.4527E+01     -0.5076E-01
       5.915     -0.4527E+01     -0.7627E-01
       5.918     -0.4527E+01     -0.1016E+00
       5.920     -0.4527E+01     -0.1266E+00
       5.923     -0.4527E+01     -0.1513E+00
       5.925     -0.4527E+01     -0.1756E+00
       5.928     -0.4527E+01     -0.1994E+00
       5.930     -0.4527E+01     -0.2227E+00
       5.933     -0.4527E+01     -0.2455E+00
       5.935     -0.4527E+01     -0.2675E+00
       5.938     -0.4527E+01     -0.2889E+00
       5.940     -0.4527E+01     -0.3095E+00
       5.943     -0.4527E+01     -0.3293E+00
       5.945     -0.4527E+01     -0.3482E+00
       5.948     -0.4527E+01     -0.3662E+00
       5.950     -0.4527E+01     -0.3832E+00
       5.953     -0.4527E+01     -0.3992E+00
       5.955     -0.4527E+01     -0.4141E+00
       5.958     -0.4527E+01     -0.4280E+00
       5.960     -0.4527E+01     -0.4407E+00
       5.963     -0.4527E+01     -0.4523E+00
       5.965     -0.4527E+01     -0.4626E+00
       5.968     -0.4527E+01     -0.4718E+00
       5.970     -0.4527E+01     -0.4797E+00
       5.973     -0.4527E+01     -0.4863E+00
       5.975     -0.4527E+01     -0.4916E+00
       5.978     -0.4527E+01     -0.4957E+00
       5.980     -0.4527E+01     -0.4984E+00
       5.983     -0.4527E+01     -0.4998E+00
       5.985     -0.4527E+01     -0.4999E+00
       5.988     -0.4527E+01     -0.4986E+00
       5.990     -0.4527E+01     -0.4961E+00
       5.993     -0.4527E+01     -0.4922E+00
       5.995     -0.4527E+01     -0.4870E+00
       5.998     -0.4527E+01     -0.4806E+00
       6.000     -0.4527E+01     -0.4729E+00
       6.003     -0.4527E+01     -0.4639E+00
       6.005     -0.4527E+01     -0.4537E+00
       6.008     -0.4527E+01     -0.4423E+00
       6.010     -0.4527E+01     -0.4297E+00
       6.013     -0.4527E+01     -0.4160E+00
       6.015     -0.4527E+01     -0.4012E+00
       6.018     -0.4527E+01     -0.3853E+00
       6.020     -0.4527E+01     -0.3684E+00
       6.023     -0.4527E+01     -0.3505E+00
       6.025     -0.4527E+01     -0.3317E+00
       6.028     -0.4527E+01     -0.3121E+00
       6.030     -0.4527E+01     -0.2916E+00
       6.033     -0.4527E+01     -0.2703E+00
       6.035     -0.4527E+01     -0.2483E+00
       6.038     -0.4527E+01     -0.2257E+00
       6.040     -0.4527E+01     -0.2025E+00
       6.043     -0.4527E+01     -0.1787E+00
       6.045     -0.4527E+01     -0.1545E+00
       6.048     -0.4527E+01     -0.1298E+00
       6.050     -0.4527E+01     -0.1048E+00
       6.053     -0.4527E+01     -0.7954E-01
       6.055     -0.4527E+01     -0.5406E-01
       6.058     -0.4527E+01     -0.2843E-01
       6.060     -0.4527E+01     -0.2734E-02
       6.063     -0.4527E+01      0.2297E-01
       6.065     -0.4527E+01      0.4862E-01
       6.068     -0.4527E+01      0.7414E-01
       6.070     -0.4527E+01      0.9946E-01
       6.073     -0.4527E+01      0.1245E+00
       6.075     -0.4527E+01      0.1492E+00
       6.078     -0.4527E+01      0.1736E+00
       6.080     -0.4527E+01      0.1975E+00
       6.083     -0.4527E+01      0.2208E+00
       6.085     -0.4527E+01      0.2436E+00
       6.088     -0.4527E+01      0.2657E+00
       6.090     -0.4527E+01      0.2871E+00
       6.093     -0.4527E+01      0.3078E+00
       6.095     -0.4527E+01      0.3276E+00
       6.098     -0.4527E+01      0.3466E+00
       6.100     -0.4527E+01      0.3647E+00
       6.103     -0.4527E+01      0.3818E+00
       6.105     -0.4527E+01      0.3979E+00
       6.108     -0.4527E+01      0.4129E+00
       6.110     -0.4527E+01      0.4269E+00
       6.113     -0.4527E+01      0.4397E+00
       6.115     -0.4527E+01      0.4513E+00
       6.118     -0.4527E+01      0.4618E+00
       6.120     -0.4527E+01      0.4711E+00
       6.123     -0.4527E+01      0.4790E+00
       6.125     -0.4527E+01      0.4858E+00
       6.128     -0.4527E+01      0.4912E+00
       6.130     -0.4527E+01      0.4954E+00
       6.133     -0.4527E+01      0.4982E+00
       6.135     -0.4527E+01      0.4997E+00
       6.138     -0.4527E+01      0.4999E+00
       6.140     -0.4527E+01      0.4988E+00
       6.143     -0.4527E+01      0.4963E+00
       6.145     -0.4527E+01      0.4926E+00
       6.148     -0.4527E+01      0.4875E+00
       6.150     -0.4527E+01      0.4812E+00
       6.153     -0.4527E+01      0.4736E+00
       6.155     -0.4527E+01      0.4647E+00
       6.158     -0.4527E+01      0.4546E+00
       6.160     -0.4527E+01      0.4433E+00
       6.163     -0.4527E+01      0.4308E+00
       6.165     -0.4527E+01      0.4172E+00
       6.168     -0.4527E+01      0.4025E+00
       6.170     -0.4527E+01      0.3867E+00
       6.173     -0.4527E+01      0.3699E+00
       6.175     -0.4527E+01      0.3521E+00
       6.178     -0.4527E+01      0.3334E+00
       6.180     -0.4527E+01      0.3138E+00
       6.183     -0.4527E+01      0.2933E+00
       6.185     -0.4527E+01      0.2721E+00
       6.188     -0.4527E+01      0.2502E+00
       6.190     -0.4527E+01      0.2276E+00
       6.193     -0.4527E+01      0.2044E+00
       6.195     -0.4527E+01      0.1807E+00
       6.198     -0.4527E+01      0.1565E+00
       6.200     -0.4527E+01      0.1319E+00
       6.203     -0.4527E+01      0.1069E+00
       6.205     -0.4527E+01      0.8166E-01
       6.208     -0.4527E+01      0.5619E-01
       6.210     -0.4527E+01      0.3057E-01
       6.213     -0.4527E+01      0.4877E-02
       6.215     -0.4527E+01     -0.2083E-01
       6.218     -0.4527E+01     -0.4649E-01
       6.220     -0.4527E+01     -0.7202E-01
       6.223     -0.4527E+01     -0.9736E-01
       6.225     -0.4527E+01     -0.1224E+00
       6.228     -0.4527E+01     -0.1472E+00
       6.230     -0.4527E+01     -0.1716E+00
       6.233     -0.4527E+01     -0.1955E+00
       6.235     -0.4527E+01     -0.2189E+00
       6.238     -0.4527E+01     -0.2417E+00
       6.240     -0.4527E+01     -0.2639E+00
       6.243     -0.4527E+01     -0.2854E+00
       6.245     -0.4527E+01     -0.3061E+00
       6.248     -0.4527E+01     -0.3260E+00
       6.250     -0.4527E+01     -0.3451E+00
       6.253     -0.4527E+01     -0.3632E+00
       6.255     -0.4527E+01     -0.3804E+00
       6.258     -0.4527E+01     -0.3966E+00
       6.260     -0.4527E+01     -0.4117E+00
       6.263     -0.4527E+01     -0.4258E+00
       6.265     -0.4527E+01     -0.4387E+00
       6.268     -0.4527E+01     -0.4504E+00
       6.270     -0.4527E+01     -0.4610E+00
       6.273     -0.4527E+01     -0.4703E+00
       6.275     -0.4527E+01     -0.4784E+00
       6.278     -0.4527E+01     -0.4853E+00
       6.280     -0.4527E+01     -0.4908E+00
       6.283     -0.4527E+01     -0.4951E+00
       6.285     -0.4527E+01     -0.4980E+00
       6.288     -0.4527E+01     -0.4996E+00
       6.290     -0.4527E+01     -0.5000E+00
       6.293     -0.4527E+01     -0.4989E+00
       6.295     -0.4527E+01     -0.4966E+00
       6.298     -0.4527E+01     -0.4930E+00
       6.300     -0.4527E+01     -0.4880E+00
       6.303     -0.4527E+01     -0.4818E+00
       6.305     -0.4527E+01     -0.4742E+00
       6.308     -0.4527E+01     -0.4655E+00
       6.310     -0.4527E+01     -0.4555E+00
       6.313     -0.4527E+01     -0.4443E+00
       6.315     -0.4527E+01     -0.4319E+00
       6.318     -0.4527E+01     -0.4184E+00
       6.320     -0.4527E+01     -0.4037E+00
       6.323     -0.4527E+01     -0.3880E+00
       6.325     -0.4527E+01     -0.3713E+00
       6.328     -0.4527E+01     -0.3536E+00
       6.330     -0.4527E+01     -0.3350E+00
       6.333     -0.4527E+01     -0.3154E+00
       6.335     -0.4527E+01     -0.2951E+00
       6.338     -0.4527E+01     -0.2739E+00
       6.340     -0.4527E+01     -0.2521E+00
       6.343     -0.4527E+01     -0.2295E+00
       6.345     -0.4527E+01     -0.2064E+00
       6.348     -0.4527E+01     -0.1827E+00
       6.350     -0.4527E+01     -0.1586E+00
       6.353     -0.4527E+01     -0.1340E+00
       6.355     -0.4527E+01     -0.1090E+00
       6.358     -0.4527E+01     -0.8380E-01
       6.360     -0.4527E+01     -0.5835E-01
       6.363     -0.4527E+01     -0.3275E-01
       6.365     -0.4527E+01     -0.7056E-02
       6.368     -0.4527E+01      0.1865E-01
       6.370     -0.4527E+01      0.4431E-01
       6.373     -0.4527E+01      0.6986E-01
       6.375     -0.4527E+01      0.9522E-01
       6.378     -0.4527E+01      0.1203E+00
       6.380     -0.4527E+01      0.1451E+00
       6.383     -0.4527E+01      0.1695E+00
       6.385     -0.4527E+01      0.1935E+00
       6.388     -0.4527E+01      0.2169E+00
       6.390     -0.4527E+01      0.2398E+00
       6.393     -0.4527E+01      0.2620E+00
       6.395     -0.4527E+01      0.2836E+00
       6.398     -0.4527E+01      0.3044E+00
       6.400     -0.4527E+01      0.3244E+00
       6.403     -0.4527E+01      0.3435E+00
       6.405     -0.4527E+01      0.3617E+00
       6.408     -0.4527E+01      0.3790E+00
       6.410     -0.4527E+01      0.3952E+00
       6.413     -0.4527E+01      0.4105E+00
       6.415     -0.4527E+01      0.4246E+00
       6.418     -0.4527E+01      0.4376E+00
       6.420     -0.4527E+01      0.4495E+00
       6.423     -0.4527E+01      0.4601E+00
       6.425     -0.4527E+01      0.4696E+00
       6.428     -0.4527E+01      0.4778E+00
       6.430     -0.4527E+01      0.4847E+00
       6.433     -0.4527E+01      0.4904E+00
       6.435     -0.4527E+01      0.4948E+00
       6.438     -0.4527E+01      0.4978E+00
       6.440     -0.4527E+01      0.4996E+00
       6.443     -0.4527E+01      0.5000E+00
       6.445     -0.4527E+01      0.4991E+00
       6.448     -0.4527E+01      0.4969E+00
       6.450     -0.4527E+01      0.4933E+00
       6.453     -0.4527E+01      0.4885E+00
       6.455     -0.4527E+01      0.4823E+00
       6.458     -0.4527E+01      0.4749E+00
       6.460     -0.4527E+01      0.4663E+00
       6.463     -0.4527E+01      0.4564E+00
       6.465     -0.4527E+01      0.4453E+00
       6.468     -0.4527E+01      0.4330E+00
       6.470     -0.4527E+01      0.4196E+00
       6.473     -0.4527E+01      0.4050E+00
       6.475     -0.4527E+01      0.3894E+00
       6.478     -0.4527E+01      0.3728E+00
       6.480     -0.4527E+01      0.3552E+00
       6.483     -0.4527E+01      0.3366E+00
       6.485     -0.4527E+01      0.3171E+00
       6.488     -0.4527E+01      0.2968E+00
       6.490     -0.4527E+01      0.2758E+00
       6.493     -0.4527E+01      0.2540E+00
       6.495     -0.4527E+01      0.2315E+00
       6.498     -0.4527E+01      0.2084E+00
       6.500     -0.4527E+01      0.1848E+00
       6.503     -0.4527E+01      0.1606E+00
       6.505     -0.4527E+01      0.1361E+00
       6.508     -0.4527E+01      0.1112E+00
       6.510     -0.4527E+01      0.8595E-01
       6.513     -0.4527E+01      0.6051E-01
       6.515     -0.4527E+01      0.3492E-01
       6.518     -0.4527E+01      0.9231E-02
       6.520     -0.4527E+01     -0.1648E-01
       6.523     -0.4527E+01     -0.4215E-01
       6.525     -0.4527E+01     -0.6771E-01
       6.528     -0.4527E+01     -0.9309E-01
       6.530     -0.4527E+01     -0.1182E+00
       6.533     -0.4527E+01     -0.1430E+00
       6.535     -0.4527E+01     -0.1675E+00
       6.538     -0.4527E+01     -0.1915E+00
       6.540     -0.4527E+01     -0.2150E+00
       6.543     -0.4527E+01     -0.2379E+00
       6.545     -0.4527E+01     -0.2602E+00
       6.548     -0.4527E+01     -0.2818E+00
       6.550     -0.4527E+01     -0.3027E+00
       6.553     -0.4527E+01     -0.3227E+00
       6.555     -0.4527E+01     -0.3419E+00
       6.558     -0.4527E+01     -0.3602E+00
       6.560     -0.4527E+01     -0.3776E+00
       6.563     -0.4527E+01     -0.3939E+00
       6.565     -0.4527E+01     -0.4092E+00
       6.568     -0.4527E+01     -0.4235E+00
       6.570     -0.4527E+01     -0.4366E+00
       6.573     -0.4527E+01     -0.4485E+00
       6.575     -0.4527E+01     -0.4593E+00
       6.578     -0.4527E+01     -0.4688E+00
       6.580     -0.4527E+01     -0.4772E+00
       6.583     -0.4527E+01     -0.4842E+00
       6.585     -0.4527E+01     -0.4900E+00
       6.588     -0.4527E+01     -0.4944E+00
       6.590     -0.4527E+01     -0.4976E+00
       6.593     -0.4527E+01     -0.4995E+00
       6.595     -0.4527E+01     -0.5000E+00
       6.598     -0.4527E+01     -0.4992E+00
       6.600     -0.4527E+01     -0.4971E+00
       6.603     -0.4527E+01     -0.4937E+00
       6.605     -0.4527E+01     -0.4889E+00
       6.608     -0.4527E+01     -0.4829E+00
       6.610     -0.4527E+01     -0.4756E+00
       6.613     -0.4527E+01     -0.4670E+00
       6.615     -0.4527E+01     -0.4573E+00
       6.618     -0.4527E+01     -0.4462E+00
       6.620     -0.4527E+01     -0.4341E+00
       6.623     -0.4527E+01     -0.4207E+00
       6.625     -0.4527E+01     -0.4063E+00
       6.628     -0.4527E+01     -0.3908E+00
       6.630     -0.4527E+01     -0.3742E+00
       6.633     -0.4527E+01     -0.3567E+00
       6.635     -0.4527E+01     -0.3382E+00
       6.638     -0.4527E+01     -0.3188E+00
       6.640     -0.4527E+01     -0.2986E+00
       6.643     -0.4527E+01     -0.2776E+00
       6.645     -0.4527E+01     -0.2558E+00
       6.648     -0.4527E+01     -0.2334E+00
       6.650     -0.4527E+01     -0.2104E+00
       6.653     -0.4527E+01     -0.1868E+00
       6.655     -0.4527E+01     -0.1627E+00
       6.658     -0.4527E+01     -0.1382E+00
       6.660     -0.4527E+01     -0.1133E+00
       6.663     -0.4527E+01     -0.8811E-01
       6.665     -0.4527E+01     -0.6270E-01
       6.668     -0.4527E+01     -0.3711E-01
       6.670     -0.4527E+01     -0.1143E-01
       6.673     -0.4527E+01      0.1428E-01
       6.675     -0.4527E+01      0.3995E-01
       6.678     -0.4527E+01      0.6552E-01
       6.680     -0.4527E+01      0.9091E-01
       6.683     -0.4527E+01      0.1161E+00
       6.685     -0.4527E+01      0.1409E+00
       6.688     -0.4527E+01      0.1654E+00
       6.690     -0.4527E+01      0.1894E+00
       6.693     -0.4527E+01      0.2130E+00
       6.695     -0.4527E+01      0.2359E+00
       6.698     -0.4527E+01      0.2583E+00
       6.700     -0.4527E+01      0.2800E+00
       6.703     -0.4527E+01      0.3009E+00
       6.705     -0.4527E+01      0.3210E+00
       6.708     -0.4527E+01      0.3403E+00
       6.710     -0.4527E+01      0.3587E+00
       6.713     -0.4527E+01      0.3761E+00
       6.715     -0.4527E+01      0.3925E+00
       6.718     -0.4527E+01      0.4079E+00
       6.720     -0.4527E+01      0.4223E+00
       6.723     -0.4527E+01      0.4355E+00
       6.725     -0.4527E+01      0.4475E+00
       6.728     -0.4527E+01      0.4584E+00
       6.730     -0.4527E+01      0.4681E+00
       6.733     -0.4527E+01      0.4765E+00
       6.735     -0.4527E+01      0.4836E+00
       6.738     -0.4527E+01      0.4895E+00
       6.740     -0.4527E+01      0.4941E+00
       6.743     -0.4527E+01      0.4974E+00
       6.745     -0.4527E+01      0.4994E+00
       6.748     -0.4527E+01      0.5000E+00
       6.750     -0.4527E+01      0.4993E+00
       6.753     -0.4527E+01      0.4973E+00
       6.755     -0.4527E+01      0.4940E+00
       6.758     -0.4527E+01      0.4894E+00
       6.760     -0.4527E+01      0.4835E+00
       6.763     -0.4527E+01      0.4763E+00
       6.765     -0.4527E+01      0.4678E+00
       6.768     -0.4527E+01      0.4581E+00
       6.770     -0.4527E+01      0.4472E+00
       6.773     -0.4527E+01      0.4352E+00
       6.775     -0.4527E+01      0.4219E+00
       6.778     -0.4527E+01      0.4076E+00
       6.780     -0.4527E+01      0.3921E+00
       6.783     -0.4527E+01      0.3757E+00
       6.785     -0.4527E+01      0.3582E+00
       6.788     -0.4527E+01      0.3398E+00
       6.790     -0.4527E+01      0.3205E+00
       6.793     -0.4527E+01      0.3004E+00
       6.795     -0.4527E+01      0.2794E+00
       6.798     -0.4527E+01      0.2577E+00
       6.800     -0.4527E+01      0.2354E+00
       6.803     -0.4527E+01      0.2124E+00
       6.805     -0.4527E+01      0.1888E+00
       6.808     -0.4527E+01      0.1648E+00
       6.810     -0.4527E+01      0.1403E+00
       6.813     -0.4527E+01      0.1154E+00
       6.815     -0.4527E+01      0.9027E-01
       6.818     -0.4527E+01      0.6487E-01
       6.820     -0.4527E+01      0.3929E-01
       6.823     -0.4527E+01      0.1362E-01
       6.825     -0.4527E+01     -0.1210E-01
       6.828     -0.4527E+01     -0.3778E-01
       6.830     -0.4527E+01     -0.6336E-01
       6.833     -0.4527E+01     -0.8877E-01
       6.835     -0.4527E+01     -0.1140E+00
       6.838     -0.4527E+01     -0.1388E+00
       6.840     -0.4527E+01     -0.1633E+00
       6.843     -0.4527E+01     -0.1874E+00
       6.845     -0.4527E+01     -0.2110E+00
       6.848     -0.4527E+01     -0.2340E+00
       6.850     -0.4527E+01     -0.2564E+00
       6.853     -0.4527E+01     -0.2782E+00
       6.855     -0.4527E+01     -0.2991E+00
       6.858     -0.4527E+01     -0.3193E+00
       6.860     -0.4527E+01     -0.3387E+00
       6.863     -0.4527E+01     -0.3572E+00
       6.865     -0.4527E+01     -0.3747E+00
       6.868     -0.4527E+01     -0.3912E+00
       6.870     -0.4527E+01     -0.4067E+00
       6.873     -0.4527E+01     -0.4211E+00
       6.875     -0.4527E+01     -0.4344E+00
       6.878     -0.4527E+01     -0.4466E+00
       6.880     -0.4527E+01     -0.4575E+00
       6.883     -0.4527E+01     -0.4673E+00
       6.885     -0.4527E+01     -0.4758E+00
       6.888     -0.4527E+01     -0.4831E+00
       6.890     -0.4527E+01     -0.4891E+00
       6.893     -0.4527E+01     -0.4938E+00
       6.895     -0.4527E+01     -0.4972E+00
       6.898     -0.4527E+01     -0.4992E+00
       6.900     -0.4527E+01     -0.5000E+00
       6.903     -0.4527E+01     -0.4994E+00
       6.905     -0.4527E+01     -0.4975E+00
       6.908     -0.4527E+01     -0.4943E+00
       6.910     -0.4527E+01     -0.4898E+00
       6.913     -0.4527E+01     -0.4840E+00
       6.915     -0.4527E+01     -0.4769E+00
       6.918     -0.4527E+01     -0.4686E+00
       6.920     -0.4527E+01     -0.4590E+00
       6.923     -0.4527E+01     -0.4482E+00
       6.925     -0.4527E+01     -0.4362E+00
       6.928     -0.4527E+01     -0.4231E+00
       6.930     -0.4527E+01     -0.4088E+00
       6.933     -0.4527E+01     -0.3935E+00
       6.935     -0.4527E+01     -0.3771E+00
       6.938     -0.4527E+01     -0.3597E+00
       6.940     -0.4527E+01     -0.3414E+00
       6.943     -0.4527E+01     -0.3222E+00
       6.945     -0.4527E+01     -0.3021E+00
       6.948     -0.4527E+01     -0.2812E+00
       6.950     -0.4527E+01     -0.2596E+00
       6.953     -0.4527E+01     -0.2373E+00
       6.955     -0.4527E+01     -0.2143E+00
       6.958     -0.4527E+01     -0.1908E+00
       6.960     -0.4527E+01     -0.1668E+00
       6.963     -0.4527E+01     -0.1424E+00
       6.965     -0.4527E+01     -0.1176E+00
       6.968     -0.4527E+01     -0.9242E-01
       6.970     -0.4527E+01     -0.6704E-01
       6.973     -0.4527E+01     -0.4148E-01
       6.975     -0.4527E+01     -0.1581E-01
       6.978     -0.4527E+01      0.9901E-02
       6.980     -0.4527E+01      0.3559E-01
       6.983     -0.4527E+01      0.6118E-01
       6.985     -0.4527E+01      0.8661E-01
       6.988     -0.4527E+01      0.1118E+00
       6.990     -0.4527E+01      0.1367E+00
       6.993     -0.4527E+01      0.1613E+00
       6.995     -0.4527E+01      0.1854E+00
       6.998     -0.4527E+01      0.2090E+00
       7.000     -0.4527E+01      0.2321E+00
