time,load_ID,sail_enable,surge,sway,heave,roll,pitch,yaw,surge_rate,sway_rate,heave_rate,roll_rate,pitch_rate,yaw_rate,V_CG_BODY_X,V_CG_BODY_Y,V_CG_BODY_Z,OMEGA_BODY_X,OMEGA_BODY_Y,OMEGA_BODY_Z,V_WIND_BODY_X,V_WIND_BODY_Y,V_WIND_BODY_Z,V_REL_BODY_X,V_REL_BODY_Y,V_REL_BODY_Z,V_REL_H_MAG,E_UPSTREAM_X,E_UPSTREAM_Y,E_UPSTREAM_Z,C_CHORD_X,C_CHORD_Y,C_CHORD_Z,ALPHA_RAW_DEG,ALPHA_DB_DEG,CL,CD,Q_DYNAMIC,Fx,Fy,Fz,Mx,My,Mz,FX_PLANNING,FY_PLANNING,FZ_PLANNING,MX_PLANNING,MY_PLANNING,MZ_PLANNING,case
0.005,1,T,0.0,0.0,6.273419000989397e-06,0.0,5.362904239887867e-06,0.0,0.0,0.0,0.003123822775107228,0.0,0.00234310724368454,0.0,32.07798431582427,0.0,0.003295853933248189,0.0,0.00234310724368454,0.0,0.0,10.0,0.0,-32.0896998520427,10.0,-0.003295853933248189,33.61173658997983,0.95471710502483,-0.2975151246121913,0.0,0.0,-1.0,0.0,72.691583287073,72.691583287073,-0.4045008953016389,1.217415040638161,691.9711624139409,-13313.16635167281,-248.9491111436341,0.0,1244.74555571817,-66565.83175836403,0.0,-13313.16635148136,-248.9491111436341,0.07139723627337634,1244.74555570027,-66565.83175836403,-0.006675451218310558,dt_005
0.01,1,T,0.0,0.0,3.123693942679579e-05,0.0,2.341234448325141e-05,0.0,0.0,0.0,0.006863186879843847,0.0,0.004875075957568756,0.0,32.07798416356346,0.0,0.007614207697427685,0.0,0.004875075957568756,0.0,0.0,10.0,0.0,-32.1023595433513,10.0,-0.007614207697427685,33.62382322477023,0.9547504258736974,-0.2974081779205028,0.0,0.0,-1.0,0.0,72.6980014051725,72.6980014051725,-0.4043904512535569,1.217606397413346,692.4689115534915,-13324.27130414299,-248.9341478235369,0.0,1244.670739117684,-66621.35652071497,0.0,-13324.27130049122,-248.9341478235369,0.3119524297323985,1244.670738776559,-66621.35652071497,-0.02914066010978419,dt_005
0.015,1,T,0.0,0.0,7.512569142748021e-05,0.0,5.408004637793223e-05,0.0,0.0,0.0,0.01073736249336174,0.0,0.007386314027826408,0.0,32.07798370545281,0.0,0.01247214135725591,0.0,0.007386314027826408,0.0,0.0,10.0,0.0,-32.11491527559194,10.0,-0.01247214135725591,33.63581102275443,0.9547834376244528,-0.2973021816906706,0.0,0.0,-1.0,0.0,72.70436226289127,72.70436226289127,-0.4042809925516692,1.217796046965069,692.9627671845498,-13335.29008904638,-248.9195805707178,0.0,1244.597902853589,-66676.45044523192,0.0,-13335.29006954585,-248.9195805707178,0.7211731061272786,1244.597901033581,-66676.45044523192,-0.0673079122753906,dt_005
0.02,1,T,0.0,0.0,0.000139234812562847,0.0,9.723218136113e-05,0.0,0.0,0.0,0.01497969339266169,0.0,0.009875461878035044,0.0,32.07798272489588,0.0,0.01809870570730685,0.0,0.009875461878035044,0.0,0.0,10.0,0.0,-32.12736003428605,10.0,-0.01809870570730685,33.64769327565622,0.9548161227899056,-0.2971971932243838,0.0,0.0,-1.0,0.0,72.71066242773675,72.71066242773675,-0.4041725782628806,1.217983886953252,693.4524484482423,-13346.21642211006,-248.9054105724464,0.0,1244.527052862232,-66731.08211055028,0.0,-13346.21635902184,-248.9054105724464,1.297681733594762,1244.527046979292,-66731.08211055028,-0.1210080799220628,dt_005
0.025,1,T,0.0,0.0,0.0002252667142412404,0.0,0.000152840100369471,0.0,0.0,0.0,0.01946962749164701,0.0,0.0123821401803569,0.0,32.07798098262612,0.0,0.0243724295902644,0.0,0.0123821401803569,0.0,0.0,10.0,0.0,-32.1398916835279,10.0,-0.0243724295902644,33.65965890244442,0.954849001193944,-0.2970915429946256,0.0,0.0,-1.0,0.0,72.71700208612766,72.71700208612766,-0.4040634843625668,1.218172904445086,693.9457404252049,-13357.22401105772,-248.8914117880223,0.0,1244.457058940111,-66786.1200552886,0.0,-13357.2238550447,-248.8914117880223,2.041519450559222,1244.457044404793,-66786.1200552886,-0.1902029410533768,dt_005
0.03,1,T,0.0,0.0,0.0003343594495212133,0.0,0.0002211570196346044,0.0,0.0,0.0,0.02421024760094677,0.0,0.01494724777691807,0.0,32.07797819429822,0.0,0.03130451836202965,0.0,0.01494724777691807,0.0,0.0,10.0,0.0,-32.15271443318281,10.0,-0.03130451836202965,33.67190290764396,0.9548826070617982,-0.2969835125572862,0.0,0.0,-1.0,0.0,72.72348434581812,72.72348434581812,-0.403951936555276,1.218366173607643,694.4506903208537,-13368.49245714479,-248.8773684669617,0.0,1244.386842334809,-66842.46228572396,0.0,-13368.49213021545,-248.8773684669617,2.956535924728926,1244.386811903063,-66842.46228572396,-0.2752048830798846,dt_005
0.035,1,T,0.0,0.0,0.0004669975092028317,0.0,0.0003022301432470434,0.0,0.0,0.0,0.02880590341719474,0.0,0.01748066056971768,0.0,32.07797416197554,0.0,0.03850083575404151,0.0,0.01748066056971768,0.0,0.0,10.0,0.0,-32.16537746482413,10.0,-0.03850083575404151,33.68399482624672,0.9549157583815064,-0.2968769010796771,0.0,0.0,-1.0,0.0,72.72988123861984,72.72988123861984,-0.4038418577556629,1.218556897548643,694.9495483159521,-13379.62566697313,-248.8637786869165,0.0,1244.318893434582,-66898.12833486564,0.0,-13379.62505590516,-248.8637786869165,4.043726120360055,1244.318836604635,-66898.12833486564,-0.3760706716824954,dt_005
0.04,1,T,0.0,0.0,0.0006225625544411359,0.0,0.0003959171343856719,0.0,0.0,0.0,0.03343217960218541,0.0,0.01998343247319454,0.0,32.07796858254789,0.0,0.04613240028414294,0.0,0.01998343247319454,0.0,0.0,10.0,0.0,-32.17788574491387,10.0,-0.04613240028414294,33.69593938463107,0.9549484695354836,-0.296771663963791,0.0,0.0,-1.0,0.0,72.7361954493309,72.7361954493309,-0.4037332017632737,1.218745156315587,695.4425027452979,-13390.62781741235,-248.8506268371264,0.0,1244.253134185632,-66953.13908706176,0.0,-13390.62676791938,-248.8506268371264,5.301578854590879,1244.253036667059,-66953.13908706176,-0.4926211224674082,dt_005
0.045,1,T,0.0,0.0,0.0008012269862620106,0.0,0.0005020441802105604,0.0,0.0,0.0,0.03807490411258043,0.0,0.02245840451138391,0.0,32.07796117515355,0.0,0.05417946398498788,0.0,0.02245840451138391,0.0,0.0,10.0,0.0,-32.19025319771047,10.0,-0.05417946398498788,33.7077498645743,0.954980778219828,-0.2966676814731457,0.0,0.0,-1.0,0.0,72.74243417032892,72.74243417032892,-0.4036258448104735,1.218931164349866,695.9300955712843,-13401.51098002342,-248.8378887294671,0.0,1244.189443647335,-67007.5549001171,0.0,-13401.50929110903,-248.8378887294671,6.728150310912135,1244.189286849385,-67007.5549001171,-0.6246380430227267,dt_005
0.05,1,T,0.0,0.0,0.001002869426936818,0.0,0.0006204547027578134,0.0,0.0,0.0,0.04258579332794853,0.0,0.02490255975047527,0.0,32.07795173604929,0.0,0.06248872008838864,0.0,0.02490255975047527,0.0,0.0,10.0,0.0,-32.20246453480167,10.0,-0.06248872008838864,33.71941165137908,0.9550126457643762,-0.2965650795864646,0.0,0.0,-1.0,0.0,72.74858985128303,72.74858985128303,-0.4035199168246165,1.21911469653768,696.4117172955351,-13412.26152649127,-248.8255706322952,0.0,1244.127853161476,-67061.30763245633,0.0,-13412.25894487217,-248.8255706322952,8.321700204803285,1244.127613689242,-67061.30763245633,-0.771924927798795,dt_005
0.05499999999999999,1,T,0.0,0.0,0.001226904774039492,0.0,0.0007509982033949295,0.0,0.0,0.0,0.0469771728810419,0.0,0.02729955450213761,0.0,32.0779400073053,0.0,0.07106766597166123,0.0,0.02729955450213761,0.0,0.0,10.0,0.0,-32.21443777981599,10.0,-0.07106766597166123,33.7308464386774,0.9550438598800586,-0.2964645437575952,0.0,0.0,-1.0,0.0,72.75462137826847,72.75462137826847,-0.403416125300986,1.21929452706362,696.8841259001518,-13422.80705827537,-248.8137428244016,0.0,1244.068714122008,-67114.03529137683,0.0,-13422.80327305535,-248.8137428244016,10.08050303771708,1244.068363295704,-67114.03529137683,-0.9342932813821586,dt_005
0.05999999999999999,1,T,0.0,0.0,0.001471886041306587,0.0,0.0008933631955891961,0.0,0.0,0.0,0.05096000793802359,0.0,0.02963801675450952,0.0,32.07792600656535,0.0,0.07961727438242654,0.0,0.02963801675450952,0.0,0.0,10.0,0.0,-32.2261160903379,10.0,-0.07961727438242654,33.74199991506038,0.9550742745380102,-0.2963665468903225,0.0,0.0,-1.0,0.0,72.7605003935965,72.7605003935965,-0.4033149582234257,1.219469810440616,697.3450669391101,-13433.09720760718,-248.802444974513,0.0,1244.012224872565,-67165.48603803589,0.0,-13433.09184714487,-248.802444974513,12.0006330517683,1244.011728450889,-67165.48603803589,-1.111354588735891,dt_005
0.06499999999999999,1,T,0.0,0.0,0.001736291048997586,0.0,0.001047296141509493,0.0,0.0,0.0,0.05474887280415811,0.0,0.03192886653237693,0.0,32.0779094027321,0.0,0.08834398585711598,0.0,0.03192886653237693,0.0,0.0,10.0,0.0,-32.23755373539399,10.0,-0.08834398585711598,33.75292388582676,0.9551040331925408,-0.2962706292890707,0.0,0.0,-1.0,0.0,72.76625448859998,72.76625448859998,-0.4032159407956719,1.219641369306767,697.796670890979,-13443.17949449362,-248.7916083728345,0.0,1243.958041864173,-67215.89747246812,0.0,-13443.17212205834,-248.7916083728345,14.07898744049493,1243.957359659478,-67215.89747246812,-1.302792219287262,dt_005
0.06999999999999999,1,T,0.0,0.0,0.002018962747167305,0.0,0.001212568109192276,0.0,0.0,0.0,0.05828939960670646,0.0,0.03417010613069887,0.0,32.07789007071774,0.0,0.09718608803226256,0.0,0.03417010613069887,0.0,0.0,10.0,0.0,-32.24874060137124,10.0,-0.09718608803226256,33.76360866931333,0.9551331114283732,-0.2961768719079096,0.0,0.0,-1.0,0.0,72.77187881880374,72.77187881880374,-0.4031191563822625,1.219809059223606,698.2385281043997,-13453.04473625805,-248.7812280616485,0.0,1243.906140308243,-67265.22368129026,0.0,-13453.03484610935,-248.7812280616485,16.31272902123036,1243.905225837434,-67265.22368129026,-1.508320546946829,dt_005
0.075,1,T,0.0,0.0,0.002318722049747259,0.0,0.001388896448582134,0.0,0.0,0.0,0.06161521294781434,0.0,0.03634450502829892,0.0,32.07786781616966,0.0,0.1061681377127187,0.0,0.03634450502829892,0.0,0.0,10.0,0.0,-32.25959034131116,10.0,-0.1061681377127187,33.77397176805263,0.9551612870069978,-0.2960859939327352,0.0,0.0,-1.0,0.0,72.77733025542892,72.77733025542892,-0.4030253471504265,1.219971594302667,698.6672160058949,-13462.61647472454,-248.7713671808359,0.0,1243.85683590418,-67313.08237362269,0.0,-13462.60348980858,-248.7713671808359,18.69817419879996,1243.855636183716,-67313.08237362269,-1.727587786502726,dt_005
0.08,1,T,0.0,0.0,0.002634717337993674,0.0,0.001575950342951141,0.0,0.0,0.0,0.06473058906369356,0.0,0.03847377300012128,0.0,32.07784248614133,0.0,0.1152837981656054,0.0,0.03847377300012128,0.0,0.0,10.0,0.0,-32.27021135114194,10.0,-0.1152837981656054,33.78411669183271,0.9551888434881955,-0.2959970832215806,0.0,0.0,-1.0,0.0,72.78266352750053,72.78266352750053,-0.4029335713139617,1.220130606294809,699.087006146514,-13471.99004449625,-248.761911265854,0.0,1243.80955632927,-67359.95022248126,0.0,-13471.97331485124,-248.761911265854,21.23117854249423,1243.808011754766,-67359.95022248126,-1.960181285472047,dt_005
0.085,1,T,0.0,0.0,0.002965923287916407,0.0,0.001773570133334176,0.0,0.0,0.0,0.06773245889896606,0.0,0.04056896210170445,0.0,32.07781375338023,0.0,0.1246248774952789,0.0,0.04056896210170445,0.0,0.0,10.0,0.0,-32.28065856388876,10.0,-0.1246248774952789,33.79409589437724,0.9552159248402828,-0.2959096769818846,0.0,0.0,-1.0,0.0,72.78790640452557,72.78790640452557,-0.4028433510105544,1.220286923150413,699.5000618574982,-13481.21372281363,-248.7528003259257,0.0,1243.764001629629,-67406.06861406815,0.0,-13481.19251989641,-248.7528003259257,23.90986548492221,1243.762045468581,-67406.06861406815,-2.205901529743451,dt_005
0.09000000000000001,1,T,0.0,0.0,0.00331189860417628,0.0,0.001981579039706278,0.0,0.0,0.0,0.07062864598718936,0.0,0.04262979377753252,0.0,32.07778139730938,0.0,0.1341935271107548,0.0,0.04262979377753252,0.0,0.0,10.0,0.0,-32.29093036619705,10.0,-0.1341935271107548,33.80390782017054,0.9552425281117732,-0.2958237862083234,0.0,0.0,-1.0,0.0,72.7930582347716,72.7930582347716,-0.402754697455325,1.220440525438015,699.9063126476844,-13490.28591159407,-248.7440263275095,0.0,1243.720131637548,-67451.42955797035,0.0,-13490.25942575011,-248.7440263275095,26.73205030745967,1243.717689808105,-67451.42955797035,-2.464528131220805,dt_005
0.095,1,T,0.0,0.0,0.00367213680989173,0.0,0.002199805400252065,0.0,0.0,0.0,0.07344741364966494,0.0,0.04465516604771035,0.0,32.07774514819327,0.0,0.1440125021908468,0.0,0.04465516604771035,0.0,0.0,10.0,0.0,-32.30102097843182,10.0,-0.1440125021908468,33.81354693387094,0.95526863956635,-0.2957394567200233,0.0,0.0,-1.0,0.0,72.79811627771498,72.79811627771498,-0.4026676578076622,1.220591331448654,700.3055232025694,-13499.20133183524,-248.7355847282051,0.0,1243.677923641026,-67496.00665917619,0.0,-13499.1686695602,-248.7355847282051,29.69559203864083,1243.674914474083,-67496.00665917619,-2.735847206072218,dt_005
0.1,1,T,0.0,0.0,0.004046129713870607,0.0,0.002428070537507589,0.0,0.0,0.0,0.07615200188652152,0.0,0.04664276502417975,0.0,32.0777048725304,0.0,0.1540393095388503,0.0,0.04664276502417975,0.0,0.0,10.0,0.0,-32.3109186976513,10.0,-0.1540393095388503,33.82300204130663,0.955294230186644,-0.2956567837410592,0.0,0.0,-1.0,0.0,72.80307482982175,72.80307482982175,-0.4025823302149307,1.220739171130945,700.6972235903173,-13507.94946392457,-248.7274755492924,0.0,1243.637377746462,-67539.74731962287,0.0,-13507.90964570689,-248.7274755492924,32.79822188834329,1243.633711799683,-67539.74731962287,-3.019636309189675,dt_005
0.105,1,T,0.0,0.0,0.004433724460519694,0.0,0.002666144588495387,0.0,0.0,0.0,0.07885627129657258,0.0,0.04858270552786507,0.0,32.07766008073342,0.0,0.1643804340453272,0.0,0.04858270552786507,0.0,0.0,10.0,0.0,-32.32057360837275,10.0,-0.1643804340453272,33.83222544223541,0.955319172354073,-0.2955761812675857,0.0,0.0,-1.0,0.0,72.80790906948474,72.80790906948474,-0.402499141811492,1.220883304426413,701.0794305042227,-13516.48598492833,-248.7197285354627,0.0,1243.598642677314,-67582.42992464168,0.0,-13516.43794515588,-248.7197285354627,36.03686327052052,1243.594222727048,-67582.42992464168,-3.315609863357903,dt_005
0.11,1,T,0.0,0.0,0.004834145896046436,0.0,0.002913878002373511,0.0,0.0,0.0,0.0812780582979127,0.0,0.05050649425363829,0.0,32.07761131709328,0.0,0.1747489138809322,0.0,0.05050649425363829,0.0,0.0,10.0,0.0,-32.33014378836147,10.0,-0.1747489138809322,33.84136813688429,0.9553438755073348,-0.2954963274401671,0.0,0.0,-1.0,0.0,72.81269828367037,72.81269828367037,-0.4024167282139869,1.221026095283176,701.4583958928781,-13524.95051008035,-248.7122086135889,0.0,1243.561043067945,-67624.75255040177,0.0,-13524.89309207368,-248.7122086135889,39.4100000048089,1243.555763729125,-67624.75255040177,-3.623580040219806,dt_005
0.115,1,T,0.0,0.0,0.005246445982643578,0.0,0.003171138809899718,0.0,0.0,0.0,0.08360866492103063,0.0,0.05239279391763139,0.0,32.0775579088841,0.0,0.185331815102834,0.0,0.05239279391763139,0.0,0.0,10.0,0.0,-32.33952187847226,10.0,-0.185331815102834,33.85032755126878,0.955368063410663,-0.2954181162605967,0.0,0.0,-1.0,0.0,72.81738886041964,72.81738886041964,-0.4023360119859591,1.221165945255798,701.829863638514,-13533.24795791688,-248.7049933100313,0.0,1243.524966550157,-67666.23978958442,0.0,-13533.17991198203,-248.7049933100313,42.91573589562061,1243.518714036413,-67666.23978958442,-3.943383673307904,dt_005
0.12,1,T,0.0,0.0,0.005669911259257723,0.0,0.00343775398744668,0.0,0.0,0.0,0.08578293658084009,0.0,0.05424341708030647,0.0,32.07749988191857,0.0,0.1960584310235158,0.0,0.05424341708030647,0.0,0.0,10.0,0.0,-32.3487169673201,10.0,-0.1960584310235158,33.8591123544576,0.9553917606780188,-0.2953414695374755,0.0,0.0,-1.0,0.0,72.82198549647053,72.82198549647053,-0.4022569123051571,1.221302994377949,702.1941872769673,-13541.38620223914,-248.6980665161977,0.0,1243.490332580989,-67706.93101119572,0.0,-13541.3061852345,-248.6980665161977,46.55186271934135,1243.482984709048,-67706.93101119572,-4.274805429119686,dt_005
0.125,1,T,0.0,0.0,0.006104271437504988,0.0,0.003713483820172135,0.0,0.0,0.0,0.08795161198560181,0.0,0.05604040273802986,0.0,32.07743655006126,0.0,0.2070718075870769,0.0,0.05604040273802986,0.0,0.0,10.0,0.0,-32.35763856375141,10.0,-0.2070718075870769,33.86763607667905,0.9554147354864424,-0.295267138732659,0.0,0.0,-1.0,0.0,72.8264431340285,72.8264431340285,-0.4021802045336343,1.221435899247385,702.547773721203,-13549.28495337448,-248.6914855571243,0.0,1243.457427785622,-67746.42476687241,0.0,-13549.19153141896,-248.6914855571243,50.31493480889799,1243.448854180084,-67746.42476687241,-4.617548426501407,dt_005
0.13,1,T,0.0,0.0,0.006549355779243361,0.0,0.003998076693722509,0.0,0.0,0.0,0.0900582780947775,0.0,0.05779077922496641,0.0,32.07736789728551,0.0,0.2183074581941358,0.0,0.05779077922496641,0.0,0.0,10.0,0.0,-32.36632179341034,10.0,-0.2183074581941358,33.8759322592691,0.9554370798032958,-0.2951948280999355,0.0,0.0,-1.0,0.0,72.8307795184973,72.8307795184973,-0.4021055833055189,1.221565188944933,702.8920066911858,-13556.9750921697,-248.6852126682865,0.0,1243.426063341433,-67784.87546084849,0.0,-13556.86674078508,-248.6852126682865,54.20168175425476,1243.41612550982,-67784.87546084849,-4.971299520134468,dt_005
0.135,1,T,0.0,0.0,0.007004607068646711,0.0,0.004291331159640606,0.0,0.0,0.0,0.09203967082112764,0.0,0.05950152136326287,0.0,32.07729399556547,0.0,0.2296956545452483,0.0,0.05950152136326287,0.0,0.0,10.0,0.0,-32.37480160238179,10.0,-0.2296956545452483,33.88403427565234,0.9554588848248502,-0.2951242440214855,0.0,0.0,-1.0,0.0,72.83501226572061,72.83501226572061,-0.4020327454844314,1.221691388688576,703.2282645110695,-13564.48738508048,-248.6792126458271,0.0,1243.396063229136,-67822.43692540238,0.0,-13564.36248670661,-248.6792126458271,58.20952871994358,1243.384614352229,-67822.43692540238,-5.335807892925527,dt_005
0.14,1,T,0.0,0.0,0.007469568309866048,0.0,0.004593022610098463,0.0,0.0,0.0,0.09392277057011136,0.0,0.06116855454393931,0.0,32.07721458946077,0.0,0.2412561691837592,0.0,0.06116855454393931,0.0,0.0,10.0,0.0,-32.38305736218047,10.0,-0.2412561691837592,33.8919224022815,0.9554800987034168,-0.2950555557546901,0.0,0.0,-1.0,0.0,72.83913123322472,72.83913123322472,-0.4019618656037531,1.221814196079537,703.5557225248908,-13571.80338481576,-248.673490695149,0.0,1243.367453475745,-67859.01692407881,0.0,-13571.66023065776,-248.673490695149,62.33538063602073,1243.354338547991,-67859.01692407881,-5.710794747407292,dt_005
0.145,1,T,0.0,0.0,0.00794383997455423,0.0,0.0049029177306794,0.0,0.0,0.0,0.0957815403978484,0.0,0.06278046584995345,0.0,32.07712917172588,0.0,0.2530554772099048,0.0,0.06278046584995345,0.0,0.0,10.0,0.0,-32.39103150097564,10.0,-0.2530554772099048,33.89954161485368,0.955500574874527,-0.2949892394892539,0.0,0.0,-1.0,0.0,72.84310787430076,72.84310787430076,-0.4018934349000176,1.221932759995094,703.8720895395329,-13578.87187469459,-248.6680759166054,0.0,1243.340379583027,-67894.35937347294,0.0,-13578.70866647137,-248.6680759166054,66.57582494468639,1243.325435530526,-67894.35937347294,-6.095971169154384,dt_005
0.15,1,T,0.0,0.0,0.00842723538284487,0.0,0.005220748907683754,0.0,0.0,0.0,0.09757877985399337,0.0,0.06434185845306066,0.0,32.0770377397516,0.0,0.2650477909396444,0.0,0.06434185845306066,0.0,0.0,10.0,0.0,-32.3987470320169,10.0,-0.2650477909396444,33.90691388558717,0.9555203738488468,-0.2949251009320169,0.0,0.0,-1.0,0.0,72.8469538485009,72.8469538485009,-0.4018272527337037,1.222047428065855,704.178270662332,-13585.71304897612,-248.6629414980069,0.0,1243.314707490034,-67928.56524488058,0.0,-13585.52790181052,-248.6629414980069,70.92727435796672,1243.297763499446,-67928.56524488058,-6.4910044142355,dt_005
0.1550000000000001,1,T,0.0,0.0,0.008919446939637681,0.0,0.005546263499010994,0.0,0.0,0.0,0.0993010841337665,0.0,0.0658551250047127,0.0,32.07694021108797,0.0,0.2772115983337989,0.0,0.0658551250047127,0.0,0.0,10.0,0.0,-32.40621583611153,10.0,-0.2772115983337989,33.91405055160244,0.9555395273945044,-0.294863038692012,0.0,0.0,-1.0,0.0,72.85067524354022,72.85067524354022,-0.4017632143463942,1.222158381797599,704.4747302001955,-13592.33725635492,-248.6580694134239,0.0,1243.290347067119,-67961.68628177462,0.0,-13592.12819968396,-248.6580694134239,75.38629749631112,1243.271224664835,-67961.68628177462,-6.895580517947558,dt_005
0.1600000000000001,1,T,0.0,0.0,0.009420342030392137,0.0,0.005879188633650384,0.0,0.0,0.0,0.1010575664471284,0.0,0.06730496860914958,0.0,32.07683581605931,0.0,0.2896472543693352,0.0,0.06730496860914958,0.0,0.0,10.0,0.0,-32.41336065910506,10.0,-0.2896472543693352,33.92087777781141,0.955557838786458,-0.2948036918590969,0.0,0.0,-1.0,0.0,72.85423374674637,72.85423374674637,-0.4017019790289527,1.222264478894514,704.7583938955471,-13598.67577658212,-248.6534990357919,0.0,1243.267495178959,-67993.37888291059,0.0,-13598.44075910373,-248.6534990357919,79.94871948715186,1243.246008558021,-67993.37888291059,-7.30936201822874,dt_005
0.1650000000000001,1,T,0.0,0.0,0.009929915953860727,0.0,0.006219226141037211,0.0,0.0,0.0,0.102757142442682,0.0,0.0687022374668873,0.0,32.07672490070131,0.0,0.3022541078364871,0.0,0.0687022374668873,0.0,0.0,10.0,0.0,-32.42023608803574,10.0,-0.3022541078364871,33.92744770836697,0.9555754493150532,-0.2947466041642108,0.0,0.0,-1.0,0.0,72.85765672514195,72.85765672514195,-0.4016430758450842,1.222366535306869,705.0314211524349,-13604.77683410805,-248.6491844170595,0.0,1243.245922085297,-68023.88417054026,0.0,-13604.51372691327,-248.6491844170595,84.61063828791114,1243.221878548901,-68023.88417054026,-7.731977694243169,dt_005
0.1700000000000001,1,T,0.0,0.0,0.01044788887384172,0.0,0.00656611568024246,0.0,0.0,0.0,0.1044581253993624,0.0,0.07004059670408147,0.0,32.07660695321075,0.0,0.3150821160367019,0.0,0.07004059670408147,0.0,0.0,10.0,0.0,-32.42680993673115,10.0,-0.3150821160367019,33.93372957210696,0.9555922778198106,-0.2946920402235969,0.0,0.0,-1.0,0.0,72.86092832026733,72.86092832026733,-0.4015867776898102,1.222464078213248,705.2925266371427,-13610.61168123167,-248.6451355828601,0.0,1243.225677914301,-68053.05840615836,0.0,-13610.31827917961,-248.6451355828601,89.36820860629872,1243.198877872273,-68053.05840615836,-8.16310496035679,dt_005
0.1750000000000001,1,T,0.0,0.0,0.01097447776958101,0.0,0.006919532561305455,0.0,0.0,0.0,0.1061699647841043,0.0,0.07131697605884325,0.0,32.07648174960042,0.0,0.328130308911298,0.0,0.07131697605884325,0.0,0.0,10.0,0.0,-32.43306662989463,10.0,-0.328130308911298,33.93970846986144,0.955608285754584,-0.2946401265903633,0.0,0.0,-1.0,0.0,72.86404095233686,72.86404095233686,-0.4015332149973482,1.22255688162165,705.5410842492506,-13616.16630004978,-248.641351576418,0.0,1243.20675788209,-68080.83150024888,0.0,-13615.84033079984,-248.641351576418,94.21675422053151,1243.176995674031,-68080.83150024888,-8.602340994634629,dt_005
0.1800000000000001,1,T,0.0,0.0,0.01151001132376427,0.0,0.007279128727690509,0.0,0.0,0.0,0.1080765402224997,0.0,0.07250769062368144,0.0,32.07634780322098,0.0,0.3415713922438063,0.0,0.07250769062368144,0.0,0.0,10.0,0.0,-32.43888625633939,10.0,-0.3415713922438063,33.94526979641972,0.9556231678488762,-0.294591855064729,0.0,0.0,-1.0,0.0,72.86693516453046,72.86693516453046,-0.4014834109105874,1.222643172821576,705.7723217004313,-13621.33401157139,-248.6378927463105,0.0,1243.189463731552,-68106.67005785697,0.0,-13620.97314510363,-248.6378927463105,99.15056811372656,1243.156528235649,-68106.67005785697,-9.04925622536456,dt_005
0.1850000000000001,1,T,0.0,0.0,0.01205508461063668,0.0,0.007644534046957509,0.0,0.0,0.0,0.1099442784246077,0.0,0.07364579882437503,0.0,32.07620657193716,0.0,0.3551599209175363,0.0,0.07364579882437503,0.0,0.0,10.0,0.0,-32.44443556605904,10.0,-0.3551599209175363,33.95057288471222,0.9556373518712732,-0.2945458397405409,0.0,0.0,-1.0,0.0,72.86969405986807,72.86969405986807,-0.4014359353788823,1.222725429537126,705.992857010096,-13626.26268856565,-248.6346491959823,0.0,1243.173245979911,-68131.31344282824,0.0,-13625.86453859788,-248.6346491959823,104.1654144965557,1243.136921317813,-68131.31344282824,-9.503387643274422,dt_005
0.1900000000000001,1,T,0.0,0.0,0.01260952565189492,0.0,0.008015476411319764,0.0,0.0,0.0,0.1118090836654214,0.0,0.07472363408457575,0.0,32.0760576741223,0.0,0.3689230654518059,0.0,0.07472363408457575,0.0,0.0,10.0,0.0,-32.44967584454518,10.0,-0.3689230654518059,33.9555807256489,0.9556507399101496,-0.2945023994964792,0.0,0.0,-1.0,0.0,72.87229852609796,72.87229852609796,-0.4013911172890524,1.222803081934777,706.2011457298362,-13630.91779362217,-248.6316352258287,0.0,1243.158176129144,-68154.58896811087,0.0,-13630.47991730321,-248.6316352258287,109.2571301078099,1243.118241215421,-68154.58896811087,-9.9643983369543,dt_005
0.1950000000000001,1,T,0.0,0.0,0.01317317768604163,0.0,0.008391669762451204,0.0,0.0,0.0,0.1136658216657841,0.0,0.07574198475947957,0.0,32.07590103704715,0.0,0.3828465113143285,0.0,0.07574198475947957,0.0,0.0,10.0,0.0,-32.45461096084454,10.0,-0.3828465113143285,33.96029700429268,0.955663342895446,-0.2944615001080812,0.0,0.0,-1.0,0.0,72.87475062160712,72.87475062160712,-0.4013489212200309,1.222876191385523,706.3973357296096,-13635.30261045558,-248.6288402508602,0.0,1243.144201254301,-68176.51305227792,0.0,-13634.82251344038,-248.6288402508602,114.4216136763446,1243.100430328378,-68176.51305227792,-10.43193316669302,dt_005
0.2000000000000001,1,T,0.0,0.0,0.01374610765331952,0.0,0.008772816303427326,0.0,0.0,0.0,0.1155025310875171,0.0,0.07670751378002291,0.0,32.07573667364337,0.0,0.3969087406822034,0.0,0.07670751378002291,0.0,0.0,10.0,0.0,-32.45927424254349,10.0,-0.3969087406822034,33.96475355942756,0.9556752468628998,-0.2944228634694248,0.0,0.0,-1.0,0.0,72.87706702576611,72.87706702576611,-0.4013090601504234,1.222945255186316,706.5827466659963,-13639.44661451142,-248.6262379848145,0.0,1243.131189924072,-68197.23307255711,0.0,-13638.92175624634,-248.6262379848145,119.6548247971933,1243.083353109424,-68197.23307255711,-10.90562168204356,dt_005
0.2050000000000001,1,T,0.0,0.0,0.01432838953009444,0.0,0.009158621422711986,0.0,0.0,0.0,0.1174311439443396,0.0,0.07760235414404053,0.0,32.07556349386909,0.0,0.4112122262207013,0.0,0.07760235414404053,0.0,0.0,10.0,0.0,-32.46357526458929,10.0,-0.4112122262207013,33.9688639633364,0.955686221936306,-0.2943872368176133,0.0,0.0,-1.0,0.0,72.87920294492119,72.87920294492119,-0.4012723048969044,1.223008937810293,706.7537778627882,-13643.26931009811,-248.6238712578685,0.0,1243.119356289342,-68216.34655049053,0.0,-13642.69711302016,-248.6238712578685,124.9517917289372,1243.067220012689,-68216.34655049053,-11.38510040158106,dt_005
0.2100000000000001,1,T,0.0,0.0,0.01492054768052004,0.0,0.00954872100884354,0.0,0.0,0.0,0.1194321088485694,0.0,0.07842792841994835,0.0,32.07538153319613,0.0,0.4257257323414366,0.0,0.07842792841994835,0.0,0.0,10.0,0.0,-32.46752117529587,10.0,-0.4257257323414366,33.97263503569138,0.9556962873555658,-0.294354558882291,0.0,0.0,-1.0,0.0,72.88116205856578,72.88116205856578,-0.4012385921421363,1.223067348961886,706.910707901825,-13646.77690356062,-248.6217281180212,0.0,1243.108640590106,-68233.88451780309,0.0,-13646.15476487804,-248.6217281180212,130.3072851064421,1243.051968895579,-68233.88451780309,-11.86991721139607,dt_005
0.2150000000000001,1,T,0.0,0.0,0.01552237944316414,0.0,0.009942843865092569,0.0,0.0,0.0,0.1212738792053411,0.0,0.07921442278411495,0.0,32.0751929416457,0.0,0.4402090192533903,0.0,0.07921442278411495,0.0,0.0,10.0,0.0,-32.47126505556627,10.0,-0.4402090192533903,33.97621306603841,0.9557058343274742,-0.2943235604439888,0.0,0.0,-1.0,0.0,72.88302046362446,72.88302046362446,-0.4012066123975329,1.223122757477826,707.059620764164,-13650.10536533447,-248.619719638403,0.0,1243.098598192015,-68250.52682667233,0.0,-13649.4306452012,-248.619719638403,135.7186301699012,1243.037152244941,-68250.52682667233,-12.35973162091492,dt_005
0.2200000000000001,1,T,0.0,0.0,0.01613334829972117,0.0,0.01034076108697753,0.0,0.0,0.0,0.1230983198988188,0.0,0.07994504175656561,0.0,32.07499636976846,0.0,0.4547965988818055,0.0,0.07994504175656561,0.0,0.0,10.0,0.0,-32.47472157855129,10.0,-0.4547965988818055,33.97951650045105,0.9557146458549584,-0.2942949467767518,0.0,0.0,-1.0,0.0,72.88473588143644,72.88473588143644,-0.4011770932013495,1.223173902815993,707.1971192327104,-13653.17874980678,-248.6178868712225,0.0,1243.089434356113,-68265.8937490339,0.0,-13652.44877996302,-248.6178868712225,141.1817433726636,1243.022972338966,-68265.8937490339,-12.85426176032581,dt_005
0.2250000000000001,1,T,0.0,0.0,0.01675338536868938,0.0,0.01074219654159566,0.0,0.0,0.0,0.1248861120870463,0.0,0.08062409175176556,0.0,32.07479200939863,0.0,0.4694602916784872,0.0,0.08062409175176556,0.0,0.0,10.0,0.0,-32.47791246815746,10.0,-0.4694602916784872,33.98256609335583,0.9557227779366386,-0.2942685367705404,0.0,0.0,-1.0,0.0,72.8863191735431,72.8863191735431,-0.4011498476463684,1.223221108814232,707.3240639521946,-13656.0162816961,-248.6162133219144,0.0,1243.081066609572,-68280.08140848052,0.0,-13655.22837273097,-248.6162133219144,146.6927895713711,1243.009344762105,-68280.08140848052,-13.35316431694127,dt_005
0.2300000000000001,1,T,0.0,0.0,0.01738192207011714,0.0,0.01114694826069523,0.0,0.0,0.0,0.1265074959314012,0.0,0.08127019553344163,0.0,32.07458129412657,0.0,0.4840638631884776,0.0,0.08127019553344163,0.0,0.0,10.0,0.0,-32.48093227179378,10.0,-0.4840638631884776,33.98545220009372,0.9557304719842512,-0.2942435469483741,0.0,0.0,-1.0,0.0,72.88781731255423,72.88781731255423,-0.4011240674200756,1.22326577596518,707.4442137624737,-13658.70197126701,-248.6146457466643,0.0,1243.073228733321,-68293.50985633506,0.0,-13657.85340276528,-248.6146457466643,152.2496911858488,1242.996000839378,-68293.50985633506,-13.85618601197784,dt_005
0.2350000000000001,1,T,0.0,0.0,0.01801816107169397,0.0,0.01155484662668536,0.0,0.0,0.0,0.1279506695228163,0.0,0.08188506511718954,0.0,32.07436450169314,0.0,0.4985900691060385,0.0,0.08188506511718954,0.0,0.0,10.0,0.0,-32.48378982727909,10.0,-0.4985900691060385,33.9881832633467,0.955737750840894,-0.2942199035034665,0.0,0.0,-1.0,0.0,72.88923472519035,72.88923472519035,-0.4010996763467254,1.22330803625191,707.5579184449899,-13661.24363053865,-248.6131769402607,0.0,1243.065884701304,-68306.21815269327,0.0,-13660.33165376195,-248.6131769402607,157.8500622810963,1242.98290197664,-68306.21815269327,-14.363116025614,dt_005
0.2400000000000001,1,T,0.0,0.0,0.0186611655804978,0.0,0.01196574727170914,0.0,0.0,0.0,0.1292234965887683,0.0,0.0824701128300415,0.0,32.07414169304712,0.0,0.5130421396527547,0.0,0.0824701128300415,0.0,0.0,10.0,0.0,-32.48649225719733,10.0,-0.5130421396527547,33.99076608693812,0.9557446329425672,-0.2941975468991496,0.0,0.0,-1.0,0.0,72.89057498245081,72.89057498245081,-0.4010766129759643,1.223347996144095,707.6654597458772,-13663.64755149245,-248.6118008835886,0.0,1243.059004417943,-68318.23775746222,0.0,-13662.66938873091,-248.6118008835886,163.4918519094471,1242.970015440152,-68318.23775746222,-14.87377494912073,dt_005
0.2450000000000001,1,T,0.0,0.0,0.0193092650884151,0.0,0.01237958912956667,0.0,0.0,0.0,0.1299407327223852,0.0,0.08306686656296548,0.0,32.07391774928886,0.0,0.5270328989027886,0.0,0.08306686656296548,0.0,0.0,10.0,0.0,-32.48925208210369,10.0,-0.5270328989027886,33.99340378447676,0.9557516595893244,-0.2941747188190241,0.0,0.0,-1.0,0.0,72.8919434942817,72.8919434942817,-0.4010530633958369,1.223388798448867,707.7752942733684,-13666.10276687188,-248.6104086589187,0.0,1243.052043294594,-68330.51383435942,0.0,-13665.05558623779,-248.6104086589187,169.1764160122349,1242.956793021043,-68330.51383435942,-15.38808050756379,dt_005
0.2500000000000001,1,T,0.0,0.0,0.01995995908916191,0.0,0.01279640939924382,0.0,0.0,0.0,0.1302741050469271,0.0,0.0836608609615294,0.0,32.0736910192005,0.0,0.5407352568087817,0.0,0.0836608609615294,0.0,0.0,10.0,0.0,-32.49199532400814,10.0,-0.5407352568087817,33.99602565205773,0.955758642394172,-0.2941520312505916,0.0,0.0,-1.0,0.0,72.89330357266284,72.89330357266284,-0.4010296589399212,1.223429349309568,707.8844780829124,-13668.54346915801,-248.6090378756755,0.0,1243.045189378378,-68342.71734579006,0.0,-13667.4243854617,-248.6090378756755,174.9035046789415,1242.943417627178,-68342.71734579006,-15.9060810383456,dt_005
0.2550000000000001,1,T,0.0,0.0,0.02061150125110119,0.0,0.01321617333853181,0.0,0.0,0.0,0.1302941997324039,0.0,0.08424245502362064,0.0,32.0734609467581,0.0,0.5542186805944369,0.0,0.08424245502362064,0.0,0.0,10.0,0.0,-32.4946732218762,10.0,-0.5542186805944369,33.99858508521374,0.95576545731041,-0.2941298873154895,0.0,0.0,-1.0,0.0,72.89463105163452,72.89463105163452,-0.4010068154600875,1.223468928215909,707.9910700253674,-13670.92626431067,-248.6077123192685,0.0,1243.038561596343,-68354.63132155337,0.0,-13669.73235022517,-248.6077123192685,180.6720715182921,1242.930004120513,-68354.63132155337,-16.42773485561283,dt_005
0.2600000000000001,1,T,0.0,0.0,0.02126245472581591,0.0,0.0136388068445957,0.0,0.0,0.0,0.1300598988204814,0.0,0.0848057304950318,0.0,32.07322704640077,0.0,0.567539670825136,0.0,0.0848057304950318,0.0,0.0,10.0,0.0,-32.49725569887593,10.0,-0.567539670825136,34.00105333600893,0.9557720279347816,-0.2941085354379144,0.0,0.0,-1.0,0.0,72.89591103958048,72.89591103958048,-0.4009847892137554,1.223507091172997,708.0938721243509,-13673.22436952506,-248.6064457634638,0.0,1243.032228817319,-68366.12184762531,0.0,-13671.95266279324,-248.6064457634638,186.4806845620961,1242.916618014005,-68366.12184762531,-16.95295086938248,dt_005
0.2650000000000001,1,T,0.0,0.0,0.02191038930981008,0.0,0.0140643461850782,0.0,0.0,0.0,0.129037613779002,0.0,0.08541127132902154,0.0,32.07299700927781,0.0,0.5801658549754158,0.0,0.08541127132902154,0.0,0.0,10.0,0.0,-32.50005336592292,10.0,-0.5801658549754158,34.00372727787114,0.955779144454944,-0.2940854077049305,0.0,0.0,-1.0,0.0,72.89729747538063,72.89729747538063,-0.4009609311949718,1.223548427882544,708.2052496325505,-13675.71420783314,-248.6050867078793,0.0,1243.025433539397,-68378.57103916569,0.0,-13674.36166210391,-248.6050867078793,192.3336380148929,1242.902496724843,-68378.57103916569,-17.48176366838191,dt_005
0.2700000000000001,1,T,0.0,0.0,0.022552484752485,0.0,0.01449288066737706,0.0,0.0,0.0,0.1277633912020944,0.0,0.08599882854857924,0.0,32.07276390974893,0.0,0.5926360976944274,0.0,0.08599882854857924,0.0,0.0,10.0,0.0,-32.50275805249183,10.0,-0.5926360976944274,34.00631237018831,0.9557860228616092,-0.2940630519164,0.0,0.0,-1.0,0.0,72.8986376256955,72.8986376256955,-0.4009378696645484,1.223588384586135,708.3129346240289,-13678.12153255214,-248.6037857123355,0.0,1243.018928561678,-68390.60766276068,0.0,-13676.6850568201,-248.6037857123355,198.2284435194494,1242.888386767537,-68390.60766276068,-18.01429435230498,dt_005
0.2750000000000001,1,T,0.0,0.0,0.02318697566428366,0.0,0.01492437492321502,0.0,0.0,0.0,0.1259935936122978,0.0,0.08659555034991878,0.0,32.07253161705666,0.0,0.6047056549964474,0.0,0.08659555034991878,0.0,0.0,10.0,0.0,-32.50550936880626,10.0,-0.6047056549964474,34.00894204948974,0.9557930182451518,-0.2940403140282347,0.0,0.0,-1.0,0.0,72.90000067163693,72.90000067163693,-0.4009144141423595,1.223629023924916,708.4224853369003,-13680.57059864169,-248.6024752911331,0.0,1243.012376455666,-68402.85299320845,0.0,-13679.04704252141,-248.6024752911331,204.1663853471148,1242.873946621904,-68402.85299320845,-18.55049407572793,dt_005
0.2800000000000001,1,T,0.0,0.0,0.0238120580973924,0.0,0.01535880060756755,0.0,0.0,0.0,0.124007705430896,0.0,0.08717049574204859,0.0,32.07229639060334,0.0,0.6166530750354201,0.0,0.08717049574204859,0.0,0.0,10.0,0.0,-32.50814886931359,10.0,-0.6166530750354201,34.01146487450157,0.9557997278054606,-0.2940185033752254,0.0,0.0,-1.0,0.0,72.90130812414571,72.90130812414571,-0.4008919152812438,1.223668005740444,708.5275925320407,-13682.92035846173,-248.6012304532896,0.0,1243.006152266448,-68414.60179230866,0.0,-13681.30653928868,-248.6012304532896,210.1449833409089,1242.859547074851,-68414.60179230866,-19.09033308076976,dt_005
0.2850000000000001,1,T,0.0,0.0,0.02442631168630507,0.0,0.01579609123355878,0.0,0.0,0.0,0.1216641551676668,0.0,0.08774137813716643,0.0,32.07206068491526,0.0,0.6283346723028284,0.0,0.08774137813716643,0.0,0.0,10.0,0.0,-32.51076757560109,10.0,-0.6283346723028284,34.01396784197274,0.955806383031952,-0.2939968675944988,0.0,0.0,-1.0,0.0,72.90260508476436,72.90260508476436,-0.4008695969663257,1.223706674739312,708.6318801172878,-13685.25182520875,-248.6000073514753,0.0,1243.000036757377,-68426.25912604376,0.0,-13683.54451265281,-248.6000073514753,216.1644966888223,1242.844965473567,-68426.25912604376,-19.63372547042972,dt_005
0.2900000000000001,1,T,0.0,0.0,0.02502850203324607,0.0,0.01623616058976556,0.0,0.0,0.0,0.1191941432069032,0.0,0.08828062721670489,0.0,32.07182117028414,0.0,0.6399788556987449,0.0,0.08828062721670489,0.0,0.0,10.0,0.0,-32.51322430636766,10.0,-0.6399788556987449,34.01631600858883,0.9558126252754222,-0.2939765728150892,0.0,0.0,-1.0,0.0,72.90382165061898,72.90382165061898,-0.4008486620979329,1.223742946760975,708.7297248126583,-13687.4392810367,-248.5988707050063,0.0,1242.994353525032,-68437.19640518348,0.0,-13685.63522781377,-248.5988707050063,222.2216985111689,1242.830522444322,-68437.19640518348,-20.18056926563431,dt_005
0.2950000000000002,1,T,0.0,0.0,0.02561810778372636,0.0,0.01667883866125676,0.0,0.0,0.0,0.1166318159448131,0.0,0.0887848021056676,0.0,32.07157745789022,0.0,0.6516143136019851,0.0,0.0887848021056676,0.0,0.0,10.0,0.0,-32.51550146841856,10.0,-0.6516143136019851,34.01849255541358,0.9558184101030708,-0.2939577638165697,0.0,0.0,-1.0,0.0,72.90494914458831,72.90494914458831,-0.4008292599934171,1.223776563096273,708.8204243924217,-13689.46702123181,-248.5978264782663,0.0,1242.989132391332,-68447.33510615902,0.0,-13687.56297235856,-248.5978264782663,228.3138259329064,1242.816246766689,-68447.33510615902,-20.7306540107909,dt_005
0.3000000000000002,1,T,0.0,0.0,0.02619468427835647,0.0,0.01712395023319358,0.0,0.0,0.0,0.1139832184804192,0.0,0.08925406899856683,0.0,32.07132959198348,0.0,0.6632414696868573,0.0,0.08925406899856683,0.0,0.0,10.0,0.0,-32.51759993697632,10.0,-0.6632414696868573,34.02049831588659,0.9558237400006436,-0.293940432828119,0.0,0.0,-1.0,0.0,72.90598803410322,72.90598803410322,-0.4008113826091502,1.223807537681699,708.904012217511,-13691.33578630232,-248.5968721493937,0.0,1242.984360746969,-68456.67893151162,0.0,-13689.32848240502,-248.5968721493937,234.4382948612445,1242.802125252159,-68456.67893151162,-21.28376212672041,dt_005
0.3050000000000002,1,T,0.0,0.0,0.02675781183923279,0.0,0.01757132141342254,0.0,0.0,0.0,0.1112528560129223,0.0,0.08968869134081546,0.0,32.07107764108856,0.0,0.6748592504316311,0.0,0.08968869134081546,0.0,0.0,10.0,0.0,-32.51952109779263,10.0,-0.6748592504316311,34.02233461168972,0.955828618727983,-0.2939245679091083,0.0,0.0,-1.0,0.0,72.90693903641015,72.90693903641015,-0.400795017602635,1.223835891902021,708.9805421132405,-13693.04677473389,-248.5960051461727,0.0,1242.980025730863,-68465.23387366947,0.0,-13690.9329558775,-248.5960051461727,240.5925450169445,1242.788144795982,-68465.23387366947,-21.83967766382127,dt_005
0.3100000000000002,1,T,0.0,0.0,0.02730708730287531,0.0,0.01802078061346267,0.0,0.0,0.0,0.1084427877939904,0.0,0.09008936035847682,0.0,32.07082171688558,0.0,0.6864642107334188,0.0,0.09008936035847682,0.0,0.0,10.0,0.0,-32.52126851867796,10.0,-0.6864642107334188,34.02400485045748,0.9558330555622608,-0.2939101391488763,0.0,0.0,-1.0,0.0,72.90780394579866,72.90780394579866,-0.4007801340974377,1.223861679254146,709.050154964172,-13694.60313189159,-248.5952221045299,0.0,1242.97611052265,-68473.01565945796,0.0,-13692.37954092339,-248.5952221045299,246.7740815353299,1242.774288649724,-68473.01565945796,-22.39818745314858,dt_005
0.3150000000000002,1,T,0.0,0.0,0.02784211965501168,0.0,0.01847215918027311,0.0,0.0,0.0,0.1055560285819168,0.0,0.09045651795848264,0.0,32.07056191621123,0.0,0.6980539551387205,0.0,0.09045651795848264,0.0,0.0,10.0,0.0,-32.52284450600364,10.0,-0.6980539551387205,34.02551123439133,0.9558370565533524,-0.2938971271030452,0.0,0.0,-1.0,0.0,72.908583929023,72.908583929023,-0.4007667120158561,1.223884934524958,709.1129415415356,-13696.00688323541,-248.5945204225468,0.0,1242.972602112734,-68480.03441617706,0.0,-13693.67026939152,-248.5945204225468,252.9804316833066,1242.760544173917,-68480.03441617706,-22.95908202542611,dt_005
0.3200000000000002,1,T,0.0,0.0,0.02836253287023689,0.0,0.01892529057222956,0.0,0.0,0.0,0.1025960178264091,0.0,0.09079047167806752,0.0,32.07029832928833,0.0,0.7096265806554971,0.0,0.09079047167806752,0.0,0.0,10.0,0.0,-32.52425068767867,10.0,-0.7096265806554971,34.02685531745428,0.9558406260068104,-0.2938855179741056,0.0,0.0,-1.0,0.0,72.90927981421129,72.90927981421129,-0.4007547371073232,1.223905682405173,709.1689657119169,-13697.25945314877,-248.5938979771292,0.0,1242.969489885646,-68486.29726574384,0.0,-13694.80657577864,-248.5938979771292,259.2091412036603,1242.746901436918,-68486.29726574384,-23.52215456804713,dt_005
0.3250000000000002,1,T,0.0,0.0,0.02886796181672422,0.0,0.01938001093664965,0.0,0.0,0.0,0.09956198677952934,0.0,0.09109233510986342,0.0,32.07003112791881,0.0,0.721176063234632,0.0,0.09109233510986342,0.0,0.0,10.0,0.0,-32.52549280346813,10.0,-0.721176063234632,34.02804258414605,0.9558437786433835,-0.2938752640640894,0.0,0.0,-1.0,0.0,72.90989446144701,72.90989446144701,-0.4007441601550448,1.223924008168439,709.2184552914299,-13698.36593199833,-248.593351005585,0.0,1242.966755027925,-68491.82965999164,0.0,-13695.79356333355,-248.593351005585,265.4578638573588,1242.733342608673,-68491.82965999164,-24.08720144237612,dt_005
0.3300000000000002,1,T,0.0,0.0,0.02935804399460707,0.0,0.01983616056797304,0.0,0.0,0.0,0.0964580285759101,0.0,0.09136219025171809,0.0,32.06976039386502,0.0,0.7327013730130525,0.0,0.09136219025171809,0.0,0.0,10.0,0.0,-32.52657134512361,10.0,-0.7327013730130525,34.02907350295357,0.9558465158418272,-0.2938663610436542,0.0,0.0,-1.0,0.0,72.91042813104539,72.91042813104539,-0.400734976679473,1.223939919576078,709.2614291250176,-13699.32673845725,-248.5928782334038,0.0,1242.964391167019,-68496.63369228624,0.0,-13696.63166741143,-248.5928782334038,271.7242246694362,1242.719862555827,-68496.63369228624,-24.65402438599045,dt_005
0.3350000000000002,1,T,0.0,0.0,0.02983243637400607,0.0,0.02029358026899947,0.0,0.0,0.0,0.0932864964641676,0.0,0.09160043302117477,0.0,32.06948624413508,0.0,0.7441997569912087,0.0,0.09160043302117477,0.0,0.0,10.0,0.0,-32.52748840924096,10.0,-0.7441997569912087,34.02995007656205,0.9558488430355973,-0.2938587913735274,0.0,0.0,-1.0,0.0,72.91088187504654,72.91088187504654,-0.400727168576926,1.223953447994763,709.2979701056495,-13700.14372355037,-248.5924778296675,0.0,1242.962389148338,-68500.71861775186,0.0,-13697.32275937965,-248.5924778296675,278.0058836011257,1242.706453704441,-68500.71861775186,-25.22242570960423,dt_005
0.3400000000000002,1,T,0.0,0.0,0.03029080581394558,0.0,0.02075211309855871,0.0,0.0,0.0,0.0900492794068471,0.0,0.09180751143056284,0.0,32.06920880705707,0.0,0.7556680704828258,0.0,0.09180751143056284,0.0,0.0,10.0,0.0,-32.52824636420988,10.0,-0.7556680704828258,34.03067456767106,0.9558507663292556,-0.2938525353094217,0.0,0.0,-1.0,0.0,72.91125687754995,72.91125687754995,-0.400720715471222,1.223964628728528,709.3281720625744,-13700.81898319492,-248.5921479954132,0.0,1242.960739977066,-68504.0949159746,0.0,-13697.86895886193,-248.5921479954132,284.3005383763351,1242.693108937463,-68504.0949159746,-25.79221052329557,dt_005
0.3450000000000002,1,T,0.0,0.0,0.03073282827165324,0.0,0.02121160434175636,0.0,0.0,0.0,0.08674813096131727,0.0,0.09198386684512948,0.0,32.06892821619076,0.0,0.7671031049875399,0.0,0.09198386684512948,0.0,0.0,10.0,0.0,-32.52884755041641,10.0,-0.7671031049875399,34.0312492124258,0.9558522917383584,-0.2938475733752586,0.0,0.0,-1.0,0.0,72.91155430646765,72.91155430646765,-0.4007155972647355,1.223973496598775,709.352127811917,-13701.35459102166,-248.5918870892007,0.0,1242.959435446003,-68506.7729551083,0.0,-13698.27236656578,-248.5918870892007,290.605919228791,1242.679822219139,-68506.7729551083,-26.36318671283659,dt_005
0.3500000000000002,1,T,0.0,0.0,0.0311581934907944,0.0,0.02167190038231354,0.0,0.0,0.0,0.08338747480518487,0.0,0.09212936226914092,0.0,32.06864455052465,0.0,0.7785043568999079,0.0,0.09212936226914092,0.0,0.0,10.0,0.0,-32.52929136187036,10.0,-0.7785043568999079,34.03167343087103,0.9558534177858612,-0.2938439104475167,0.0,0.0,-1.0,0.0,72.91177386986513,72.91177386986513,-0.4007118189811246,1.223980042901451,709.3698128595902,-13701.74999815346,-248.5916948832432,0.0,1242.958474416216,-68508.74999076732,0.0,-13698.53246495306,-248.5916948832432,296.9197173064508,1242.666594900191,-68508.74999076732,-26.93516367595796,dt_005
0.3550000000000002,1,T,0.0,0.0,0.03156662711069315,0.0,0.02213284415995555,0.0,0.0,0.0,0.07997785378886675,0.0,0.0922426501021512,0.0,32.06835775544869,0.0,0.7898773299081778,0.0,0.0922426501021512,0.0,0.0,10.0,0.0,-32.52957100595945,10.0,-0.7898773299081778,34.03194072972857,0.9558541272829404,-0.2938416024938745,0.0,0.0,-1.0,0.0,72.91191221320466,72.91191221320466,-0.4007094383458346,1.223984167620708,709.380956271952,-13701.9991460546,-248.5915739502288,0.0,1242.957869751144,-68509.99573027299,0.0,-13698.64323328338,-248.5915739502288,303.2394527437257,1242.653442773393,-68509.99573027299,-27.50794684696604,dt_005
0.3600000000000002,1,T,0.0,0.0,0.03195792915879001,0.0,0.02259426780151774,0.0,0.0,0.0,0.07653864543142705,0.0,0.09232073997976184,0.0,32.06806757330551,0.0,0.8012360131752058,0.0,0.09232073997976184,0.0,0.0,10.0,0.0,-32.52967127320431,10.0,-0.8012360131752058,34.03203657060115,0.9558543816712202,-0.2938407749784384,0.0,0.0,-1.0,0.0,72.91196181610358,72.91196181610358,-0.4007085847708662,1.223985646535654,709.3849517999247,-13702.08847940243,-248.591530622333,0.0,1242.957653111665,-68510.44239701214,0.0,-13698.59116368101,-248.591530622333,309.5623163328202,1242.640401084879,-68510.44239701214,-28.08132868060662,dt_005
0.3650000000000002,1,T,0.0,0.0,0.03233197362381261,0.0,0.02305599310635594,0.0,0.0,0.0,0.07307789017270505,0.0,0.09236292490700028,0.0,32.06777398815686,0.0,0.8125827300497297,0.0,0.09236292490700028,0.0,0.0,10.0,0.0,-32.52958861269186,10.0,-0.8125827300497297,34.0319575591968,0.9558541719531812,-0.2938414571834584,0.0,0.0,-1.0,0.0,72.91192092339708,72.91192092339708,-0.4007092884593889,1.223984427315888,709.3816578779705,-13702.01483279294,-248.5915663406733,0.0,1242.957831703366,-68510.07416396472,0.0,-13698.37314369229,-248.5915663406733,315.8855714458645,1242.627481310119,-68510.07416396472,-28.65508830212663,dt_005
0.3700000000000002,1,T,0.0,0.0,0.03268873379610972,0.0,0.02351782769346361,0.0,0.0,0.0,0.06963002501155174,0.0,0.09236371296166623,0.0,32.06747636829819,0.0,0.8239457383058746,0.0,0.09236371296166623,0.0,0.0,10.0,0.0,-32.52929493310653,10.0,-0.8239457383058746,34.03167684444935,0.9558534268467036,-0.2938438809732358,0.0,0.0,-1.0,0.0,72.91177563661289,72.91177563661289,-0.4007117885786341,1.223980095577196,709.369955167581,-13701.75317991791,-248.5916933379974,0.0,1242.958466689987,-68508.76589958953,0.0,-13697.9642154241,-248.5916933379974,322.2057670980238,1242.61474969,-68508.76589958953,-29.22898850767579,dt_005
0.3750000000000002,1,T,0.0,0.0,0.03302826375008155,0.0,0.02397956839117134,0.0,0.0,0.0,0.06618681748761536,0.0,0.09232533409998778,0.0,32.06717505928464,0.0,0.835310291242001,0.0,0.09232533409998778,0.0,0.0,10.0,0.0,-32.52880172978458,10.0,-0.835310291242001,34.03120541467251,0.9558521754789157,-0.2938479515535619,0.0,0.0,-1.0,0.0,72.91153163767021,72.91153163767021,-0.4007159873531875,1.223972820726516,709.350301960077,-13701.31376817579,-248.5919069526465,0.0,1242.959534763232,-68506.56884087897,0.0,-13697.37469426714,-248.5919069526465,328.5201041852952,1242.602188777603,-68506.56884087897,-29.8027767823968,dt_005
0.3800000000000002,1,T,0.0,0.0,0.03335065360348947,0.0,0.02444100938075883,0.0,0.0,0.0,0.0627797923807072,0.0,0.09224302053487306,0.0,32.066869461737,0.0,0.8467013032368313,0.0,0.09224302053487306,0.0,0.0,10.0,0.0,-32.52808456441137,10.0,-0.8467013032368313,34.03051991124286,0.955850355776224,-0.2938538707631158,0.0,0.0,-1.0,0.0,72.91117682752589,72.91117682752589,-0.4007220929854042,1.223962242029776,709.3217248255669,-13700.67483474378,-248.5922183211807,0.0,1242.961091605903,-68503.37417371888,0.0,-13696.58290075078,-248.5922183211807,334.8249844958393,1242.58986064071,-68503.37417371888,-30.37619921980005,dt_005
0.3850000000000002,1,T,0.0,0.0,0.03365612992026892,0.0,0.02490192488614744,0.0,0.0,0.0,0.05942471079387936,0.0,0.0921146984987568,0.0,32.06655933715432,0.0,0.8581272887320703,0.0,0.0921146984987568,0.0,0.0,10.0,0.0,-32.5271328296481,10.0,-0.8581272887320703,34.02961019638003,0.9558479407180588,-0.2938617263698122,0.0,0.0,-1.0,0.0,72.91070594453139,72.91070594453139,-0.4007301960186112,1.223948202610444,709.2838016970126,-13699.82694511879,-248.5926329079703,0.0,1242.963164539852,-68499.13472559396,0.0,-13695.57949310914,-248.5926329079703,341.1168042348231,1242.577800081432,-68499.13472559396,-30.948976521233,dt_005
0.3900000000000002,1,T,0.0,0.0,0.03394499605488303,0.0,0.02536207934235271,0.0,0.0,0.0,0.05613002282663809,0.0,0.091939732284755,0.0,32.06624462233152,0.0,0.869589139140039,0.0,0.091939732284755,0.0,0.0,10.0,0.0,-32.52594328375529,10.0,-0.869589139140039,34.02847317318345,0.955844921934016,-0.2938715454292149,0.0,0.0,-1.0,0.0,72.91011736602744,72.91011736602744,-0.4007403243757998,1.223930654088788,709.2364042300653,-13698.76723270297,-248.5931532951378,0.0,1242.965766475689,-68493.83616351486,0.0,-13694.36170511961,-248.5931532951378,347.3919762029468,1242.566028318498,-68493.83616351486,-31.52081691977185,dt_005
0.3950000000000002,1,T,0.0,0.0,0.03421757728774213,0.0,0.02582123785338612,0.0,0.0,0.0,0.05291024984868733,0.0,0.09171654322457422,0.0,32.06592509216922,0.0,0.8810938364238919,0.0,0.09171654322457422,0.0,0.0,10.0,0.0,-32.52450780829209,10.0,-0.8810938364238919,34.02710108386627,0.95584127863638,-0.2938833953369432,0.0,0.0,-1.0,0.0,72.90940705101836,72.90940705101836,-0.4007525475950985,1.223909475982154,709.1792100051376,-13697.48849260716,-248.5937845334115,0.0,1242.968922667057,-68487.44246303581,0.0,-13692.922439747,-248.5937845334115,353.6468071091906,1242.554579423952,-68487.44246303581,-32.09142983214785,dt_005
0.4000000000000002,1,T,0.0,0.0,0.03447425368721185,0.0,0.02627915895840612,0.0,0.0,0.0,0.04979329719862059,0.0,0.09144075891501552,0.0,32.065600160207,0.0,0.8926615309460647,0.0,0.09144075891501552,0.0,0.0,10.0,0.0,-32.52280395478208,10.0,-0.8926615309460647,34.02547247403317,0.9558369536118018,-0.2938974618980408,0.0,0.0,-1.0,0.0,72.9085638603919,72.9085638603919,-0.4007670573602116,1.223884336176896,709.1113259622283,-13695.97076277414,-248.5945384233508,0.0,1242.972692116754,-68479.8538138707,0.0,-13691.24185597416,-248.5945384233508,359.8771679131986,1242.543521952934,-68479.8538138707,-32.66051746023272,dt_005
0.4050000000000002,1,T,0.0,0.0,0.0347156583332949,0.0,0.0267355635629158,0.0,0.0,0.0,0.04679121591999907,0.0,0.0911118242995418,0.0,32.06526965844658,0.0,0.9042953166113088,0.0,0.0911118242995418,0.0,0.0,10.0,0.0,-32.52082877994429,10.0,-0.9042953166113088,34.0235845338855,0.9558319390937612,-0.293913770021515,0.0,0.0,-1.0,0.0,72.90758629921444,72.90758629921444,-0.4007838793962059,1.223855190101432,709.0326365273525,-13694.2114652476,-248.5954186588422,0.0,1242.977093294211,-68471.05732623799,0.0,-13689.31751160567,-248.5954186588422,366.0788458310547,1242.532885733375,-68471.05732623799,-33.22773427753234,dt_005
0.4100000000000003,1,T,0.0,0.0,0.03494235719439669,0.0,0.02719018742069172,0.0,0.0,0.0,0.04391181657661823,0.0,0.09072842565543277,0.0,32.06493351232596,0.0,0.9159945242208046,0.0,0.09072842565543277,0.0,0.0,10.0,0.0,-32.51857564060313,10.0,-0.9159945242208046,34.02143091778515,0.9558262178679738,-0.2939323752773834,0.0,0.0,-1.0,0.0,72.90647103429731,72.90647103429731,-0.4008030710611491,1.223821938376439,708.942879037347,-13692.20473463603,-248.5964310235518,0.0,1242.982155117759,-68461.02367318013,0.0,-13687.14367989771,-248.5964310235518,372.2477414645047,1242.522711160579,-68461.02367318013,-33.79275353317073,dt_005
0.4150000000000003,1,T,0.0,0.0,0.03515490702523918,0.0,0.02764277007714726,0.0,0.0,0.0,0.04113133603723483,0.0,0.0902955752963928,0.0,32.06459251555412,0.0,0.9277270444085748,0.0,0.0902955752963928,0.0,0.0,10.0,0.0,-32.51607039203609,10.0,-0.9277270444085748,34.01903634349225,0.9558198552045796,-0.2939530649554385,0.0,0.0,-1.0,0.0,72.90523081389388,72.90523081389388,-0.4008244129809682,1.22378496109225,708.8430856656558,-13689.97365527116,-248.5975669926788,0.0,1242.987834963394,-68449.8682763558,0.0,-13684.7435782458,-248.5975669926788,378.3806016151296,1242.512967569041,-68449.8682763558,-34.35525126906614,dt_005
0.4200000000000003,1,T,0.0,0.0,0.03535311840779096,0.0,0.02809317999564348,0.0,0.0,0.0,0.0381249072546078,0.0,0.0898679436369579,0.0,32.06425585468409,0.0,0.9391639178346112,0.0,0.0898679436369579,0.0,0.0,10.0,0.0,-32.51359557286888,10.0,-0.9391639178346112,34.01667086997313,0.9558135685044056,-0.2939735060560292,0.0,0.0,-1.0,0.0,72.90400548609004,72.90400548609004,-0.4008454986264464,1.223748427832274,708.7445119590983,-13687.76987078705,-248.5986998421515,0.0,1242.993499210757,-68438.84935393523,0.0,-13682.36884887142,-248.5986998421515,384.4824040947516,1242.503029602225,-68438.84935393523,-34.91504703557819,dt_005
0.4250000000000003,1,T,0.0,0.0,0.03553630493134132,0.0,0.02854137009540107,0.0,0.0,0.0,0.0351668113754285,0.0,0.08940025222846276,0.0,32.06391612693177,0.0,0.9505778139426642,0.0,0.08940025222846276,0.0,0.0,10.0,0.0,-32.51091738807408,10.0,-0.9505778139426642,34.01411103371919,0.9558067637235924,-0.2939956299339032,0.0,0.0,-1.0,0.0,72.90267927626981,72.90267927626981,-0.40086832026651,1.223708886765799,708.6378465161837,-13685.38521169776,-248.5999377388797,0.0,1242.999688694399,-68426.92605848881,0.0,-13679.81146557971,-248.5999377388797,390.5466153350056,1242.493443193638,-68426.92605848881,-35.47209769931202,dt_005
0.4300000000000003,1,T,0.0,0.0,0.03570479608354119,0.0,0.02898712916943581,0.0,0.0,0.0,0.03223659110933616,0.0,0.08889747001626713,0.0,32.06357413947001,0.0,0.9619415113034064,0.0,0.08889747001626713,0.0,0.0,10.0,0.0,-32.50806148955135,10.0,-0.9619415113034064,34.01138135695832,0.9557995057116548,-0.2940192253601049,0.0,0.0,-1.0,0.0,72.9012648444815,72.9012648444815,-0.4008926600449333,1.223666715353317,708.5241128576768,-13682.84256692656,-248.6012714700275,0.0,1243.006357350137,-68414.2128346328,0.0,-13677.09444017802,-248.6012714700275,396.5707827727219,1242.484173596554,-68414.2128346328,-36.02614016164464,dt_005
0.4350000000000003,1,T,0.0,0.0,0.035858745390316,0.0,0.02943028176362018,0.0,0.0,0.0,0.02935164399547953,0.0,0.08835756909906047,0.0,32.06322959676817,0.0,0.9732667746241526,0.0,0.08835756909906047,0.0,0.0,10.0,0.0,-32.50501744226347,10.0,-0.9732667746241526,34.00847186984226,0.9557917676121164,-0.2940443792438587,0.0,0.0,-1.0,0.0,72.89975697886453,72.89975697886453,-0.4009186076482837,1.223621758202731,708.4028973396346,-13680.13269583054,-248.6027086273984,0.0,1243.013543136992,-68400.66347915269,0.0,-13674.20865821502,-248.6027086273984,402.5520427586817,1242.475269192589,-68400.66347915269,-36.57695814010701,dt_005
0.4400000000000003,1,T,0.0,0.0,0.03599837405869592,0.0,0.02987064533926673,0.0,0.0,0.0,0.0264826988904741,0.0,0.08778640267890964,0.0,32.06288358119146,0.0,0.9845184929476236,0.0,0.08778640267890964,0.0,0.0,10.0,0.0,-32.50181559458601,10.0,-0.9845184929476236,34.00541158322414,0.955783626233776,-0.2940708415049236,0.0,0.0,-1.0,0.0,72.89817066855716,72.89817066855716,-0.4009459051409668,1.223574462216563,708.2754103784906,-13677.28266510863,-248.6042376102473,0.0,1243.021188051237,-68386.41332554315,0.0,-13671.1813037733,-248.6042376102473,408.4885073539587,1242.466683066477,-68386.41332554315,-37.12432375267878,dt_005
0.4450000000000003,1,T,0.0,0.0,0.03612258545024904,0.0,0.03030826776772734,0.0,0.0,0.0,0.02319706790318182,0.0,0.08725918310685597,0.0,32.06254923013439,0.0,0.9952657131746466,0.0,0.08725918310685597,0.0,0.0,10.0,0.0,-32.49884514566867,10.0,-0.9952657131746466,34.00257248800673,0.9557760712702414,-0.2940953953859569,0.0,0.0,-1.0,0.0,72.8966987461729,72.8966987461729,-0.4009712342271661,1.223530576716731,708.1571481788181,-13674.63889819334,-248.6056719756729,0.0,1243.028359878364,-68373.19449096669,0.0,-13668.35867820144,-248.6056719756729,414.3911678808971,1242.457486189171,-68373.19449096669,-37.66826879992607,dt_005
0.4500000000000003,1,T,0.0,0.0,0.03623003085099025,0.0,0.03074324729597741,0.0,0.0,0.0,0.01970423967399551,0.0,0.08674227805268311,0.0,32.06222064067295,0.0,1.005720993377071,0.0,0.08674227805268311,0.0,0.0,10.0,0.0,-32.49593203093637,10.0,-1.005720993377071,33.9997882134468,0.955768660290782,-0.2941194791338446,0.0,0.0,-1.0,0.0,72.89525499538227,72.89525499538227,-0.4009960785318776,1.223487531155527,708.0411791175319,-13672.04643202969,-248.6070935027888,0.0,1243.035467513944,-68360.23216014846,0.0,-13665.58589232756,-248.6070935027888,420.256896426181,1242.448087999915,-68360.23216014846,-38.20892726792214,dt_005
0.4550000000000003,1,T,0.0,0.0,0.0363189381138817,0.0,0.03117577022521197,0.0,0.0,0.0,0.01584285348651669,0.0,0.08626587224493439,0.0,32.06190300644824,0.0,1.015729034617256,0.0,0.08626587224493439,0.0,0.0,10.0,0.0,-32.49323236767291,10.0,-1.015729034617256,33.99720796917868,0.9557617907073648,-0.2941418015581114,0.0,0.0,-1.0,0.0,72.89391682083397,72.89391682083397,-0.40101910606298,1.223447633359595,707.9337166909968,-13669.64416307475,-248.6084239965388,0.0,1243.042119982694,-68348.22081537374,0.0,-13663.00174170474,-248.6084239965388,426.0926557178994,1242.438094783275,-68348.22081537374,-38.74651832586533,dt_005
0.4600000000000003,1,T,0.0,0.0,0.03638774604040417,0.0,0.03160599555209903,0.0,0.0,0.0,0.01167292524261895,0.0,0.08582188301860219,0.0,32.06159481966773,0.0,1.025354937225323,0.0,0.08582188301860219,0.0,0.0,10.0,0.0,-32.49070423476073,10.0,-1.025354937225323,33.99479168447277,0.9557553561830168,-0.2941627085941971,0.0,0.0,-1.0,0.0,72.89266348661016,72.89266348661016,-0.4010406736476101,1.223410265085659,707.8330902733032,-13667.3947384895,-248.6096814020654,0.0,1243.048407010327,-68336.97369244749,0.0,-13660.5688602298,-248.6096814020654,431.899702026204,1242.42759395418,-68336.97369244749,-39.28124173365626,dt_005
0.4650000000000003,1,T,0.0,0.0,0.03643520073184853,0.0,0.03203403754462395,0.0,0.0,0.0,0.007303200273423923,0.0,0.08539240777624765,0.0,32.06129294354313,0.0,1.034711068703954,0.0,0.08539240777624765,0.0,0.0,10.0,0.0,-32.48825498242437,10.0,-1.034711068703954,33.99245080606901,0.9557491211143831,-0.2941829660076937,0.0,0.0,-1.0,0.0,72.89144908788815,72.89144908788815,-0.4010615712236231,1.223374057677252,707.7356109793508,-13665.21569195321,-248.6109101346784,0.0,1243.054550673392,-68326.07845976602,0.0,-13658.2048089967,-248.6109101346784,437.6771676746311,1242.41680662604,-68326.07845976602,-39.81324607442239,dt_005
0.4700000000000003,1,T,0.0,0.0,0.03646052289969257,0.0,0.03245993065068322,0.0,0.0,0.0,0.002821089737706286,0.0,0.08496227267822908,0.0,32.06099482297725,0.0,1.043885908625003,0.0,0.08496227267822908,0.0,0.0,10.0,0.0,-32.48580618636839,10.0,-1.043885908625003,33.99011037902482,0.9557428859194076,-0.294203222304655,0.0,0.0,-1.0,0.0,72.89023474817853,72.89023474817853,-0.4010824677841409,1.223337852028305,707.6381571917032,-13663.03724172485,-248.6121490274255,0.0,1243.060745137127,-68315.18620862423,0.0,-13655.8398639474,-248.6121490274255,443.4233631477051,1242.405928962306,-68315.18620862423,-40.34258023701416,dt_005
0.4750000000000003,1,T,0.0,0.0,0.03646329871542289,0.0,0.03288364539593275,0.0,0.0,0.0,-0.001712976604935278,0.0,0.08452074157002966,0.0,32.06069870487711,0.0,1.052938915622597,0.0,0.08452074157002966,0.0,0.0,10.0,0.0,-32.48330241272726,10.0,-1.052938915622597,33.98771742316175,0.9557365094070934,-0.2942239361206781,0.0,0.0,-1.0,0.0,72.88899297257937,72.88899297257937,-0.4011038364660277,1.223300828375815,707.5385230774743,-13660.81008021398,-248.613426474668,0.0,1243.06713237334,-68304.05040106992,0.0,-13653.42479562416,-248.613426474668,449.1362798877668,1242.395107472698,-68304.05040106992,-40.86921230927256,dt_005
0.4800000000000003,1,T,0.0,0.0,0.03644335511704525,0.0,0.03330510968743116,0.0,0.0,0.0,-0.006264703041903259,0.0,0.08406182069596374,0.0,32.06040364895485,0.0,1.061902059155453,0.0,0.08406182069596374,0.0,0.0,10.0,0.0,-32.48071275243467,10.0,-1.061902059155453,33.98524239881441,0.955729912744944,-0.2942453634036418,0.0,0.0,-1.0,0.0,72.88770841652757,72.88770841652757,-0.4011259413210879,1.223262529220235,707.4354793050306,-13658.50672999091,-248.6147591664096,0.0,1243.073795832048,-68292.53364995455,0.0,-13650.93221521401,-248.6147591664096,454.8139716844097,1242.384431978338,-68292.53364995455,-41.39305572385693,dt_005
0.4850000000000003,1,T,0.0,0.0,0.03640062693315564,0.0,0.03372423431866408,0.0,0.0,0.0,-0.01082629642144411,0.0,0.08358490878345737,0.0,32.06010957079165,0.0,1.070780270728221,0.0,0.08358490878345737,0.0,0.0,10.0,0.0,-32.47803411470893,10.0,-1.070780270728221,33.98268235375479,0.9557230879133468,-0.2942675300290145,0.0,0.0,-1.0,0.0,72.88637952789739,72.88637952789739,-0.4011488090585605,1.223222908284798,707.3289037231708,-13656.12446355722,-248.6161498700428,0.0,1243.080749350214,-68280.62231778608,0.0,-13648.35948062511,-248.6161498700428,460.4550486165393,1242.373923571957,-68280.62231778608,-41.91400044747686,dt_005
0.4900000000000003,1,T,0.0,0.0,0.03633507481891447,0.0,0.03414092978853276,0.0,0.0,0.0,-0.0153938905576003,0.0,0.08309021082196219,0.0,32.05981650975423,0.0,1.079574547406926,0.0,0.08309021082196219,0.0,0.0,10.0,0.0,-32.47526756386404,10.0,-1.079574547406926,33.98003830699076,0.9557160374708245,-0.2942904275049827,0.0,0.0,-1.0,0.0,72.88500681482796,72.88500681482796,-0.4011724309343024,1.223181980719716,707.218839548543,-13653.66425002593,-248.6175992636329,0.0,1243.087996318164,-68268.32125012967,0.0,-13645.70764632631,-248.6175992636329,466.0582403819758,1242.3635930833,-68268.32125012967,-42.43193574962115,dt_005
0.4950000000000003,1,T,0.0,0.0,0.03624667845866186,0.0,0.03455510764885249,0.0,0.0,0.0,-0.01996362146262992,0.0,0.08257791758174034,0.0,32.05952450018776,0.0,1.088285917714239,0.0,0.08257791758174034,0.0,0.0,10.0,0.0,-32.47241408809646,10.0,-1.088285917714239,33.97731120481438,0.9557087637792632,-0.2943140479751399,0.0,0.0,-1.0,0.0,72.8835907473487,72.8835907473487,-0.4011967988599687,1.22313976053896,707.1053269841432,-13651.12699119928,-248.6191080857071,0.0,1243.095540428536,-68255.63495599639,0.0,-13642.9777007487,-248.6191080857071,471.6222924365653,1242.353451762647,-68255.63495599639,-42.94675222584475,dt_005
0.5000000000000003,1,T,0.0,0.0,0.03613543698675261,0.0,0.03496668030856308,0.0,0.0,0.0,-0.02453157338733165,0.0,0.08204818156114171,0.0,32.05923356972433,0.0,1.096915489272602,0.0,0.08204818156114171,0.0,0.0,10.0,0.0,-32.46947447753004,10.0,-1.096915489272602,33.97450180424982,0.9557012686928784,-0.2943383852283337,0.0,0.0,-1.0,0.0,72.88213169683712,72.88213169683712,-0.4012219064448335,1.223096258815183,706.9883983687718,-13648.5134131513,-248.6206772009861,0.0,1243.103386004931,-68242.56706575648,0.0,-13640.17045796622,-248.6206772009861,477.1459594258774,1242.34351161232,-68242.56706575648,-43.45834156629439,dt_005
0.5050000000000003,1,T,0.0,0.0,0.0360013691954344,0.0,0.03537556085051052,0.0,0.0,0.0,-0.02909379744715068,0.0,0.08150112023930252,0.0,32.05894374002825,0.0,1.105464424306005,0.0,0.08150112023930252,0.0,0.0,10.0,0.0,-32.46644934122476,10.0,-1.105464424306005,33.97161068931401,0.9556935536011336,-0.2943634345587731,0.0,0.0,-1.0,0.0,72.88062994440273,72.88062994440273,-0.4012477488515171,1.223051483929692,706.8680788561171,-13645.82408141573,-248.6223075948704,0.0,1243.111537974352,-68229.12040707865,0.0,-13637.28657291343,-248.6223075948704,482.6280028972744,1242.333785362165,-68229.12040707865,-43.96659632804501,dt_005
0.5100000000000003,1,T,0.0,0.0,0.03584451364424561,0.0,0.03578166288033235,0.0,0.0,0.0,-0.03364633991869925,0.0,0.08093682541927734,0.0,32.05865502791364,0.0,1.113933906508906,0.0,0.08093682541927734,0.0,0.0,10.0,0.0,-32.46333915501003,10.0,-1.113933906508906,33.96863831673573,0.9556856195503112,-0.2943891923708105,0.0,0.0,-1.0,0.0,72.87908570457854,72.87908570457854,-0.4012743223882997,1.223005442278808,706.7443883195895,-13643.0594435704,-248.624000350976,0.0,1243.12000175488,-68215.29721785201,0.0,-13634.32658397098,-248.624000350976,488.0671904746685,1242.32428635941,-68215.29721785201,-44.47140974419066,dt_005
0.5150000000000003,1,T,0.0,0.0,0.03566492873933234,0.0,0.03618490039760461,0.0,0.0,0.0,-0.03818521156220733,0.0,0.08035536365971852,0.0,32.05836744438618,0.0,1.122325167567323,0.0,0.08035536365971852,0.0,0.0,10.0,0.0,-32.46014426268477,10.0,-1.122325167567323,33.96558501710675,0.9556774672462208,-0.2944156561697231,0.0,0.0,-1.0,0.0,72.8774991258715,72.8774991258715,-0.4013016244996493,1.222958138290279,706.617341402013,-13640.21983035491,-248.6257566532565,0.0,1243.128783266283,-68201.09915177453,0.0,-13631.29091410127,-248.6257566532565,493.4622939470663,1242.315028580777,-68201.09915177453,-44.97267556473422,dt_005
0.5200000000000004,1,T,0.0,0.0,0.0354626928000111,0.0,0.03658518768879393,0.0,0.0,0.0,-0.04270643182446829,0.0,0.07975678165081507,0.0,32.05808099633716,0.0,1.130639439546435,0.0,0.07975678165081507,0.0,0.0,10.0,0.0,-32.45686490459124,10.0,-1.130639439546435,33.96245102219341,0.9556690971267556,-0.2944428243257622,0.0,0.0,-1.0,0.0,72.8758703049061,72.8758703049061,-0.4013296535228349,1.222909574844973,706.486948653868,-13637.30548111837,-248.6275777731036,0.0,1243.137888865518,-68186.52740559184,0.0,-13628.17989629043,-248.6275777731036,498.8120885528271,1242.306026568866,-68186.52740559184,-45.47028792181231,dt_005
0.5250000000000004,1,T,0.0,0.0,0.03523790400681137,0.0,0.0369824392391909,0.0,0.0,0.0,-0.04720604611642134,0.0,0.07914111386860949,0.0,32.05779568733747,0.0,1.138877934798022,0.0,0.07914111386860949,0.0,0.0,10.0,0.0,-32.45350125668052,10.0,-1.138877934798022,33.95923650227378,0.955660509461323,-0.294470695751079,0.0,0.0,-1.0,0.0,72.87419930579213,72.87419930579213,-0.4013584083546449,1.222859753854329,706.3532180881355,-13634.31657857662,-248.6294650498144,0.0,1243.147325249072,-68171.58289288312,0.0,-13624.99380828432,-248.6294650498144,504.115352933397,1242.297295334775,-68171.58289288312,-45.96414121708539,dt_005
0.5300000000000004,1,T,0.0,0.0,0.03499068021983763,0.0,0.03737656968684556,0.0,0.0,0.0,-0.05168013282287567,0.0,0.07850838733792218,0.0,32.05751151804922,0.0,1.147041837477121,0.0,0.07850838733792218,0.0,0.0,10.0,0.0,-32.45005345473883,10.0,-1.147041837477121,33.95594158929196,0.9556517044125198,-0.2944992696993421,0.0,0.0,-1.0,0.0,72.87248617213716,72.87248617213716,-0.401387888244673,1.222808676618511,706.2161561444372,-13631.25327036427,-248.6314198783428,0.0,1243.157099391714,-68156.26635182134,0.0,-13621.73289410614,-248.6314198783428,509.3708692528732,1242.288850295359,-68156.26635182134,-46.45413006240153,dt_005
0.5350000000000004,1,T,0.0,0.0,0.03472115869641902,0.0,0.03776749380777959,0.0,0.0,0.0,-0.05612485135924105,0.0,0.07785862936817302,0.0,32.05722848817327,0.0,1.155132255044674,0.0,0.07785862936817302,0.0,0.0,10.0,0.0,-32.44652163501414,10.0,-1.155132255044674,33.95256641568411,0.9556426821398024,-0.2945285454292074,0.0,0.0,-1.0,0.0,72.87073094722244,72.87073094722244,-0.401418092448128,1.222756344427953,706.0757693045074,-13628.11570514169,-248.6334436868744,0.0,1243.167218434372,-68140.57852570844,0.0,-13618.39740010117,-248.6334436868744,514.5774243464865,1242.280707158235,-68140.57852570844,-46.9401492572149,dt_005
0.5400000000000004,1,T,0.0,0.0,0.03442949567821525,0.0,0.0381551265297668,0.0,0.0,0.0,-0.06053645668924339,0.0,0.07719187457196108,0.0,32.05694659719946,0.0,1.163150204205265,0.0,0.07719187457196108,0.0,0.0,10.0,0.0,-32.44290597005927,10.0,-1.163150204205265,33.94911114863109,0.9556334428911092,-0.2945585219070816,0.0,0.0,-1.0,0.0,72.8689336918241,72.8689336918241,-0.4014490199191644,1.222702759094701,705.932065516541,-13624.90406442703,-248.6355379157235,0.0,1243.177689578618,-68124.52032213514,0.0,-13614.98760669124,-248.6355379157235,519.7338111803165,1242.27288181201,-68124.52032213514,-47.42209380145143,dt_005
0.5450000000000004,1,T,0.0,0.0,0.03411586578165056,0.0,0.03853938299272597,0.0,0.0,0.0,-0.06491133580038132,0.0,0.07650817222020914,0.0,32.05666584598145,0.0,1.171096576399326,0.0,0.07650817222020914,0.0,0.0,10.0,0.0,-32.4392067070825,10.0,-1.171096576399326,33.94557602670525,0.955623987101068,-0.2945891974887367,0.0,0.0,-1.0,0.0,72.86709450330326,72.86709450330326,-0.4014806689823754,1.222647923521587,705.785055718206,-13621.61859662971,-248.6377039934003,0.0,1243.188519967002,-68108.09298314854,0.0,-13611.50386230026,-248.6377039934003,524.8388311027575,1242.26539020003,-68108.09298314854,-47.89985896545986,dt_005
0.5500000000000004,1,T,0.0,0.0,0.03378046146188568,0.0,0.03892017859590961,0.0,0.0,0.0,-0.06924596408482779,0.0,0.0758075779382056,0.0,32.05638623529047,0.0,1.178972182909515,0.0,0.0758075779382056,0.0,0.0,10.0,0.0,-32.43542412498149,10.0,-1.178972182909515,33.94196131880761,0.9556143152814413,-0.2946205702750269,0.0,0.0,-1.0,0.0,72.86521349428038,72.86521349428038,-0.4015130376997696,1.222591841066398,705.634752127552,-13618.25957884881,-248.6399433594687,0.0,1243.199716797343,-68091.29789424407,0.0,-13607.94654510076,-248.6399433594687,529.8912931797709,1242.2582484283,-68091.29789424407,-48.37334035236211,dt_005
0.5550000000000004,1,T,0.0,0.0,0.03342349217960768,0.0,0.03929742911263449,0.0,0.0,0.0,-0.07353707327319113,0.0,0.07509018505202339,0.0,32.05610777249661,0.0,1.186777590739145,0.0,0.07509018505202339,0.0,0.0,10.0,0.0,-32.43155869775673,10.0,-1.186777590739145,33.93826748032433,0.9556044284393386,-0.294652636755765,0.0,0.0,-1.0,0.0,72.86329087394611,72.86329087394611,-0.4015461224715594,1.222534517966173,705.4811747341997,-13614.82746193195,-248.642257364769,0.0,1243.211286823845,-68074.13730965977,0.0,-13604.3162078443,-248.642257364769,534.8900215571457,1242.251472257191,-68074.13730965977,-48.84243402045523,dt_005
0.5600000000000004,1,T,0.0,0.0,0.03304518331644341,0.0,0.03967105083042993,0.0,0.0,0.0,-0.0777815532889628,0.0,0.07435610618265744,0.0,32.05583046803701,0.0,1.194513225190405,0.0,0.07435610618265744,0.0,0.0,10.0,0.0,-32.42761099895029,10.0,-1.194513225190405,33.93449506179872,0.9555943278335448,-0.294685392600916,0.0,0.0,-1.0,0.0,72.86132690062813,72.86132690062813,-0.4015799188523987,1.222475961922976,705.3243474982856,-13611.32278551465,-248.6446473225105,0.0,1243.223236612553,-68056.61392757323,0.0,-13600.6134928227,-248.6446473225105,539.8338543657218,1242.245077345293,-68056.61392757323,-49.30703666595961,dt_005
0.5650000000000004,1,T,0.0,0.0,0.03264577528225419,0.0,0.04004096068344842,0.0,0.0,0.0,-0.08197650840863224,0.0,0.0736054875916144,0.0,32.05555433783585,0.0,1.202179318004008,0.0,0.0736054875916144,0.0,0.0,10.0,0.0,-32.42358177579392,10.0,-1.202179318004008,33.93064477977976,0.9555840151648416,-0.294718832044102,0.0,0.0,-1.0,0.0,72.85932191875854,72.85932191875854,-0.4016144209152426,1.22241618320608,705.1643012926023,-13607.74624375701,-248.6471144584623,0.0,1243.235572292311,-68038.73121878505,0.0,-13596.83919741276,-248.6471144584623,544.7216483515841,1242.239078989092,-68038.73121878505,-49.76704577652512,dt_005
0.5700000000000004,1,T,0.0,0.0,0.03222552231282515,0.0,0.04040707642073536,0.0,0.0,0.0,-0.08611930473446255,0.0,0.07283850912657283,0.0,32.05527940544204,0.0,1.209775865333598,0.0,0.07283850912657283,0.0,0.0,10.0,0.0,-32.4194719510749,10.0,-1.209775865333598,33.92671751859488,0.9555734925816544,-0.2947529478653249,0.0,0.0,-1.0,0.0,72.85727635991519,72.85727635991519,-0.4016496212334273,1.22235519468302,705.0010739717512,-13604.09868687143,-248.6496599027908,0.0,1243.248299513954,-68020.49343435717,0.0,-13592.99427543457,-248.6496599027908,549.5522815346354,1242.233492068511,-68020.49343435717,-50.22235983713473,dt_005
0.5750000000000004,1,T,0.0,0.0,0.03178469120123808,0.0,0.0407693167806676,0.0,0.0,0.0,-0.09020754507891934,0.0,0.07205538594947843,0.0,32.05500570128746,0.0,1.2173026584501,0.0,0.07205538594947843,0.0,0.0,10.0,0.0,-32.41528263103486,10.0,-1.2173026584501,33.92271433788679,0.9555627627012044,-0.2947877313234761,0.0,0.0,-1.0,0.0,72.85519074687406,72.85519074687406,-0.4016855108109365,1.222293011940408,704.8347106805453,-13600.38112799536,-248.6522846776396,0.0,1243.261423388198,-68001.9056399768,0.0,-13589.07984384183,-248.6522846776396,554.3246561575181,1242.228330970375,-68001.9056399768,-50.67287854271699,dt_005
0.5800000000000004,1,T,0.0,0.0,0.03132356001166439,0.0,0.04112760168996776,0.0,0.0,0.0,-0.09423912667670564,0.0,0.07125637943052429,0.0,32.05473326524679,0.0,1.22475923247397,0.0,0.07125637943052429,0.0,0.0,10.0,0.0,-32.41101516239941,10.0,-1.22475923247397,33.91863652709649,0.9555518287566576,-0.2948231716805989,0.0,0.0,-1.0,0.0,72.85306572214094,72.85306572214094,-0.4017220785914231,1.222229654134613,704.6652661125867,-13596.5947936396,-248.6549896527549,0.0,1243.274948263774,-67982.97396819797,0.0,-13585.09723293149,-248.6549896527549,559.0377037592582,1242.223609350504,-67982.97396819797,-51.11850303459255,dt_005
0.5850000000000004,1,T,0.0,0.0,0.0308424167111325,0.0,0.04148185246920026,0.0,0.0,0.0,-0.09821218649154756,0.0,0.07044178465168557,0.0,32.05446214463046,0.0,1.232144927628641,0.0,0.07044178465168557,0.0,0.0,10.0,0.0,-32.40667106788889,10.0,-1.232144927628641,33.91448554382546,0.9555406944331168,-0.2948592567349328,0.0,0.0,-1.0,0.0,72.85090201599745,72.85090201599745,-0.4017593120080792,1.222165143039047,704.4928019426873,-13592.74106628949,-248.657775576492,0.0,1243.28887788246,-67963.70533144743,0.0,-13581.04792878573,-248.657775576492,563.6903859544341,1242.219340271534,-67963.70533144743,-51.55913616014535,dt_005
0.5900000000000004,1,T,0.0,0.0,0.03034155766961612,0.0,0.04183199204062755,0.0,0.0,0.0,-0.1021252247379924,0.0,0.0696119474829951,0.0,32.05419239948871,0.0,1.239458772505451,0.0,0.0696119474829951,0.0,0.0,10.0,0.0,-32.40225213690369,10.0,-1.239458772505451,33.91026310047564,0.9555293641012536,-0.2948959720651573,0.0,0.0,-1.0,0.0,72.8487004918245,72.8487004918245,-0.4017971962037018,1.222099504395492,704.3173904203815,-13588.82156467817,-248.6606430080776,0.0,1243.303215040388,-67944.10782339086,0.0,-13576.93365326391,-248.6606430080776,568.2817008601418,1242.215535846786,-67944.10782339086,-51.99468271513561,dt_005
0.5950000000000004,1,T,0.0,0.0,0.02982128607728476,0.0,0.04217794514338895,0.0,0.0,0.0,-0.1059770119722066,0.0,0.068767248979504,0.0,32.05392409901542,0.0,1.246699583812262,0.0,0.068767248979504,0.0,0.0,10.0,0.0,-32.39776034391294,10.0,-1.246699583812262,33.90597108624995,0.9555178426094794,-0.294933301705532,0.0,0.0,-1.0,0.0,72.84646210562826,72.84646210562826,-0.4018357147271772,1.222032766707358,704.1391111222407,-13584.83807118942,-248.663592359182,0.0,1243.31796179591,-67924.19035594708,0.0,-13572.75629124411,-248.663592359182,572.8106833245484,1242.212207429333,-67924.19035594708,-52.4250497174785,dt_005
0.6000000000000004,1,T,0.0,0.0,0.02928191060287162,0.0,0.04251963851918262,0.0,0.0,0.0,-0.1097665885850879,0.0,0.06790810878000363,0.0,32.05365732169659,0.0,1.25386597284923,0.0,0.06790810878000363,0.0,0.0,10.0,0.0,-32.39319786559661,10.0,-1.25386597284923,33.90161158351757,0.955506135329144,-0.2949712280009084,0.0,0.0,-1.0,0.0,72.84418791474165,72.84418791474165,-0.4018748493837438,1.221964961499123,703.9580516253119,-13580.7925468803,-248.6666238728307,0.0,1243.333119364154,-67903.96273440149,0.0,-13568.51790542401,-248.6666238728307,577.2764083065987,1242.209365489095,-67903.96273440149,-52.85014663154213,dt_005
0.6050000000000004,1,T,0.0,0.0,0.02872374402021896,0.0,0.04285700111546997,0.0,0.0,0.0,-0.1134932694640563,0.0,0.06703498935266897,0.0,32.05339215563406,0.0,1.260956347381826,0.0,0.06703498935266897,0.0,0.0,10.0,0.0,-32.38856710239741,10.0,-1.260956347381826,33.8971868883909,0.9554942482111942,-0.2950097314247867,0.0,0.0,-1.0,0.0,72.84187908874274,72.84187908874274,-0.401914580047107,1.221896123641862,703.7743083547313,-13576.68715039266,-248.6697375982699,0.0,1243.34868799135,-67883.43575196329,0.0,-13564.2207549919,-248.6697375982699,581.6779946707396,1242.207019468402,-67883.43575196329,-53.26988561317674,dt_005
0.6100000000000004,1,T,0.0,0.0,0.02814710192458206,0.0,0.04318996426440952,0.0,0.0,0.0,-0.1171566091174816,0.0,0.06614838234910593,0.0,32.05312869717834,0.0,1.267968952236283,0.0,0.06614838234910593,0.0,0.0,10.0,0.0,-32.38387060892386,10.0,-1.267968952236283,33.89269944420955,0.9554821876088871,-0.2950487911551838,0.0,0.0,-1.0,0.0,72.83953687493161,72.83953687493161,-0.4019548852535187,1.221826290323942,703.5879838145077,-13572.5241760527,-248.6729334269151,0.0,1243.364667134575,-67862.62088026351,0.0,-13559.86723357022,-248.6729334269151,586.0146051794956,1242.205177943579,-67862.62088026351,-53.68418173758675,dt_005
0.6150000000000004,1,T,0.0,0.0,0.02755230146624831,0.0,0.04351846183646172,0.0,0.0,0.0,-0.120756433249856,0.0,0.0652488111160326,0.0,32.05286705239213,0.0,1.274901842691817,0.0,0.0652488111160326,0.0,0.0,10.0,0.0,-32.37911110797229,10.0,-1.274901842691817,33.88815185492438,0.9554699603149706,-0.2950883849556072,0.0,0.0,-1.0,0.0,72.83716260547511,72.83716260547511,-0.4019957420788291,1.221755501264038,703.3991871372291,-13568.30606612935,-248.6762110734807,0.0,1243.381055367403,-67841.53033064674,0.0,-13555.45988126543,-248.6762110734807,590.2854492243125,1242.203848513748,-67841.53033064674,-54.09295318423802,dt_005
0.6200000000000004,1,T,0.0,0.0,0.026939660153013,0.0,0.04384243038568419,0.0,0.0,0.0,-0.1242927688382038,0.0,0.06433682574933981,0.0,32.05260733411725,0.0,1.281752959009895,0.0,0.06433682574933981,0.0,0.0,10.0,0.0,-32.37429146286395,10.0,-1.281752959009895,33.883546858652,0.955457573491818,-0.2951284894027129,0.0,0.0,-1.0,0.0,72.83475768376262,72.83475768376262,-0.4020371263732797,1.221683798304332,703.2080329800102,-13564.03538614338,-248.6795700855296,0.0,1243.397850427648,-67820.1769307169,0.0,-13551.00135980629,-248.6795700855296,594.4897838298352,1242.203037831795,-67820.1769307169,-54.49612141754999,dt_005
0.6250000000000004,1,T,0.0,0.0,0.0263094949188125,0.0,0.044161809272167,0.0,0.0,0.0,-0.1277658216268016,0.0,0.06341299855858312,0.0,32.05234966100804,0.0,1.288520152852228,0.0,0.06341299855858312,0.0,0.0,10.0,0.0,-32.36941465380095,10.0,-1.288520152852228,33.87888730507104,0.9554450346117432,-0.2951690800808321,0.0,0.0,-1.0,0.0,72.83232357274765,72.83232357274765,-0.4020790129621217,1.221611225062917,703.0146405806935,-13559.71480375993,-248.6830098514075,0.0,1243.415049257038,-67798.57401879967,0.0,-13546.49443127683,-248.6830098514075,598.6269144402166,1242.20275162835,-67798.57401879967,-54.89361133899912,dt_005
0.6300000000000004,1,T,0.0,0.0,0.02566212102221261,0.0,0.0444765407816243,0.0,0.0,0.0,-0.1311760478137645,0.0,0.0624779266833151,0.0,32.05209416069723,0.0,1.295201119506504,0.0,0.0624779266833151,0.0,0.0,10.0,0.0,-32.3644837941138,10.0,-1.295201119506504,33.87417617093374,0.9554323514998028,-0.2952101314446329,0.0,0.0,-1.0,0.0,72.8298618031901,72.8298618031901,-0.4021213755037836,1.221537827179537,702.8191343964163,-13555.34710303425,-248.6865295807055,0.0,1243.432647903528,-67776.73551517123,0.0,-13541.94197217081,-248.6865295807055,602.6961971818729,1242.202994598576,-67776.73551517123,-55.28535142973163,dt_005
0.6350000000000005,1,T,0.0,0.0,0.02499785185139896,0.0,0.04478657017391503,0.0,0.0,0.0,-0.1345237425046279,0.0,0.06153220332025478,0.0,32.05184095153763,0.0,1.301793810588066,0.0,0.06153220332025478,0.0,0.0,10.0,0.0,-32.3595019681389,10.0,-1.301793810588066,33.86941640515799,0.9554195319176167,-0.2952516181671526,0.0,0.0,-1.0,0.0,72.82737389282252,72.82737389282252,-0.4021641878808699,1.221463649905528,702.621637670916,-13550.93504068576,-248.6901284134634,0.0,1243.450642067317,-67754.67520342878,0.0,-13537.34682967493,-248.6901284134634,606.6970331023084,1242.203770935899,-67754.67520342878,-55.6712738336044,dt_005
0.6400000000000005,1,T,0.0,0.0,0.02431699894563672,0.0,0.0450918457109771,0.0,0.0,0.0,-0.1378093521664214,0.0,0.06057643552953346,0.0,32.05159015623575,0.0,1.308296122782786,0.0,0.06057643552953346,0.0,0.0,10.0,0.0,-32.35447233388342,10.0,-1.308296122782786,33.86461102691167,0.9554065838279326,-0.2952935142840754,0.0,0.0,-1.0,0.0,72.82486139766924,72.82486139766924,-0.4022074233170543,1.221388739633896,702.4222765024671,-13546.48143696815,-248.6938053431144,0.0,1243.469026715572,-67732.40718484075,0.0,-13532.711912336,-248.6938053431144,610.628872427439,1242.205083936605,-67732.40718484075,-56.05131437375771,dt_005
0.6450000000000005,1,T,0.0,0.0,0.02361987173970888,0.0,0.04539231868135464,0.0,0.0,0.0,-0.1410332628273673,0.0,0.05961122653193594,0.0,32.0513418922769,0.0,1.314706110220791,0.0,0.05961122653193594,0.0,0.0,10.0,0.0,-32.34939802493658,10.0,-1.314706110220791,33.85976303189039,0.9553935151426994,-0.2953357940095926,0.0,0.0,-1.0,0.0,72.82232586312325,72.82232586312325,-0.4022510552189559,1.221313142440673,702.2211759526598,-13541.98908873037,-248.69755928361,0.0,1243.48779641805,-67709.94544365186,0.0,-13528.0401030993,-248.69755928361,614.4912108643592,1242.206936324972,-67709.94544365186,-56.42541259702201,dt_005
0.6500000000000005,1,T,0.0,0.0,0.02290677844223035,0.0,0.04568794332858224,0.0,0.0,0.0,-0.1441955723957663,0.0,0.05863715431102293,0.0,32.05109626136763,0.0,1.321022209615496,0.0,0.05863715431102293,0.0,0.0,10.0,0.0,-32.34428203292274,10.0,-1.321022209615496,33.8548752800132,0.9553803334203314,-0.2953784327158243,0.0,0.0,-1.0,0.0,72.81976876520986,72.81976876520986,-0.4022950581868849,1.22123690233369,702.0184553879649,-13537.46066535293,-248.701389156525,0.0,1243.506945782625,-67687.30332676464,0.0,-13523.33415530937,-248.701389156525,618.2835836578541,1242.209330683821,-67687.30332676464,-56.79351170412952,dt_005
0.6550000000000005,1,T,0.0,0.0,0.02217802815593422,0.0,0.04597867665945383,0.0,0.0,0.0,-0.1472958323617258,0.0,0.05765474674883164,0.0,32.05085333724376,0.0,1.327243492119653,0.0,0.05765474674883164,0.0,0.0,10.0,0.0,-32.33912707098791,10.0,-1.327243492119653,33.84995036500797,0.9553670455132528,-0.2954214080720601,0.0,0.0,-1.0,0.0,72.81719144226061,72.81719144226061,-0.4023394091906086,1.221160059215421,701.8142230745208,-13532.89858801962,-248.7052939990519,0.0,1243.52646999526,-67664.4929400981,0.0,-13518.59657215167,-248.7052939990519,622.0055570752215,1242.212269996611,-67664.4929400981,-57.1555583363294,dt_005
0.6600000000000005,1,T,0.0,0.0,0.02143393188467823,0.0,0.04626447830778528,0.0,0.0,0.0,-0.1503337506679638,0.0,0.05666452739161479,0.0,32.05061319744577,0.0,1.333368956799863,0.0,0.05666452739161479,0.0,0.0,10.0,0.0,-32.33393583440385,10.0,-1.333368956799863,33.8449908633958,0.9553536582387973,-0.2954646978739548,0.0,0.0,-1.0,0.0,72.81459522509581,72.81459522509581,-0.4023840853291486,1.221082652764397,701.608586507799,-13528.30526047591,-248.7092727735449,0.0,1243.546363867724,-67641.52630237953,0.0,-13513.82983718683,-248.7092727735449,625.6567367006642,1242.215756696317,-67641.52630237953,-57.5115023628678,dt_005
0.6650000000000005,1,T,0.0,0.0,0.02067480133373823,0.0,0.04654531054722444,0.0,0.0,0.0,-0.1533093403740821,0.0,0.05566702948234713,0.0,32.05037593033995,0.0,1.33939738255082,0.0,0.05566702948234713,0.0,0.0,10.0,0.0,-32.32871107775168,10.0,-1.33939738255082,33.83999940822613,0.9553401785785178,-0.2955082793993522,0.0,0.0,-1.0,0.0,72.8119814756594,72.8119814756594,-0.4024290631659467,1.221004723587099,701.4016554686061,-13523.68313728606,-248.7133243063581,0.0,1243.566621531791,-67618.41568643028,0.0,-13509.03648245327,-248.7133243063581,629.2367705895094,1242.219792352028,-67618.41568643028,-57.86129688207136,dt_005
0.6700000000000005,1,T,0.0,0.0,0.0199009465091601,0.0,0.04682113842556984,0.0,0.0,0.0,-0.156223287705205,0.0,0.05466283199040699,0.0,32.05014165248156,0.0,1.345326964771182,0.0,0.05466283199040699,0.0,0.0,10.0,0.0,-32.32345581243359,10.0,-1.345326964771182,33.83497887775825,0.9553266141886592,-0.2955521277589328,0.0,0.0,-1.0,0.0,72.8093516859424,72.8093516859424,-0.4024743170265715,1.220926316167376,701.1935498407377,-13519.03489843478,-248.7174471277033,0.0,1243.587235638516,-67595.17449217389,0.0,-13504.21926271822,-248.7174471277033,632.7453591513821,1242.224376854335,-67595.17449217389,-58.20489834975358,dt_005
0.6750000000000005,1,T,0.0,0.0,0.0191126722269349,0.0,0.04709193002903665,0.0,0.0,0.0,-0.1590769383589032,0.0,0.053652567475055,0.0,32.04991050840518,0.0,1.351155337549993,0.0,0.053652567475055,0.0,0.0,10.0,0.0,-32.31817334578045,10.0,-1.351155337549993,33.82993243280149,0.9553129735028604,-0.2955962155663073,0.0,0.0,-1.0,0.0,72.80670749778011,72.80670749778011,-0.4025198186580478,1.220847479456696,700.9844011498475,-13514.36348366439,-248.7216394271533,0.0,1243.608197135766,-67571.81741832197,0.0,-13499.38118952423,-248.7216394271533,636.1822604575169,1242.229508170717,-67571.81741832197,-58.54226689504487,dt_005
0.6800000000000005,1,T,0.0,0.0,0.01831027595857545,0.0,0.04735765664123803,0.0,0.0,0.0,-0.1618719464667333,0.0,0.05263688516224489,0.0,32.04968265450971,0.0,1.356879929442914,0.0,0.05263688516224489,0.0,0.0,10.0,0.0,-32.31286708032093,10.0,-1.356879929442914,33.82486332493434,0.9552992652153948,-0.2956405146101033,0.0,0.0,-1.0,0.0,72.80405060257753,72.80405060257753,-0.4025655389543952,1.220768263884454,700.7743446071742,-13509.67191473724,-248.7258992006571,0.0,1243.629496003286,-67548.35957368618,0.0,-13494.52535346172,-248.7258992006571,639.5472841149043,1242.235183063332,-67548.35957368618,-58.87336655055686,dt_005
0.6850000000000005,1,T,0.0,0.0,0.01749404562107311,0.0,0.04761829285140683,0.0,0.0,0.0,-0.1646104166269168,0.0,0.05161645490111651,0.0,32.04945826588279,0.0,1.362497825081481,0.0,0.05161645490111651,0.0,0.0,10.0,0.0,-32.30754054038837,10.0,-1.362497825081481,33.81977492191275,0.9552854983507132,-0.2956849956301965,0.0,0.0,-1.0,0.0,72.80138275473543,72.80138275473543,-0.4026114477255927,1.220688721758268,700.5635201584136,-13504.96331884626,-248.7302242229677,0.0,1243.651121114839,-67524.81659423132,0.0,-13489.65494740862,-248.7302242229677,642.8402937257231,1242.241396937779,-67524.81659423132,-59.19816537925159,dt_005
0.6900000000000005,1,T,0.0,0.0,0.01666425836369759,0.0,0.04787381658599043,0.0,0.0,0.0,-0.1672945716791116,0.0,0.05059194301580786,0.0,32.04923752072835,0.0,1.368006098050446,0.0,0.05059194301580786,0.0,0.0,10.0,0.0,-32.30219723580739,10.0,-1.368006098050446,33.8146705774432,0.9552716819117932,-0.2957296294546993,0.0,0.0,-1.0,0.0,72.79870570346107,72.79870570346107,-0.4026575148709894,1.220608905230911,700.3520670848641,-13500.24080802323,-248.7346121532984,0.0,1243.673060766492,-67501.20404011612,0.0,-13484.77314598216,-248.7346121532984,646.0612014461127,1242.248144361884,-67501.20404011612,-59.51663553789712,dt_005
0.6950000000000005,1,T,0.0,0.0,0.0158211800165084,0.0,0.04812420908465391,0.0,0.0,0.0,-0.1699267161676069,0.0,0.04956400827673384,0.0,32.04902059856498,0.0,1.373401846612142,0.0,0.04956400827673384,0.0,0.0,10.0,0.0,-32.29684063994865,10.0,-1.373401846612142,33.8095536102185,0.9552578248234352,-0.2957743871832023,0.0,0.0,-1.0,0.0,72.79602118177816,72.79602118177816,-0.4027037105684241,1.220528865972643,700.1401231348713,-13495.50745974025,-248.7390605532071,0.0,1243.695302766035,-67477.53729870124,0.0,-13479.88308611536,-248.7390605532071,649.2099664714042,1242.255419149661,-67477.53729870124,-59.82875325126317,dt_005
0.7000000000000005,1,T,0.0,0.0,0.01496506459274079,0.0,0.04836945484474903,0.0,0.0,0.0,-0.1725092678982653,0.0,0.04853329408937132,0.0,32.04880768170244,0.0,1.37868216040316,0.0,0.04853329408937132,0.0,0.0,10.0,0.0,-32.2914741521493,10.0,-1.37868216040316,33.80442726802107,0.9552439358349072,-0.2958192405010803,0.0,0.0,-1.0,0.0,72.79333088767424,72.79333088767424,-0.4027500055986433,1.220448654609118,699.9278230378424,-13490.76628372665,-248.7435669191463,0.0,1243.717834595731,-67453.83141863326,0.0,-13474.98783389095,-248.7435669191463,652.2865924014579,1242.263214520769,-67453.83141863326,-60.13449875089449,dt_005
0.7050000000000005,1,T,0.0,0.0,0.01409615399005511,0.0,0.04860954151284488,0.0,0.0,0.0,-0.1750446586330063,0.0,0.04750041717550402,0.0,32.04859895047851,0.0,1.383844216144311,0.0,0.04750041717550402,0.0,0.0,10.0,0.0,-32.28610103635604,10.0,-1.383844216144311,33.79929466911685,0.9552300233607108,-0.2958641621932193,0.0,0.0,-1.0,0.0,72.79063645328505,72.79063645328505,-0.4027963718755832,1.220368319802611,699.7152960794967,-13486.02016782752,-248.7481287375618,0.0,1243.740643687809,-67430.10083913758,0.0,-13470.09033048372,-248.7481287375618,655.2911228296598,1242.271523376164,-67430.10083913758,-60.43385615389895,dt_005
0.7100000000000005,1,T,0.0,0.0,0.01321467811396275,0.0,0.04884445973770075,0.0,0.0,0.0,-0.1775352517884834,0.0,0.04646596152955935,0.0,32.04839457923911,0.0,1.38888535512393,0.0,0.04646596152955935,0.0,0.0,10.0,0.0,-32.2807243868869,10.0,-1.38888535512393,33.7941587695589,0.9552160953911576,-0.2959091264318673,0.0,0.0,-1.0,0.0,72.78793942762408,72.78793942762408,-0.4028427827435604,1.2202879077371,699.5026647520697,-13481.27184787623,-248.752743520316,0.0,1243.76371760158,-67406.35923938114,0.0,-13465.19336212276,-248.752743520316,658.2236375163473,1242.28033847832,-67406.35923938114,-60.72681328946994,dt_005
0.7150000000000005,1,T,0.0,0.0,0.0123208549454902,0.0,0.04907420296705731,0.0,0.0,0.0,-0.1799834545918991,0.0,0.04543046260951848,0.0,32.04819474183072,0.0,1.393802964652186,0.0,0.04543046260951848,0.0,0.0,10.0,0.0,-32.27534705487831,10.0,-1.393802964652186,33.78902229294067,0.955202159300756,-0.2959541093939624,0.0,0.0,-1.0,0.0,72.785241239548,72.785241239548,-0.402889213614571,1.220207461014077,699.2900418516156,-13476.52384289558,-248.757408876409,0.0,1243.787044382045,-67382.61921447789,0.0,-13460.29949546897,-248.757408876409,661.0842460767933,1242.289652816681,-67382.61921447789,-61.01336146478543,dt_005
0.7200000000000005,1,T,0.0,0.0,0.01141489091449831,0.0,0.04929876719570861,0.0,0.0,0.0,-0.1823914773379063,0.0,0.04439440319609794,0.0,32.04799959993774,0.0,1.398594710432102,0.0,0.04439440319609794,0.0,0.0,10.0,0.0,-32.26997161591823,10.0,-1.398594710432102,33.78388769949616,0.9551882217628698,-0.295999089534895,0.0,0.0,-1.0,0.0,72.7825431813266,72.7825431813266,-0.4029356422510205,1.220127018162682,699.0775292064529,-13471.77842673266,-248.7621225517603,0.0,1243.810612758801,-67358.8921336633,0.0,-13455.4110494252,-248.7621225517603,663.8730827392355,1242.299459817209,-67358.8921336633,-61.29349516300126,dt_005
0.7250000000000005,1,T,0.0,0.0,0.01049698177375811,0.0,0.04951815066083844,0.0,0.0,0.0,-0.1847613863678972,0.0,0.04335819856291583,0.0,32.04780930572444,0.0,1.403258473862659,0.0,0.04335819856291583,0.0,0.0,10.0,0.0,-32.26460029853902,10.0,-1.403258473862659,33.77875711781716,0.9551742885625748,-0.2960440481904331,0.0,0.0,-1.0,0.0,72.77984637252666,72.77984637252666,-0.4029820493872169,1.220046612562902,698.8652148599964,-13467.03756518649,-248.7668825057358,0.0,1243.834412528679,-67335.18782593243,0.0,-13450.53003252511,-248.7668825057358,666.5902986723523,1242.309753739336,-67335.18782593243,-61.56721168505633,dt_005
0.7300000000000005,1,T,0.0,0.0,0.009567313445060276,0.0,0.04973235349780154,0.0,0.0,0.0,-0.1870950429557977,0.0,0.04232219194767092,0.0,32.04762399895716,0.0,1.407792402031052,0.0,0.04232219194767092,0.0,0.0,10.0,0.0,-32.25923495869552,10.0,-1.407792402031052,33.77363232050001,0.9551603645283576,-0.2960889697946458,0.0,0.0,-1.0,0.0,72.77715174692722,72.77715174692722,-0.4030284189545347,1.219966272055444,698.653172073698,-13462.30289378631,-248.7716869503438,0.0,1243.858434751719,-67311.51446893156,0.0,-13445.65812095982,-248.7716869503438,669.2360557490678,1242.320529889668,-67311.51446893156,-61.83451073349939,dt_005
0.7350000000000005,1,T,0.0,0.0,0.008626063256258708,0.0,0.04994137735781617,0.0,0.0,0.0,-0.1893940242691449,0.0,0.04128664658515149,0.0,32.04744380323346,0.0,1.412194974383709,0.0,0.04128664658515149,0.0,0.0,10.0,0.0,-32.25387703615922,10.0,-1.412194974383709,33.76851468252163,0.9551464534166682,-0.296133842249684,0.0,0.0,-1.0,0.0,72.77446003032395,72.77446003032395,-0.4030747384633604,1.219886018279971,698.4414576165035,-13457.57567964305,-248.7765344073903,0.0,1243.882672036952,-67287.87839821522,0.0,-13440.79662073152,-248.7765344073903,671.810519009709,1242.331784928458,-67287.87839821522,-62.09539395363767,dt_005
0.7400000000000005,1,T,0.0,0.0,0.007673401302125803,0.0,0.05014522501368208,0.0,0.0,0.0,-0.1916596450014465,0.0,0.04025174787426663,0.0,32.04726882720719,0.0,1.416464968465073,0.0,0.04025174787426663,0.0,0.0,10.0,0.0,-32.24852756657852,10.0,-1.416464968465073,33.76340519278787,0.9551325579407808,-0.2961786568297939,0.0,0.0,-1.0,0.0,72.77177174627202,72.77177174627202,-0.4031209989042694,1.219805866846329,698.2301122550797,-13452.85683244407,-248.7814237168421,0.0,1243.907118584211,-67264.28416222036,0.0,-13435.94647890587,-248.7814237168421,674.3138514180382,1242.343516933948,-67264.28416222036,-62.34986444782122,dt_005
0.7450000000000006,1,T,0.0,0.0,0.00670949211441386,0.0,0.05034389996839723,0.0,0.0,0.0,-0.1938928175466986,0.0,0.03921760301506443,0.0,32.04709915774511,0.0,1.420601587005223,0.0,0.03921760301506443,0.0,0.0,10.0,0.0,-32.24318717282043,10.0,-1.420601587005223,33.75830444589201,0.9551186797458974,-0.2962234082587902,0.0,0.0,-1.0,0.0,72.76908721142381,72.76908721142381,-0.4031671948282548,1.219725827195537,698.0191604251885,-13448.14689716408,-248.7863540637187,0.0,1243.931770318593,-67240.7344858204,0.0,-13431.10827660719,-248.7863540637187,676.7462077895661,1242.355725559774,-67240.7344858204,-62.59792629790446,dt_005
0.7500000000000006,1,T,0.0,0.0,0.005734496683448042,0.0,0.05053740606536428,0.0,0.0,0.0,-0.1960940464379017,0.0,0.03818424116972022,0.0,32.04693485973361,0.0,1.424604450958948,0.0,0.03818424116972022,0.0,0.0,10.0,0.0,-32.23785606558221,10.0,-1.424604450958948,33.75321264272774,0.9551048194082936,-0.296268094709928,0.0,0.0,-1.0,0.0,72.76640653552147,72.76640653552147,-0.4032133243468551,1.219645902599567,697.8086102694325,-13443.44605495644,-248.7913249966893,0.0,1243.956624983447,-67217.23027478218,0.0,-13426.28223018884,-248.7913249966893,679.107729185337,1242.368412151526,-67217.23027478218,-62.83958408760109,dt_005
0.7550000000000006,1,T,0.0,0.0,0.004748574641166975,0.0,0.05072574713108381,0.0,0.0,0.0,-0.1982633699912543,0.0,0.03715162671335035,0.0,32.04677597319768,0.0,1.428473646313762,0.0,0.03715162671335035,0.0,0.0,10.0,0.0,-32.23253410676443,10.0,-1.428473646313762,33.74812965104484,0.9550909765977657,-0.2963127172794419,0.0,0.0,-1.0,0.0,72.76372965296413,72.76372965296413,-0.4032593885889412,1.219566091102524,697.598456153036,-13438.75417936787,-248.7963363871912,0.0,1243.981681935956,-67193.77089683936,0.0,-13421.46824763828,-248.7963363871912,681.3985405875719,1242.381579564873,-67193.77089683936,-63.07484245006889,dt_005
0.7600000000000006,1,T,0.0,0.0,0.00375188685951176,0.0,0.0509089266464037,0.0,0.0,0.0,-0.2004002483231907,0.0,0.03611965595957899,0.0,32.04662250762624,0.0,1.432209825369183,0.0,0.03611965595957899,0.0,0.0,10.0,0.0,-32.22722078742414,10.0,-1.432209825369183,33.7430549844169,0.9550771500181948,-0.2963572801756736,0.0,0.0,-1.0,0.0,72.7610563114494,72.7610563114494,-0.4033053918961748,1.219486385181988,697.3886778048467,-13434.07081720217,-248.8013884665056,0.0,1244.006942332528,-67170.35408601083,0.0,-13416.66590971024,-248.8013884665056,683.6187452243362,1242.395232371695,-67170.35408601083,-63.30370567041859,dt_005
0.7650000000000006,1,T,0.0,0.0,0.00274459808048421,0.0,0.05108694740558517,0.0,0.0,0.0,-0.202503683618652,0.0,0.0350881599992083,0.0,32.04647444809851,0.0,1.435814075673166,0.0,0.0350881599992083,0.0,0.0,10.0,0.0,-32.22191524809455,10.0,-1.435814075673166,33.73798782167348,0.955063337458288,-0.29640179055302,0.0,0.0,-1.0,0.0,72.75838608192153,72.75838608192153,-0.4033513416518186,1.219406772045624,697.1792411314251,-13429.39520673735,-248.8064818231394,0.0,1244.032409115697,-67146.97603368675,0.0,-13411.874488377,-248.8064818231394,685.7684206511053,1242.409376869217,-67146.97603368675,-63.52617726299866,dt_005
0.7700000000000006,1,T,0.0,0.0,0.001726879308815946,0.0,0.05125981123861616,0.0,0.0,0.0,-0.2045721621967219,0.0,0.034056920911848,0.0,32.04633175236438,0.0,1.439287968962632,0.0,0.034056920911848,0.0,0.0,10.0,0.0,-32.21661635692362,10.0,-1.439287968962632,33.73292708155044,0.9550495359930942,-0.2964462578603,0.0,0.0,-1.0,0.0,72.75571839765176,72.75571839765176,-0.4033972476082361,1.219327234796362,696.9701013121344,-13424.7263468605,-248.8116173427186,0.0,1244.058086713593,-67123.63173430251,0.0,-13407.0930160878,-248.8116173427186,687.847618343036,1242.424020798454,-67123.63173430251,-63.74225961235014,dt_005
0.7750000000000006,1,T,0.0,0.0,0.0006989103224138981,0.0,0.05142751875395656,0.0,0.0,0.0,-0.2066036909693661,0.0,0.03302566844492994,0.0,32.04619435272895,0.0,1.442633516489312,0.0,0.03302566844492994,0.0,0.0,10.0,0.0,-32.21132269495359,10.0,-1.442633516489312,33.72787140865003,0.95503574194405,-0.2964906939675815,0.0,0.0,-1.0,0.0,72.7530525466197,72.7530525466197,-0.4034431220179929,1.219247752205248,696.7612022270398,-13420.06298432804,-248.8167962347879,0.0,1244.083981173939,-67100.31492164021,0.0,-13402.32027324572,-248.8167962347879,689.8563594534721,1242.439173495623,-67100.31492164021,-63.95195366141636,dt_005
0.7800000000000006,1,T,0.0,0.0,-0.0003391178357064997,0.0,0.05159006910262122,0.0,0.0,0.0,-0.2085957564073057,0.0,0.0319940900969307,0.0,32.04606215398839,0.0,1.44585320242302,0.0,0.0319940900969307,0.0,0.0,10.0,0.0,-32.20603260447304,10.0,-1.44585320242302,33.72281921963791,0.9550219510033848,-0.2965351127635459,0.0,0.0,-1.0,0.0,72.75038769565865,72.75038769565865,-0.4034889792183609,1.219168299431343,696.5524783737329,-13415.40365658734,-248.8220199978404,0.0,1244.110099989202,-67077.01828293671,0.0,-13397.55483115893,-248.8220199978404,691.7946337367749,1242.454845733955,-67077.01828293671,-64.15525861032441,dt_005
0.7850000000000006,1,T,0.0,0.0,-0.001387000443672019,0.0,0.05174745977148087,0.0,0.0,0.0,-0.2105453996679507,0.0,0.03096183241678642,0.0,32.04593503733248,0.0,1.448949902184588,0.0,0.03096183241678642,0.0,0.0,10.0,0.0,-32.20074419941641,10.0,-1.448949902184588,33.71776871319111,0.955008158259855,-0.2965795300709737,0.0,0.0,-1.0,0.0,72.74772289551738,72.74772289551738,-0.4035348355442133,1.219088848172634,696.3438552852028,-13410.74670113194,-248.8272904196845,0.0,1244.136452098422,-67053.73350565971,0.0,-13392.79506154839,-248.8272904196845,693.6623971979006,1242.471049740256,-67053.73350565971,-64.35217166028792,dt_005
0.7900000000000006,1,T,0.0,0.0,-0.002444516860665239,0.0,0.05189968641621225,0.0,0.0,0.0,-0.2124492261431527,0.0,0.02992851705706667,0.0,32.04581286089709,0.0,1.451926867546878,0.0,0.02992851705706667,0.0,0.0,10.0,0.0,-32.19545544618242,10.0,-1.451926867546878,33.7127179471949,0.954994358408331,-0.2966239629703917,0.0,0.0,-1.0,0.0,72.74505712143018,72.74505712143018,-0.4035807086298902,1.219009367875639,696.1352527246094,-13406.09032683989,-248.832609506156,0.0,1244.16304753078,-67030.45163419945,0.0,-13388.03920792702,-248.832609506156,695.4595735187952,1242.487798851229,-67030.45163419945,-64.54268778804826,dt_005
0.7950000000000006,1,T,0.0,0.0,-0.003511428504692344,0.0,0.05204674275149856,0.0,0.0,0.0,-0.2143034275053735,0.0,0.02889374669389652,0.0,32.04569546092652,0.0,1.454787701091163,0.0,0.02889374669389652,0.0,0.0,10.0,0.0,-32.190164194396,10.0,-1.454787701091163,33.70766486813014,0.9549805458292396,-0.296668429543299,0.0,0.0,-1.0,0.0,72.74238928851689,72.74238928851689,-0.4036266171441902,1.218929826194556,695.926585903082,-13401.43264117312,-248.8379794564491,0.0,1244.189897282246,-67007.1632058656,0.0,-13383.28541285567,-248.8379794564491,697.1860540378182,1242.505107398896,-67007.1632058656,-64.72679960312026,dt_005
0.8000000000000006,1,T,0.0,0.0,-0.00458747720527279,0.0,0.05218862044177762,0.0,0.0,0.0,-0.2161039972556558,0.0,0.02785709688327596,0.0,32.04558266308046,0.0,1.457536137445393,0.0,0.02785709688327596,0.0,0.0,10.0,0.0,-32.18486814749684,10.0,-1.457536137445393,33.70260728299454,0.9549667145110308,-0.2967129491208753,0.0,0.0,-1.0,0.0,72.73971823685663,72.73971823685663,-0.4036725810472255,1.21885018854624,695.7177643239511,-13396.77162439413,-248.8434026987584,0.0,1244.217013493792,-66983.85812197064,0.0,-13378.53169228554,-248.8434026987584,698.8416950089747,1242.522990897098,-66983.85812197064,-64.9044972212348,dt_005
0.8050000000000006,1,T,0.0,0.0,-0.005672384017429529,0.0,0.05232530903097274,0.0,0.0,0.0,-0.2178466333655842,0.0,0.02681814589185961,0.0,32.04547427752593,0.0,1.460176138260368,0.0,0.02681814589185961,0.0,0.0,10.0,0.0,-32.17956500698523,10.0,-1.460176138260368,33.6975429970612,0.9549528584262552,-0.296757541072716,0.0,0.0,-1.0,0.0,72.73704280415627,72.73704280415627,-0.4037186203399305,1.218770420276815,695.5086974737578,-13392.1052566049,-248.8488817473935,0.0,1244.244408736968,-66960.5262830245,0.0,-13373.77606248592,-248.8488817473935,700.426323365418,1242.541465333954,-66960.5262830245,-65.07576813957564,dt_005
0.8100000000000006,1,T,0.0,0.0,-0.006765848029813698,0.0,0.05245679597175423,0.0,0.0,0.0,-0.2195268393511536,0.0,0.02577647675112909,0.0,32.04537010422517,0.0,1.462711792213271,0.0,0.02577647675112909,0.0,0.0,10.0,0.0,-32.17425248798082,10.0,-1.462711792213271,33.6924698287368,0.9549389715721855,-0.2968022246760566,0.0,0.0,-1.0,0.0,72.73436183359638,72.73436183359638,-0.4037647549290472,1.218690486895603,695.2992954357082,-13387.43153143942,-248.8544191868255,0.0,1244.272095934127,-66937.15765719711,0.0,-13369.01655370428,-248.8544191868255,701.9397379828896,1242.560547091522,-66937.15765719711,-65.2405972682882,dt_005
0.8150000000000006,1,T,0.0,0.0,-0.007867545516442745,0.0,0.05258306667166747,0.0,0.0,0.0,-0.2211400003183494,0.0,0.02473169134143288,0.0,32.04526993697979,0.0,1.465147240550611,0.0,0.02473169134143288,0.0,0.0,10.0,0.0,-32.16892839368695,10.0,-1.465147240550611,33.68738568066923,0.954925048165622,-0.2968470184891279,0.0,0.0,-1.0,0.0,72.73167421143032,72.73167421143032,-0.4038110039801138,1.218610355196148,695.089471823872,-13382.74852154988,-248.8600175927002,0.0,1244.300087963501,-66913.74260774939,0.0,-13364.25127553337,-248.8600175927002,703.3817139008628,1242.580252549396,-66913.74260774939,-65.39896696627167,dt_005
0.8200000000000006,1,T,0.0,0.0,-0.00897712951682501,0.0,0.0527041046053244,0.0,0.0,0.0,-0.2226814228132164,0.0,0.02368341099158751,0.0,32.0451735655388,0.0,1.467486640897166,0.0,0.02368341099158751,0.0,0.0,10.0,0.0,-32.16359062049674,10.0,-1.467486640897166,33.68228854461802,0.9549110826567055,-0.296891940307241,0.0,0.0,-1.0,0.0,72.72897886962176,72.72897886962176,-0.4038573858720776,1.21852999333485,694.8791439817801,-13378.05438302958,-248.8656795227726,0.0,1244.328397613863,-66890.27191514793,0.0,-13359.47842124816,-248.8656795227726,704.752004255263,1242.600598032862,-66890.27191514793,-65.55085717714941,dt_005
0.8250000000000006,1,T,0.0,0.0,-0.01009422962892466,0.0,0.05281989144312058,0.0,0.0,0.0,-0.2241464373836414,0.0,0.02263129599265104,0.0,32.04508078102701,0.0,1.469734068972199,0.0,0.02263129599265104,0.0,0.0,10.0,0.0,-32.15823726099027,10.0,-1.469734068972199,33.67717659980039,0.9548970699990592,-0.2969370062946213,0.0,0.0,-1.0,0.0,72.7262748379394,72.7262748379394,-0.4039039173008409,1.218449372384174,694.6682370371626,-13373.34744589408,-248.8714074023823,0.0,1244.357037011911,-66866.73722947041,0.0,-13354.69635806616,-248.8714074023823,706.0503469698054,1242.621599233113,-66866.73722947041,-65.6962455579005,dt_005
0.8300000000000006,1,T,0.0,0.0,-0.01121845225080289,0.0,0.05293040728285682,0.0,0.0,0.0,-0.2255304233326645,0.0,0.02157505503921986,0.0,32.04499137717644,0.0,1.471893501306733,0.0,0.02157505503921986,0.0,0.0,10.0,0.0,-32.15286665237254,10.0,-1.471893501306733,33.67204825913105,0.9548830057777508,-0.2969822305742343,0.0,0.0,-1.0,0.0,72.72356126857534,72.72356126857534,-0.4039506128556237,1.218368467066649,694.4566858037157,-13368.62625650045,-248.8772034633712,0.0,1244.386017316856,-66843.13128250223,0.0,-13349.90366933456,-248.8772034633712,707.2764703288931,1242.643270887251,-66843.13128250223,-65.83510774912544,dt_005
0.8350000000000006,1,T,0.0,0.0,-0.01234938106747726,0.0,0.05303563089511558,0.0,0.0,0.0,-0.2268289232595938,0.0,0.02051444958448637,0.0,32.04490515630734,0.0,1.473968708740771,0.0,0.02051444958448637,0.0,0.0,10.0,0.0,-32.14747740422978,10.0,-1.473968708740771,33.66690219570942,0.9548688862834168,-0.2970276249911232,0.0,0.0,-1.0,0.0,72.72083745035422,72.72083745035422,-0.4039974847744503,1.218287256178519,694.2444358664716,-13363.8896017409,-248.8830697029027,0.0,1244.415348514514,-66819.44800870451,0.0,-13345.09917850313,-248.8830697029027,708.4300977751665,1242.665626556385,-66819.44800870451,-65.96741766754883,dt_005
0.8400000000000006,1,T,0.0,0.0,-0.01348657812903243,0.0,0.05313554004349923,0.0,0.0,0.0,-0.2280377346984553,0.0,0.01944931431681637,0.0,32.04482193404376,0.0,1.475963175193276,0.0,0.01944931431681637,0.0,0.0,10.0,0.0,-32.14206850562784,10.0,-1.475963175193276,33.66173744506473,0.954854708794608,-0.2970731982067116,0.0,0.0,-1.0,0.0,72.71810286308904,72.71810286308904,-0.4040445420087856,1.21820572421036,694.0314477900397,-13359.13660292065,-248.8890077531723,0.0,1244.445038765861,-66795.68301460323,0.0,-13340.28204262663,-248.8890077531723,709.5109573978273,1242.688677953527,-66795.68301460323,-66.09314786785757,dt_005
0.8450000000000006,1,T,0.0,0.0,-0.01462958490462719,0.0,0.05323011184403445,0.0,0.0,0.0,-0.2291528364574376,0.0,0.01837955711890331,0.0,32.04474153521185,0.0,1.47788018275419,0.0,0.01837955711890331,0.0,0.0,10.0,0.0,-32.13663932080637,10.0,-1.47788018275419,33.65655340101832,0.9548404715687268,-0.2971189557305484,0.0,0.0,-1.0,0.0,72.71535717569006,72.71535717569006,-0.4040917902560771,1.218123861290702,693.8176969368038,-13354.36671165679,-248.8950188688687,0.0,1244.475094344343,-66771.83355828396,0.0,-13335.45174799392,-248.8950188688687,710.518786755861,1242.712434856468,-66771.83355828396,-66.21226998428953,dt_005
0.8500000000000006,1,T,0.0,0.0,-0.01577792377972396,0.0,0.0533193231440891,0.0,0.0,0.0,-0.2301706111019592,0.0,0.01730516166943953,0.0,32.04466380542878,0.0,1.479722601675784,0.0,0.01730516166943953,0.0,0.0,10.0,0.0,-32.13118961377598,10.0,-1.479722601675784,33.65134983914353,0.9548261739088014,-0.2971648997083592,0.0,0.0,-1.0,0.0,72.71260025889691,72.71260025889691,-0.4041392317406587,1.218041663565635,693.6031744228108,-13349.57973116416,-248.9011038822936,0.0,1244.505519411468,-66747.89865582081,0.0,-13330.60813109224,-248.9011038822936,711.4533392756092,1242.736904857524,-66747.89865582081,-66.32475518800491,dt_005
0.8550000000000006,1,T,0.0,0.0,-0.0169310999968999,0.0,0.05340315092142516,0.0,0.0,0.0,-0.2310878157710637,0.0,0.01622619561836695,0.0,32.04458860932263,0.0,1.481492932322353,0.0,0.01622619561836695,0.0,0.0,10.0,0.0,-32.12571958741447,10.0,-1.481492932322353,33.64612695406687,0.9548118162685398,-0.2972110285873863,0.0,0.0,-1.0,0.0,72.70983220537579,72.70983220537579,-0.4041868648679151,1.21795913379801,693.3878886431261,-13344.77585024402,-248.9072631404699,0.0,1244.53631570235,-66723.8792512201,0.0,-13325.75141224016,-248.9072631404699,712.3143915682882,1242.762093021704,-66723.8792512201,-66.43057466476276,dt_005
0.8600000000000007,1,T,0.0,0.0,-0.01808860333265928,0.0,0.05348157270126035,0.0,0.0,0.0,-0.2319015071630534,0.0,0.01514281057959856,0.0,32.0445158262264,0.0,1.483193393459743,0.0,0.01514281057959856,0.0,0.0,10.0,0.0,-32.12022987912439,10.0,-1.483193393459743,33.64088535529045,0.9547974002436024,-0.2972573371475604,0.0,0.0,-1.0,0.0,72.70705332786531,72.70705332786531,-0.404234684256188,1.217876281312157,693.1718650862748,-13339.95563909073,-248.913496489435,0.0,1244.567482447175,-66699.77819545363,0.0,-13320.88219107849,-248.913496489435,713.1017489224936,1242.788001778993,-66699.77819545363,-66.52970012767142,dt_005
0.8650000000000007,1,T,0.0,0.0,-0.01924990989813801,0.0,0.05355456697894225,0.0,0.0,0.0,-0.2326091681128928,0.0,0.01405524371943266,0.0,32.04444535658914,0.0,1.484825809418581,0.0,0.01405524371943266,0.0,0.0,10.0,0.0,-32.11472157518631,10.0,-1.484825809418581,33.63562608086457,0.954782928612008,-0.2973038163748953,0.0,0.0,-1.0,0.0,72.70426416679096,72.70426416679096,-0.4042826806057452,1.217793122220912,692.9551468841888,-13335.12006150956,-248.9198032369463,0.0,1244.599016184731,-66675.6003075478,0.0,-13316.00145844497,-248.9198032369463,713.8152517045958,1242.814630708241,-66675.6003075478,-66.6221043313671,dt_005
0.8700000000000007,1,T,0.0,0.0,-0.02041448443423951,0.0,0.05362211362177247,0.0,0.0,0.0,-0.2332087596742584,0.0,0.01296380538542442,0.0,32.04437712444983,0.0,1.486391570979063,0.0,0.01296380538542442,0.0,0.0,10.0,0.0,-32.10919615137696,10.0,-1.486391570979063,33.63035054065897,0.954768405180822,-0.2973504539570599,0.0,0.0,-1.0,0.0,72.70146546054315,72.70146546054315,-0.4043308412102416,1.217709678539451,692.7377924611555,-13330.27042240524,-248.9261821997479,0.0,1244.63091099874,-66651.3521120262,0.0,-13311.11054362793,-248.9261821997479,714.4547779735861,1242.841976744477,-66651.3521120262,-66.70776158314564,dt_005
0.8750000000000007,1,T,0.0,0.0,-0.02158178241554096,0.0,0.05368419424477705,0.0,0.0,0.0,-0.2336986175623448,0.0,0.01186888479510081,0.0,32.04431107158181,0.0,1.487891750835017,0.0,0.01186888479510081,0.0,0.0,10.0,0.0,-32.10365549555731,10.0,-1.487891750835017,33.62506053789981,0.954753834848039,-0.2973972340876145,0.0,0.0,-1.0,0.0,72.69865815724064,72.69865815724064,-0.4043791497542907,1.217625978536022,692.5198764086742,-13325.40838725261,-248.9326316581848,0.0,1244.663158290924,-66627.04193626303,0.0,-13306.21113351952,-248.9326316581848,715.0202495477257,1242.870033925235,-66627.04193626303,-66.78664819724342,dt_005
0.8800000000000007,1,T,0.0,0.0,-0.02275125212197062,0.0,0.05374079257895687,0.0,0.0,0.0,-0.2340775222325727,0.0,0.01077093817666685,0.0,32.04424716089964,0.0,1.489327045427739,0.0,0.01077093817666685,0.0,0.0,10.0,0.0,-32.09810185178298,10.0,-1.489327045427739,33.61975821577892,0.954739223458134,-0.2974441379327545,0.0,0.0,-1.0,0.0,72.69584338673681,72.69584338673681,-0.4044275867951874,1.217542055897306,692.3014872735533,-13320.5359326963,-248.9391494019052,0.0,1244.695747009526,-66602.67966348151,0.0,-13301.30522300433,-248.9391494019052,715.5116342387306,1242.898793592148,-66602.67966348151,-66.8587429644441,dt_005
0.8850000000000007,1,T,0.0,0.0,-0.02392233680892222,0.0,0.05379189482502868,0.0,0.0,0.0,-0.2343446871986738,0.0,0.009670497734237796,0.0,32.04418537548174,0.0,1.490697797956681,0.0,0.009670497734237796,0.0,0.0,10.0,0.0,-32.09253786415293,10.0,-1.490697797956681,33.61444609929026,0.9547245779198053,-0.2974911432561473,0.0,0.0,-1.0,0.0,72.69302248314851,72.69302248314851,-0.4044761293752258,1.217457950400119,692.0827292692801,-13315.6553846864,-248.9457326602344,0.0,1244.728663301172,-66578.27692343197,0.0,-13296.39515277123,-248.9457326602344,715.9289525431641,1242.928244017702,-66578.27692343197,-66.92402757302574,dt_005
0.8900000000000007,1,T,0.0,0.0,-0.02509447657200476,0.0,0.05383748996871003,0.0,0.0,0.0,-0.2344996337112815,0.0,0.0085681450735716,0.0,32.04412571149496,0.0,1.492004133630483,0.0,0.0085681450735716,0.0,0.0,10.0,0.0,-32.08696643686282,10.0,-1.492004133630483,33.60912696159127,0.9547099058399232,-0.2975382255965192,0.0,0.0,-1.0,0.0,72.69019691420094,72.69019691420094,-0.4045247522375456,1.21737370580482,691.8637167612213,-13310.7692953967,-248.9523782500625,0.0,1244.761891250312,-66553.84647698351,0.0,-13291.48348617146,-248.9523782500625,716.2722751209745,1242.958371120653,-66553.84647698351,-66.98248704063174,dt_005
0.8950000000000007,1,T,0.0,0.0,-0.02626711006669434,0.0,0.05387756999543717,0.0,0.0,0.0,-0.2345422629946739,0.0,0.007464497959988321,0.0,32.04406818184264,0.0,1.493245894420345,0.0,0.007464497959988321,0.0,0.0,10.0,0.0,-32.08139067164258,10.0,-1.493245894420345,33.60380376425496,0.9546952153603576,-0.2975853587931376,0.0,0.0,-1.0,0.0,72.68736824970155,72.68736824970155,-0.404573428368638,1.217289368915363,691.6445717987652,-13305.88038813699,-248.9590826384737,0.0,1244.795413192368,-66529.40194068497,0.0,-13286.57295404955,-248.9590826384737,716.5417225310825,1242.989158762635,-66529.40194068497,-67.0341099986797,dt_005
0.9000000000000007,1,T,0.0,0.0,-0.02743967625026926,0.0,0.05391213008088317,0.0,0.0,0.0,-0.2344727918247729,0.0,0.006360214804872588,0.0,32.04401281247555,0.0,1.494422709497518,0.0,0.006360214804872588,0.0,0.0,10.0,0.0,-32.07581388649992,10.0,-1.494422709497518,33.59847967514871,0.9546805152086972,-0.2976325148246678,0.0,0.0,-1.0,0.0,72.68453817121939,72.68453817121939,-0.4046221288317822,1.21720498986788,691.4254248448459,-13300.99157360225,-248.9658419101623,0.0,1244.829209550812,-66504.95786801125,0.0,-13281.66647082941,-248.9658419101623,716.7374684526972,1243.020588571234,-66504.95786801125,-67.07888892134572,dt_005
0.9050000000000008,1,T,0.0,0.0,-0.02861161558697284,0.0,0.05394116874808135,0.0,0.0,0.0,-0.2342916084586257,0.0,0.005255975685789841,0.0,32.0439596344176,0.0,1.495534144131052,0.0,0.005255975685789841,0.0,0.0,10.0,0.0,-32.07023951284656,10.0,-1.495534144131052,33.59315797020793,0.954665814428284,-0.2976796646766134,0.0,0.0,-1.0,0.0,72.68170842003316,72.68170842003316,-0.4046708236627632,1.217120620578755,691.2064107269484,-13296.10585952294,-248.9726518830493,0.0,1244.863259415247,-66480.52929761472,0.0,-13276.76704418438,-248.9726518830493,716.8597366987956,1243.052640505474,-66480.52929761472,-67.11682035317645,dt_005
0.9100000000000008,1,T,0.0,0.0,-0.02978237080271582,0.0,0.0539646879305854,0.0,0.0,0.0,-0.2339992212376888,0.0,0.004152465194869687,0.0,32.04390868088666,0.0,1.496579753033184,0.0,0.004152465194869687,0.0,0.0,10.0,0.0,-32.064671006861,10.0,-1.496579753033184,33.58784194880988,0.9546511221450222,-0.2977267790899061,0.0,0.0,-1.0,0.0,72.67888075220742,72.67888075220742,-0.4047194826429291,1.217036313405213,690.9876651516677,-13291.22627290211,-248.9795082124635,0.0,1244.897541062318,-66456.13136451055,0.0,-13271.8776973481,-248.9795082124635,716.9087976286544,1243.08529337082,-66456.13136451055,-67.14790501711802,dt_005
0.9150000000000008,1,T,0.0,0.0,-0.03095138737599838,0.0,0.05398269298945099,0.0,0.0,0.0,-0.2335962321676177,0.0,0.00305036828538294,0.0,32.04385998581517,0.0,1.497559107283805,0.0,0.00305036828538294,0.0,0.0,10.0,0.0,-32.05911182724209,10.0,-1.497559107283805,33.58253491253473,0.9546364475087908,-0.2977738287489277,0.0,0.0,-1.0,0.0,72.67605692730878,72.67605692730878,-0.4047680754933637,1.216952120808892,690.7693238303634,-13286.35584050962,-248.9864064179362,0.0,1244.932032089681,-66431.7792025481,0.0,-13267.00144963543,-248.9864064179362,716.8849670732283,1243.118524951222,-66431.7792025481,-67.17214784447513,dt_005
0.9200000000000008,1,T,0.0,0.0,-0.03211810838809013,0.0,0.05399519217281917,0.0,0.0,0.0,-0.2330808624874737,0.0,0.001950135487015736,0.0,32.04381345108105,0.0,1.498474247836056,0.0,0.001950135487015736,0.0,0.0,10.0,0.0,-32.05356412851613,10.0,-1.498474247836056,33.57723891776833,0.9546217962416824,-0.2978207953456299,0.0,0.0,-1.0,0.0,72.6732380443448,72.6732380443448,-0.4048165833021613,1.216868075556802,690.5514711712988,-13281.49644443186,-248.9933435237253,0.0,1244.966717618626,-66407.48222215928,0.0,-13262.14017406171,-248.9933435237253,716.7885371533727,1243.152320235856,-66407.48222215928,-67.18955774750913,dt_005
0.9250000000000008,1,T,0.0,0.0,-0.03328194572315215,0.0,0.05400219353157275,0.0,0.0,0.0,-0.2324428812892415,0.0,0.0008512816117925917,0.0,32.04376852329852,0.0,1.499335649205253,0.0,0.0008512816117925917,0.0,0.0,10.0,0.0,-32.04802493135748,10.0,-1.499335649205253,33.57195111995892,0.9546071605085996,-0.2978677040326942,0.0,0.0,-1.0,0.0,72.67042259386544,72.67042259386544,-0.4048650320441903,1.216784132644554,690.333989975558,-13276.64546970775,-249.0003229654806,0.0,1245.001614827403,-66383.22734853877,0.0,-13257.29125209584,-249.0003229654806,716.6195541670662,1243.186696124065,-66383.22734853877,-67.20014511124322,dt_005
0.9300000000000008,1,T,0.0,0.0,-0.03444228899781383,0.0,0.05400370556493834,0.0,0.0,0.0,-0.2316833557947789,0.0,-0.0002455523548346153,0.0,32.04372525895937,0.0,1.500142518674153,0.0,-0.0002455523548346153,0.0,0.0,10.0,0.0,-32.0424974971852,10.0,-1.500142518674153,33.56667463209782,0.9545925489605948,-0.2979145271196329,0.0,0.0,-1.0,0.0,72.66761223803778,72.66761223803778,-0.4049133931166022,1.21670034162981,690.1170080874857,-13271.805767194,-249.0073403404665,0.0,1245.036701702332,-66359.02883596999,0.0,-13252.457521554,-249.0073403404665,716.3783647841614,1243.221630237461,-66359.02883596999,-67.20391875131827,dt_005
0.9350000000000008,1,T,0.0,0.0,-0.03559853582662133,0.0,0.05399974028333392,0.0,0.0,0.0,-0.2308044334847255,0.0,-0.001339601834981717,0.0,32.04368376868126,0.0,1.500893097433066,0.0,-0.001339601834981717,0.0,0.0,10.0,0.0,-32.03698575950634,10.0,-1.500893097433066,33.56141320854669,0.9545779720428418,-0.2979612311871724,0.0,0.0,-1.0,0.0,72.6648089829842,72.6648089829842,-0.4049616319977077,1.216616762325291,689.9006796398224,-13266.98077375905,-249.0143902593579,0.0,1245.071951296789,-66334.90386879524,0.0,-13247.6424017203,-249.0143902593579,716.0653932669901,1243.257094923679,-66334.90386879524,-67.20089157093297,dt_005
0.9400000000000008,1,T,0.0,0.0,-0.03675009767089273,0.0,0.05399031382707994,0.0,0.0,0.0,-0.2298095055661504,0.0,-0.002429979370985007,0.0,32.04364422498318,0.0,1.501584517169359,0.0,-0.002429979370985007,0.0,0.0,10.0,0.0,-32.03149432812826,10.0,-1.501584517169359,33.55617124901041,0.9545634420098772,-0.2980077770432437,0.0,0.0,-1.0,0.0,72.6620151814496,72.6620151814496,-0.4050097082010799,1.216533464878301,689.6851851969092,-13262.17451539743,-249.0214663097399,0.0,1245.107331548699,-66310.87257698715,0.0,-13242.84989603875,-249.0214663097399,715.6811495655396,1243.293057033239,-66310.87257698715,-67.1910813223491,dt_005
0.9450000000000008,1,T,0.0,0.0,-0.03789640526548504,0.0,0.05397544694684585,0.0,0.0,0.0,-0.2287028799835408,0.0,-0.003515729607276502,0.0,32.04360684370719,0.0,1.50221314196321,0.0,-0.003515729607276502,0.0,0.0,10.0,0.0,-32.0260281956708,10.0,-1.50221314196321,33.55095351834134,0.9545489721525529,-0.2980541222035101,0.0,0.0,-1.0,0.0,72.65923338393584,72.65923338393584,-0.4050575778372569,1.216450525332285,689.4707202188148,-13257.39134987266,-249.0285614077831,0.0,1245.142807038916,-66286.95674936331,0.0,-13238.08433481997,-249.0285614077831,715.226221466058,1243.32947964412,-66286.95674936331,-67.17451130177571,dt_005
0.9500000000000008,1,T,0.0,0.0,-0.03903691274212979,0.0,0.05395516528172613,0.0,0.0,0.0,-0.2274896091861009,0.0,-0.004595852397919644,0.0,32.04357187403138,0.0,1.502774749164262,0.0,-0.004595852397919644,0.0,0.0,10.0,0.0,-32.02059261204178,10.0,-1.502774749164262,33.54576502669666,0.9545345764676674,-0.2981002219517641,0.0,0.0,-1.0,0.0,72.65646627506524,72.65646627506524,-0.4051051947088093,1.216368023729501,689.2574901261361,-13252.63585661175,-249.0356679467941,0.0,1245.178339733971,-66263.17928305874,0.0,-13233.35026513651,-249.0356679467941,714.7012719752211,1243.366322786267,-66263.17928305874,-67.15121073819257,dt_005
0.9550000000000008,1,T,0.0,0.0,-0.04017110071793095,0.0,0.05392949949065941,0.0,0.0,0.0,-0.2261752291775121,0.0,-0.005669340417281175,0.0,32.04353958387868,0.0,1.503264794154994,0.0,-0.005669340417281175,0.0,0.0,10.0,0.0,-32.01519288179228,10.0,-1.503264794154994,33.54061083609485,0.9545202691222014,-0.2981460310567291,0.0,0.0,-1.0,0.0,72.65371657053649,72.65371657053649,-0.4051525120835408,1.216286041038753,689.0457023457475,-13247.91265929086,-249.0427780554655,0.0,1245.213890277327,-66239.56329645427,0.0,-13228.65227361808,-249.0427780554655,714.1070311221048,1243.403544724134,-66239.56329645427,-67.1212150296247,dt_005
0.9600000000000009,1,T,0.0,0.0,-0.04129847892950647,0.0,0.05389848537814643,0.0,0.0,0.0,-0.224765853958033,0.0,-0.006735142979885598,0.0,32.04351026447563,0.0,1.503678320054795,0.0,-0.006735142979885598,0.0,0.0,10.0,0.0,-32.0098345495762,10.0,-1.503678320054795,33.53549623743835,0.9545060649450317,-0.2981915021980859,0.0,0.0,-1.0,0.0,72.6509871116051,72.6509871116051,-0.4051994810686517,1.216204661972333,688.8355735833857,-13243.22658801997,-249.04988335156,0.0,1245.2494167578,-66216.13294009985,0.0,-13223.99514836121,-249.04988335156,713.4443059960641,1243.441100720971,-66216.13294009985,-67.08456583642896,dt_005
0.9650000000000007,1,T,0.0,0.0,-0.04241858885703305,0.0,0.05386216397475425,0.0,0.0,0.0,-0.2232680658975158,0.0,-0.007792220204793441,0.0,32.04348422394179,0.0,1.504010069745534,0.0,-0.007792220204793441,0.0,0.0,10.0,0.0,-32.00452312291782,10.0,-1.504010069745534,33.53042648588565,0.9544919786925424,-0.2982365883180584,0.0,0.0,-1.0,0.0,72.64828072392999,72.64828072392999,-0.4052460530397319,1.216123970777518,688.6273189492964,-13238.58243682505,-249.0569753059463,0.0,1245.284876529731,-66192.91218412526,0.0,-13219.38363676285,-249.0569753059463,712.7139683627713,1243.478944853959,-66192.91218412526,-67.0413112830607,dt_005
0.9700000000000008,1,T,0.0,0.0,-0.0435310058638695,0.0,0.05382058151588219,0.0,0.0,0.0,-0.2216888332978699,0.0,-0.008839530328294404,0.0,32.04346178248626,0.0,1.504254567486473,0.0,-0.008839530328294404,0.0,0.0,10.0,0.0,-31.99926413084479,10.0,-1.504254567486473,33.52540685682382,0.9544780252034912,-0.2982812421250178,0.0,0.0,-1.0,0.0,72.64560024736694,72.64560024736694,-0.4052921791280683,1.216044052124868,688.4211542607866,-13233.98501500891,-249.0640451694034,0.0,1245.320225847017,-66169.92507504454,0.0,-13214.82249688244,-249.0640451694034,711.9169567935244,1243.517029653732,-66169.92507504454,-66.9915059154868,dt_005
0.9750000000000008,1,T,0.0,0.0,-0.04463534073645338,0.0,0.05377378940924556,0.0,0.0,0.0,-0.2200353570533286,0.0,-0.009876046261347842,0.0,32.04344326380797,0.0,1.504406270967209,0.0,-0.009876046261347842,0.0,0.0,10.0,0.0,-31.99406303250123,10.0,-1.504406270967209,33.52044255864863,0.9544642191559142,-0.2983254168707237,0.0,0.0,-1.0,0.0,72.64294848930874,72.64294848930874,-0.4053378110235775,1.215964989717053,688.217292463193,-13229.43906735244,-249.0710841005036,0.0,1245.355420502518,-66147.1953367622,0.0,-13210.3164178471,-249.0710841005036,711.0542715927442,1243.555306749047,-66147.1953367622,-66.93521069874875,dt_005
0.9800000000000008,1,T,0.0,0.0,-0.04573124095218574,0.0,0.05372184411753662,0.0,0.0,0.0,-0.2183151116576907,0.0,-0.01090077313955877,0.0,32.04342899708957,0.0,1.504459526577642,0.0,-0.01090077313955877,0.0,0.0,10.0,0.0,-31.98892513139178,10.0,-1.504459526577642,33.51553865092711,0.9544505748382744,-0.2983690670811696,0.0,0.0,-1.0,0.0,72.64032818080588,72.64032818080588,-0.4053829017298862,1.215886864980592,688.0159402753457,-13224.94919933568,-249.0780832911854,0.0,1245.390416455927,-66124.74599667841,0.0,-13205.86994533261,-249.0780832911854,710.1269689079791,1243.593727506093,-66124.74599667841,-66.87249290827656,dt_005
0.9850000000000008,1,T,0.0,0.0,-0.04681839165927417,0.0,0.05366480702764644,0.0,0.0,0.0,-0.2165356921879609,0.0,-0.01191273624116971,0.0,32.04341930858624,0.0,1.504408717990651,0.0,-0.01191273624116971,0.0,0.0,10.0,0.0,-31.98385562738039,10.0,-1.504408717990651,33.51070009404626,0.9544371062860264,-0.2984121481179281,0.0,0.0,-1.0,0.0,72.6377420028895,72.6377420028895,-0.405427405111363,1.215809757850673,687.8173002357814,-13220.51992279579,-249.0850339077673,0.0,1245.425169538837,-66102.59961397895,0.0,-13201.48752731932,-249.0850339077673,709.136161165626,1243.632242747649,-66102.59961397895,-66.80342595475257,dt_005
0.9900000000000008,1,T,0.0,0.0,-0.04789651616509386,0.0,0.05360274431739031,0.0,0.0,0.0,-0.2147047634746197,0.0,-0.01291099366350429,0.0,32.04341451874422,0.0,1.504248312627721,0.0,-0.01291099366350429,0.0,0.0,10.0,0.0,-31.9788595504267,10.0,-1.504248312627721,33.50593168598535,0.9544238271041012,-0.2984546167442566,0.0,0.0,-1.0,0.0,72.63519255257872,72.63519255257872,-0.4054712764780692,1.215733745757657,687.621568114374,-13216.15559824067,-249.0919271931521,0.0,1245.459635965761,-66080.77799120333,0.0,-13197.17345665748,-249.0919271931521,708.0830119438091,1243.670803277593,-66080.77799120333,-66.72808924907578,dt_005
0.9950000000000008,1,T,0.0,0.0,-0.04896537589146766,0.0,0.05353572673796344,0.0,0.0,0.0,-0.2128299095339285,0.0,-0.01389465866789142,0.0,32.04341493413605,0.0,1.50397300502088,0.0,-0.01389465866789142,0.0,0.0,10.0,0.0,-31.97394164079659,10.0,-1.50397300502088,33.50123794800822,0.9544107501465496,-0.2984964321473541,0.0,0.0,-1.0,0.0,72.63268228150095,72.63268228150095,-0.4055144736419907,1.215658901797039,687.4289282300531,-13211.86033048483,-249.0987546472283,0.0,1245.493773236142,-66059.30165242415,0.0,-13192.93176708221,-249.0987546472283,706.9687272798421,1243.709360801818,-66059.30165242415,-66.64656798316388,dt_005
1.000000000000001,1,T,0.0,0.0,-0.05002477016931878,0.0,0.05346382935666256,0.0,0.0,0.0,-0.2109187045910352,0.0,-0.01486289108074251,0.0,32.04342085137312,0.0,1.503577637631438,0.0,-0.01486289108074251,0.0,0.0,10.0,0.0,-31.96910639596941,10.0,-1.503577637631438,33.49662316946011,0.9543978876389132,-0.2985375555443243,0.0,0.0,-1.0,0.0,72.63021351953222,72.63021351953222,-0.4055569565102318,1.215585295434283,687.2395553010475,-13207.63800995048,-249.1055079798086,0.0,1245.527539899043,-66038.19004975242,0.0,-13188.76627471253,-249.1055079798086,705.794554310277,1243.747867716413,-66038.19004975242,-66.55895280003335,dt_005
1.005000000000001,1,T,0.0,0.0,-0.05107453553645148,0.0,0.05338713128059939,0.0,0.0,0.0,-0.2089784654820089,0.0,-0.01581491454893176,0.0,32.04343254403426,0.0,1.50305743922633,0.0,-0.01581491454893176,0.0,0.0,10.0,0.0,-31.9643579712896,10.0,-1.50305743922633,33.49209131297634,0.9543852509116136,-0.298577951031847,0.0,0.0,-1.0,0.0,72.62778842377428,72.62778842377428,-0.4055986879630255,1.215512990983577,687.0536105665066,-13203.49222623943,-249.1121792671588,0.0,1245.560896335794,-66017.46113119717,0.0,-13184.68049201752,-249.1121792671588,704.5617728614901,1243.78627791382,-66017.46113119717,-66.46533949444684,dt_005
1.01,1,T,0.0,0.0,-0.05211454445931075,0.0,0.05330571534213165,0.0,0.0,0.0,-0.207016237199933,0.0,-0.01675001586904501,0.0,32.04345026221186,0.0,1.502408029222378,0.0,-0.01675001586904501,0.0,0.0,10.0,0.0,-31.95970018286663,10.0,-1.502408029222378,33.48764601728114,0.9543728504050116,-0.2986175855669147,0.0,0.0,-1.0,0.0,72.62540897969444,72.62540897969444,-0.4056396338341184,1.215442047641807,686.8712419144692,-13199.42627103834,-249.1187609682141,0.0,1245.593804841071,-65997.13135519171,0.0,-13180.67763101328,-249.1187609682141,703.2716913705696,1243.824546891151,-65997.13135519171,-66.36582862797206,dt_005
1.015,1,T,0.0,0.0,-0.05314470356249051,0.0,0.05321966773149329,0.0,0.0,0.0,-0.2050386403720471,0.0,-0.01766756489701341,0.0,32.04347422483422,0.0,1.501625558214483,0.0,-0.01766756489701341,0.0,0.0,10.0,0.0,-31.95513640034915,10.0,-1.501625558214483,33.48329049488595,0.9543606953811724,-0.2986564298848509,0.0,0.0,-1.0,0.0,72.62307694599552,72.62307694599552,-0.4056797638594591,1.215372517844859,686.6925796985134,-13195.44304490374,-249.1252460970628,0.0,1245.626230485314,-65977.21522451869,0.0,-13176.76051051134,-249.1252460970628,701.9256370352382,1243.862632642337,-65977.21522451869,-66.26052511960843,dt_005
1.02,1,T,0.0,0.0,-0.05416495160364126,0.0,0.05312907760855625,0.0,0.0,0.0,-0.203051914532634,0.0,-0.0185670041289107,0.0,32.04350462253348,0.0,1.500706652322003,0.0,-0.0185670041289107,0.0,0.0,10.0,0.0,-31.95066960188892,10.0,-1.500706652322003,33.47902758458,0.954348794067274,-0.2986944580375407,0.0,0.0,-1.0,0.0,72.62079388231972,72.62079388231972,-0.405719051200464,1.215304448093606,686.5177389055546,-13191.54510565068,-249.1316281674696,0.0,1245.658140837348,-65957.72552825337,0.0,-13172.9316047804,-249.1316281674696,700.5249532985666,1243.900495413492,-65957.72552825337,-66.1495377491658,dt_005
1.025,1,T,0.0,0.0,-0.05517525723647236,0.0,0.05303403667376997,0.0,0.0,0.0,-0.2010617698301668,0.0,-0.01944787389853834,0.0,32.04354161043762,0.0,1.499648547524549,0.0,-0.01944787389853834,0.0,0.0,10.0,0.0,-31.94630224094493,10.0,-1.499648547524549,33.47485962434799,0.9543371532978362,-0.298731648533232,0.0,0.0,-1.0,0.0,72.61856108080119,72.61856108080119,-0.4057574736218727,1.215237876913146,686.3468139577543,-13187.73455252129,-249.1379014050065,0.0,1245.689507025032,-65938.67276260642,0.0,-13169.19292824542,-249.1379014050065,699.0709881081793,1243.938098797057,-65938.67276260642,-66.0329786805947,dt_005
1.03,1,T,0.0,0.0,-0.05617561643640134,0.0,0.05293463867062626,0.0,0.0,0.0,-0.1990734249983143,0.0,-0.02030981626642389,0.0,32.04358531104597,0.0,1.498449035807471,0.0,-0.02030981626642389,0.0,0.0,10.0,0.0,-31.94203622971385,10.0,-1.498449035807471,33.47078843559488,0.9543257784673138,-0.2987679844842074,0.0,0.0,-1.0,0.0,72.61637955718003,72.61637955718003,-0.4057950136446601,1.215172834587862,686.1798780814654,-13184.01301217925,-249.1440607953517,0.0,1245.720303976758,-65920.06506089628,0.0,-13165.54602190997,-249.1440607953517,697.5650867714066,1243.975410012338,-65920.06506089628,-65.91096285582427,dt_005
1.035,1,T,0.0,0.0,-0.05716604985366702,0.0,0.05283097881459339,0.0,0.0,0.0,-0.1970915336555211,0.0,-0.0211526002717805,0.0,32.04363581133801,0.0,1.497106520467982,0.0,-0.0211526002717805,0.0,0.0,10.0,0.0,-31.9378728099791,10.0,-1.497106520467982,33.46681519993204,0.9543146731824054,-0.2988034547135607,0.0,0.0,-1.0,0.0,72.61424998433323,72.61424998433323,-0.4058316596898464,1.215109341179644,686.0169782711715,-13180.38152650416,-249.1501022958269,0.0,1245.750511479134,-65901.9076325208,0.0,-13161.99184176047,-249.1501022958269,696.0085787137248,1244.012401005676,-65901.9076325208,-65.78360733966225,dt_005
1.04,1,T,0.0,0.0,-0.05814660015988904,0.0,0.05272315307386135,0.0,0.0,0.0,-0.1951202422874291,0.0,-0.02197615389362199,0.0,32.04369316712888,0.0,1.495619935177563,0.0,-0.02197615389362199,0.0,0.0,10.0,0.0,-31.93381239766077,10.0,-1.495619935177563,33.46294031087216,0.9543038388436365,-0.298838055087197,0.0,0.0,-1.0,0.0,72.61217261227983,72.61217261227983,-0.4058674074550623,1.215047404142831,685.8581292275081,-13176.84041752641,-249.1560230894296,0.0,1245.780115447148,-65884.20208763203,0.0,-13158.53062443489,-249.1560230894296,694.4027612031198,1244.049049772176,-65884.20208763203,-65.65103049042123,dt_005
1.045,1,T,0.0,0.0,-0.05911732999676191,0.0,0.05261125730295169,0.0,0.0,0.0,-0.1931633968321646,0.0,-0.02278059438818212,0.0,32.04375741545798,0.0,1.493988509932426,0.0,-0.02278059438818212,0.0,0.0,10.0,0.0,-31.92985444351707,10.0,-1.493988509932426,33.45916324094473,0.9542932742694472,-0.2988717897093964,0.0,0.0,-1.0,0.0,72.61014719637409,72.61014719637409,-0.4059022611502129,1.214987016183288,685.7033079303145,-13173.38916652988,-249.1618218197108,0.0,1245.809109098554,-65866.94583264939,0.0,-13155.16176712751,-249.1618218197108,692.7488820297115,1244.085341590922,-65866.94583264939,-65.5133509410922,dt_005
1.05,1,T,0.0,0.0,-0.06007831986953413,0.0,0.05249538634431761,0.0,0.0,0.0,-0.1912242930313247,0.0,-0.02356621022381731,0.0,32.04382856297119,0.0,1.492211991578169,0.0,-0.02356621022381731,0.0,0.0,10.0,0.0,-31.9259975118521,10.0,-1.492211991578169,33.45548261685649,0.9542829759020196,-0.2989046702605784,0.0,0.0,-1.0,0.0,72.6081730370389,72.6081730370389,-0.4059362328137375,1.214928156443061,685.5524567401568,-13170.0264832728,-249.1674985074868,0.0,1245.837492537434,-65850.13241636402,0.0,-13151.88389735564,-249.1674985074868,691.0481318869079,1244.121268672896,-65850.13241636402,-65.37068645580412,dt_005
1.054999999999999,1,T,0.0,0.0,-0.06102966462972764,0.0,0.05237563325574517,0.0,0.0,0.0,-0.1893053855221934,0.0,-0.02433342681240829,0.0,32.04390657214674,0.0,1.490290909578012,0.0,-0.02433342681240829,0.0,0.0,10.0,0.0,-31.9222394380847,10.0,-1.490290909578012,33.45189636989822,0.9542729382245132,-0.2989367146610716,0.0,0.0,-1.0,0.0,72.6062490599717,72.6062490599717,-0.4059693409324139,1.214870792891721,685.405489579726,-13166.7504438471,-249.1730543450659,0.0,1245.865271725329,-65833.75221923548,0.0,-13148.69501117357,-249.1730543450659,689.30164201677,1244.156829188208,-65833.75221923548,-65.22315291038652,dt_005
1.059999999999999,1,T,0.0,0.0,-0.0619714689685603,0.0,0.05225208872887955,0.0,0.0,0.0,-0.1874081546145564,0.0,-0.02508276540243168,0.0,32.04399135571137,0.0,1.488226690448688,0.0,-0.02508276540243168,0.0,0.0,10.0,0.0,-31.91857752869921,10.0,-1.488226690448688,33.44840192678242,0.954263154292634,-0.2989679453711931,0.0,0.0,-1.0,0.0,72.60437391819364,72.60437391819364,-0.4060016086852794,1.21481488536897,685.2622997665442,-13163.55866532468,-249.1784914192161,0.0,1245.89245709608,-65817.7933266234,0.0,-13145.59264798475,-249.1784914192161,687.5104862428218,1244.192025924163,-65817.7933266234,-65.07086349231254,dt_005
1.064999999999999,1,T,0.0,0.0,-0.06290384174087761,0.0,0.0521248406416126,0.0,0.0,0.0,-0.1855327911869241,0.0,-0.02581483055861088,0.0,32.04408276152125,0.0,1.486021958126666,0.0,-0.02581483055861088,0.0,0.0,10.0,0.0,-31.9150086087282,10.0,-1.486021958126666,33.44499625497355,0.9542536158598662,-0.2989983889895911,0.0,0.0,-1.0,0.0,72.60254601615533,72.60254601615533,-0.4060330635288144,1.214760386303359,685.122761878307,-13160.44834736832,-249.1838126528341,0.0,1245.919063264171,-65802.24173684162,0.0,-13142.57393240409,-249.1838126528341,685.6756777384853,1244.226866025838,-65802.24173684162,-64.91392812478088,dt_005
1.069999999999999,1,T,0.0,0.0,-0.063826888959797,0.0,0.05199397365221526,0.0,0.0,0.0,-0.1836779708497445,0.0,-0.02653030545920374,0.0,32.04418056231072,0.0,1.48368074654076,0.0,-0.02653030545920374,0.0,0.0,10.0,0.0,-31.9115290350147,10.0,-1.48368074654076,33.44167587535927,0.9542443134115768,-0.2990280761428069,0.0,0.0,-1.0,0.0,72.60076351635924,72.60076351635924,-0.406063737082983,1.214707240909731,684.9867322784593,-13157.41628397222,-249.1890217950563,0.0,1245.945108975282,-65787.08141986112,0.0,-13139.63558625481,-249.1890217950563,683.7981647851948,1244.261360975139,-65787.08141986112,-64.75245295523749,dt_005
1.074999999999999,1,T,0.0,0.0,-0.06474070665743009,0.0,0.05185956889541666,0.0,0.0,0.0,-0.1818410242240668,0.0,-0.02722991631895745,0.0,32.04428446606133,0.0,1.481208319880795,0.0,-0.02722991631895745,0.0,0.0,10.0,0.0,-31.90813488446654,10.0,-1.481208319880795,33.438437041903,0.9542352366673484,-0.2990570398810391,0.0,0.0,-1.0,0.0,72.59902443567647,72.59902443567647,-0.4060936634737985,1.214655390060918,684.8540564807529,-13154.45902763412,-249.1941231464233,0.0,1245.970615732117,-65772.29513817058,0.0,-13136.77409271453,-249.1941231464233,681.8788357831432,1244.295525239634,-65772.29513817058,-64.58653990184088,dt_005
1.079999999999999,1,T,0.0,0.0,-0.06564537477917219,0.0,0.05172170372213623,0.0,0.0,0.0,-0.1800181871448096,0.0,-0.02791444995588045,0.0,32.04439413036303,0.0,1.478610914443151,0.0,-0.02791444995588045,0.0,0.0,10.0,0.0,-31.90482188058363,10.0,-1.478610914443151,33.43527567153841,0.9542263743840592,-0.2990853163059889,0.0,0.0,-1.0,0.0,72.59732660764594,72.59732660764594,-0.4061228799820852,1.214604769163685,684.7245662794579,-13151.57282539759,-249.1991216724353,0.0,1245.995608362176,-65757.86412698793,0.0,-13133.98563260675,-249.1991216724353,679.9185129232476,1244.329376857266,-65757.86412698793,-64.41628635553688,dt_005
1.084999999999999,1,T,0.0,0.0,-0.06654095187062042,0.0,0.05158045136789845,0.0,0.0,0.0,-0.1782046609201671,0.0,-0.02858476623211277,0.0,32.04450916692871,0.0,1.475895667873628,0.0,-0.02858476623211277,0.0,0.0,10.0,0.0,-31.90158533576815,10.0,-1.475895667873628,33.43218728912749,0.954217714200916,-0.2991129450645339,0.0,0.0,-1.0,0.0,72.59566765282806,72.59566765282806,-0.4061514275536368,1.214555307274825,684.59807749787,-13148.75356868072,-249.2040230952659,0.0,1246.02011547633,-65743.76784340359,0.0,-13131.26603449945,-249.2040230952659,677.9179456948291,1244.362937916029,-65743.76784340359,-64.24178478712642,dt_005
1.089999999999999,1,T,0.0,0.0,-0.06742747063765933,0.0,0.05143588067013462,0.0,0.0,0.0,-0.1763949124184395,0.0,-0.02924176386668682,0.0,32.04462915835046,0.0,1.473070310465472,0.0,-0.02924176386668682,0.0,0.0,10.0,0.0,-31.89842033901703,10.0,-1.473070310465472,33.42916720656701,0.9542092431411432,-0.2991399677475526,0.0,0.0,-1.0,0.0,72.59404507494314,72.59404507494314,-0.4061793491448509,1.214506929967532,684.4743973263268,-13145.99695684003,-249.2088336133367,0.0,1246.044168066684,-65729.98478420018,0.0,-13128.61093821355,-249.2088336133367,675.8778160784425,1244.396233171631,-65729.98478420018,-64.06312231891974,dt_005
1.094999999999999,1,T,0.0,0.0,-0.06830493427014162,0.0,0.051288055874682,0.0,0.0,0.0,-0.17458267494544,0.0,-0.02988638128556442,0.0,32.04475365915111,0.0,1.470143158119249,0.0,-0.02988638128556442,0.0,0.0,10.0,0.0,-31.89532175272329,10.0,-1.470143158119249,33.42621051973651,0.9542009476033994,-0.2991664279172627,0.0,0.0,-1.0,0.0,72.59245625922956,72.59245625922956,-0.4062066897509823,1.214459559282449,684.353324197218,-13143.29849438465,-249.2135599061851,0.0,1246.067799530926,-65716.49247192325,0.0,-13126.01579214056,-249.2135599061851,673.7987362486931,1244.429290083359,-65716.49247192325,-63.88038048156924,dt_005
1.099999999999999,1,T,0.0,0.0,-0.0691733129916551,0.0,0.05113703649271843,0.0,0.0,0.0,-0.172761011206436,0.0,-0.03051957288291485,0.0,32.04488219995078,0.0,1.467123044916039,0.0,-0.03051957288291485,0.0,0.0,10.0,0.0,-31.8922843355362,10.0,-1.467123044916039,33.42331222573083,0.9541928136907996,-0.2991923700578524,0.0,0.0,-1.0,0.0,72.59089853545433,72.59089853545433,-0.4062334953218465,1.214413115606338,684.2346525849466,-13140.65359795493,-249.2182089461427,0.0,1246.091044730714,-65703.26798977464,0.0,-13123.47596014153,-249.2182089461427,671.6812525544103,1244.462137881496,-65703.26798977464,-63.69363498416985,dt_005
1.104999999999998,1,T,0.0,0.0,-0.07003254150334341,0.0,0.05098287719804229,0.0,0.0,0.0,-0.1709226609843428,0.0,-0.03114231999526337,0.0,32.0450143060423,0.0,1.46401897263471,0.0,-0.03114231999526337,0.0,0.0,10.0,0.0,-31.88930270606599,10.0,-1.46401897263471,33.42046718822326,0.954184827114062,-0.2992178398847701,0.0,0.0,-1.0,0.0,72.58936915934342,72.58936915934342,-0.4062598130813688,1.214367517118418,684.1181715859533,-13138.05756466778,-249.2227880511816,0.0,1246.113940255908,-65690.2878233389,0.0,-13120.98668996576,-249.2227880511816,669.5258428663075,1244.494807835925,-65690.2878233389,-63.50295559679937,dt_005
1.109999999999998,1,T,0.0,0.0,-0.07088251706214416,0.0,0.05082562779046412,0.0,0.0,0.0,-0.1690599126662542,0.0,-0.03175559080442544,0.0,32.04514949136657,0.0,1.460840237908203,0.0,-0.03175559080442544,0.0,0.0,10.0,0.0,-31.88637153734444,10.0,-1.460840237908203,33.41767032301279,0.9541769737128016,-0.299242882682746,0.0,0.0,-1.0,0.0,72.58786541238044,72.58786541238044,-0.4062856898102336,1.214322682765875,684.0036725132617,-13135.50574136932,-249.2273045830343,0.0,1246.136522915171,-65677.52870684658,0.0,-13118.54328226742,-249.2273045830343,667.332925025079,1244.527331748762,-65677.52870684658,-63.30840602494178,dt_005
1.114999999999998,1,T,0.0,0.0,-0.07172309795730085,0.0,0.05066533327187919,0.0,0.0,0.0,-0.1671648835857019,0.0,-0.03236033609630493,0.0,32.04528727315054,0.0,1.457596154705562,0.0,-0.03236033609630493,0.0,0.0,10.0,0.0,-31.88348559266902,10.0,-1.457596154705562,33.41491663221581,0.9541692395524244,-0.2992675429978135,0.0,0.0,-1.0,0.0,72.58638462030515,72.58638462030515,-0.4063111715275573,1.214278532815399,683.8909502919839,-13132.99355571945,-249.2317658853994,0.0,1246.158829426997,-65664.96777859723,0.0,-13116.14112156139,-249.2317658853994,665.1028596050269,1244.559741638345,-65664.96777859723,-63.1100439863533,dt_005
1.119999999999998,1,T,0.0,0.0,-0.0725541024858685,0.0,0.05050203396467812,0.0,0.0,0.0,-0.1652294623676784,0.0,-0.03295747707341879,0.0,32.04542716915596,0.0,1.454296115723205,0.0,-0.03295747707341879,0.0,0.0,10.0,0.0,-31.88063978378887,10.0,-1.454296115723205,33.41220125977487,0.9541616110809836,-0.2992918641382378,0.0,0.0,-1.0,0.0,72.58492418308724,72.58492418308724,-0.4063363029750962,1.214234989746847,683.7798057270173,-13130.51656671281,-249.2361791869563,0.0,1246.180895934782,-65652.58283356404,0.0,-13113.77572656234,-249.2361791869563,662.8359541724959,1244.592069244574,-65652.58283356404,-62.90792133208947,dt_005
1.124999999999998,1,T,0.0,0.0,-0.07337530869610094,0.0,0.05033576574216394,0.0,0.0,0.0,-0.1632456613259042,0.0,-0.03354787214477088,0.0,32.0455687154527,0.0,1.450949247835147,0.0,-0.03354787214477088,0.0,0.0,10.0,0.0,-31.87782935472885,10.0,-1.450949247835147,33.40951966684365,0.954154075623096,-0.299315886601154,0.0,0.0,-1.0,0.0,72.58348166941077,72.58348166941077,-0.4063611259913406,1.214191981070314,683.6700526761427,-13128.07062451721,-249.2405513075128,0.0,1246.202756537564,-65640.35312258606,0.0,-13111.44290963081,-249.2405513075128,660.5324744506022,1244.624344543979,-65640.35312258606,-62.70208425795929,dt_005
1.129999999999998,1,T,0.0,0.0,-0.07418645481767443,0.0,0.05016656035676284,0.0,0.0,0.0,-0.161205539045678,0.0,-0.03413231151015127,0.0,32.04571146214429,0.0,1.447564499932705,0.0,-0.03413231151015127,0.0,0.0,10.0,0.0,-31.87504990459353,10.0,-1.447564499932705,33.4068676535279,0.9541466214425944,-0.2993396478745879,0.0,0.0,-1.0,0.0,72.58205482857207,72.58205482857207,-0.4063856793067754,1.214149439680866,683.5615189324512,-13125.65189010988,-249.2448886111048,0.0,1246.224443055524,-65628.2594505494,0.0,-13109.13879613808,-249.2448886111048,658.1926495583496,1244.656595491805,-65628.2594505494,-62.49257370120816,dt_005
1.134999999999998,1,T,0.0,0.0,-0.07498724015334012,0.0,0.04999444586527307,0.0,0.0,0.0,-0.1591014672892554,0.0,-0.03471148316828513,0.0,32.04585498623265,0.0,1.444150389984968,0.0,-0.03471148316828513,0.0,0.0,10.0,0.0,-31.87229757039123,10.0,-1.444150389984968,33.40424153330781,0.95413923823449,-0.2993631808711738,0.0,0.0,-1.0,0.0,72.58064168454361,72.58064168454361,-0.4064099969252123,1.214107306663061,683.4540533545346,-13123.25699414564,-249.2491967082711,0.0,1246.245983541356,-65616.28497072819,0.0,-13106.85998282941,-249.2491967082711,655.8166854369423,1244.68884650563,-65616.28497072819,-62.27942579573045,dt_005
1.139999999999998,1,T,0.0,0.0,-0.07577732724171757,0.0,0.04981944720127572,0.0,0.0,0.0,-0.1569263656984457,0.0,-0.0352859484767579,0.0,32.04599890238663,0.0,1.440714788963784,0.0,-0.0352859484767579,0.0,0.0,10.0,0.0,-31.86956916000284,10.0,-1.440714788963784,33.40163825988486,0.9541319174837593,-0.299386512787007,0.0,0.0,-1.0,0.0,72.57924060451248,72.57924060451248,-0.4064341069443683,1.214065533334435,683.3475310470752,-13120.883152367,-249.253480232157,0.0,1246.267401160785,-65604.415761835,0.0,-13104.60365269971,-249.253480232157,653.4047778504034,1244.72111730878,-65604.415761835,-62.06267253060325,dt_005
1.144999999999998,1,T,0.0,0.0,-0.07655634473503749,0.0,0.04964158684980756,0.0,0.0,0.0,-0.1546737615812211,0.0,-0.03585612575353241,0.0,32.04614286462625,0.0,1.437264882733371,0.0,-0.03585612575353241,0.0,0.0,10.0,0.0,-31.86686223585859,10.0,-1.437264882733371,33.39905550699287,0.9541246526922452,-0.2994096643812658,0.0,0.0,-1.0,0.0,72.57785034215395,72.57785034215395,-0.4064580308112077,1.214024082535701,683.2418566150043,-13118.52823807667,-249.2577426892449,0.0,1246.288713446225,-65592.64119038332,0.0,-13102.36764693138,-249.2577426892449,650.9571244412048,1244.753422140563,-65592.64119038332,-61.84234255590752,dt_005
1.149999999999997,1,T,0.0,0.0,-0.07732389026151068,0.0,0.04946088553751871,0.0,0.0,0.0,-0.1523377203338296,0.0,-0.03642230053586558,0.0,32.04628656151016,0.0,1.433807263638488,0.0,-0.03642230053586558,0.0,0.0,10.0,0.0,-31.86417505883083,10.0,-1.433807263638488,33.39649161483608,0.954117439230517,-0.2994326504511508,0.0,0.0,-1.0,0.0,72.57647000912648,72.57647000912648,-0.40648178381246,1.213982927780877,683.1369619601377,-13116.19073298925,-249.2619865293852,0.0,1246.309932646926,-65580.95366494624,0.0,-13100.15041536345,-249.2619865293852,648.4739308607382,1244.785770061399,-65580.95366494624,-61.61846206319546,dt_005
1.154999999999997,1,T,0.0,0.0,-0.07807953370008042,0.0,0.04927736289812105,0.0,0.0,0.0,-0.1499130702466719,0.0,-0.03698462496113074,0.0,32.04642972592042,0.0,1.430347727277349,0.0,-0.03698462496113074,0.0,0.0,10.0,0.0,-31.86150660111477,10.0,-1.430347727277349,33.39394560235253,0.9541102743747116,-0.2994554797171234,0.0,0.0,-1.0,0.0,72.57509908197747,72.57509908197747,-0.406505374955785,1.213942053463175,683.032806771889,-13113.86973812262,-249.2662131084575,0.0,1246.331065542287,-65569.34869061311,0.0,-13097.95102695089,-249.2662131084575,645.9554195487392,1244.818164724076,-65569.34869061311,-61.39105560875043,dt_005
1.159999999999997,1,T,0.0,0.0,-0.07882282045124056,0.0,0.04909103817501412,0.0,0.0,0.0,-0.1473952035371785,0.0,-0.03754310134407701,0.0,32.04657212373642,0.0,1.426891493715477,0.0,-0.03754310134407701,0.0,0.0,10.0,0.0,-31.85885661701604,10.0,-1.426891493715477,33.39141723472645,0.9541031574989104,-0.2994781542126396,0.0,0.0,-1.0,0.0,72.57373743880495,72.57373743880495,-0.406528806338892,1.213901455948077,682.929381277947,-13111.56503504952,-249.2704225589855,0.0,1246.352112794928,-65557.82517524759,0.0,-13095.76923051054,-249.2704225589855,643.4018414230447,1244.850603683862,-65557.82517524759,-61.1601469611084,dt_005
1.164999999999997,1,T,0.0,0.0,-0.07955327500553837,0.0,0.04890193091618147,0.0,0.0,0.0,-0.1447803472627551,0.0,-0.03809760728732493,0.0,32.04671356569454,0.0,1.423442959143674,0.0,-0.03809760728732493,0.0,0.0,10.0,0.0,-31.85622552925791,10.0,-1.423442959143674,33.38890691488632,0.9540960897721072,-0.2995006702522968,0.0,0.0,-1.0,0.0,72.57238530113328,72.57238530113328,-0.4065520741497532,1.213861141840351,682.826701794703,-13109.27698669998,-249.2746139534297,0.0,1246.373069767149,-65546.3849334999,0.0,-13093.60535522923,-249.2746139534297,640.8134795197351,1244.883079171613,-65546.3849334999,-60.92576001159286,dt_005
1.169999999999997,1,T,0.0,0.0,-0.08027040445565478,0.0,0.04871006160458324,0.0,0.0,0.0,-0.14206532199279,0.0,-0.03864789196933448,0.0,32.04685389407522,0.0,1.420005957086493,0.0,-0.03864789196933448,0.0,0.0,10.0,0.0,-31.85361443422855,10.0,-1.420005957086493,33.38641568848764,0.9540890741743316,-0.2995230183828394,0.0,0.0,-1.0,0.0,72.571043236868,72.571043236868,-0.406575168615755,1.213821128072154,682.7248109212524,-13107.00654164535,-249.2787852807116,0.0,1246.393926403558,-65535.03270822676,0.0,-13091.46031457815,-249.2787852807116,638.1906569038897,1244.915577939056,-65535.03270822676,-60.6879195585304,dt_005
1.174999999999997,1,T,0.0,0.0,-0.0809737021611255,0.0,0.04851545226124025,0.0,0.0,0.0,-0.1392478219662002,0.0,-0.03919358824887913,0.0,32.04699299497722,0.0,1.416583497876367,0.0,-0.03919358824887913,0.0,0.0,10.0,0.0,-31.85102505373283,10.0,-1.416583497876367,33.38394519785695,0.954082115368961,-0.2995451837921762,0.0,0.0,-1.0,0.0,72.56971213574553,72.56971213574553,-0.4065980744261642,1.213781441171057,682.6237756462788,-13104.75519187624,-249.2829335087205,0.0,1246.414667543603,-65523.77595938118,0.0,-13089.33556380441,-249.2829335087205,635.5337419305687,1244.948081536051,-65523.77595938118,-60.44665207879547,dt_005
1.179999999999997,1,T,0.0,0.0,-0.08166265187390946,0.0,0.04831812706359743,0.0,0.0,0.0,-0.1363262981505331,0.0,-0.03973420381253317,0.0,32.04713079104545,0.0,1.413177905235773,0.0,-0.03973420381253317,0.0,0.0,10.0,0.0,-31.84845977198278,10.0,-1.413177905235773,33.38149771726256,0.9540752198039634,-0.29956714598904,0.0,0.0,-1.0,0.0,72.56839322858218,72.56839322858218,-0.4066207704008886,1.213742117833962,682.5236887816585,-13102.52500471192,-249.2870545113826,0.0,1246.435272556913,-65512.62502355961,0.0,-13087.23313146646,-249.2870545113826,632.8431573051143,1244.980565911456,-65512.62502355961,-60.20198648563619,dt_005
1.184999999999997,1,T,0.0,0.0,-0.08233673171393709,0.0,0.04811811288347069,0.0,0.0,0.0,-0.133300051472986,0.0,-0.04026915196537351,0.0,32.04726724453696,0.0,1.409790740359486,0.0,-0.04026915196537351,0.0,0.0,10.0,0.0,-31.84592148471009,10.0,-1.409790740359486,33.3790760089359,0.9540683953080258,-0.2995888800913155,0.0,0.0,-1.0,0.0,72.56708800991629,72.56708800991629,-0.4066432308216628,1.213703202620663,682.424663066321,-13100.31849138654,-249.2911432982412,0.0,1246.455716491206,-65501.5924569327,0.0,-13085.15548789927,-249.2911432982412,630.119380168404,1245.013002530602,-65501.5924569327,-59.95395485989243,dt_005
1.189999999999997,1,T,0.0,0.0,-0.08299541820222073,0.0,0.04791543975657358,0.0,0.0,0.0,-0.1301691386254705,0.0,-0.04079775447466022,0.0,32.04740235137152,0.0,1.406422911008778,0.0,-0.04079775447466022,0.0,0.0,10.0,0.0,-31.84341357899822,10.0,-1.406422911008778,33.37668330381447,0.9540616510376564,-0.2996103569960513,0.0,0.0,-1.0,0.0,72.56579822780665,72.56579822780665,-0.4066654256075991,1.213664747649694,682.3268303724159,-13098.13858933518,-249.2951940370807,0.0,1246.475970185404,-65490.69294667588,0.0,-13083.10552729485,-249.2951940370807,627.3629468643472,1245.045358464221,-65490.69294667588,-59.70259304538347,dt_005
1.194999999999997,1,T,0.0,0.0,-0.08363818969547931,0.0,0.04771014129498113,0.0,0.0,0.0,-0.1269342347844271,0.0,-0.04131925870785621,0.0,32.04753613329726,0.0,1.403074821817823,0.0,-0.04131925870785621,0.0,0.0,10.0,0.0,-31.84093983975798,10.0,-1.403074821817823,33.3743232123003,0.9540549972268146,-0.2996315441780836,0.0,0.0,-1.0,0.0,72.56452583587897,72.56452583587897,-0.4066873211403801,1.213626811168583,682.2303380509408,-13095.98858074562,-249.2992001965193,0.0,1246.496000982596,-65479.94290372809,0.0,-13081.08648616496,-249.2992001965193,624.5744539220709,1245.077597080782,-65479.94290372809,-59.44794120196344,dt_005
1.199999999999996,1,T,0.0,0.0,-0.08426452790049674,0.0,0.04750225483270757,0.0,0.0,0.0,-0.1235960208140482,0.0,-0.04183292799099066,0.0,32.04766860799867,0.0,1.399746991034636,0.0,-0.04183292799099066,0.0,0.0,10.0,0.0,-31.83850396804371,10.0,-1.399746991034636,33.37199926469997,0.9540484438917526,-0.2996524098146478,0.0,0.0,-1.0,0.0,72.56327274562591,72.56327274562591,-0.4067088845267208,1.213589450168656,682.1353301404203,-13093.87167384776,-249.3031553226882,0.0,1246.515776613441,-65469.35836923881,0.0,-13079.10152509186,-249.3031553226882,621.7545396156523,1245.109681922294,-65469.35836923881,-59.19004417615376,dt_005
1.204999999999996,1,T,0.0,0.0,-0.08487391724349432,0.0,0.04729182120659593,0.0,0.0,0.0,-0.1201548957934846,0.0,-0.04233809724760714,0.0,32.04779977584373,0.0,1.396440330650295,0.0,-0.04233809724760714,0.0,0.0,10.0,0.0,-31.83610928960569,10.0,-1.396440330650295,33.36971463317776,0.9540420000461352,-0.2996729252835001,0.0,0.0,-1.0,0.0,72.56204067637714,72.56204067637714,-0.4067300861801093,1.213552715911886,682.0419360035772,-13091.79074973825,-249.3070535183166,0.0,1246.535267591583,-65458.95374869126,0.0,-13077.15347603402,-249.3070535183166,618.9038690972139,1245.141579115918,-65458.95374869126,-58.92895134257979,dt_005
1.209999999999996,1,T,0.0,0.0,-0.08546584497029745,0.0,0.04707888457160459,0.0,0.0,0.0,-0.1166115914098737,0.0,-0.04283410490678413,0.0,32.0479296493877,0.0,1.393155526781064,0.0,-0.04283410490678413,0.0,0.0,10.0,0.0,-31.83375912485378,10.0,-1.393155526781064,33.36747248472996,0.954035674695527,-0.2996930619955205,0.0,0.0,-1.0,0.0,72.56083134551261,72.56083134551261,-0.4067508965475843,1.213516659602111,681.9502847617667,-13089.74868401581,-249.310888848377,0.0,1246.554444241885,-65448.74342007906,0.0,-13075.24516376673,-249.310888848377,616.0231473640475,1245.173254422273,-65448.74342007906,-58.66471623249994,dt_005
1.214999999999996,1,T,0.0,0.0,-0.08603980292828967,0.0,0.04686349241183081,0.0,0.0,0.0,-0.1129672047623577,0.0,-0.04332028178802276,0.0,32.04805825457197,0.0,1.389893007236825,0.0,-0.04332028178802276,0.0,0.0,10.0,0.0,-31.83145684563186,10.0,-1.389893007236825,33.36527603535333,0.9540294769899024,-0.2997127909088526,0.0,0.0,-1.0,0.0,72.5596464976396,72.5596464976396,-0.4067712856076526,1.213481333254956,681.8605075106353,-13087.74839615371,-249.3146552496373,0.0,1246.573276248186,-65438.74198076853,0.0,-13073.3794552558,-249.3146552496373,613.113121633726,1245.204672788742,-65438.74198076853,-58.39739652775723,dt_005
1.219999999999996,1,T,0.0,0.0,-0.08659528436354721,0.0,0.04664569490329434,0.0,0.0,0.0,-0.1092212844722419,0.0,-0.04379621019732005,0.0,32.0481855419938,0.0,1.386654832888654,0.0,-0.04379621019732005,0.0,0.0,10.0,0.0,-31.8292044910072,10.0,-1.386654832888654,33.36312722947825,0.9540234124960644,-0.2997320943932504,0.0,0.0,-1.0,0.0,72.55848719205436,72.55848719205436,-0.4067912351317675,1.213446768453435,681.7726833498414,-13085.79164703659,-249.3183488049067,0.0,1246.591744024534,-65428.95823518295,0.0,-13071.55805895697,-249.3183488049067,610.1745168143526,1245.235809751202,-65428.95823518295,-58.12705379939205,dt_005
1.224999999999996,1,T,0.0,0.0,-0.08713176644367851,0.0,0.04642554249273698,0.0,0.0,0.0,-0.1053677482738839,0.0,-0.04426221300999608,0.0,32.04831120250461,0.0,1.383448698162221,0.0,-0.04426221300999608,0.0,0.0,10.0,0.0,-31.82700013745463,10.0,-1.383448698162221,33.36102423112241,0.9540174761110392,-0.2997509887802253,0.0,0.0,-1.0,0.0,72.55735244841593,72.55735244841593,-0.4068107619897998,1.213412935968594,681.6867368715914,-13083.87675508528,-249.3219720987385,0.0,1246.609860493693,-65419.38377542638,0.0,-13069.77924486753,-249.3219720987385,607.2078990681771,1245.266673334808,-65419.38377542638,-57.85375149256478,dt_005
1.229999999999996,1,T,0.0,0.0,-0.08764871022156073,0.0,0.04620308574970803,0.0,0.0,0.0,-0.1014062387639945,0.0,-0.04471791630963259,0.0,32.04843519815685,0.0,1.38027658295505,0.0,-0.04471791630963259,0.0,0.0,10.0,0.0,-31.82484561660868,10.0,-1.38027658295505,33.35896878683418,0.9540116728419086,-0.299769458219785,0.0,0.0,-1.0,0.0,72.55624321909698,72.55624321909698,-0.4068298497931615,1.21337986419551,681.6027390940983,-13082.00530115206,-249.3255215637196,0.0,1246.627607818598,-65410.02650576029,0.0,-13068.04454219722,-249.3255215637196,604.2139873588114,1245.297240865019,-65410.02650576029,-57.57755178445915,dt_005
1.234999999999996,1,T,0.0,0.0,-0.08814558206455872,0.0,0.04597837784785067,0.0,0.0,0.0,-0.09733923822512126,0.0,-0.04516265241731166,0.0,32.04855761987825,0.0,1.377137713990602,0.0,-0.04516265241731166,0.0,0.0,10.0,0.0,-31.82274435779169,10.0,-1.377137713990602,33.35696416734237,0.9540060120023532,-0.2997874731595134,0.0,0.0,-1.0,0.0,72.55516127942441,72.55516127942441,-0.4068484679917311,1.213347606065715,681.5208233075847,-13080.18025343693,-249.3289909769516,0.0,1246.644954884758,-65400.90126718463,0.0,-13066.35686495761,-249.3289909769516,601.1935960874347,1245.327476289413,-65400.90126718463,-57.29851951195357,dt_005
1.239999999999996,1,T,0.0,0.0,-0.08862186427970124,0.0,0.04575147561720724,0.0,0.0,0.0,-0.09317064546742704,0.0,-0.04559562658871783,0.0,32.04867861774947,0.0,1.37403002006409,0.0,-0.04559562658871783,0.0,0.0,10.0,0.0,-31.82070048480588,10.0,-1.37403002006409,33.355014305854,0.9540005047823096,-0.2998049980822506,0.0,0.0,-1.0,0.0,72.55410876298879,72.55410876298879,-0.4068665798703255,1.213316225192408,681.4411498480316,-13078.40518260613,-249.3323729296213,0.0,1246.661864648106,-65392.02591303067,0.0,-13064.71972739832,-249.3323729296213,598.1476113370859,1245.357337462282,-65392.02591303067,-57.01672383388484,dt_005
1.244999999999995,1,T,0.0,0.0,-0.0890770618167128,0.0,0.04552244004955674,0.0,0.0,0.0,-0.08890562666593459,0.0,-0.04601596831037129,0.0,32.04879839188659,0.0,1.370950297170908,0.0,-0.04601596831037129,0.0,0.0,10.0,0.0,-31.81871855033474,10.0,-1.370950297170908,33.35312354466094,0.9539951635332868,-0.299821993781472,0.0,0.0,-1.0,0.0,72.55308802499509,72.55308802499509,-0.4068841449001843,1.213285791796239,681.3638957385673,-13076.6840309906,-249.3356592592844,0.0,1246.678296296422,-65383.42015495301,0.0,-13063.13701324627,-249.3356592592844,595.0769862126876,1245.386778281505,-65383.42015495301,-56.73223896659709,dt_005
1.249999999999995,1,T,0.0,0.0,-0.08951070889116788,0.0,0.04529133669762473,0.0,0.0,0.0,-0.08455070994744533,0.0,-0.04642272391629943,0.0,32.04891719467643,0.0,1.367894126743063,0.0,-0.04642272391629943,0.0,0.0,10.0,0.0,-31.81680357509494,10.0,-1.367894126743063,33.35129667248597,0.9539900018742912,-0.2998384170247199,0.0,0.0,-1.0,0.0,72.55210166247922,72.55210166247922,-0.40690111839108,1.213256383308069,681.2892562134065,-13075.02114653006,-249.3388409818632,0.0,1246.694204909316,-65375.10573265031,0.0,-13061.61300947793,-249.3388409818632,591.9827470840133,1245.415748333668,-65375.10573265031,-56.44514467128015,dt_005
1.254999999999995,1,T,0.0,0.0,-0.08992237286725009,0.0,0.04505823578714211,0.0,0.0,0.0,-0.08011264324442495,0.0,-0.04681497673938206,0.0,32.04903527753676,0.0,1.364857020154366,0.0,-0.04681497673938206,0.0,0.0,10.0,0.0,-31.81496039383985,10.0,-1.364857020154366,33.34953830057619,0.9539850329289318,-0.2998542261626221,0.0,0.0,-1.0,0.0,72.55115217743565,72.55115217743565,-0.4069174572882736,1.213228074325092,681.217419227729,-13073.42071488387,-249.3419093790298,0.0,1246.709546895149,-65367.10357441932,0.0,-13060.15183904871,-249.3419093790298,588.8659689158005,1245.444198327163,-65367.10357441932,-56.15552664446722,dt_005
1.259999999999995,1,T,0.0,0.0,-0.09031165371957862,0.0,0.04482321203860846,0.0,0.0,0.0,-0.07559776567876698,0.0,-0.04719184415280274,0.0,32.0491528626575,0.0,1.361835040979959,0.0,-0.04719184415280274,0.0,0.0,10.0,0.0,-31.81319364189349,10.0,-1.361835040979959,33.34785284987044,0.9539802692879246,-0.2998693812468005,0.0,0.0,-1.0,0.0,72.55024196972846,72.55024196972846,-0.4069331202945037,1.213200936399473,681.148564939175,-13071.88674790233,-249.3448560295261,0.0,1246.72428014763,-65359.43373951165,0.0,-13058.75744956112,-249.3448560295261,585.7277725331155,1245.472080267157,-65359.43373951165,-55.86347630276148,dt_005
1.264999999999995,1,T,0.0,0.0,-0.09067820041463669,0.0,0.04458634541379929,0.0,0.0,0.0,-0.07101911709252719,0.0,-0.04755212382552768,0.0,32.04927045927657,0.0,1.358817726476713,0.0,-0.04755212382552768,0.0,0.0,10.0,0.0,-31.81150984014893,10.0,-1.358817726476713,33.34624654005144,0.953975728630832,-0.2998838261448473,0.0,0.0,-1.0,0.0,72.54937441125807,72.54937441125807,-0.4069480493855444,1.213175070064731,681.0829469648093,-13070.42489390579,-249.3476693315689,0.0,1246.738346657845,-65352.12446952893,0.0,-13057.43542138773,-249.3476693315689,582.569415195275,1245.499330051838,-65352.12446952893,-55.56909093694686,dt_005
1.269999999999995,1,T,0.0,0.0,-0.09102172530011492,0.0,0.04434772158840603,0.0,0.0,0.0,-0.06638924912346758,0.0,-0.04789471907686296,0.0,32.04938853629357,0.0,1.355795284232065,0.0,-0.04789471907686296,0.0,0.0,10.0,0.0,-31.80991494090926,10.0,-1.355795284232065,33.34472504831734,0.953971427109262,-0.2998975095913896,0.0,0.0,-1.0,0.0,72.54855258164534,72.54855258164534,-0.4069621915667658,1.213150567140041,681.0207967355778,-13069.04030684461,-249.3503385939467,0.0,1246.751692969734,-65345.20153422306,0.0,-13056.19083883847,-249.3503385939467,579.3922002923274,1245.525887890379,-65345.20153422306,-55.27247522754976,dt_005
1.274999999999995,1,T,0.0,0.0,-0.09134200184795696,0.0,0.04410743150312728,0.0,0.0,0.0,-0.06171998581816058,0.0,-0.04821862373635057,0.0,32.04950751275982,0.0,1.352758816956546,0.0,-0.04821862373635057,0.0,0.0,10.0,0.0,-31.80841439407806,10.0,-1.352758816956546,33.34329357255208,0.953967379523134,-0.2999103846247486,0.0,0.0,-1.0,0.0,72.5477793020517,72.5477793020517,-0.406975498291151,1.213127511738588,680.962326087553,-13067.73770407044,-249.3528539419882,0.0,1246.764269709941,-65338.68852035218,0.0,-13055.02834821533,-249.3528539419882,576.1974745504101,1245.551697868509,-65338.68852035218,-54.97374066077156,dt_005
1.279999999999995,1,T,0.0,0.0,-0.09163886292128512,0.0,0.04386557093806166,0.0,0.0,0.0,-0.05702325273594384,0.0,-0.04852291061596153,0.0,32.0496277955632,0.0,1.349699480576442,0.0,-0.04852291061596153,0.0,0.0,10.0,0.0,-31.80701324248339,10.0,-1.349699480576442,33.34195692228508,0.9539635995757716,-0.2999224077731384,0.0,0.0,-1.0,0.0,72.54705718404351,72.54705718404351,-0.4069879246184295,1.213105981724461,680.9077309871024,-13066.52144936409,-249.3552061728755,0.0,1246.776030864377,-65332.60724682044,0.0,-13053.95224108138,-249.3552061728755,572.9866265962122,1245.576707259044,-65332.60724682044,-54.67300496267595,dt_005
1.284999999999995,1,T,0.0,0.0,-0.09191220241568852,0.0,0.04362224021235817,0.0,0.0,0.0,-0.05231153575400591,0.0,-0.04880668936431091,0.0,32.04974979961677,0.0,1.346608016235665,0.0,-0.04880668936431091,0.0,0.0,10.0,0.0,-31.80571635279522,10.0,-1.346608016235665,33.34071973899881,0.9539601004951284,-0.2999335370766741,0.0,0.0,-1.0,0.0,72.54638874838072,72.54638874838072,-0.4069994271709436,1.213086052254347,680.8572005376096,-13065.39575361808,-249.3573863808317,0.0,1246.786931904159,-65326.97876809042,0.0,-13052.96665499775,-249.3573863808317,569.7610921942603,1245.600864675319,-65326.97876809042,-54.37039163995685,dt_005
1.289999999999994,1,T,0.0,0.0,-0.09216197666735776,0.0,0.04337754390972263,0.0,0.0,0.0,-0.04759733082837027,0.0,-0.04906914393991464,0.0,32.04987392359772,0.0,1.343475291192989,0.0,-0.04906914393991464,0.0,0.0,10.0,0.0,-31.80452820389814,10.0,-1.343475291192989,33.33958629426215,0.9539568944612792,-0.2999437339065312,0.0,0.0,-1.0,0.0,72.54577631574685,72.54577631574685,-0.4070099660139835,1.213067792519637,680.8109087419384,-13064.3644913535,-249.3593863242104,0.0,1246.796931621052,-65321.82245676752,0.0,-13052.07539044813,-249.3593863242104,566.522342892709,1245.624121928599,-65321.82245676752,-54.0660297162469,dt_005
1.294999999999994,1,T,0.0,0.0,-0.09238820445753326,0.0,0.0431315905833868,0.0,0.0,0.0,-0.04289311479082088,0.0,-0.04930950635289495,0.0,32.05000054899837,0.0,1.340292318545956,0.0,-0.04930950635289495,0.0,0.0,10.0,0.0,-31.8034530172339,10.0,-1.340292318545956,33.33856061409076,0.9539539929564912,-0.2999529618496317,0.0,0.0,-1.0,0.0,72.54522207372565,72.54522207372565,-0.4070195035032426,1.213051267743339,680.7690195893848,-13063.43131407565,-249.3611982182264,0.0,1246.805991091132,-65317.15657037825,0.0,-13051.2820243199,-249.3611982182264,563.2718874899899,1245.646433017087,-65317.15657037825,-53.76005331608563,dt_005
1.299999999999994,1,T,0.0,0.0,-0.09259096672824804,0.0,0.04288449238610001,0.0,0.0,0.0,-0.03821127255262612,0.0,-0.04952710121652966,0.0,32.05013003747177,0.0,1.337050318107853,0.0,-0.04952710121652966,0.0,0.0,10.0,0.0,-31.80249453138913,10.0,-1.337050318107853,33.33764626393164,0.9539514061554066,-0.2999611886463355,0.0,0.0,-1.0,0.0,72.5447279604114,72.5447279604114,-0.4070280062876713,1.21303653570991,680.731678281659,-13062.59945484167,-249.3628151260647,0.0,1246.814075630323,-65312.99727420838,0.0,-13050.58971492353,-249.3628151260647,560.011259138846,1245.667756107447,-65312.99727420838,-53.45260128503548,dt_005
1.304999999999994,1,T,0.0,0.0,-0.09277029714466774,0.0,0.04263639686007185,0.0,0.0,0.0,-0.03348240335031098,0.0,-0.0496971230178728,0.0,32.0502592064426,0.0,1.33382335480665,0.0,-0.0496971230178728,0.0,0.0,10.0,0.0,-31.80177359135324,10.0,-1.33382335480665,33.33695852287207,0.9539494603124772,-0.2999673768421053,0.0,0.0,-1.0,0.0,72.54435628753609,72.54435628753609,-0.4070344020965789,1.213025454249311,680.7035921778617,-13061.9737781932,-249.3640323500388,0.0,1246.820161750194,-65309.868890966,0.0,-13050.10314153144,-249.3640323500388,556.7467805007958,1245.687059711097,-65309.868890966,-53.14381445756678,dt_005
1.309999999999994,1,T,0.0,0.0,-0.09292559839304558,0.0,0.04238765980235857,0.0,0.0,0.0,-0.02861009342070829,0.0,-0.04978680422384189,0.0,32.05038352228254,0.0,1.330719159964906,0.0,-0.04978680422384189,0.0,0.0,10.0,0.0,-31.80144950116334,10.0,-1.330719159964906,33.33664935735207,0.9539485855422312,-0.2999701587524602,0.0,0.0,-1.0,0.0,72.54418920133075,72.54418920133075,-0.4070372773439038,1.213020472558894,680.6909666047133,-13061.69251792302,-249.364579830249,0.0,1246.822899151245,-65308.46258961509,0.0,-13049.96021374442,-249.364579830249,553.488800658083,1245.702974953855,-65308.46258961509,-52.83408027997217,dt_005
1.314999999999994,1,T,0.0,0.0,-0.09305684272661154,0.0,0.04213848756806622,0.0,0.0,0.0,-0.02385889011861289,0.0,-0.04987095154210301,0.0,32.05051395631608,0.0,1.327480038749415,0.0,-0.04987095154210301,0.0,0.0,10.0,0.0,-31.80115919860557,10.0,-1.327480038749415,33.33637242375144,0.9539478019494386,-0.2999726506797488,0.0,0.0,-1.0,0.0,72.54403953186504,72.54403953186504,-0.4070398528810646,1.213016010150154,680.6796574047216,-13061.44058293356,-249.3650703870013,0.0,1246.825351935007,-65307.2029146678,0.0,-13049.84601132085,-249.3650703870013,550.2264827477388,1245.718551675131,-65307.2029146678,-52.52378737551387,dt_005
1.319999999999994,1,T,0.0,0.0,-0.0931644854489696,0.0,0.04188896183308895,0.0,0.0,0.0,-0.01913814920423101,0.0,-0.04991871221210644,0.0,32.05064650985247,0.0,1.324199169267586,0.0,-0.04991871221210644,0.0,0.0,10.0,0.0,-31.80105294879194,10.0,-1.324199169267586,33.33627106699051,0.953947515152085,-0.2999735627270554,0.0,0.0,-1.0,0.0,72.54398475269458,72.54398475269458,-0.4070407955301779,1.213014376904202,680.6755182992694,-13061.34837619659,-249.3652499654621,0.0,1246.826249827311,-65306.74188098294,0.0,-13049.89077487315,-249.3652499654621,546.966331919791,1245.732516035159,-65306.74188098294,-52.21298450718918,dt_005
1.324999999999994,1,T,0.0,0.0,-0.09324835288090016,0.0,0.04163937393130054,0.0,0.0,0.0,-0.01437553279862787,0.0,-0.04990360079427147,0.0,32.05077776059436,0.0,1.320958162693127,0.0,-0.04990360079427147,0.0,0.0,10.0,0.0,-31.80125975662301,10.0,-1.320958162693127,33.33646835086479,0.9539480733806658,-0.2999717874956178,0.0,0.0,-1.0,0.0,72.54409137621177,72.54409137621177,-0.4070389607348881,1.213017555894069,680.6835747912786,-13061.52785049111,-249.3649004464418,0.0,1246.824502232209,-65307.63925245557,0.0,-13050.20620331251,-249.3649004464418,543.7166910980419,1245.74376288307,-65307.63925245557,-51.90199037152994,dt_005
1.329999999999994,1,T,0.0,0.0,-0.09330822947074656,0.0,0.04139004562878257,0.0,0.0,0.0,-0.009561003242855855,0.0,-0.04982079887124534,0.0,32.05090689992969,0.0,1.317777361876898,0.0,-0.04982079887124534,0.0,0.0,10.0,0.0,-31.80180290557346,10.0,-1.317777361876898,33.33698648715778,0.9539495394349544,-0.299967125218479,0.0,0.0,-1.0,0.0,72.54437140046588,72.54437140046588,-0.4070341420307593,1.213025904842688,680.7047341775261,-13061.99921857688,-249.3639828389227,0.0,1246.819914194613,-65309.99609288439,0.0,-13050.81232602492,-249.3639828389227,540.4823928481297,1245.752080689319,-65309.99609288439,-51.59119973887313,dt_005
1.334999999999994,1,T,0.0,0.0,-0.09334427949770284,0.0,0.041141192534902,0.0,0.0,0.0,-0.004858283751432373,0.0,-0.04971748687565763,0.0,32.05104041956449,0.0,1.314500093958533,0.0,-0.04971748687565763,0.0,0.0,10.0,0.0,-31.8024529851862,10.0,-1.314500093958533,33.33760663087527,0.9539512940239896,-0.29996154525198,0.0,0.0,-1.0,0.0,72.54470654213006,72.54470654213006,-0.4070283748570334,1.213035897121903,680.7300597234246,-13062.56339801223,-249.3628852477513,0.0,1246.814426238756,-65312.81699006115,0.0,-13051.51012467301,-249.3628852477513,537.2578455887149,1245.759397433415,-65312.81699006115,-51.2809631677576,dt_005
1.339999999999993,1,T,0.0,0.0,-0.09335673050816087,0.0,0.04089302810308671,0.0,0.0,0.0,-0.00010157903684624,0.0,-0.04953903236931116,0.0,32.05117118293785,0.0,1.311298853421678,0.0,-0.04953903236931116,0.0,0.0,10.0,0.0,-31.8034760210913,10.0,-1.311298853421678,33.33858255871309,0.953954055037634,-0.2999527644100899,0.0,0.0,-1.0,0.0,72.54523393221378,72.54523393221378,-0.4070192994403987,1.213051621305242,680.7699158022789,-13063.45127922662,-249.361159431528,0.0,1246.80579715764,-65317.2563961331,0.0,-13052.5301900099,-249.361159431528,534.0552065168455,1245.763463316786,-65317.2563961331,-50.97145564788633,dt_005
1.344999999999993,1,T,0.0,0.0,-0.09334602433126872,0.0,0.04064571433651355,0.0,0.0,0.0,0.004356659117239187,0.0,-0.04939208995913677,0.0,32.05131334661893,0.0,1.307826673523124,0.0,-0.04939208995913677,0.0,0.0,10.0,0.0,-31.80435289682324,10.0,-1.307826673523124,33.33941905891086,0.9539564213948912,-0.299945238467712,0.0,0.0,-1.0,0.0,72.54568595000019,72.54568595000019,-0.407011521042843,1.213065098256677,680.8040787012222,-13064.21233612699,-249.3596816142552,0.0,1246.798408071276,-65321.06168063494,0.0,-13053.42229836583,-249.3596816142552,530.8580449972571,1245.768648177797,-65321.06168063494,-50.66305938583886,dt_005
1.349999999999993,1,T,0.0,0.0,-0.09331353868465196,0.0,0.04039912874381269,0.0,0.0,0.0,0.008626531281514648,0.0,-0.04924291923387065,0.0,32.05146241120301,0.0,1.304189629975129,0.0,-0.04924291923387065,0.0,0.0,10.0,0.0,-31.80524781503366,10.0,-1.304189629975129,33.34027277296488,0.953958836258354,-0.2999375580426819,0.0,0.0,-1.0,0.0,72.54614724505753,72.54614724505753,-0.4070035830004601,1.21307885181079,680.8389455026182,-13064.98907759369,-249.3581747537016,0.0,1246.790873768508,-65324.94538796843,0.0,-13054.32891115413,-249.3581747537016,527.6706141598618,1245.77357492878,-65324.94538796843,-50.35556495172445,dt_005
1.354999999999993,1,T,0.0,0.0,-0.09325990988204225,0.0,0.04015338155207971,0.0,0.0,0.0,0.01284068502954612,0.0,-0.04904809425002808,0.0,32.05161277726101,0.0,1.300523790771762,0.0,-0.04904809425002808,0.0,0.0,10.0,0.0,-31.80637230601086,10.0,-1.300523790771762,33.34134549277481,0.953961870342138,-0.2999279078934303,0.0,0.0,-1.0,0.0,72.5467268423352,72.5467268423352,-0.4069936091937131,1.213096132556367,680.8827580520021,-13065.96511206016,-249.3562832927945,0.0,1246.781416463973,-65329.8255603008,0.0,-13055.43343828287,-249.3562832927945,524.5017141427496,1245.776462368568,-65329.8255603008,-50.04903843598049,dt_005
1.359999999999993,1,T,0.0,0.0,-0.0931854976936908,0.0,0.03990867689647237,0.0,0.0,0.0,0.01691398726784316,0.0,-0.0488342031798446,0.0,32.05176754489825,0.0,1.296750631935289,0.0,-0.0488342031798446,0.0,0.0,10.0,0.0,-31.80759652899903,10.0,-1.296750631935289,33.34251335684806,0.953965173188308,-0.2999174025357674,0.0,0.0,-1.0,0.0,72.54735780215978,72.54735780215978,-0.4069827515316815,1.213114944680954,680.9304581328497,-13067.0277574366,-249.3542265503859,0.0,1246.77113275193,-65335.13878718301,0.0,-13056.62319466062,-249.3542265503859,521.3493706420902,1245.7783967787,-65335.13878718301,-49.74377933995126,dt_005
1.364999999999993,1,T,0.0,0.0,-0.09309132959481238,0.0,0.03966500538131655,0.0,0.0,0.0,0.02072888872942349,0.0,-0.04863946952187503,0.0,32.05193129612493,0.0,1.292752391592336,0.0,-0.04863946952187503,0.0,0.0,10.0,0.0,-31.80873394851556,10.0,-1.292752391592336,33.34359841719916,0.953968241535326,-0.2999076426868745,0.0,0.0,-1.0,0.0,72.54794398419939,72.54794398419939,-0.4069726644132515,1.213132421751808,680.974777687061,-13068.01509861893,-249.3523179521662,0.0,1246.761589760831,-65340.07549309463,0.0,-13057.73640961263,-249.3523179521662,518.2069806640152,1245.780945451084,-65340.07549309463,-49.43983873313001,dt_005
1.369999999999993,1,T,0.0,0.0,-0.09297854087389976,0.0,0.03942231974543771,0.0,0.0,0.0,0.02439307465369144,0.0,-0.04842982372689415,0.0,32.05209967139126,0.0,1.288635149273749,0.0,-0.04842982372689415,0.0,0.0,10.0,0.0,-31.80995055275679,10.0,-1.288635149273749,33.34475902100407,0.9539715231625908,-0.2998972040463972,0.0,0.0,-1.0,0.0,72.54857093275852,72.54857093275852,-0.4069618757777456,1.21315111428015,681.0221844284096,-13069.07122183707,-249.3502789453156,0.0,1246.751394726578,-65345.35610918537,0.0,-13058.91708912941,-249.3502789453156,515.0796644149614,1245.782719990583,-65345.35610918537,-49.13710233146791,dt_005
1.374999999999993,1,T,0.0,0.0,-0.09284772675381428,0.0,0.0391807420733899,0.0,0.0,0.0,0.02792338707074333,0.0,-0.04820147524458945,0.0,32.05227175671809,0.0,1.284419643142442,0.0,-0.04820147524458945,0.0,0.0,10.0,0.0,-31.81126438049515,10.0,-1.284419643142442,33.34601237758061,0.9539750666524276,-0.2998859319899749,0.0,0.0,-1.0,0.0,72.54924793416188,72.54924793416188,-0.4069502258245373,1.213171299138599,681.0733816600277,-13070.21179665479,-249.3480798538756,0.0,1246.740399269378,-65351.05898327396,0.0,-13060.18083928083,-249.3480798538756,511.9695837606517,1245.783567046914,-65351.05898327396,-48.83571691125141,dt_005
1.379999999999993,1,T,0.0,0.0,-0.09269976620372623,0.0,0.03894029099720734,0.0,0.0,0.0,0.03124011414152377,0.0,-0.04798304913109986,0.0,32.05245054854264,0.0,1.280026815583416,0.0,-0.04798304913109986,0.0,0.0,10.0,0.0,-31.81253530288715,10.0,-1.280026815583416,33.34722480803224,0.9539784940432152,-0.2998750288087341,0.0,0.0,-1.0,0.0,72.54990277847386,72.54990277847386,-0.4069389571542577,1.213190823381351,681.1229089684329,-13071.31517613112,-249.3459554038837,0.0,1246.729777019418,-65356.57588065559,0.0,-13061.40610839798,-249.3459554038837,508.8721895129444,1245.784659436456,-65356.57588065559,-48.53575197401333,dt_005
1.384999999999992,1,T,0.0,0.0,-0.09253602810893206,0.0,0.03870081237277847,0.0,0.0,0.0,0.03424199788973605,0.0,-0.04780994959066388,0.0,32.05264002215499,0.0,1.275350538173839,0.0,-0.04780994959066388,0.0,0.0,10.0,0.0,-31.81359027420167,10.0,-1.275350538173839,33.34823122947871,0.9539813387787576,-0.2998659788336941,0.0,0.0,-1.0,0.0,72.55044631756263,72.55044631756263,-0.4069296038428472,1.213207029048745,681.1640222575521,-13072.23111182423,-249.344194044779,0.0,1246.720970223895,-65361.15555912117,0.0,-13062.44284772893,-249.344194044779,505.7796859904626,1245.787446787436,-65361.15555912117,-48.23707104345793,dt_005
1.389999999999992,1,T,0.0,0.0,-0.09235728222528684,0.0,0.03846233538644302,0.0,0.0,0.0,0.03727146856291047,0.0,-0.04757319676853015,0.0,32.05282676067768,0.0,1.270733915108113,0.0,-0.04757319676853015,0.0,0.0,10.0,0.0,-31.81496077683503,10.0,-1.270733915108113,33.34953866594786,0.953985033961512,-0.299854222877472,0.0,0.0,-1.0,0.0,72.55115237473984,72.55115237473984,-0.4069174538930302,1.213228080207735,681.2174341543254,-13073.42104742683,-249.341908740838,0.0,1246.70954370419,-65367.10523713416,0.0,-13063.75214864893,-249.341908740838,502.7103360519687,1245.787496725071,-65367.10523713416,-47.93953865641667,dt_005
1.394999999999992,1,T,0.0,0.0,-0.09216392848360903,0.0,0.03822498704123688,0.0,0.0,0.0,0.04004470427338759,0.0,-0.04737189688289561,0.0,32.05302148334538,0.0,1.265897403896794,0.0,-0.04737189688289561,0.0,0.0,10.0,0.0,-31.8161619989309,10.0,-1.265897403896794,33.35068461579484,0.953988272368562,-0.2998439197036457,0.0,0.0,-1.0,0.0,72.55177117624389,72.55177117624389,-0.4069068054534087,1.213246529830889,681.2642506596065,-13074.46405463177,-249.3399083689722,0.0,1246.699541844861,-65372.32027315885,0.0,-13064.91334344885,-249.3399083689722,499.6495211950361,1245.788845451778,-65372.32027315885,-47.64346948020267,dt_005
1.399999999999992,1,T,0.0,0.0,-0.09195704364092418,0.0,0.03798864481384555,0.0,0.0,0.0,0.04270732768709633,0.0,-0.04716296911472045,0.0,32.05321864802334,0.0,1.260982588499686,0.0,-0.04716296911472045,0.0,0.0,10.0,0.0,-31.81740380244974,10.0,-1.260982588499686,33.35186928386688,0.9539916198292548,-0.2998332691606358,0.0,0.0,-1.0,0.0,72.55241083829324,72.55241083829324,-0.4068957980420399,1.213265601413099,681.3126506459878,-13075.54234635567,-249.3378430278782,0.0,1246.689215139391,-65377.71173177837,0.0,-13066.10858059689,-249.3378430278782,496.6026695384095,1245.789751567014,-65377.71173177837,-47.3486434385278,dt_005
1.404999999999992,1,T,0.0,0.0,-0.091737027912638,0.0,0.03775338370692276,0.0,0.0,0.0,0.04529691004721362,0.0,-0.04693948443089885,0.0,32.05341667886916,0.0,1.256029415063534,0.0,-0.04693948443089885,0.0,0.0,10.0,0.0,-31.81871925671466,10.0,-1.256029415063534,33.35312421854398,0.9539951654371196,-0.29982198772372,0.0,0.0,-1.0,0.0,72.55308838881625,72.55308838881625,-0.406884138639489,1.2132858026436,681.3639232717951,-13076.68464440288,-249.3356580868005,0.0,1246.678290434003,-65383.42322201439,0.0,-13067.36653437437,-249.3356580868005,493.5718240285856,1245.7899394646,-65383.42322201439,-47.0551439083394,dt_005
1.409999999999992,1,T,0.0,0.0,-0.09150421120635842,0.0,0.03751927391578219,0.0,0.0,0.0,0.04782756732279535,0.0,-0.04670247726619882,0.0,32.05361492311972,0.0,1.251054238314765,0.0,-0.04670247726619882,0.0,0.0,10.0,0.0,-31.82010253678872,10.0,-1.251054238314765,33.35444386362555,0.9539988934275084,-0.2998101254779256,0.0,0.0,-1.0,0.0,72.553800819357,72.553800819357,-0.406871879015768,1.213307043825003,681.4178418391957,-13077.8858994325,-249.3333637005605,0.0,1246.666818502803,-65389.42949716251,0.0,-13068.6821359037,-249.3333637005605,490.5576717237678,1245.789457537511,-65389.42949716251,-46.76306068143245,dt_005
1.414999999999992,1,T,0.0,0.0,-0.09125885025701042,0.0,0.03728638022018252,0.0,0.0,0.0,0.05031444872197013,0.0,-0.04645307500820232,0.0,32.05381271115549,0.0,1.2460742724932,0.0,-0.04645307500820232,0.0,0.0,10.0,0.0,-31.82154733611447,10.0,-1.2460742724932,33.35582220339613,0.9540027867421166,-0.2997977366296745,0.0,0.0,-1.0,0.0,72.55454487396155,72.55454487396155,-0.4068590751998757,1.213329227880747,681.4741608545519,-13079.140643268,-249.330970790743,0.0,1246.654853953715,-65395.70321633998,0.0,-13070.0499009901,-249.330970790743,487.5608187840925,1245.7883583409,-65395.70321633998,-46.47247689378502,dt_005
1.419999999999992,1,T,0.0,0.0,-0.091001126782969,0.0,0.03705476158023501,0.0,0.0,0.0,0.05277242050674782,0.0,-0.04619248140535742,0.0,32.05400940666561,0.0,1.241106263142287,0.0,-0.04619248140535742,0.0,0.0,10.0,0.0,-31.82304699963883,10.0,-1.241106263142287,33.35725288960741,0.954006827389357,-0.2997848783619571,0.0,0.0,-1.0,0.0,72.55531711794458,72.55531711794458,-0.4068457862964509,1.213352252405375,681.5326212089984,-13080.44310428479,-249.3284908130415,0.0,1246.642454065207,-65402.21552142395,0.0,-13071.46404552064,-249.3284908130415,484.5817898896274,1245.786697439557,-65402.21552142395,-46.18346847481255,dt_005
1.424999999999992,1,T,0.0,0.0,-0.09073114815798228,0.0,0.03682447085220038,0.0,0.0,0.0,0.05521634104764627,0.0,-0.04592193316053847,0.0,32.05420439621236,0.0,1.236166752833656,0.0,-0.04592193316053847,0.0,0.0,10.0,0.0,-31.82459473040967,10.0,-1.236166752833656,33.35872943855654,0.954010997002371,-0.2997716090602013,0.0,0.0,-1.0,0.0,72.55611404444912,72.55611404444912,-0.4068320726520742,1.213376012841628,681.5929582248267,-13081.7873866526,-249.3259354054244,0.0,1246.629677027122,-65408.93693326299,0.0,-13072.91866461737,-249.3259354054244,481.6210313948253,1245.784531653662,-65408.93693326299,-45.89610372584057,dt_005
1.429999999999992,1,T,0.0,0.0,-0.09044894714383372,0.0,0.03659555467787702,0.0,0.0,0.0,0.0576612140814502,0.0,-0.04564267751105968,0.0,32.05439708339614,0.0,1.231272230754394,0.0,-0.04564267751105968,0.0,0.0,10.0,0.0,-31.82618369584084,10.0,-1.231272230754394,33.36024533245229,0.9540152771263004,-0.2997579873992163,0.0,0.0,-1.0,0.0,72.55693212928888,72.55693212928888,-0.4068179949115313,1.213400404115572,681.6549057928607,-13083.16756249521,-249.3233162052851,0.0,1246.616581026425,-65415.83781247603,0.0,-13074.40782468894,-249.3233162052851,478.6789133014407,1245.781918140501,-65415.83781247603,-45.61044314833182,dt_005
1.434999999999991,1,T,0.0,0.0,-0.09015448538901856,0.0,0.0363680532049912,0.0,0.0,0.0,0.06012048383746741,0.0,-0.04535606276745041,0.0,32.0545869509825,0.0,1.226437419981709,0.0,-0.04535606276745041,0.0,0.0,10.0,0.0,-31.82780663714525,10.0,-1.226437419981709,33.36179364679764,0.9540196481672192,-0.2997440756894044,0.0,0.0,-1.0,0.0,72.55776762998906,72.55776762998906,-0.4068036174759541,1.213425314644978,681.7181811405482,-13084.57733250849,-249.3206454858673,0.0,1246.603227429336,-65422.88666254247,0.0,-13075.92522431053,-249.3206454858673,475.7557131919476,1245.778917577397,-65422.88666254247,-45.32653921189567,dt_005
1.439999999999991,1,T,0.0,0.0,-0.0898476576178743,0.0,0.03614199971709717,0.0,0.0,0.0,0.06260747950095935,0.0,-0.0450634844743946,0.0,32.05477350700983,0.0,1.221676709053099,0.0,-0.0450634844743946,0.0,0.0,10.0,0.0,-31.82945608463785,10.0,-1.221676709053099,33.36336725577755,0.9540240899732904,-0.2997299380286111,0.0,0.0,-1.0,0.0,72.55861669678919,72.55861669678919,-0.4067890065926633,1.213450629648889,681.7824932193827,-13086.01021280683,-249.317935792401,0.0,1246.589678962005,-65430.05106403414,0.0,-13077.46438101135,-249.317935792401,472.8516184427514,1245.775592350338,-65430.05106403414,-45.04443582462878,dt_005
1.444999999999991,1,T,0.0,0.0,-0.08952829347644559,0.0,0.03591742068885519,0.0,0.0,0.0,0.0651348844882007,0.0,-0.04476627980484774,0.0,32.05495630327129,0.0,1.217003623329861,0.0,-0.04476627980484774,0.0,0.0,10.0,0.0,-31.83112490424705,10.0,-1.217003623329861,33.36495935363592,0.954028583307064,-0.2997156356166895,0.0,0.0,-1.0,0.0,72.55947565404065,72.55947565404065,-0.4067742255128342,1.213476239537507,681.8475640102384,-13087.46000959673,-249.3151990398135,0.0,1246.575995199068,-65437.30004798363,0.0,-13079.01910550884,-249.3151990398135,469.9667440662932,1245.77200203263,-65437.30004798363,-44.76416823931577,dt_005
1.449999999999991,1,T,0.0,0.0,-0.0891961608260117,0.0,0.03569433637106733,0.0,0.0,0.0,0.06771472737488712,0.0,-0.04446560152630216,0.0,32.05513493383197,0.0,1.212430834638239,0.0,-0.04446560152630216,0.0,0.0,10.0,0.0,-31.83280692620045,10.0,-1.212430834638239,33.3665640544656,0.9540331115376,-0.2997012213686909,0.0,0.0,-1.0,0.0,72.56034132371727,72.56034132371727,-0.4067593289244722,1.213502049557691,681.9131530404629,-13088.92136543708,-249.3124454863561,0.0,1246.562227431781,-65444.60682718541,0.0,-13080.58404726216,-249.3124454863561,467.1011593928069,1245.768198219994,-65444.60682718541,-44.4857636035787,dt_005
1.454999999999991,1,T,0.0,0.0,-0.08885097007873595,0.0,0.03547276172434911,0.0,0.0,0.0,0.07035796114023354,0.0,-0.0441624126720977,0.0,32.05530904774611,0.0,1.207969770662509,0.0,-0.0441624126720977,0.0,0.0,10.0,0.0,-31.83449698438563,10.0,-1.207969770662509,33.36817642977898,0.9540376607447856,-0.2996867395808791,0.0,0.0,-1.0,0.0,72.56121104546287,72.56121104546287,-0.4067443626074304,1.213527980390681,681.9790589274252,-13090.38979366174,-249.3096836814352,0.0,1246.548418407176,-65451.94896830869,0.0,-13082.15472838549,-249.3096836814352,464.2549004422306,1245.764224219119,-65451.94896830869,-44.20924212388643,dt_005
1.459999999999991,1,T,0.0,0.0,-0.08849237950759853,0.0,0.03525270750608704,0.0,0.0,0.0,0.07307448573409815,0.0,-0.04385743202943993,0.0,32.05547834545383,0.0,1.203630672282109,0.0,-0.04385743202943993,0.0,0.0,10.0,0.0,-31.83619118530663,10.0,-1.203630672282109,33.3697927651251,0.9540422204413196,-0.2996722236300802,0.0,0.0,-1.0,0.0,72.56208281474736,72.56208281474736,-0.4067293610559974,1.213553972271229,682.0451298772797,-13091.86191233714,-249.3069200407737,0.0,1246.534600203868,-65459.30956168572,0.0,-13083.72777691955,-249.3069200407737,461.4279913137419,1245.760112869013,-65459.30956168572,-43.93461835501959,dt_005
1.464999999999991,1,T,0.0,0.0,-0.08812000212892657,0.0,0.03503418152102285,0.0,0.0,0.0,0.0758725131129,0.0,-0.0435511234490636,0.0,32.05564259810027,0.0,1.19942199903046,0.0,-0.0435511234490636,0.0,0.0,10.0,0.0,-31.83788698085495,10.0,-1.19942199903046,33.37141062954476,0.954046783766098,-0.2996576953551578,0.0,0.0,-1.0,0.0,72.56295531999717,72.56295531999717,-0.4067143468399502,1.21357998609465,682.111266535987,-13093.335507833,-249.3041587461063,0.0,1246.520793730532,-65466.67753916502,0.0,-13085.3009897748,-249.3041587461063,458.6204614700985,1245.75588597871,-65466.67753916502,-43.66190275279863,dt_005
1.469999999999991,1,T,0.0,0.0,-0.08773341360407116,0.0,0.03481718993111666,0.0,0.0,0.0,0.07875877012858928,0.0,-0.04324367871382206,0.0,32.05580163685247,0.0,1.195350673773663,0.0,-0.04324367871382206,0.0,0.0,10.0,0.0,-31.83958324328336,10.0,-1.195350673773663,33.3730289471299,0.9540513476833088,-0.299643164420052,0.0,0.0,-1.0,0.0,72.56382798083175,72.56382798083175,-0.4066993299465745,1.213606004556845,682.177424927407,-13094.8096003372,-249.3014016428776,0.0,1246.507008214388,-65474.04800168599,0.0,-13086.87339761406,-249.3014016428776,455.8323638189552,1245.751553754572,-65474.04800168599,-43.39110330070219,dt_005
1.474999999999991,1,T,0.0,0.0,-0.0873321595116558,0.0,0.03460173846596267,0.0,0.0,0.0,0.08173856376729845,0.0,-0.04293508024138137,0.0,32.05595534743311,0.0,1.191422186646621,0.0,-0.04293508024138137,0.0,0.0,10.0,0.0,-31.84127994622621,10.0,-1.191422186646621,33.37464769273149,0.9540559121216065,-0.2996286310515228,0.0,0.0,-1.0,0.0,72.564700783631,72.564700783631,-0.406684310610247,1.21363202725173,682.2436040260426,-13096.28416701069,-249.2986487779987,0.0,1246.493243889993,-65481.42083505343,0.0,-13088.44498764871,-249.2986487779987,453.0637796028607,1245.747117432463,-65481.42083505343,-43.12222712369082,dt_005
1.47999999999999,1,T,0.0,0.0,-0.08691576223138153,0.0,0.0343878334427512,0.0,0.0,0.0,0.08485131009563873,0.0,-0.04261653454443691,0.0,32.05610244574858,0.0,1.187676135631774,0.0,-0.04261653454443691,0.0,0.0,10.0,0.0,-31.84301977302639,10.0,-1.187676135631774,33.37630758884736,0.9540605918812508,-0.2996137296907428,0.0,0.0,-1.0,0.0,72.56559568190362,72.56559568190362,-0.4066689110513237,1.213658708725163,682.3114688125269,-13097.79630654281,-249.2958310911664,0.0,1246.479155455832,-65488.98153271405,0.0,-13090.05284638329,-249.2958310911664,450.3160740848805,1245.742232888551,-65488.98153271405,-42.85527019786633,dt_005
1.48499999999999,1,T,0.0,0.0,-0.0864763078402855,0.0,0.03417725405294841,0.0,0.0,0.0,0.09127531557843896,0.0,-0.04152887359113917,0.0,32.05613232299309,0.0,1.187346008812973,0.0,-0.04152887359113917,0.0,0.0,10.0,0.0,-31.8484879550374,10.0,-1.187346008812973,33.38152460601766,0.9540752955692174,-0.2995669046882691,0.0,0.0,-1.0,0.0,72.56840771959395,72.56840771959395,-0.4066205210371381,1.213742549884796,682.5247883260744,-13102.54950516923,-249.287009175104,0.0,1246.43504587552,-65512.74752584616,0.0,-13094.89780626349,-249.287009175104,447.721988432764,1245.707145883779,-65512.74752584616,-42.59143435951196,dt_005
1.48999999999999,1,T,0.0,0.0,-0.08600439989160587,0.0,0.03397216855854134,0.0,0.0,0.0,0.09753643992120416,0.0,-0.04049058719563507,0.0,32.05616249323322,0.0,1.187029247825545,0.0,-0.04049058719563507,0.0,0.0,10.0,0.0,-31.85370955725504,10.0,-1.187029247825545,33.38650644434007,0.9540893297823654,-0.2995222041776484,0.0,0.0,-1.0,0.0,72.57109213221342,72.57109213221342,-0.4065743272164853,1.213822585891327,682.7285226917512,-13107.08925088664,-249.2786331119301,0.0,1246.39316555965,-65535.44625443322,0.0,-13099.5264784525,-249.2786331119301,445.1906007882203,1245.673998420847,-65535.44625443322,-42.33453450820874,dt_005
1.49499999999999,1,T,0.0,0.0,-0.08550459231492204,0.0,0.03377141409391854,0.0,0.0,0.0,0.1023369243033584,0.0,-0.03982018488613362,0.0,32.05623806035203,0.0,1.185391553355462,0.0,-0.03982018488613362,0.0,0.0,10.0,0.0,-31.85713713592136,10.0,-1.185391553355462,33.38977667635559,0.9540985387446588,-0.2994928686384815,0.0,0.0,-1.0,0.0,72.57285380632486,72.57285380632486,-0.4065440120341762,1.213875110365272,682.8622767293514,-13110.06971384131,-249.2731603899599,0.0,1246.3658019498,-65550.34856920657,0.0,-13102.5943519764,-249.2731603899599,442.6614387266266,1245.655124158682,-65550.34856920657,-42.08353510799967,dt_005
1.49999999999999,1,T,0.0,0.0,-0.08498416049766086,0.0,0.03357312047253357,0.0,0.0,0.0,0.1057978544313126,0.0,-0.03950357442781215,0.0,32.05635631330573,0.0,1.182493962368956,0.0,-0.03950357442781215,0.0,0.0,10.0,0.0,-31.85883844116667,10.0,-1.182493962368956,33.39139989309162,0.9541031086797286,-0.2994783097449266,0.0,0.0,-1.0,0.0,72.57372809878362,72.57372809878362,-0.406528967063539,1.213901177474491,682.9286719274698,-13111.54922820124,-249.2704514727282,0.0,1246.352257363641,-65557.7461410062,0.0,-13104.16055193386,-249.2704514727282,440.1129317403109,1245.649907611945,-65557.7461410062,-41.83607416808056,dt_005
1.50499999999999,1,T,0.0,0.0,-0.08444634758621443,0.0,0.03337638045778526,0.0,0.0,0.0,0.1093213169680354,0.0,-0.03919076066332058,0.0,32.05647075819378,0.0,1.179708671691224,0.0,-0.03919076066332058,0.0,0.0,10.0,0.0,-31.86051695487718,10.0,-1.179708671691224,33.39300137202429,0.9541076167405848,-0.2994639472083427,0.0,0.0,-1.0,0.0,72.5745905954863,72.5745905954863,-0.4065141250762423,1.213926892892168,682.9941811371101,-13113.00901227061,-249.2677837287275,0.0,1246.338918643637,-65565.04506135304,0.0,-13105.70585720671,-249.2677837287275,437.5835237620666,1245.644783043142,-65565.04506135304,-41.59055906325887,dt_005
1.50999999999999,1,T,0.0,0.0,-0.08389068866129218,0.0,0.0331812175675417,0.0,0.0,0.0,0.1129360467029486,0.0,-0.03887274062203513,0.0,32.0565804639281,0.0,1.177065155801114,0.0,-0.03887274062203513,0.0,0.0,10.0,0.0,-31.86221676081792,10.0,-1.177065155801114,33.39462317369888,0.9541121813260088,-0.2994494038152781,0.0,0.0,-1.0,0.0,72.57546394880045,72.57546394880045,-0.4064990962665624,1.213952932000705,683.0605248594247,-13114.48740507204,-249.2650870870091,0.0,1246.325435435045,-65572.4370253602,0.0,-13107.26858670858,-249.2650870870091,435.0748138832438,1245.639400467588,-65572.4370253602,-41.34700732947759,dt_005
1.51499999999999,1,T,0.0,0.0,-0.08331493060416498,0.0,0.03298812472310106,0.0,0.0,0.0,0.1179771167283663,0.0,-0.03820347272356255,0.0,32.0566408838859,0.0,1.17591356497809,0.0,-0.03820347272356255,0.0,0.0,10.0,0.0,-31.86562352026808,10.0,-1.17591356497809,33.39787361996962,0.9541213276887978,-0.2994202599180055,0.0,0.0,-1.0,0.0,72.5772140724664,72.5772140724664,-0.406468979846248,1.214005112097067,683.1935019304707,-13117.45068327724,-249.2596974396976,0.0,1246.298487198488,-65587.2534163862,0.0,-13110.31401819765,-249.2596974396976,432.6416212764536,1245.620427481925,-65587.2534163862,-41.1055936946151,dt_005
1.51999999999999,1,T,0.0,0.0,-0.08270422519361392,0.0,0.03280087549476196,0.0,0.0,0.0,0.1266365553784821,0.0,-0.0366060257529655,0.0,32.05657652456361,0.0,1.178565743863265,0.0,-0.0366060257529655,0.0,0.0,10.0,0.0,-31.87354639579878,10.0,-1.178565743863265,33.40543308872282,0.9541425884569305,-0.2993525027333309,0.0,0.0,-1.0,0.0,72.58128290244224,72.58128290244224,-0.4063989627405292,1.21412642463306,683.5028129051468,-13124.3436081623,-249.2472403651037,0.0,1246.236201825518,-65621.7180408115,0.0,-13117.28401734561,-249.2472403651037,430.4127709537191,1245.5658507658,-65621.7180408115,-40.87030886306299,dt_005
1.524999999999989,1,T,0.0,0.0,-0.08205100766489964,0.0,0.0326214184635973,0.0,0.0,0.0,0.1344652934803909,0.0,-0.03521811079939981,0.0,32.05653217103446,0.0,1.180637519832279,0.0,-0.03521811079939981,0.0,0.0,10.0,0.0,-31.88044161703746,10.0,-1.180637519832279,33.41201217672073,0.9541610798061912,-0.2992935578710023,0.0,0.0,-1.0,0.0,72.58482247729135,72.58482247729135,-0.4063380531454167,1.214231957379287,683.7720665896172,-13130.34409215639,-249.2364870247813,0.0,1246.182435123907,-65651.72046078194,0.0,-13123.35833827218,-249.2364870247813,428.2544847730667,1245.519427077392,-65651.72046078194,-40.64502902144339,dt_005
1.529999999999989,1,T,0.0,0.0,-0.08136559744152887,0.0,0.03244707053704238,0.0,0.0,0.0,0.1395837838817655,0.0,-0.03454822317649955,0.0,32.05657147464384,0.0,1.180164308232707,0.0,-0.03454822317649955,0.0,0.0,10.0,0.0,-31.88383035876134,10.0,-1.180164308232707,33.41524559757524,0.95417016360565,-0.299264596778114,0.0,0.0,-1.0,0.0,72.58656153427971,72.58656153427971,-0.4063081271623385,1.214283807521649,683.9044159870912,-13133.29365721302,-249.2312321666626,0.0,1246.156160833313,-65666.4682860651,0.0,-13126.38081662013,-249.2312321666626,426.0621359132147,1245.500234062882,-65666.4682860651,-40.42702230102438,dt_005
1.534999999999989,1,T,0.0,0.0,-0.08065774155350562,0.0,0.03227520734020867,0.0,0.0,0.0,0.1435251415270097,0.0,-0.0342024432561046,0.0,32.0566466419757,0.0,1.178594250966406,0.0,-0.0342024432561046,0.0,0.0,10.0,0.0,-31.88563442569517,10.0,-1.178594250966406,33.41696698877798,0.9541749984791542,-0.299249180913342,0.0,0.0,-1.0,0.0,72.58748722005868,72.58748722005868,-0.4062921978068645,1.214311406927387,683.9748806715598,-13134.86406799952,-249.2284426998548,0.0,1246.142213499274,-65674.32033999759,0.0,-13128.02344008148,-249.2284426998548,423.8568643965054,1245.493223515718,-65674.32033999759,-40.21251597820056,dt_005
1.539999999999989,1,T,0.0,0.0,-0.07992856732427328,0.0,0.03210550410456139,0.0,0.0,0.0,0.1481350069777509,0.0,-0.03367771515471965,0.0,32.05669821500033,0.0,1.177761607176627,0.0,-0.03367771515471965,0.0,0.0,10.0,0.0,-31.88830963922673,10.0,-1.177761607176627,33.41951962023393,0.954182166637724,-0.2992263238261952,0.0,0.0,-1.0,0.0,72.58885972479662,72.58885972479662,-0.4062685795161257,1.214352328281046,684.0793786339103,-13137.19298781777,-249.224316574761,0.0,1246.121582873805,-65685.96493908882,0.0,-13130.42290056296,-249.224316574761,421.7037485486164,1245.479409781428,-65685.96493908882,-40.00048892731608,dt_005
1.544999999999989,1,T,0.0,0.0,-0.07917676278156621,0.0,0.0319382930337702,0.0,0.0,0.0,0.1532854520576433,0.0,-0.03301197783826936,0.0,32.05673023317383,0.0,1.177549174337889,0.0,-0.03301197783826936,0.0,0.0,10.0,0.0,-31.89167034398248,10.0,-1.177549174337889,33.42272635990744,0.9541911692230604,-0.2991976145906396,0.0,0.0,-1.0,0.0,72.59058362022039,72.59058362022039,-0.406238914435783,1.21440372637998,684.2106653641669,-13140.11898716289,-249.2191506458589,0.0,1246.095753229294,-65700.59493581446,0.0,-13133.41773767017,-249.2191506458589,419.601626128101,1245.460264422658,-65700.59493581446,-39.79140560881826,dt_005
1.549999999999989,1,T,0.0,0.0,-0.07839511848974745,0.0,0.03177552971142026,0.0,0.0,0.0,0.1595688920307231,0.0,-0.03203444563854489,0.0,32.05672184433062,0.0,1.178611766941409,0.0,-0.03203444563854489,0.0,0.0,10.0,0.0,-31.89654961613789,10.0,-1.178611766941409,33.42738215018858,0.9542042351036436,-0.2991559421276304,0.0,0.0,-1.0,0.0,72.59308588599461,72.59308588599461,-0.4061958550284618,1.214478331661745,684.4012999165323,-13144.36776600302,-249.211685060566,0.0,1246.05842530283,-65721.8388300151,0.0,-13137.73249351799,-249.211685060566,417.5989663550354,1245.429415423364,-65721.8388300151,-39.5875039170998,dt_005
1.554999999999989,1,T,0.0,0.0,-0.07758124715469988,0.0,0.03161789223350536,0.0,0.0,0.0,0.1661969784168374,0.0,-0.03095497764152022,0.0,32.05669770821236,0.0,1.180183185179167,0.0,-0.03095497764152022,0.0,0.0,10.0,0.0,-31.90192282000476,10.0,-1.180183185179167,33.43250932271672,0.9542186173362716,-0.2991100639043328,0.0,0.0,-1.0,0.0,72.59584065133673,72.59584065133673,-0.4061484505664088,1.214560465241104,684.6112662632935,-13149.04752550987,-249.2035111666572,0.0,1246.017555833286,-65745.23762754934,0.0,-13142.47558007675,-249.2035111666572,415.6759016391629,1245.394791380594,-65745.23762754934,-39.38988508288501,dt_005
1.559999999999989,1,T,0.0,0.0,-0.0767326633081337,0.0,0.03146611982523675,0.0,0.0,0.0,0.1735116884275873,0.0,-0.02967151591660739,0.0,32.05664633068328,0.0,1.18262893849412,0.0,-0.02967151591660739,0.0,0.0,10.0,0.0,-31.90828875110024,10.0,-1.18262893849412,33.43858386689828,0.9542356481994166,-0.2990557267557989,0.0,0.0,-1.0,0.0,72.59910328050961,72.59910328050961,-0.4060923066987428,1.214657740826793,684.860070751949,-13154.59308068152,-249.1938914580734,0.0,1245.969457290367,-65772.96540340762,0.0,-13148.08132686637,-249.1938914580734,413.8556999994406,1245.352680601243,-65772.96540340762,-39.19935483843279,dt_005
1.564999999999989,1,T,0.0,0.0,-0.0758457798028015,0.0,0.03132129166277722,0.0,0.0,0.0,0.1810222158892681,0.0,-0.02831689603910404,0.0,32.05658207150099,0.0,1.18549306468631,0.0,-0.02831689603910404,0.0,0.0,10.0,0.0,-31.91499759130547,10.0,-1.18549306468631,33.44498574155824,0.954253586409767,-0.298998482979592,0.0,0.0,-1.0,0.0,72.60254037275995,72.60254037275995,-0.4060331606413046,1.214760218045012,685.1223311424834,-13160.43874629734,-249.1838291137006,0.0,1245.919145568503,-65802.1937314867,0.0,-13153.98392541802,-249.1838291137006,412.1345470699436,1245.3080576656,-65802.1937314867,-39.01741671713753,dt_005
1.569999999999989,1,T,0.0,0.0,-0.07492554638771254,0.0,0.03118208333091924,0.0,0.0,0.0,0.1871357613547894,0.0,-0.02734306253468579,0.0,32.05655618920796,0.0,1.18714108343665,0.0,-0.02734306253468579,0.0,0.0,10.0,0.0,-31.91984087653453,10.0,-1.18714108343665,33.44960749520516,0.9542665300664616,-0.298957170168094,0.0,0.0,-1.0,0.0,72.60502088079112,72.60502088079112,-0.4059904756448593,1.214834174617687,685.3116979697621,-13164.65977132631,-249.1766130348578,0.0,1245.883065174289,-65823.29885663155,0.0,-13158.26014362219,-249.1766130348578,410.4349979486084,1245.277414293941,-65823.29885663155,-38.84293420273463,dt_005
1.574999999999988,1,T,0.0,0.0,-0.0739780406041403,0.0,0.03104682726850405,0.0,0.0,0.0,0.1922106781812827,0.0,-0.02665449122812403,0.0,32.05655892925621,0.0,1.187877700179101,0.0,-0.02665449122812403,0.0,0.0,10.0,0.0,-31.92328647311559,10.0,-1.187877700179101,33.45289552855784,0.954275735141179,-0.2989277861302998,0.0,0.0,-1.0,0.0,72.6067851397035,72.6067851397035,-0.4059601159828637,1.214886776157708,685.4464342873206,-13167.66313448971,-249.1715039909974,0.0,1245.857519954987,-65838.31567244856,0.0,-13161.31745288434,-249.1715039909974,408.7484896626862,1245.257123736877,-65838.31567244856,-38.67370955767055,dt_005
1.579999999999988,1,T,0.0,0.0,-0.0730004918103006,0.0,0.03091643020257989,0.0,0.0,0.0,0.1984629262639236,0.0,-0.02560079773967176,0.0,32.05652028608753,0.0,1.189946869155043,0.0,-0.02560079773967176,0.0,0.0,10.0,0.0,-31.92851629738917,10.0,-1.189946869155043,33.45788625948516,0.9542897016794532,-0.2988831966982087,0.0,0.0,-1.0,0.0,72.60946231934844,72.60946231934844,-0.4059140466284448,1.214966596512445,685.6509686834958,-13172.22244431094,-249.1637884192344,0.0,1245.818942096172,-65861.11222155472,0.0,-13165.92777163654,-249.1637884192344,407.1732241427285,1245.223596664888,-65861.11222155472,-38.51013885439414,dt_005
1.584999999999988,1,T,0.0,0.0,-0.07199790707107394,0.0,0.03078953658733253,0.0,0.0,0.0,0.2027488469855505,0.0,-0.02509898831013962,0.0,32.0565390839964,0.0,1.190162981199548,0.0,-0.02509898831013962,0.0,0.0,10.0,0.0,-31.9310441424457,10.0,-1.190162981199548,33.46029856451995,0.9542964501907996,-0.298861648849829,0.0,0.0,-1.0,0.0,72.61075605268972,72.61075605268972,-0.4058917838490544,1.215005169289745,685.7498427664249,-13174.42650617889,-249.1600759753823,0.0,1245.800379876912,-65872.13253089444,0.0,-13168.18235055006,-249.1600759753823,405.5704000179132,1245.209919908825,-65872.13253089444,-38.35155618896787,dt_005
1.589999999999988,1,T,0.0,0.0,-0.07096929533858956,0.0,0.03066659041964028,0.0,0.0,0.0,0.2088953087829493,0.0,-0.02401509992113426,0.0,32.05649670621024,0.0,1.192365315419857,0.0,-0.02401509992113426,0.0,0.0,10.0,0.0,-31.93642120660457,10.0,-1.192365315419857,33.46542991634296,0.9543108003225832,-0.2988158235229025,0.0,0.0,-1.0,0.0,72.61350737601879,72.61350737601879,-0.4058444386177369,1.215087200245171,685.960187184968,-13179.1155147431,-249.1522157259705,0.0,1245.761078629852,-65895.57757371548,0.0,-13172.91891822474,-249.1522157259705,404.0951927688746,1245.175342906244,-65895.57757371548,-38.19725706552504,dt_005
1.594999999999988,1,T,0.0,0.0,-0.06991216325026524,0.0,0.03054849858702851,0.0,0.0,0.0,0.2138651991640267,0.0,-0.02324323674118324,0.0,32.05648549221369,0.0,1.193547268255141,0.0,-0.02324323674118324,0.0,0.0,10.0,0.0,-31.94026930850777,10.0,-1.193547268255141,33.46910222130261,0.954321065958508,-0.2987830367805666,0.0,0.0,-1.0,0.0,72.61547584567796,72.61547584567796,-0.4058105648631073,1.215145890347191,686.1107421437522,-13182.47177223234,-249.1466211107312,0.0,1245.733105553656,-65912.35886116169,0.0,-13176.32123827705,-249.1466211107312,402.6420885000084,1245.151884983089,-65912.35886116169,-38.04935735878207,dt_005
1.599999999999988,1,T,0.0,0.0,-0.06882691572025619,0.0,0.03043535289601457,0.0,0.0,0.0,0.2203572771338386,0.0,-0.02197280889013678,0.0,32.0564227735704,0.0,1.196409278781768,0.0,-0.02197280889013678,0.0,0.0,10.0,0.0,-31.94655872911972,10.0,-1.196409278781768,33.47510440063026,0.9543378370619284,-0.2987294641510281,0.0,0.0,-1.0,0.0,72.61869222505754,72.61869222505754,-0.4057552168696082,1.215241786991083,686.3568514627709,-13187.95832352513,-249.1375320793117,0.0,1245.687660396558,-65939.79161762567,0.0,-13181.85072151634,-249.1375320793117,401.3182013003155,1245.110758023172,-65939.79161762567,-37.90709061921858,dt_005
1.604999999999988,1,T,0.0,0.0,-0.06771286514145679,0.0,0.03032756649266714,0.0,0.0,0.0,0.2254270720667548,0.0,-0.02108668300793595,0.0,32.05639781303451,0.0,1.198021488934674,0.0,-0.02108668300793595,0.0,0.0,10.0,0.0,-31.95096439799483,10.0,-1.198021488934674,33.47930892300398,0.9543495796605586,-0.2986919480028125,0.0,0.0,-1.0,0.0,72.62094457600536,72.62094457600536,-0.4057164580383556,1.215308941039556,686.5292771516845,-13191.80233913564,-249.1312059091495,0.0,1245.656029545747,-65959.01169567821,0.0,-13185.73614954663,-249.1312059091495,400.0139364620345,1245.083220353822,-65959.01169567821,-37.77192524921588,dt_005
1.609999999999988,1,T,0.0,0.0,-0.06656977775096069,0.0,0.0302254709338693,0.0,0.0,0.0,0.2316393649729114,0.0,-0.01979675042806455,0.0,32.05633221774809,0.0,1.200958122260531,0.0,-0.01979675042806455,0.0,0.0,10.0,0.0,-31.95734846560776,10.0,-1.200958122260531,33.48540160954148,0.9543665875132192,-0.2986376008448576,0.0,0.0,-1.0,0.0,72.62420735842639,72.62420735842639,-0.4056603115335699,1.215406221194352,686.7791740832733,-13197.37363194743,-249.1220982729233,0.0,1245.610491364617,-65986.86815973713,0.0,-13191.34566856936,-249.1220982729233,398.8360985890181,1245.041552829217,-65986.86815973713,-37.64343138204428,dt_005
1.614999999999988,1,T,0.0,0.0,-0.06539952430150414,0.0,0.0301287836185838,0.0,0.0,0.0,0.2366004082812711,0.0,-0.01883035583146506,0.0,32.05629873773827,0.0,1.202817467752807,0.0,-0.01883035583146506,0.0,0.0,10.0,0.0,-31.96214695858095,10.0,-1.202817467752807,33.48998116156421,0.9543793651118344,-0.2985967639622564,0.0,0.0,-1.0,0.0,72.62665900058228,72.62665900058228,-0.4056181232659271,1.21547931712833,686.9670383986795,-13201.56206589938,-249.115298883345,0.0,1245.576494416725,-66007.81032949689,0.0,-13195.57070238536,-249.115298883345,397.6868342584399,1245.01120513313,-66007.81032949689,-37.52202734938749,dt_005
1.619999999999987,1,T,0.0,0.0,-0.06420697624679453,0.0,0.03003629895741662,0.0,0.0,0.0,0.2407405562074504,0.0,-0.01805843316312655,0.0,32.05628550678538,0.0,1.203991027174699,0.0,-0.01805843316312655,0.0,0.0,10.0,0.0,-31.96599334096975,10.0,-1.203991027174699,33.49365208923808,0.954389603612107,-0.2985640375482709,0.0,0.0,-1.0,0.0,72.62862370708213,72.62862370708213,-0.4055843142683717,1.215537895031411,687.1176472933898,-13204.91996403034,-249.1098772716286,0.0,1245.549386358143,-66024.59982015169,0.0,-13198.96380941567,-249.1098772716286,396.5672883414287,1244.987574189227,-66024.59982015169,-37.4060686462972,dt_005
1.624999999999987,1,T,0.0,0.0,-0.06298900901317898,0.0,0.02994932047189838,0.0,0.0,0.0,0.2461203602356241,0.0,-0.01682970312077488,0.0,32.05622900945499,0.0,1.206580206928413,0.0,-0.01682970312077488,0.0,0.0,10.0,0.0,-31.97208049385111,10.0,-1.206580206928413,33.49946165396236,0.9544057998337836,-0.2985122597878281,0.0,0.0,-1.0,0.0,72.63173210428376,72.63173210428376,-0.4055308244502237,1.215630572176842,687.3560328019931,-13210.23501802058,-249.1013493203739,0.0,1245.50674660187,-66051.17509010289,0.0,-13204.31092277921,-249.1013493203739,395.5784194198691,1244.94820236851,-66051.17509010289,-37.29650453042255,dt_005
1.629999999999987,1,T,0.0,0.0,-0.06175095279373657,0.0,0.02986652776924111,0.0,0.0,0.0,0.2490311759163523,0.0,-0.01630480918528253,0.0,32.05624187259104,0.0,1.206835698499057,0.0,-0.01630480918528253,0.0,0.0,10.0,0.0,-31.97471782666463,10.0,-1.206835698499057,33.50197874894593,0.9544128144272864,-0.2984898317480614,0.0,0.0,-1.0,0.0,72.63307852034627,72.63307852034627,-0.4055076550977684,1.21567071569427,687.4593303080802,-13212.53819475977,-249.097674310524,0.0,1245.48837155262,-66062.69097379885,0.0,-13206.64577811809,-249.097674310524,394.5539751432414,1244.932919125586,-66062.69097379885,-37.19288305903765,dt_005
1.634999999999987,1,T,0.0,0.0,-0.06049775735489803,0.0,0.02978673563532182,0.0,0.0,0.0,0.2526159419003091,0.0,-0.0154897589993362,0.0,32.0562313038515,0.0,1.2078610345259,0.0,-0.0154897589993362,0.0,0.0,10.0,0.0,-31.97878250885482,10.0,-1.2078610345259,33.50585815568135,0.9544236222892384,-0.2984552717180405,0.0,0.0,-1.0,0.0,72.63515323331984,72.63515323331984,-0.4054719530904422,1.215732573450375,687.6185500835412,-13216.08830475418,-249.0920338273038,0.0,1245.460169136519,-66080.44152377087,0.0,-13210.22575357372,-249.0920338273038,393.6059179911499,1244.907692956245,-66080.44152377087,-37.09270715284545,dt_005
1.639999999999987,1,T,0.0,0.0,-0.05922433808102546,0.0,0.02971195785292884,0.0,0.0,0.0,0.2564154810928178,0.0,-0.0145236285511598,0.0,32.0562086602574,0.0,1.209261799460798,0.0,-0.0145236285511598,0.0,0.0,10.0,0.0,-31.9835905175016,10.0,-1.209261799460798,33.51044706343409,0.9544364017871142,-0.2984144013677393,0.0,0.0,-1.0,0.0,72.6376067380814,72.6376067380814,-0.40542973277077,1.21580572491811,687.8069132146212,-13220.28831607655,-249.0853986094154,0.0,1245.426993047077,-66101.44158038273,0.0,-13214.45330719029,-249.0853986094154,392.7428577041837,1244.877301739454,-66101.44158038273,-36.99863003111871,dt_005
1.644999999999987,1,T,0.0,0.0,-0.05793533776777231,0.0,0.02964112943284113,0.0,0.0,0.0,0.2594029295142203,0.0,-0.01373178704573067,0.0,32.05620569157334,0.0,1.2099774419526,0.0,-0.01373178704573067,0.0,0.0,10.0,0.0,-31.98754675634468,10.0,-1.2099774419526,33.51422306259445,0.9544469133776908,-0.2983807794476697,0.0,0.0,-1.0,0.0,72.63962508472795,72.63962508472795,-0.4053950007246122,1.215865902107047,687.9619278372192,-13223.74481848381,-249.0799687470602,0.0,1245.399843735301,-66118.72409241904,0.0,-13217.93607548302,-249.0799687470602,391.9093375029481,1244.852781785393,-66118.72409241904,-36.90965262747252,dt_005
1.649999999999987,1,T,0.0,0.0,-0.05663209981696075,0.0,0.02957425204650672,0.0,0.0,0.0,0.2620020960220976,0.0,-0.01297867387999043,0.0,32.05620968281448,0.0,1.210431633923808,0.0,-0.01297867387999043,0.0,0.0,10.0,0.0,-31.99131631341453,10.0,-1.210431633923808,33.5178209235765,0.954456925656279,-0.2983487507377301,0.0,0.0,-1.0,0.0,72.64154776921849,72.64154776921849,-0.4053619148488107,1.215923227120096,688.1096456722775,-13227.03868217169,-249.0748202028584,0.0,1245.374101014292,-66135.19341085845,0.0,-13221.25467912236,-249.0748202028584,391.1227549650129,1244.829515958565,-66135.19341085845,-36.82563883383248,dt_005
1.654999999999987,1,T,0.0,0.0,-0.05531104996232337,0.0,0.02951294179628593,0.0,0.0,0.0,0.26609124837446,0.0,-0.01164680671130511,0.0,32.05616316903527,0.0,1.212553629040975,0.0,-0.01164680671130511,0.0,0.0,10.0,0.0,-31.99792913547875,10.0,-1.212553629040975,33.52413263544815,0.9544744821121603,-0.2982925795200465,0.0,0.0,-1.0,0.0,72.64491968052903,72.64491968052903,-0.4053038904358698,1.216023760962664,688.3688247374608,-13232.81809897596,-249.0658474428148,0.0,1245.329237214074,-66164.09049487981,0.0,-13227.05553411857,-249.0658474428148,390.4826986295263,1244.786927144928,-66164.09049487981,-36.74799408504168,dt_005
1.659999999999987,1,T,0.0,0.0,-0.05397659930008186,0.0,0.0294562162508785,0.0,0.0,0.0,0.2676184085342446,0.0,-0.01106180687022824,0.0,32.05618692237127,0.0,1.212261721424818,0.0,-0.01106180687022824,0.0,0.0,10.0,0.0,-32.00087788802013,10.0,-1.212261721424818,33.52694715604115,0.9544823075922068,-0.2982675384507271,0.0,0.0,-1.0,0.0,72.64642285503163,72.64642285503163,-0.4052780235579989,1.216068578247248,688.4844136824353,-13235.3956715401,-249.061870663262,0.0,1245.30935331631,-66176.97835770051,0.0,-13229.65411758719,-249.061870663262,389.8083006180028,1244.769134420134,-66176.97835770051,-36.67679718890103,dt_005
1.664999999999986,1,T,0.0,0.0,-0.05263392520115575,0.0,0.02940284637177983,0.0,0.0,0.0,0.2698192486345287,0.0,-0.01015947799243641,0.0,32.05618687333953,0.0,1.212750773704313,0.0,-0.01015947799243641,0.0,0.0,10.0,0.0,-32.00538948337735,10.0,-1.212750773704313,33.53125342099042,0.9544942767735046,-0.2982292333199821,0.0,0.0,-1.0,0.0,72.64872222564,72.64872222564,-0.4052384556045752,1.216137134191179,688.6612855393925,-13239.33989515554,-249.0558151991867,0.0,1245.279075995934,-66196.69947577768,0.0,-13233.61742156138,-249.0558151991867,389.2181897140788,1244.740825850067,-66196.69947577768,-36.60947384735634,dt_005
1.669999999999986,1,T,0.0,0.0,-0.05128027117932105,0.0,0.0293542278526602,0.0,0.0,0.0,0.2715514650304108,0.0,-0.009313499210750215,0.0,32.05619495702688,0.0,1.212923718086615,0.0,-0.009313499210750215,0.0,0.0,10.0,0.0,-32.00962746097312,10.0,-1.212923718086615,33.53529857016759,0.9545055158521332,-0.2981932598296836,0.0,0.0,-1.0,0.0,72.65088160687847,72.65088160687847,-0.4052012966116069,1.216201516339308,688.8274532415492,-13243.04549921999,-249.050158950364,0.0,1245.25079475182,-66215.22749609995,0.0,-13237.34033680669,-249.050158950364,388.6835498980111,1244.714335216907,-66215.22749609995,-36.54812629360556,dt_005
1.674999999999986,1,T,0.0,0.0,-0.04992078429670464,0.0,0.02930912406544078,0.0,0.0,0.0,0.2722285078900545,0.0,-0.00872841997166373,0.0,32.0562297911811,0.0,1.212154613139115,0.0,-0.00872841997166373,0.0,0.0,10.0,0.0,-32.01258769132278,10.0,-1.212154613139115,33.5381241379811,0.954513363944208,-0.2981681372177654,0.0,0.0,-1.0,0.0,72.65238962720076,72.65238962720076,-0.4051753463460616,1.216246478102447,688.9435345504612,-13245.63420442627,-249.0462264262648,0.0,1245.231132131324,-66228.17102213137,0.0,-13239.94544784707,-249.0462264262648,388.162357140726,1244.696328233963,-66228.17102213137,-36.49140871424554,dt_005
1.679999999999986,1,T,0.0,0.0,-0.04855857770994391,0.0,0.02926695649058804,0.0,0.0,0.0,0.2726394411763639,0.0,-0.008139056122869644,0.0,32.05626885125205,0.0,1.211213635898075,0.0,-0.008139056122869644,0.0,0.0,10.0,0.0,-32.0155735706377,10.0,-1.211213635898075,33.54097421150607,0.9545212780270084,-0.2981428010093263,0.0,0.0,-1.0,0.0,72.65391045639937,72.65391045639937,-0.4051491756632334,1.216291821763399,689.0606325223606,-13248.24562125857,-249.0422751351261,0.0,1245.211375675631,-66241.22810629287,0.0,-13242.5721024427,-249.0422751351261,387.6804777175275,1244.678117886516,-66241.22810629287,-36.4383447274408,dt_005
1.684999999999986,1,T,0.0,0.0,-0.04719451385504109,0.0,0.02922789925218946,0.0,0.0,0.0,0.2729715125524693,0.0,-0.007484409103008206,0.0,32.05630642909446,0.0,1.210293535186747,0.0,-0.007484409103008206,0.0,0.0,10.0,0.0,-32.01888438357942,10.0,-1.210293535186747,33.54413446743001,0.954530050989047,-0.2981147124159543,0.0,0.0,-1.0,0.0,72.6555964852956,72.6555964852956,-0.4051201621964202,1.216342090868369,689.1904862660285,-13251.14155225316,-249.0379118242379,0.0,1245.189559121189,-66255.70776126577,0.0,-13245.48192819999,-249.0379118242379,387.2478890550269,1244.657732881785,-66255.70776126577,-36.38909344840935,dt_005
1.689999999999986,1,T,0.0,0.0,-0.04582985275384654,0.0,0.02919196267194554,0.0,0.0,0.0,0.2728788197701983,0.0,-0.006890732794942733,0.0,32.05635260770578,0.0,1.209048887087133,0.0,-0.006890732794942733,0.0,0.0,10.0,0.0,-32.02189894373107,10.0,-1.209048887087133,33.54701196772262,0.9545380367867354,-0.2980891415790335,0.0,0.0,-1.0,0.0,72.65713137139366,72.65713137139366,-0.4050937496201188,1.216387853637057,689.3087323270463,-13253.77865684749,-249.0339553841532,0.0,1245.169776920766,-66268.89328423746,0.0,-13248.13181705449,-249.0339553841532,386.848862806569,1244.639266005546,-66268.89328423746,-36.34378728318687,dt_005
1.694999999999986,1,T,0.0,0.0,-0.04446623091390198,0.0,0.02915899559205144,0.0,0.0,0.0,0.2725560247498635,0.0,-0.006296635662320093,0.0,32.05640186014197,0.0,1.207669424290473,0.0,-0.006296635662320093,0.0,0.0,10.0,0.0,-32.02491868183037,10.0,-1.207669424290473,33.54989443467517,0.9545460342412082,-0.2980635310036802,0.0,0.0,-1.0,0.0,72.65866862991552,72.65866862991552,-0.4050672962187524,1.216433687139777,689.427192653932,-13256.42058022272,-249.0300078593073,0.0,1245.150039296537,-66282.1029011136,0.0,-13250.78536344369,-249.0300078593073,386.4891352923042,1244.620734243834,-66282.1029011136,-36.30217969357847,dt_005
1.699999999999986,1,T,0.0,0.0,-0.04310476235916028,0.0,0.02912899637344372,0.0,0.0,0.0,0.2720177212863715,0.0,-0.005703611055764601,0.0,32.0564537528787,0.0,1.206169681635198,0.0,-0.005703611055764601,0.0,0.0,10.0,0.0,-32.02793569759987,10.0,-1.206169681635198,33.55277432716395,0.9545540224276003,-0.2980379476967456,0.0,0.0,-1.0,0.0,72.66020423880948,72.66020423880948,-0.4050408712044585,1.216479471458691,689.5455573428754,-13259.06041089803,-249.0260795969174,0.0,1245.130397984587,-66295.30205449017,0.0,-13253.43566266161,-249.0260795969174,386.1685066559381,1244.602189741081,-66295.30205449017,-36.2642699769595,dt_005
1.704999999999986,1,T,0.0,0.0,-0.0417464869155186,0.0,0.02910195534988039,0.0,0.0,0.0,0.2712789944065935,0.0,-0.005113372154960088,0.0,32.05650785258358,0.0,1.204564427793863,0.0,-0.005113372154960088,0.0,0.0,10.0,0.0,-32.03094099180878,10.0,-1.204564427793863,33.55564305479386,0.9545619775339916,-0.2980124679378293,0.0,0.0,-1.0,0.0,72.66173361957928,72.66173361957928,-0.4050145533647653,1.216525070085516,689.6634732527006,-13261.69027264757,-249.0221822021609,0.0,1245.110911010804,-66308.45136323782,0.0,-13256.0748483896,-249.0221822021609,385.8866433653202,1244.583691186649,-66308.45136323782,-36.23004761757068,dt_005
1.709999999999986,1,T,0.0,0.0,-0.04039236573591485,0.0,0.02907785481060438,0.0,0.0,0.0,0.2703562129291289,0.0,-0.004527430884098634,0.0,32.05656370265083,0.0,1.202869456928461,0.0,-0.004527430884098634,0.0,0.0,10.0,0.0,-32.03392654823033,10.0,-1.202869456928461,33.55849296523037,0.9545698783738702,-0.2979871596248647,0.0,0.0,-1.0,0.0,72.66325269697029,72.66325269697029,-0.4049884128273348,1.216570361516165,689.7806256846675,-13264.30314616445,-249.0183258269443,0.0,1245.091629134721,-66321.51573082226,0.0,-13258.69591359016,-249.0183258269443,385.6431307513032,1244.565290263849,-66321.51573082226,-36.19949187233401,dt_005
1.714999999999985,1,T,0.0,0.0,-0.03904327828386653,0.0,0.02905666894913398,0.0,0.0,0.0,0.26926569388629,0.0,-0.003947511783261038,0.0,32.05662086167455,0.0,1.201100252022681,0.0,-0.003947511783261038,0.0,0.0,10.0,0.0,-32.03688330275824,10.0,-1.201100252022681,33.56131540560575,0.9545777010101076,-0.2979620994929686,0.0,0.0,-1.0,0.0,72.66475686543491,72.66475686543491,-0.4049625288451995,1.216615208435817,689.8966586996617,-13266.89109191032,-249.0145218051238,0.0,1245.072609025619,-66334.4554595516,0.0,-13261.29093413095,-249.0145218051238,385.4374202717597,1244.54704482154,-66334.4554595516,-36.17257209313253,dt_005
1.719999999999985,1,T,0.0,0.0,-0.03770001766958078,0.0,0.0290383634074187,0.0,0.0,0.0,0.2680256507125872,0.0,-0.003375311347853472,0.0,32.05667884685828,0.0,1.199273917619263,0.0,-0.003375311347853472,0.0,0.0,10.0,0.0,-32.03980229011901,10.0,-1.199273917619263,33.56410181711877,0.9545854217906607,-0.2979373633916126,0.0,0.0,-1.0,0.0,72.66624157273132,72.66624157273132,-0.4049369797540967,1.216659475118968,690.0112201088233,-13269.44625352819,-249.0107811627759,0.0,1245.05390581388,-66347.23126764095,0.0,-13263.85207195335,-249.0107811627759,385.2688523772852,1244.529011444777,-66347.23126764095,-36.14924694489257,dt_005
1.724999999999985,1,T,0.0,0.0,-0.03636327634045565,0.0,0.0290228959791334,0.0,0.0,0.0,0.2666581061857884,0.0,-0.002812274250713519,0.0,32.05673707723771,0.0,1.197411114488329,0.0,-0.002812274250713519,0.0,0.0,10.0,0.0,-32.04267570598414,10.0,-1.197411114488329,33.56684474893144,0.9545930201558244,-0.2979130172882375,0.0,0.0,-1.0,0.0,72.66770285989051,72.66770285989051,-0.4049118336806264,1.216703043528596,690.1240031693058,-13271.96178785877,-249.0071132727042,0.0,1245.035566363521,-66359.80893929384,0.0,-13266.37250443689,-249.0071132727042,385.1366924926717,1244.511238704811,-66359.80893929384,-36.12946508809595,dt_005
1.729999999999985,1,T,0.0,0.0,-0.03503364369689608,0.0,0.0290102172063549,0.0,0.0,0.0,0.2651823789597377,0.0,-0.002259850375793358,0.0,32.05679506152727,0.0,1.195529568017706,0.0,-0.002259850375793358,0.0,0.0,10.0,0.0,-32.0454958096483,10.0,-1.195529568017706,33.56953681071854,0.954600475732998,-0.2978891265728476,0.0,0.0,-1.0,0.0,72.66913680271952,72.66913680271952,-0.4048871581529564,1.216745796664532,690.2347035327896,-13274.43090478043,-249.0035272818371,0.0,1245.017636409185,-66372.15452390215,0.0,-13268.84546443035,-249.0035272818371,385.0401107106092,1244.493774272055,-66372.15452390215,-36.11316613106308,dt_005
1.734999999999985,1,T,0.0,0.0,-0.0337116092037525,0.0,0.02900027079707368,0.0,0.0,0.0,0.263618987385196,0.0,-0.001719329900380586,0.0,32.05685228359214,0.0,1.193647983752467,0.0,-0.001719329900380586,0.0,0.0,10.0,0.0,-32.04825563409023,10.0,-1.193647983752467,33.57217135050988,0.9546077702121432,-0.2978657500462247,0.0,0.0,-1.0,0.0,72.67053987262345,72.67053987262345,-0.4048630138917369,1.216787629321397,690.3430471276477,-13276.84748914117,-249.000031221596,0.0,1245.00015610798,-66384.23744570586,0.0,-13271.26486177979,-249.000031221596,384.9782051018775,1244.47666045571,-66384.23744570586,-36.10028102243504,dt_005
1.739999999999985,1,T,0.0,0.0,-0.03239755650338076,0.0,0.02899299448693858,0.0,0.0,0.0,0.2619897754092617,0.0,-0.001191810966465224,0.0,32.05690819721287,0.0,1.191786200850485,0.0,-0.001191810966465224,0.0,0.0,10.0,0.0,-32.05094914238055,10.0,-1.191786200850485,33.57474260403889,0.9546148877556834,-0.2978429386022172,0.0,0.0,-1.0,0.0,72.67190901567307,72.67190901567307,-0.4048394534494922,1.216828450446013,690.4487963180717,-13279.20623820511,-248.9966318364709,0.0,1244.983159182354,-66396.03119102556,0.0,-13273.62542040782,-248.9966318364709,384.9500168707021,1244.459933317235,-66396.03119102556,-36.09073310060784,dt_005
1.744999999999985,1,T,0.0,0.0,-0.03109175976253207,0.0,0.02898832094820183,0.0,0.0,0.0,0.2603167256257804,0.0,-0.0006782183748027926,0.0,32.05696225883367,0.0,1.189964034753424,0.0,-0.0006782183748027926,0.0,0.0,10.0,0.0,-32.05357116695966,10.0,-1.189964034753424,33.57724563682,0.9546218148343438,-0.2978207357495173,0.0,0.0,-1.0,0.0,72.67324162126468,72.67324162126468,-0.4048165217499266,1.216868182202994,690.5517475401502,-13281.50260899725,-248.9933346888894,0.0,1244.966673444447,-66407.51304498623,0.0,-13275.92262535507,-248.9933346888894,384.9545406747578,1244.443623163361,-66407.51304498623,-36.08443924157555,dt_005
1.749999999999985,1,T,0.0,0.0,-0.02979438007903668,0.0,0.02898617891801904,0.0,0.0,0.0,0.2586230412233874,0.0,-0.0001792028769308526,0.0,32.05701389426371,0.0,1.188202394833362,0.0,-0.0001792028769308526,0.0,0.0,10.0,0.0,-32.05611787987906,10.0,-1.188202394833362,33.57967679309469,0.9546285414656244,-0.2977991736375615,0.0,0.0,-1.0,0.0,72.67453576061978,72.67453576061978,-0.4047942519837829,1.216906767085633,690.6517497863301,-13283.73323068258,-248.9901435973314,0.0,1244.950717986657,-66418.6661534129,0.0,-13278.15313457722,-248.9901435973314,384.9907513924088,1244.427751699081,-66418.6661534129,-36.0813111826978,dt_005
1.754999999999985,1,T,0.0,0.0,-0.02850546263052045,0.0,0.02898649369766683,0.0,0.0,0.0,0.256931883578935,0.0,0.0003045111532408838,0.0,32.0570625341062,0.0,1.186522038504196,0.0,0.0003045111532408838,0.0,0.0,10.0,0.0,-32.05858508987241,10.0,-1.186522038504196,33.58203207020965,0.9546350567127032,-0.2977782874810282,0.0,0.0,-1.0,0.0,72.6757893210194,72.6757893210194,-0.4047726805070817,1.216944142103022,690.748637753311,-13285.8944134437,-248.9870627942502,0.0,1244.935313971251,-66429.47206721848,0.0,-13280.31328828295,-248.9870627942502,385.0575674230306,1244.412342796855,-66429.47206721848,-36.08125645735461,dt_005
1.759999999999984,1,T,0.0,0.0,-0.02722493602590595,0.0,0.02898918697879957,0.0,0.0,0.0,0.255266731964756,0.0,0.0007722029341441939,0.0,32.0571076029833,0.0,1.184943925192607,0.0,0.0007722029341441939,0.0,0.0,10.0,0.0,-32.06096861765402,10.0,-1.184943925192607,33.5843074768886,0.9546413496755028,-0.2977581123827432,0.0,0.0,-1.0,0.0,72.67700019648936,72.67700019648936,-0.4047518435597783,1.216980244465348,690.842246580095,-13287.98247722761,-248.9840964573982,0.0,1244.920482286991,-66439.91238613804,0.0,-13282.39943763568,-248.9840964573982,385.1538578325213,1244.39742016275,-66439.91238613804,-36.0841781112581,dt_005
1.764999999999984,1,T,0.0,0.0,-0.02595261608449376,0.0,0.02899417692404235,0.0,0.0,0.0,0.2536492365455713,0.0,0.001223179625425289,0.0,32.05714858115664,0.0,1.183487072806328,0.0,0.001223179625425289,0.0,0.0,10.0,0.0,-32.06326447928377,10.0,-1.183487072806328,33.58649920829053,0.9546474099738634,-0.2977386817835301,0.0,0.0,-1.0,0.0,72.67816638083174,72.67816638083174,-0.4047317756648618,1.217015014357639,690.9324190544563,-13289.99391251374,-248.9812484888575,0.0,1244.906242444288,-66449.96956256869,0.0,-13284.40810545011,-248.9812484888575,385.2784480132883,1244.383006231512,-66449.96956256869,-36.08997477112229,dt_005
1.769999999999984,1,T,0.0,0.0,-0.02468822270100441,0.0,0.02900137964661614,0.0,0.0,0.0,0.2520961209454481,0.0,0.001657313709387014,0.0,32.05718509217739,0.0,1.182165509024714,0.0,0.001657313709387014,0.0,0.0,10.0,0.0,-32.06547166072433,10.0,-1.182165509024714,33.58860629476482,0.9546532350680508,-0.2977200039871442,0.0,0.0,-1.0,0.0,72.67928737652853,72.67928737652853,-0.4047124853837051,1.21704843694635,691.019114605138,-13291.92781161834,-248.9785190992434,0.0,1244.892595496217,-66459.63905809172,0.0,-13286.3384159314,-248.9785190992434,385.4302097897961,1244.369105043772,-66459.63905809172,-36.09854199091162,dt_005
1.774999999999984,1,T,0.0,0.0,-0.02343139565615501,0.0,0.02901071081464728,0.0,0.0,0.0,0.250622675862888,0.0,0.002074557035904812,0.0,32.05721679949026,0.0,1.180991814869312,0.0,0.002074557035904812,0.0,0.0,10.0,0.0,-32.06758958466979,10.0,-1.180991814869312,33.59062818362917,0.9546588235672931,-0.2977020836089523,0.0,0.0,-1.0,0.0,72.68036290740679,72.68036290740679,-0.4046939774687384,1.217080503997358,691.1023098346288,-13293.78365001875,-248.9759079864277,0.0,1244.879539932138,-66468.91825009373,0.0,-13288.1898763375,-248.9759079864277,385.6080184687272,1244.355718077494,-66468.91825009373,-36.10977470848307,dt_005
1.779999999999984,1,T,0.0,0.0,-0.02218170404691226,0.0,0.02902208582180443,0.0,0.0,0.0,0.2492419037217695,0.0,0.002474845213550474,0.0,32.05724343088834,0.0,1.179976275180891,0.0,0.002474845213550474,0.0,0.0,10.0,0.0,-32.06961765695609,10.0,-1.179976275180891,33.59256430615784,0.954664174032032,-0.2976849254156791,0.0,0.0,-1.0,0.0,72.68139268818231,72.68139268818231,-0.4046762568291798,1.21711120700489,691.1819807063017,-13295.56088901869,-248.9734149015447,0.0,1244.867074507724,-66477.80444509347,0.0,-13289.96197976859,-248.9734149015447,385.8107436411149,1244.342847072959,-66477.80444509347,-36.12356753951223,dt_005
1.784999999999984,1,T,0.0,0.0,-0.02093866424939848,0.0,0.02903541990866225,0.0,0.0,0.0,0.2479618986952472,0.0,0.002858180337088358,0.0,32.0572648543939,0.0,1.17912426363759,0.0,0.002858180337088358,0.0,0.0,10.0,0.0,-32.07155575607934,10.0,-1.17912426363759,33.59441454491068,0.9546692862649682,-0.2976685301847277,0.0,0.0,-1.0,0.0,72.68237667296775,72.68237667296775,-0.4046593242546666,1.217140544600811,691.258121776875,-13297.2594047798,-248.9710390503565,0.0,1244.855195251783,-66486.29702389902,0.0,-13291.65463399295,-248.9710390503565,386.037263303312,1244.330491038695,-66486.29702389902,-36.13981484118201,dt_005
1.789999999999984,1,T,0.0,0.0,-0.01970176069255787,0.0,0.02905062918654362,0.0,0.0,0.0,0.2467873531819834,0.0,0.003224912442623218,0.0,32.05728103354453,0.0,1.178437781424777,0.0,0.003224912442623218,0.0,0.0,10.0,0.0,-32.07340559575764,10.0,-1.178437781424777,33.59618053454853,0.9546741649032112,-0.297652883181662,0.0,0.0,-1.0,0.0,72.68331574680187,72.68331574680187,-0.4046431645153037,1.217168543172631,691.3307997373613,-13298.88068272406,-248.968777438002,0.0,1244.84388719001,-66494.4034136203,0.0,-13293.26935497009,-248.968777438002,386.2865122473315,1244.318637943837,-66494.4034136203,-36.15841174511101,dt_005
1.794999999999984,1,T,0.0,0.0,-0.01847045915157859,0.0,0.02906763219797142,0.0,0.0,0.0,0.245721023612444,0.0,0.003575663851432917,0.0,32.05729198323061,0.0,1.177916972454357,0.0,0.003575663851432917,0.0,0.0,10.0,0.0,-32.07517030248778,10.0,-1.177916972454357,33.59786525857847,0.9546788183007578,-0.2976379577403872,0.0,0.0,-1.0,0.0,72.68421151075952,72.68421151075952,-0.4046277500595278,1.217195250456543,691.4001368343262,-13300.42744776704,-248.9666254115969,0.0,1244.833127057985,-66502.13723883522,0.0,-13294.80889665158,-248.9666254115969,386.5574922684377,1244.3072673755,-66502.13723883522,-36.17925617638692,dt_005
1.799999999999984,1,T,0.0,0.0,-0.01724421664041253,0.0,0.02908635109225166,0.0,0.0,0.0,0.2447636744741291,0.0,0.003911255575448536,0.0,32.05729777017794,0.0,1.17756010510689,0.0,0.003911255575448536,0.0,0.0,10.0,0.0,-32.07685404805518,10.0,-1.17756010510689,33.59947269854445,0.9546832575573356,-0.2976237183755924,0.0,0.0,-1.0,0.0,72.68506609514245,72.68506609514245,-0.4046130442287509,1.217220729967687,691.4662964423934,-13301.90334251245,-248.9645771246788,0.0,1244.822885623394,-66509.51671256225,0.0,-13296.27692886779,-248.9645771246788,386.8492786628909,1244.296352819139,-66509.51671256225,-36.20225038227588,dt_005
1.804999999999984,1,T,0.0,0.0,-0.01602249153559949,0.0,0.02910671263781683,0.0,0.0,0.0,0.2439139905469628,0.0,0.004232713623825148,0.0,32.0572985146028,0.0,1.177363516965827,0.0,0.004232713623825148,0.0,0.0,10.0,0.0,-32.07846208272193,10.0,-1.177363516965827,33.60100786572671,0.9546874966045944,-0.2976101205047506,0.0,0.0,-1.0,0.0,72.6858821761554,72.6858821761554,-0.4045990009703944,1.217245061497351,691.529484375485,-13303.3129565292,-248.9626255069435,0.0,1244.813127534718,-66516.564782646,0.0,-13297.67806620821,-248.9626255069435,387.1610347682429,1244.285861471993,-66516.564782646,-36.22730218587384,dt_005
1.809999999999983,1,T,0.0,0.0,-0.01480475417818756,0.0,0.02912864910476933,0.0,0.0,0.0,0.2431685092254953,0.0,0.004541212410658411,0.0,32.05729439148699,0.0,1.177321575470439,0.0,0.004541212410658411,0.0,0.0,10.0,0.0,-32.08000045354029,10.0,-1.177321575470439,33.60247653223115,0.954691551462568,-0.2975971128320885,0.0,0.0,-1.0,0.0,72.68666283282549,72.68666283282549,-0.4045855673000459,1.21726833684701,691.5899378232265,-13304.66157956085,-248.9607626135974,0.0,1244.803813067987,-66523.30789780425,0.0,-13299.01762099697,-248.9607626135974,387.4920167626021,1244.275755958146,-66523.30789780425,-36.2543261333681,dt_005
1.814999999999983,1,T,0.0,0.0,-0.01359049496472519,0.0,0.02915209900656069,0.0,0.0,0.0,0.2425226693697204,0.0,0.004838074302267066,0.0,32.05728559951833,0.0,1.177427750108481,0.0,0.004838074302267066,0.0,0.0,10.0,0.0,-32.08147597102967,10.0,-1.177427750108481,33.60388519918127,0.9546954401514056,-0.2975846376312356,0.0,0.0,-1.0,0.0,72.68741153003626,72.68741153003626,-0.4045726835934105,1.21729065932248,691.6479240438495,-13305.95517237488,-248.9589796690942,0.0,1244.794898345471,-66529.77586187438,0.0,-13300.30157386702,-248.9589796690942,387.8415829177736,1244.265994520927,-66529.77586187438,-36.28324442161098,dt_005
1.819999999999983,1,T,0.0,0.0,-0.01237923096948347,0.0,0.02917700771047689,0.0,0.0,0.0,0.2419703463102892,0.0,0.005124719330482012,0.0,32.05727237422205,0.0,1.177674167198078,0.0,0.005124719330482012,0.0,0.0,10.0,0.0,-32.08289597087446,10.0,-1.177674167198078,33.60524086921492,0.9546991820631452,-0.2975726327604096,0.0,0.0,-1.0,0.0,72.68813199758542,72.68813199758542,-0.4045602856675066,1.217312140128021,691.703731000246,-13307.20015786979,-248.9572673566231,0.0,1244.786336783116,-66536.00078934894,0.0,-13301.53636471564,-248.9572673566231,388.2091958690343,1244.256532447942,-66536.00078934894,-36.31398769827256,dt_005
1.824999999999983,1,T,0.0,0.0,-0.01117051193041371,0.0,0.02920332773082605,0.0,0.0,0.0,0.2415046114869066,0.0,0.005402585992855887,0.0,32.05725496578381,0.0,1.178052378611127,0.0,0.005402585992855887,0.0,0.0,10.0,0.0,-32.08426789574809,10.0,-1.178052378611127,33.60655064724929,0.9547027968600582,-0.2975610351971218,0.0,0.0,-1.0,0.0,72.68882801805293,72.68882801805293,-0.4045483084310662,1.217332892041598,691.7576509237555,-13308.40305439736,-248.9556163200636,0.0,1244.778081600318,-66542.01527198679,0.0,-13302.72852606271,-248.9556163200636,388.5944160309139,1244.247324569176,-66542.01527198679,-36.34649549840078,dt_005
1.829999999999983,1,T,0.0,0.0,-0.009963925934164326,0.0,0.02923101889504755,0.0,0.0,0.0,0.2411170572189518,0.0,0.005673161199189458,0.0,32.05723365884408,0.0,1.178552692164702,0.0,0.005673161199189458,0.0,0.0,10.0,0.0,-32.08559946484002,10.0,-1.178552692164702,33.60782190232123,0.9547063049219484,-0.2975497796038166,0.0,0.0,-1.0,0.0,72.68950351288711,72.68950351288711,-0.4045366844031519,1.217353031981549,691.8099869736122,-13309.57062431571,-248.9540169552479,0.0,1244.770084776239,-66547.85312157855,0.0,-13303.88483146802,-248.9540169552479,388.9969083203362,1244.238324207487,-66547.85312157855,-36.38071641942957,dt_005
1.834999999999983,1,T,0.0,0.0,-0.008759105307648823,0.0,0.02926004838893046,0.0,0.0,0.0,0.2407983922742465,0.0,0.005937901332012975,0.0,32.05720875536969,0.0,1.179164768394511,0.0,0.005937901332012975,0.0,0.0,10.0,0.0,-32.08689826202976,10.0,-1.179164768394511,33.60906187440893,0.954709726261708,-0.2975388018079236,0.0,0.0,-1.0,0.0,72.69016233355558,72.69016233355558,-0.4045253473070659,1.217372674779732,691.861037047682,-13310.70951281132,-248.952459900617,0.0,1244.762299503085,-66553.54756405659,0.0,-13305.01193447944,-248.952459900617,389.4164323773546,1244.229485628726,-66553.54756405659,-36.41660824795094,dt_005
1.839999999999983,1,T,0.0,0.0,-0.007555728246383834,0.0,0.02929039017303812,0.0,0.0,0.0,0.2405395564556864,0.0,0.00619806144995777,0.0,32.05718054296867,0.0,1.179878715963343,0.0,0.00619806144995777,0.0,0.0,10.0,0.0,-32.08817085021846,10.0,-1.179878715963343,33.61027682886307,0.9547130781934682,-0.2975280462853084,0.0,0.0,-1.0,0.0,72.6908078124415,72.6908078124415,-0.4045142397986019,1.217391919791454,691.911058964096,-13311.82547110386,-248.9509370897108,0.0,1244.754685448554,-66559.1273555193,0.0,-13306.11559238708,-248.9509370897108,389.8528121778893,1244.220769322514,-66559.1273555193,-36.45413738687505,dt_005
1.844999999999983,1,T,0.0,0.0,-0.006353517614636024,0.0,0.02932202397767293,0.0,0.0,0.0,0.2403317441246341,0.0,0.006454692959569582,0.0,32.05714929548112,0.0,1.180685082958365,0.0,0.006454692959569582,0.0,0.0,10.0,0.0,-32.08942276027897,10.0,-1.180685082958365,33.61147204583444,0.954716375305434,-0.2975174662497214,0.0,0.0,-1.0,0.0,72.69144275748765,72.69144275748765,-0.404503313558212,1.217410850735785,691.9602700163449,-13312.92334648268,-248.9494417495175,0.0,1244.747208747588,-66564.6167324134,0.0,-13307.20065664807,-248.9494417495175,390.3059223592331,1244.212142029875,-66564.6167324134,-36.49327760477691,dt_005
1.849999999999983,1,T,0.0,0.0,-0.005152242056187346,0.0,0.02935493457798732,0.0,0.0,0.0,0.2401654554133806,0.0,0.006708762756854929,0.0,32.05711530175881,0.0,1.181573885276559,0.0,0.006708762756854929,0.0,0.0,10.0,0.0,-32.09065911554309,10.0,-1.181573885276559,33.61265241646349,0.9547196311060852,-0.2975070183721055,0.0,0.0,-1.0,0.0,72.69206976911856,72.69206976911856,-0.4044925238373563,1.217429545144619,692.0088715128683,-13314.00762974372,-248.9479676429577,0.0,1244.739838214789,-66570.03814871862,0.0,-13308.27162036384,-248.9479676429577,390.7756946030369,1244.203572983006,-66570.03814871862,-36.5340090230832,dt_005
1.854999999999982,1,T,0.0,0.0,-0.003951704028428852,0.0,0.02938910939016629,0.0,0.0,0.0,0.2400365949622971,0.0,0.006960369631326653,0.0,32.05707868952192,0.0,1.182540625675362,0.0,0.006960369631326653,0.0,0.0,10.0,0.0,-32.09188053767856,10.0,-1.182540625675362,33.61381853411825,0.9547228472452508,-0.2974966973731334,0.0,0.0,-1.0,0.0,72.69268916424375,72.69268916424375,-0.4044818651826032,1.217448012466641,692.056887822337,-13315.07886429461,-248.9465139312669,0.0,1244.732569656335,-66575.39432147305,0.0,-13309.32902986736,-248.9465139312669,391.2619801553702,1244.195058293865,-66575.39432147305,-36.57631583944961,dt_005
1.859999999999982,1,T,0.0,0.0,-0.002751732965443594,0.0,0.02942453688544578,0.0,0.0,0.0,0.2399385832756513,0.0,0.00720982103919454,0.0,32.05703965848431,0.0,1.183578357676681,0.0,0.00720982103919454,0.0,0.0,10.0,0.0,-32.09308876368029,10.0,-1.183578357676681,33.61497205700849,0.9547260283082428,-0.2974864885516116,0.0,0.0,-1.0,0.0,72.6933018252,72.6933018252,-0.4044713224105537,1.217466279008804,692.1043871659955,-13316.13857191072,-248.945078458165,0.0,1244.725392290825,-66580.69285955362,0.0,-13310.37440898308,-248.945078458165,391.764673007651,1244.186587447169,-66580.69285955362,-36.6201833708587,dt_005
1.864999999999982,1,T,0.0,0.0,-0.001552200868198609,0.0,0.02946120798559771,0.0,0.0,0.0,0.2398609389584702,0.0,0.007457795807227253,0.0,32.05699852097365,0.0,1.184676313169058,0.0,0.007457795807227253,0.0,0.0,10.0,0.0,-32.09428750000978,10.0,-1.184676313169058,33.61611652367483,0.9547291840628508,-0.297476360571195,0.0,0.0,-1.0,0.0,72.6939096326302,72.6939096326302,-0.4044608631587909,1.217484400842646,692.1515152066366,-13317.19000213911,-248.9436567490813,0.0,1244.718283745407,-66585.95001069557,0.0,-13311.41100755208,-248.9436567490813,392.2837507409108,1244.17813824752,-66585.95001069557,-36.66559964114092,dt_005
1.869999999999982,1,T,0.0,0.0,-0.0003530357388359185,0.0,0.02949911714059266,0.0,0.0,0.0,0.2397917409837231,0.0,0.007705025564199572,0.0,32.05695562884419,0.0,1.185822398174156,0.0,0.007705025564199572,0.0,0.0,10.0,0.0,-32.09548075666519,10.0,-1.185822398174156,33.61725576250188,0.9547323250717524,-0.2974662795395223,0.0,0.0,-1.0,0.0,72.69451462054454,72.69451462054454,-0.404450452425728,1.217502438612366,692.1984295633977,-13318.2366713561,-248.9422440016616,0.0,1244.711220008308,-66591.18335678052,0.0,-13312.44234068696,-248.9422440016616,392.8192461420227,1244.169686727717,-66591.18335678052,-36.71255701287931,dt_005
1.874999999999982,1,T,0.0,0.0,0.0008457707759055203,0.0,0.02953826254877413,0.0,0.0,0.0,0.2397174551235958,0.0,0.00795227857955855,0.0,32.05691137873711,0.0,1.187003026423482,0.0,0.00795227857955855,0.0,0.0,10.0,0.0,-32.09667277163491,10.0,-1.187003026423482,33.61839381959539,0.9547354624933476,-0.29745620964709,0.0,0.0,-1.0,0.0,72.69511893797821,72.69511893797821,-0.4044400532304083,1.217520456391644,692.2452968432633,-13319.28229654568,-248.9408351776079,0.0,1244.704175888039,-66596.41148272839,0.0,-13313.47212248155,-248.9408351776079,393.3712482904322,1244.161207598965,-66596.41148272839,-36.76105247415443,dt_005
1.879999999999982,1,T,0.0,0.0,0.002044156728612238,0.0,0.02957864629734397,0.0,0.0,0.0,0.239623491730126,0.0,0.008200341519224715,0.0,32.05686619587012,0.0,1.188203681411912,0.0,0.008200341519224715,0.0,0.0,10.0,0.0,-32.09786790346624,10.0,-1.188203681411912,33.61953485621668,0.9547386077987614,-0.2974461140752777,0.0,0.0,-1.0,0.0,72.69572479449715,72.69572479449715,-0.4044296275502523,1.217538520058889,692.2922884183757,-13320.33070109427,-248.9394251314487,0.0,1244.697125657244,-66601.65350547136,0.0,-13314.50417177925,-248.9394251314487,393.9399017460127,1244.152674888437,-66601.65350547136,-36.81108783167655,dt_005
1.884999999999982,1,T,0.0,0.0,0.003241985854090196,0.0,0.02962027429026294,0.0,0.0,0.0,0.2394947172125756,0.0,0.008449955952425491,0.0,32.056820519339,0.0,1.189409425350186,0.0,0.008449955952425491,0.0,0.0,10.0,0.0,-32.09907029910113,10.0,-1.189409425350186,33.62068283165344,0.9547417718976328,-0.2974359578022945,0.0,0.0,-1.0,0.0,72.69633429180719,72.69633429180719,-0.4044191392187551,1.217556692276652,692.3395673658148,-13321.38552341181,-248.9380090027049,0.0,1244.690045013524,-66606.92761705903,0.0,-13315.54212093709,-248.9380090027049,394.5253970477532,1244.144063900937,-66606.92761705903,-36.86266967856495,dt_005
1.889999999999982,1,T,0.0,0.0,0.004439045229459868,0.0,0.02966315609360159,0.0,0.0,0.0,0.2393156050629811,0.0,0.008701844914263766,0.0,32.05677479809664,0.0,1.190605045174637,0.0,0.008701844914263766,0.0,0.0,10.0,0.0,-32.10028402266796,10.0,-1.190605045174637,33.62184162618032,0.954744965477216,-0.297425706514937,0.0,0.0,-1.0,0.0,72.69694948906273,72.69694948906273,-0.4044085528016438,1.217575034438809,692.3872935307704,-13322.45032989053,-248.9365820627764,0.0,1244.682910313882,-66612.25164945265,0.0,-13316.58952878393,-248.9365820627764,395.1279720323797,1244.135350458338,-66612.25164945265,-36.91580917905555,dt_005
1.894999999999982,1,T,0.0,0.0,0.005635043185787279,0.0,0.02970730487302889,0.0,0.0,0.0,0.2390701771313137,0.0,0.008956724643038066,0.0,32.05672949302599,0.0,1.191774991851959,0.0,0.008956724643038066,0.0,0.0,10.0,0.0,-32.10151311624118,10.0,-1.191774991851959,33.62301509906874,0.9547481991622548,-0.2974153260953974,0.0,0.0,-1.0,0.0,72.69757243366415,72.69757243366415,-0.4043978330669109,1.217593607588788,692.4356259157252,-13323.52866820941,-248.9351396435286,0.0,1244.675698217643,-66617.64334104706,0.0,-13317.64993391265,-248.9351396435286,395.7479126344744,1244.126510543891,-66617.64334104706,-36.97052197979683,dt_005
1.899999999999981,1,T,0.0,0.0,0.006829608092629838,0.0,0.02975273722041115,0.0,0.0,0.0,0.2387424404481869,0.0,0.00921524914059662,0.0,32.05668506443129,0.0,1.19290381145834,0.0,0.00921524914059662,0.0,0.0,10.0,0.0,-32.10276131013427,10.0,-1.19290381145834,33.62420681198969,0.9547514827528094,-0.2974047850679472,0.0,0.0,-1.0,0.0,72.69820501442899,72.69820501442899,-0.4043869475114685,1.217612468041857,692.4847112879654,-13324.62381315707,-248.9336774770088,0.0,1244.668387385044,-66623.11906578534,0.0,-13318.72660066991,-248.9336774770088,396.3855430767076,1244.117522005324,-66623.11906578534,-37.02682804424587,dt_005
1.904999999999981,1,T,0.0,0.0,0.00802228901848531,0.0,0.02979947281492331,0.0,0.0,0.0,0.2383166460046958,0.0,0.009478000864052158,0.0,32.05664196492524,0.0,1.193976392986669,0.0,0.009478000864052158,0.0,0.0,10.0,0.0,-32.1040319692455,10.0,-1.193976392986669,33.62541997778374,0.9547548250834216,-0.297394055051416,0.0,0.0,-1.0,0.0,72.69884893443995,72.69884893443995,-0.4043758668283853,1.21763166657558,692.5346820679318,-13325.73871951258,-248.9321917559547,0.0,1244.660958779773,-66628.69359756293,0.0,-13319.82247217936,-248.9321917559547,397.0412199541196,1244.108364868611,-66628.69359756293,-37.08475124006191,dt_005
1.909999999999981,1,T,0.0,0.0,0.009212557172591986,0.0,0.02984753409248149,0.0,0.0,0.0,0.2377774174934395,0.0,0.0097454985832672,0.0,32.0566006361226,0.0,1.194978086437752,0.0,0.0097454985832672,0.0,0.0,10.0,0.0,-32.10532812903894,10.0,-1.194978086437752,33.62665749480996,0.9547582341181002,-0.2973831104546573,0.0,0.0,-1.0,0.0,72.69950572932252,72.69950572932252,-0.4043645645923612,1.217651248974772,692.5856577423712,-13326.8760535679,-248.9306790890799,0.0,1244.653395445399,-66634.38026783953,0.0,-13320.94020196898,-248.9306790890799,397.7153287570223,1244.099021125584,-66634.38026783953,-37.14431892128116,dt_005
1.914999999999981,1,T,0.0,0.0,0.01039980676876796,0.0,0.02989694598173604,0.0,0.0,0.0,0.2371093316162476,0.0,0.01001822164036575,0.0,32.05656152161611,0.0,1.19589427485612,0.0,0.01001822164036575,0.0,0.0,10.0,0.0,-32.10665262981794,10.0,-1.19589427485612,33.62792207514159,0.9547617173037224,-0.2973719273422545,0.0,0.0,-1.0,0.0,72.70017683531648,72.70017683531648,-0.4043530160883425,1.217671258061053,692.6377501437246,-13328.03831091301,-248.9291363424766,0.0,1244.645681712383,-66640.19155456504,0.0,-13322.08227179651,-248.9291363424766,398.4082838621134,1244.089473949956,-66640.19155456504,-37.20556157625958,dt_005
1.919999999999981,1,T,0.0,0.0,0.0115833553632159,0.0,0.02994773570431022,0.0,0.0,0.0,0.236297163230945,0.0,0.01029660799500406,0.0,32.05652506009982,0.0,1.196710612970261,0.0,0.01029660799500406,0.0,0.0,10.0,0.0,-32.10800810007484,10.0,-1.196710612970261,33.62921622866747,0.9547652815263692,-0.2973604835748574,0.0,0.0,-1.0,0.0,72.70086358085501,72.70086358085501,-0.4043411984564289,1.217691733441778,692.6910627946138,-13329.22780180809,-248.9275606580823,0.0,1244.637803290411,-66646.13900904046,0.0,-13323.25097709498,-248.9275606580823,399.1205254450566,1244.079707795894,-66646.13900904046,-37.26851258185152,dt_005
1.924999999999981,1,T,0.0,0.0,0.01276244413088936,0.0,0.02999993255214019,0.0,0.0,0.0,0.2353255472318497,0.0,0.0105810471734366,0.0,32.05649169595131,0.0,1.197412682093143,0.0,0.0105810471734366,0.0,0.0,10.0,0.0,-32.10939693181849,10.0,-1.197412682093143,33.63054223953392,0.9547689330466024,-0.2973487590171722,0.0,0.0,-1.0,0.0,72.70156717408406,72.70156717408406,-0.4043290909066434,1.217712711137929,692.7456899366084,-13330.44662951084,-248.9259494811923,0.0,1244.629747405962,-66652.23314755422,0.0,-13324.44840538587,-248.9259494811923,399.8525158693229,1244.06970854267,-66652.23314755422,-37.33320793050843,dt_005
1.929999999999981,1,T,0.0,0.0,0.01393623802265565,0.0,0.03005356761918476,0.0,0.0,0.0,0.2341794037973777,0.0,0.01087187146540391,0.0,32.05646186704719,0.0,1.197986406585979,0.0,0.01087187146540391,0.0,0.0,10.0,0.0,-32.11082122437421,10.0,-1.197986406585979,33.63190211248423,0.9547726773519184,-0.2973367360119658,0.0,0.0,-1.0,0.0,72.70228867441863,72.70228867441863,-0.4043166752083956,1.217734222736061,692.8017143185294,-13331.69664092535,-248.9243006240052,0.0,1244.621503120026,-66658.48320462675,0.0,-13325.67638704529,-248.9243006240052,400.6047346249919,1244.059463821114,-66658.48320462675,-37.39968590609549,dt_005
1.934999999999981,1,T,0.0,0.0,0.01510382468934346,0.0,0.03010867368114125,0.0,0.0,0.0,0.2328428807302393,0.0,0.01116942062788684,0.0,32.05643603691872,0.0,1.198416992827604,0.0,0.01116942062788684,0.0,0.0,10.0,0.0,-32.11228314005815,10.0,-1.198416992827604,33.63329791244479,0.9547765200918986,-0.2973243963774323,0.0,0.0,-1.0,0.0,72.70302917273148,72.70302917273148,-0.4043039325897649,1.217756300760644,692.8592211861986,-13332.9797387379,-248.9226118529521,0.0,1244.613059264761,-66664.8986936895,0.0,-13326.9368073348,-248.9226118529521,401.3776861016514,1244.048960954562,-66664.8986936895,-37.46798687229352,dt_005
1.939999999999981,1,T,0.0,0.0,0.01626421525978053,0.0,0.03016528495681906,0.0,0.0,0.0,0.2313012173542094,0.0,0.01147393329855591,0.0,32.05641463929877,0.0,1.198690784628778,0.0,0.01147393329855591,0.0,0.0,10.0,0.0,-32.11378430579155,10.0,-1.198690784628778,33.63473119320123,0.954780465505337,-0.2973117264579583,0.0,0.0,-1.0,0.0,72.70378948825815,72.70378948825815,-0.4042908489532092,1.21777896963726,692.9182747438285,-13334.29735622116,-248.9208815797661,0.0,1244.60440789883,-66671.48678110582,0.0,-13328.23108152603,-248.9208815797661,402.1718806309136,1244.038190420444,-66671.48678110582,-37.53815307955963,dt_005
1.944999999999981,1,T,0.0,0.0,0.01741635060640544,0.0,0.03022343661329528,0.0,0.0,0.0,0.2295410761415195,0.0,0.01178555086895165,0.0,32.05639806866066,0.0,1.198795578844935,0.0,0.01178555086895165,0.0,0.0,10.0,0.0,-32.11532582300541,10.0,-1.198795578844935,33.63620300684663,0.9547845164470068,-0.297298717039034,0.0,0.0,-1.0,0.0,72.7045701737078,72.7045701737078,-0.4042774147876173,1.217802245844984,692.9789185396514,-13335.65046582412,-248.919108844412,0.0,1244.59554422206,-66678.25232912057,0.0,-13329.56016367639,-248.919108844412,402.9878280623107,1244.027145782445,-66678.25232912057,-37.6102280475512,dt_005
1.94999999999998,1,T,0.0,0.0,0.01855911011783887,0.0,0.03028316418892317,0.0,0.0,0.0,0.2275511847892494,0.0,0.01210427839469588,0.0,32.05638666132486,0.0,1.198721248658385,0.0,0.01210427839469588,0.0,0.0,10.0,0.0,-32.11690805329834,10.0,-1.198721248658385,33.63771369912081,0.9547886738252898,-0.2972853651543318,0.0,0.0,-1.0,0.0,72.70537140682717,72.70537140682717,-0.4042636270342931,1.21782613468335,693.0411670287122,-13337.03939089978,-248.9172935546771,0.0,1244.586467773385,-66685.19695449888,0.0,-13330.92435866815,-248.9172935546771,403.8260242733802,1244.015824908623,-66685.19695449888,-37.684255884279,dt_005
1.95499999999998,1,T,0.0,0.0,0.01969132133082464,0.0,0.03034450291074402,0.0,0.0,0.0,0.2253220894708156,0.0,0.01242998891992853,0.0,32.05638070339997,0.0,1.198459475051981,0.0,0.01242998891992853,0.0,0.0,10.0,0.0,-32.11853064799961,10.0,-1.198459475051981,33.63926293762231,0.9547929366810856,-0.2972716738337317,0.0,0.0,-1.0,0.0,72.70619300552923,72.70619300552923,-0.4042494888266211,1.217850630723418,693.1050067292254,-13338.46383148246,-248.9154364427605,0.0,1244.577182213803,-66692.31915741228,0.0,-13332.3233482461,-248.9154364427605,404.6869426823919,1244.004229779378,-66692.31915741228,-37.76028043151294,dt_005
1.95999999999998,1,T,0.0,0.0,0.0208117656468923,0.0,0.03040748687281392,0.0,0.0,0.0,0.2228447694501411,0.0,0.01276235594063252,0.0,32.05638047355854,0.0,1.198002335714863,0.0,0.01276235594063252,0.0,0.0,10.0,0.0,-32.12019225326171,10.0,-1.198002335714863,33.64084943021643,0.9547973014144862,-0.2972576545887671,0.0,0.0,-1.0,0.0,72.70703427875361,72.70703427875361,-0.4042350120564833,1.217875713361158,693.1703846117273,-13339.92260518892,-248.9135393916208,0.0,1244.567696958104,-66699.61302594458,0.0,-13333.75593237075,-248.9135393916208,405.571015234234,1243.992368148909,-66699.61302594458,-37.83834429344371,dt_005
1.96499999999998,1,T,0.0,0.0,0.02191918957589304,0.0,0.03047214837238336,0.0,0.0,0.0,0.2201143451889013,0.0,0.01310098792220566,0.0,32.05638613093306,0.0,1.197345990152007,0.0,0.01310098792220566,0.0,0.0,10.0,0.0,-32.12189107054409,10.0,-1.197345990152007,33.64247146016327,0.9548017632586914,-0.2972433226804161,0.0,0.0,-1.0,0.0,72.70789431044932,72.70789431044932,-0.4042202124874383,1.217901355284429,693.237230143089,-13341.41413905343,-248.9116047825356,0.0,1244.558023912678,-66707.07069526715,0.0,-13335.22052110064,-248.9116047825356,406.4786382469757,1243.980250309381,-66707.07069526715,-37.91848791340082,dt_005
1.96999999999998,1,T,0.0,0.0,0.02301233508825974,0.0,0.0305385185907493,0.0,0.0,0.0,0.217133872694262,0.0,0.01344584132184729,0.0,32.05639759728192,0.0,1.196494494054163,0.0,0.01344584132184729,0.0,0.0,10.0,0.0,-32.12362680389115,10.0,-1.196494494054163,33.64412874537954,0.9548063213942728,-0.2972286806913772,0.0,0.0,-1.0,0.0,72.70877294537168,72.70877294537168,-0.4042050927909623,1.217927551864595,693.3055319093502,-13342.93817922688,-248.9096332786458,0.0,1244.548166393229,-66714.69089613442,0.0,-13336.71684322171,-248.9096332786458,407.4102335443305,1243.967877987951,-66714.69089613442,-38.00075008342824,dt_005
1.97499999999998,1,T,0.0,0.0,0.02408996461859329,0.0,0.03060662834147425,0.0,0.0,0.0,0.2139083886576948,0.0,0.01379679005903968,0.0,32.05641473576517,0.0,1.195453871133638,0.0,0.01379679005903968,0.0,0.0,10.0,0.0,-32.12539868606036,10.0,-1.195453871133638,33.6458205537973,0.9548109737640108,-0.2972137351802939,0.0,0.0,-1.0,0.0,72.70966978968691,72.70966978968691,-0.4041896597442127,1.217954291359466,693.3752599522265,-13344.49405807804,-248.9076260798317,0.0,1244.538130399158,-66722.47029039019,0.0,-13338.24421383926,-248.9076260798317,408.3662058295946,1243.955255587242,-66722.47029039019,-38.08516921731538,dt_005
1.97999999999998,1,T,0.0,0.0,0.02515086464888304,0.0,0.03067650655691749,0.0,0.0,0.0,0.2104425123156982,0.0,0.01415321773296672,0.0,32.05643742562049,0.0,1.194229667576594,0.0,0.01415321773296672,0.0,0.0,10.0,0.0,-32.12720351428532,10.0,-1.194229667576594,33.64754382786813,0.9548157119176226,-0.2971985132453452,0.0,0.0,-1.0,0.0,72.71058321704432,72.71058321704432,-0.4041739413337042,1.217981525279249,693.4462884595881,-13346.07896910256,-248.9055871311013,0.0,1244.527935655507,-66730.39484551281,0.0,-13339.79981071676,-248.9055871311013,409.3468694428682,1243.942401279333,-66730.39484551281,-38.17178180753966,dt_005
1.98499999999998,1,T,0.0,0.0,0.02619384960441912,0.0,0.03074817839507213,0.0,0.0,0.0,0.2067427961113072,0.0,0.01451422954008635,0.0,32.05646549225957,0.0,1.192829240909358,0.0,0.01451422954008635,0.0,0.0,10.0,0.0,-32.12903663996,10.0,-1.192829240909358,33.64929412947458,0.9548205236144038,-0.2971830541681603,0.0,0.0,-1.0,0.0,72.71151087003012,72.71151087003012,-0.4041579781262063,1.218009183337437,693.518434689784,-13347.68883538216,-248.9035219701365,0.0,1244.517609850683,-66738.44417691078,0.0,-13341.37954312706,-248.9035219701365,410.352449019609,1243.929341318654,-66738.44417691078,-38.26061989821899,dt_005
1.98999999999998,1,T,0.0,0.0,0.02721777079442338,0.0,0.03082166390129612,0.0,0.0,0.0,0.2028174496230195,0.0,0.01487867718080416,0.0,32.05649871660016,0.0,1.191261441135541,0.0,0.01487867718080416,0.0,0.0,10.0,0.0,-32.13089210250418,10.0,-1.191261441135541,33.65106576771033,0.9548253931777454,-0.2971674082785051,0.0,0.0,-1.0,0.0,72.71244972831381,72.71244972831381,-0.4041418220960712,1.218037175482602,693.5914642229442,-13349.31842669977,-248.9014375521918,0.0,1244.507187760959,-66746.59213349887,0.0,-13342.97816949053,-248.9014375521918,411.3830647041156,1243.916109219198,-66746.59213349887,-38.35170939689487,dt_005
1.994999999999979,1,T,0.0,0.0,0.02822152787923722,0.0,0.03089697700336226,0.0,0.0,0.0,0.1986775911039418,0.0,0.01524526126322231,0.0,32.0565367968561,0.0,1.189537829440731,0.0,0.01524526126322231,0.0,0.0,10.0,0.0,-32.13276310317221,10.0,-1.189537829440731,33.65285225125183,0.9548303027413352,-0.2971516329534302,0.0,0.0,-1.0,0.0,72.71339634874298,72.71339634874298,-0.4041255324936406,1.21806539905684,693.6651095948085,-13350.96177528392,-248.899341696805,0.0,1244.496708484025,-66754.80887641959,0.0,-13344.58971337192,-248.899341696805,412.438731038594,1243.902743029759,-66754.80887641959,-38.44506874246841,dt_005
1.999999999999979,1,T,0.0,0.0,0.02920407711174231,0.0,0.03097412446160389,0.0,0.0,0.0,0.1943347416571448,0.0,0.01561241490517055,0.0,32.05657942609152,0.0,1.187670139875966,0.0,0.01561241490517055,0.0,0.0,10.0,0.0,-32.13464150061738,10.0,-1.187670139875966,33.65464580668174,0.9548352309278328,-0.2971357968656624,0.0,0.0,-1.0,0.0,72.71434661042711,72.71434661042711,-0.4041091802318862,1.218093731195426,693.7390504285853,-13352.61173241797,-248.8972436348,0.0,1244.486218174,-66763.05866208985,0.0,-13346.20702077634,-248.8972436348,413.5193287940782,1243.889288110496,-66763.05866208985,-38.5407076866754,dt_005
2.004999999999979,1,T,0.0,0.0,0.03016443967884945,0.0,0.03105310491729708,0.0,0.0,0.0,0.1898033680846033,0.0,0.01597845804813731,0.0,32.05662621398491,0.0,1.185672790463154,0.0,0.01597845804813731,0.0,0.0,10.0,0.0,-32.13651850422559,10.0,-1.185672790463154,33.6564380404765,0.9548401546704676,-0.2971199741331398,0.0,0.0,-1.0,0.0,72.71529606581699,72.71529606581699,-0.4040928418449783,1.218122039294276,693.8129407131157,-13354.26057708976,-248.8951532140665,0.0,1244.475766070333,-66771.3028854488,0.0,-13347.82236895418,-248.8951532140665,414.6246105335581,1243.875793203591,-66771.3028854488,-38.6386259910626,dt_005
2.009999999999979,1,T,0.0,0.0,0.03110171671487284,0.0,0.03113390843004129,0.0,0.0,0.0,0.1851009732636425,0.0,0.01634163962369413,0.0,32.05667668308524,0.0,1.183562958652623,0.0,0.01634163962369413,0.0,0.0,10.0,0.0,-32.13838488120371,10.0,-1.183562958652623,33.65822013672712,0.954845049757548,-0.2971042425706942,0.0,0.0,-1.0,0.0,72.71624004562179,72.71624004562179,-0.4040765976828526,1.218150184138058,693.8864169480848,-13355.90019772478,-248.8930806589501,0.0,1244.465403294751,-66779.50098862393,0.0,-13349.42764829433,-248.8930806589501,415.754199665863,1243.862309252562,-66779.50098862393,-38.73881281673575,dt_005
2.014999999999979,1,T,0.0,0.0,0.03201510110893421,0.0,0.03121651608411456,0.0,0.0,0.0,0.1802467505094393,0.0,0.01670012092782065,0.0,32.05673030966143,0.0,1.181359223672545,0.0,0.01670012092782065,0.0,0.0,10.0,0.0,-32.14023091430053,10.0,-1.181359223672545,33.65998281675972,0.9548498907223898,-0.2970886840447488,0.0,0.0,-1.0,0.0,72.71717363753032,72.71717363753032,-0.4040605322773808,1.218178019265768,693.9590964750427,-13357.52205492672,-248.8910366108505,0.0,1244.455183054252,-66787.61027463361,0.0,-13351.01432530666,-248.8910366108505,416.9075836564238,1243.848889624805,-66787.61027463361,-38.84124624331059,dt_005
2.019999999999979,1,T,0.0,0.0,0.03290388432760999,0.0,0.0313008993351399,0.0,0.0,0.0,0.1752609406604589,0.0,0.01705189120981783,0.0,32.0567865434493,0.0,1.17908090295014,0.0,0.01705189120981783,0.0,0.0,10.0,0.0,-32.14204599949839,10.0,-1.17908090295014,33.66171595498171,0.9548546497892236,-0.2970733878621558,0.0,0.0,-1.0,0.0,72.71809148286884,72.71809148286884,-0.4040447378415153,1.21820538490806,694.0305616332455,-13359.11682789401,-248.8890325665942,0.0,1244.445162832971,-66795.58413947005,0.0,-13352.57308955086,-248.8890325665942,418.0840938414161,1243.835592332699,-66795.58413947005,-38.94589252726641,dt_005
2.024999999999979,1,T,0.0,0.0,0.03376746253092069,0.0,0.03138701949362195,0.0,0.0,0.0,0.1701651736972077,0.0,0.01739490135143044,0.0,32.05684479661518,0.0,1.176748376977188,0.0,0.01739490135143044,0.0,0.0,10.0,0.0,-32.14381930337233,10.0,-1.176748376977188,33.66340920655321,0.9548592985975686,-0.2970584452288128,0.0,0.0,-1.0,0.0,72.718988109116,72.718988109116,-0.4040293085473177,1.218232117901211,694.100385637309,-13360.67499187372,-248.8870801463499,0.0,1244.435400731749,-66803.37495936861,0.0,-13354.09443110059,-248.8870801463499,419.2829160938756,1243.822476400625,-66803.37495936861,-39.05270534809144,dt_005
2.029999999999979,1,T,0.0,0.0,0.03460534339888731,0.0,0.03147482790013438,0.0,0.0,0.0,0.1649824158570145,0.0,0.01772720942968694,0.0,32.05690444410972,0.0,1.174383042032163,0.0,0.01772720942968694,0.0,0.0,10.0,0.0,-32.14554049125815,10.0,-1.174383042032163,33.6650527026933,0.9548638101103112,-0.2970439431155256,0.0,0.0,-1.0,0.0,72.71985829797381,72.71985829797381,-0.4040143341921308,1.218258062661195,694.1681612535095,-13362.18745810677,-248.8851902983662,0.0,1244.425951491831,-66810.93729053385,0.0,-13355.56928017512,-248.8851902983662,420.5031129831218,1243.809597889881,-66810.93729053385,-39.1616259029373,dt_005
2.034999999999979,1,T,0.0,0.0,0.03541715194077386,0.0,0.03156426653837716,0.0,0.0,0.0,0.1597366309864087,0.0,0.01804701491906676,0.0,32.05696483253259,0.0,1.172006991318835,0.0,0.01804701491906676,0.0,0.0,10.0,0.0,-32.14719990712793,10.0,-1.172006991318835,33.66663722246173,0.9548681590830204,-0.2970299627468642,0.0,0.0,-1.0,0.0,72.72069717602922,72.72069717602922,-0.4039998986384608,1.218283073886754,694.233507894668,-13363.64573219859,-248.8833731182495,0.0,1244.416865591247,-66818.22866099297,0.0,-13356.98916524273,-248.8833731182495,421.743636938351,1243.797008977804,-66818.22866099297,-39.27258364065681,dt_005
2.039999999999979,1,T,0.0,0.0,0.03620263510052029,0.0,0.03165526881444779,0.0,0.0,0.0,0.1544526229978086,0.0,0.01835268610334741,0.0,32.05702528325006,0.0,1.169642882451952,0.0,0.01835268610334741,0.0,0.0,10.0,0.0,-32.14878871376679,10.0,-1.169642882451952,33.66815432663957,0.9548723224287172,-0.2970165784254947,0.0,0.0,-1.0,0.0,72.72150028528257,72.72150028528257,-0.4039860786003098,1.218307018662226,694.2960771544817,-13365.04203767435,-248.8816377155618,0.0,1244.408188577809,-66825.21018837174,0.0,-13358.34633625053,-248.8816377155618,423.0033446495123,1243.784757266737,-66825.21018837174,-39.38549720934893,dt_005
2.044999999999979,1,T,0.0,0.0,0.03696166480058858,0.0,0.03174776035904735,0.0,0.0,0.0,0.1491555786952171,0.0,0.01864274379639368,0.0,32.05708510509884,0.0,1.16731350620088,0.0,0.01864274379639368,0.0,0.0,10.0,0.0,-32.15029882408081,10.0,-1.16731350620088,33.66959629216976,0.9548762790350924,-0.2970038581165171,0.0,0.0,-1.0,0.0,72.72226354806799,72.72226354806799,-0.4039729442468336,1.21832977541163,694.3555501175864,-13366.36925600472,-248.8799923103241,0.0,1244.39996155162,-66831.84628002359,0.0,-13359.63370440104,-248.8799923103241,424.2810060558858,1243.772886240733,-66831.84628002359,-39.50027546828689,dt_005
2.049999999999979,1,T,0.0,0.0,0.03769423889789664,0.0,0.03184165980483095,0.0,0.0,0.0,0.1438706771382301,0.0,0.01891586673774703,0.0,32.05714360528499,0.0,1.165041420949608,0.0,0.01891586673774703,0.0,0.0,10.0,0.0,-32.15172293897373,10.0,-1.165041420949608,33.67095614835625,0.9548800098610598,-0.296991863133895,0.0,0.0,-1.0,0.0,72.72298328585188,72.72298328585188,-0.4039605588788521,1.218351234459153,694.4116388660243,-13367.62096027773,-248.878444212555,0.0,1244.392221062775,-66838.10480138868,0.0,-13360.84487553372,-248.878444212555,425.5753159912717,1243.761435138355,-66838.10480138868,-39.6168184503092,dt_005
2.054999999999978,1,T,0.0,0.0,0.03840593299613478,0.0,0.03193595797479734,0.0,0.0,0.0,0.1423545892892549,0.0,0.01854125909227565,0.0,32.05708201097084,0.0,1.166549030960016,0.0,0.01854125909227565,0.0,0.0,10.0,0.0,-32.14978830643222,10.0,-1.166549030960016,33.66910881131851,0.9548749414960594,-0.2970081583103355,0.0,0.0,-1.0,0.0,72.72200552183482,72.72200552183482,-0.4039773844053443,1.218322082336008,694.3354439908985,-13365.92055990317,-248.8805481260937,0.0,1244.402740630468,-66829.60279951587,0.0,-13359.10515183252,-248.8805481260937,426.7809226336699,1243.768208018695,-66829.60279951587,-39.73443859657252,dt_005
2.059999999999978,1,T,0.0,0.0,0.03911740292855407,0.0,0.0320271625271511,0.0,0.0,0.0,0.1418291073164087,0.0,0.01800820448227679,0.0,32.05699230987864,0.0,1.168947565426537,0.0,0.01800820448227679,0.0,0.0,10.0,0.0,-32.14703333229002,10.0,-1.168947565426537,33.66647816548927,0.9548677225538608,-0.2970313660622443,0.0,0.0,-1.0,0.0,72.72061297166422,72.72061297166422,-0.4040013476412357,1.218280563325949,694.2269481412617,-13363.49934435002,-248.8835553150458,0.0,1244.417776575229,-66817.49672175011,0.0,-13356.64619801574,-248.8835553150458,427.9218006542132,1243.779607117956,-66817.49672175011,-39.84835723012376,dt_005
2.064999999999978,1,T,0.0,0.0,0.03981513006394331,0.0,0.03211752940770309,0.0,0.0,0.0,0.1369689514557478,0.0,0.01818517432410987,0.0,32.05704261420598,0.0,1.166986801680596,0.0,0.01818517432410987,0.0,0.0,10.0,0.0,-32.14796848582653,10.0,-1.166986801680596,33.66737111456278,0.9548701731547128,-0.2970234879929343,0.0,0.0,-1.0,0.0,72.72108568587615,72.72108568587615,-0.4039932130961337,1.218294657343195,694.263775131489,-13364.32117924421,-248.8825330800867,0.0,1244.412665400433,-66821.60589622105,0.0,-13357.42888457581,-248.8825330800867,429.1551881255462,1243.77089252892,-66821.60589622105,-39.96058942037018,dt_005
2.069999999999978,1,T,0.0,0.0,0.04048737627258204,0.0,0.03220896632979671,0.0,0.0,0.0,0.1319266804635623,0.0,0.01838854669108703,0.0,32.05709815277257,0.0,1.164878338357984,0.0,0.01838854669108703,0.0,0.0,10.0,0.0,-32.14904088622801,10.0,-1.164878338357984,33.66839511922658,0.9548729831755202,-0.2970144541962271,0.0,0.0,-1.0,0.0,72.7216277466476,72.7216277466476,-0.4039838852238544,1.218310818934423,694.3060083164206,-13365.26366407322,-248.8813626764238,0.0,1244.406813382119,-66826.31832036612,0.0,-13358.33158410371,-248.8813626764238,430.4068997277885,1243.761384473136,-66826.31832036612,-40.07412738049223,dt_005
2.074999999999978,1,T,0.0,0.0,0.04113473840378127,0.0,0.03230136231987174,0.0,0.0,0.0,0.1270154232933629,0.0,0.01856880785284864,0.0,32.05714899856108,0.0,1.162931585460129,0.0,0.01856880785284864,0.0,0.0,10.0,0.0,-32.14999303782533,10.0,-1.162931585460129,33.66930430425044,0.9548754778923866,-0.2970064338020074,0.0,0.0,-1.0,0.0,72.72210899823459,72.72210899823459,-0.4039756037661765,1.218325167494283,694.3435070534831,-13366.10049818934,-248.880325174881,0.0,1244.401625874405,-66830.50249094672,0.0,-13359.12815679889,-248.880325174881,431.6681803429606,1243.752491673775,-66830.50249094672,-40.18887823937837,dt_005
2.079999999999978,1,T,0.0,0.0,0.04175791955371493,0.0,0.03239459833034869,0.0,0.0,0.0,0.1222543652679136,0.0,0.0187245637301296,0.0,32.05719463771235,0.0,1.161161900988081,0.0,0.0187245637301296,0.0,0.0,10.0,0.0,-32.150817456363,10.0,-1.161161900988081,33.67009152218591,0.9548776377747048,-0.2969994896928271,0.0,0.0,-1.0,0.0,72.72252566795513,72.72252566795513,-0.4039684336440417,1.218337590539918,694.3759761563302,-13366.82509256225,-248.8794281206991,0.0,1244.397140603496,-66834.12546281127,0.0,-13359.81206592268,-248.8794281206991,432.9371991161318,1243.744256299495,-66834.12546281127,-40.30469531173688,dt_005
2.084999999999978,1,T,0.0,0.0,0.04235770758385403,0.0,0.0324885497047845,0.0,0.0,0.0,0.1176581899001722,0.0,0.01885496201404172,0.0,32.05723470027848,0.0,1.159579963419643,0.0,0.01885496201404172,0.0,0.0,10.0,0.0,-32.15150951034869,10.0,-1.159579963419643,33.67075234968833,0.9548794507600687,-0.2969936607339445,0.0,0.0,-1.0,0.0,72.72287542420939,72.72287542420939,-0.403962414980009,1.218348018554467,694.4032328238508,-13367.43336631105,-248.8786759991164,0.0,1244.393379995582,-66837.16683155525,0.0,-13360.37928467402,-248.8786759991164,434.2121283649775,1243.736705505385,-66837.16683155525,-40.42142446080376,dt_005
2.089999999999978,1,T,0.0,0.0,0.04293495567580597,0.0,0.03258308900270786,0.0,0.0,0.0,0.113238468010785,0.0,0.01895974843603188,0.0,32.05726891385619,0.0,1.158193250714,0.0,0.01895974843603188,0.0,0.0,10.0,0.0,-32.15206765603635,10.0,-1.158193250714,33.67128531194405,0.9548809128658716,-0.2969889598022785,0.0,0.0,-1.0,0.0,72.72315749472398,72.72315749472398,-0.4039575610634882,1.218356428512527,694.4252159169827,-13367.92395380931,-248.8780700109659,0.0,1244.390350054829,-66839.61976904656,0.0,-13360.82850196223,-248.8780700109659,435.4911893280967,1243.729850201727,-66839.61976904656,-40.53890756757028,dt_005
2.094999999999978,1,T,0.0,0.0,0.04349341471571719,0.0,0.03267767815801153,0.0,0.0,0.0,0.1107317330458316,0.0,0.01879006519774574,0.0,32.05724111762593,0.0,1.158720118816309,0.0,0.01879006519774574,0.0,0.0,10.0,0.0,-32.15119144361466,10.0,-1.158720118816309,33.67044863443254,0.9548786175285991,-0.2969963396856454,0.0,0.0,-1.0,0.0,72.72271467858562,72.72271467858562,-0.4039651811175474,1.218343225909066,694.3907056369255,-13367.15380293145,-248.8790215701117,0.0,1244.395107850558,-66835.76901465724,0.0,-13360.01750972907,-248.8790215701117,436.7298145963872,1243.730765352511,-66835.76901465724,-40.6567061880475,dt_005
2.099999999999977,1,T,0.0,0.0,0.04403776476539133,0.0,0.03277165198612177,0.0,0.0,0.0,0.1068367479856731,0.0,0.01882282897934571,0.0,32.05725970895881,0.0,1.157839761684945,0.0,0.01882282897934571,0.0,0.0,10.0,0.0,-32.15137385385554,10.0,-1.157839761684945,33.67062281411476,0.9548790953869034,-0.2969948033099046,0.0,0.0,-1.0,0.0,72.72280686603442,72.72280686603442,-0.4039635947405331,1.218345974486241,694.3978899228613,-13367.31413123069,-248.8788233649027,0.0,1244.394116824513,-66836.57065615343,0.0,-13360.13665177706,-248.8788233649027,437.9905579379375,1243.725948700533,-66836.57065615343,-40.77355167776521,dt_005
2.104999999999977,1,T,0.0,0.0,0.04456225732660041,0.0,0.03286585415265492,0.0,0.0,0.0,0.102957631686429,0.0,0.0188570848214571,0.0,32.05727796322608,0.0,1.156982598414601,0.0,0.0188570848214571,0.0,0.0,10.0,0.0,-32.15156338733337,10.0,-1.156982598414601,33.67080379571767,0.9548795918980252,-0.2969932069537295,0.0,0.0,-1.0,0.0,72.72290265245188,72.72290265245188,-0.4039619464318651,1.218348830366994,694.4053548029509,-13367.48072157163,-248.8786174805112,0.0,1244.393087402556,-66837.40360785816,0.0,-13360.26183321496,-248.8786174805112,439.2545839587056,1243.721073359157,-66837.40360785816,-40.89067934887839,dt_005
2.109999999999977,1,T,0.0,0.0,0.04506780916895478,0.0,0.03296017450841391,0.0,0.0,0.0,0.09926046619563504,0.0,0.01887011857936716,0.0,32.05729053077678,0.0,1.156311089703803,0.0,0.01887011857936716,0.0,0.0,10.0,0.0,-32.15164112367361,10.0,-1.156311089703803,33.67087802457043,0.9548797955376096,-0.2969925522198371,0.0,0.0,-1.0,0.0,72.722941938541,72.722941938541,-0.4039612703902827,1.218350001685316,694.4084165041189,-13367.54904821274,-248.8785330558494,0.0,1244.392665279247,-66837.7452410637,0.0,-13360.28863266811,-248.8785330558494,440.5169783023769,1243.716789109425,-66837.7452410637,-41.00797347018127,dt_005
2.114999999999977,1,T,0.0,0.0,0.04555532173519033,0.0,0.03305451124987,0.0,0.0,0.0,0.09574190488927184,0.0,0.01886365370686681,0.0,32.05729758865737,0.0,1.155818625592578,0.0,0.01886365370686681,0.0,0.0,10.0,0.0,-32.15161585719171,10.0,-1.155818625592578,33.6708538981182,0.9548797293492044,-0.2969927650263388,0.0,0.0,-1.0,0.0,72.72292916948369,72.72292916948369,-0.4039614901223533,1.218349620974711,694.407421364908,-13367.52684012484,-248.8785604950809,0.0,1244.392802475405,-66837.63420062422,0.0,-13360.22482032575,-248.8785604950809,441.7766084910302,1243.713052137874,-66837.63420062422,-41.12530601083861,dt_005
2.119999999999977,1,T,0.0,0.0,0.04602567525076462,0.0,0.03314877136843665,0.0,0.0,0.0,0.09239682809222292,0.0,0.01883948347738932,0.0,32.05729936352232,0.0,1.155497106013533,0.0,0.01883948347738932,0.0,0.0,10.0,0.0,-32.15149678090926,10.0,-1.155497106013533,33.67074019460841,0.9548794174135078,-0.2969937679481506,0.0,0.0,-1.0,0.0,72.72286899101867,72.72286899101867,-0.4039625256834292,1.2183478267483,694.4027314673515,-13367.42217776367,-248.8786898259555,0.0,1244.393449129778,-66837.11088881834,0.0,-13360.07851419493,-248.8786898259555,443.0324741088958,1243.709816435603,-66837.11088881834,-41.24255979959629,dt_005
2.124999999999977,1,T,0.0,0.0,0.04647971845710148,0.0,0.0332428710473426,0.0,0.0,0.0,0.08921776280329811,0.0,0.01879949138672141,0.0,32.05729615148015,0.0,1.155336373593486,0.0,0.01879949138672141,0.0,0.0,10.0,0.0,-32.15129360841376,10.0,-1.155336373593486,33.67054618942834,0.9548788851696268,-0.2969954791864866,0.0,0.0,-1.0,0.0,72.72276631128769,72.72276631128769,-0.4039642926133875,1.218344765342777,694.394729425337,-13367.24359988951,-248.8789105517461,0.0,1244.39455275873,-66836.21799944754,0.0,-13359.85828662028,-248.8789105517461,444.2837158959928,1243.70703303681,-66836.21799944754,-41.3596289922442,dt_005
2.129999999999977,1,T,0.0,0.0,0.04691826087903084,0.0,0.03333673607007913,0.0,0.0,0.0,0.08619649454305148,0.0,0.01874563358637906,0.0,32.05728826515075,0.0,1.15532583774092,0.0,0.01874563358637906,0.0,0.0,10.0,0.0,-32.15101643308265,10.0,-1.15532583774092,33.6702815206578,0.954878159048268,-0.2969978137505229,0.0,0.0,-1.0,0.0,72.72262622994415,72.72262622994415,-0.4039667031565406,1.218340588804772,694.3838128292147,-13366.99997955107,-248.879211788869,0.0,1244.396058944345,-66834.99989775536,0.0,-13359.57304008608,-248.879211788869,445.5296173360517,1243.704650684122,-66834.99989775536,-41.47641960081642,dt_005
2.134999999999977,1,T,0.0,0.0,0.0473420685236719,0.0,0.03343030207660904,0.0,0.0,0.0,0.08332383223035504,0.0,0.01867989613968924,0.0,32.05727604168389,0.0,1.155454247882592,0.0,0.01867989613968924,0.0,0.0,10.0,0.0,-32.15067552238234,10.0,-1.155454247882592,33.66995599262813,0.9548772659346976,-0.2970006851862073,0.0,0.0,-1.0,0.0,72.72245393443059,72.72245393443059,-0.4039696680465114,1.218335451798356,694.3703861341277,-13366.70034302501,-248.8795824761879,0.0,1244.397912380939,-66833.50171512505,0.0,-13359.23182607322,-248.8795824761879,446.7696022084306,1243.702616858118,-66833.50171512505,-41.59284984596392,dt_005
2.139999999999977,1,T,0.0,0.0,0.04775186200675231,0.0,0.03352351421041984,0.0,0.0,0.0,0.0805908200465131,0.0,0.01860409457740833,0.0,32.05725980307612,0.0,1.155710893350111,0.0,0.01860409457740833,0.0,0.0,10.0,0.0,-32.15028027596316,10.0,-1.155710893350111,33.66957858101265,0.9548762304406664,-0.297004014349004,0.0,0.0,-1.0,0.0,72.72225417359452,72.72225417359452,-0.4039731055643385,1.218329495910851,694.3548196165789,-13366.35295384154,-248.8800124963324,0.0,1244.400062481662,-66831.76476920772,0.0,-13358.84292969023,-248.8800124963324,448.0031992452696,1243.700883389548,-66831.76476920772,-41.70884990528188,dt_005
2.144999999999976,1,T,0.0,0.0,0.04814831837037157,0.0,0.03361632598965927,0.0,0.0,0.0,0.07798897594978146,0.0,0.0185197628937089,0.0,32.0572398493879,0.0,1.156085805569425,0.0,0.0185197628937089,0.0,0.0,10.0,0.0,-32.14983866385644,10.0,-1.156085805569425,33.66915689636434,0.9548750734333964,-0.297007734134258,0.0,0.0,-1.0,0.0,72.72203097385609,72.72203097385609,-0.4039769464227117,1.218322841190338,694.3374272435992,-13365.96481888669,-248.8804932804613,0.0,1244.402466402306,-66829.82409443345,0.0,-13358.41337651143,-248.8804932804613,449.2300100809456,1243.699409522836,-66829.82409443345,-41.82436061306535,dt_005
2.149999999999976,1,T,0.0,0.0,0.04853207194346925,0.0,0.03370869813827398,0.0,0.0,0.0,0.07550971201373292,0.0,0.01842824928647776,0.0,32.05721647942575,0.0,1.156569141251585,0.0,0.01842824928647776,0.0,0.0,10.0,0.0,-32.14935772585814,10.0,-1.156569141251585,33.6686976609609,0.9548738133443028,-0.2970117852700632,0.0,0.0,-1.0,0.0,72.72178789165247,72.72178789165247,-0.4039811294218664,1.218315593672316,694.3184863384315,-13365.54212726224,-248.8810172618251,0.0,1244.405086309125,-66827.71063631123,0.0,-13357.9493716792,-248.8810172618251,450.4497078221326,1243.698159229275,-66827.71063631123,-41.93933191807917,dt_005
2.154999999999976,1,T,0.0,0.0,0.04890372657570042,0.0,0.03380059593166123,0.0,0.0,0.0,0.07314940994136326,0.0,0.0183300276529969,0.0,32.05718982233543,0.0,1.157156169918865,0.0,0.0183300276529969,0.0,0.0,10.0,0.0,-32.14883996060041,10.0,-1.157156169918865,33.66820326082605,0.9548724567077368,-0.2970161467343669,0.0,0.0,-1.0,0.0,72.7215261883037,72.7215261883037,-0.4039856328567965,1.218307790963158,694.2980953725327,-13365.08707673186,-248.8815818128414,0.0,1244.407909064207,-66825.43538365929,0.0,-13357.45312932777,-248.8815818128414,451.6618939392415,1243.697120988342,-66825.43538365929,-42.05372024993559,dt_005
2.159999999999976,1,T,0.0,0.0,0.04926385760861988,0.0,0.03389198807098418,0.0,0.0,0.0,0.07090027379878333,0.0,0.01822599450858144,0.0,32.05716014658124,0.0,1.15783809572859,0.0,0.01822599450858144,0.0,0.0,10.0,0.0,-32.14829011912415,10.0,-1.15783809572859,33.6676782327409,0.9548710159603704,-0.2970207785304088,0.0,0.0,-1.0,0.0,72.72124826368338,72.72124826368338,-0.4039904154300764,1.218299504615312,694.2764415198174,-13364.6038445561,-248.8821818452868,0.0,1244.410909226434,-66823.01922278052,0.0,-13356.92884053094,-248.8821818452868,452.866283704783,1243.696270854182,-66823.01922278052,-42.16748587670413,dt_005
2.164999999999976,1,T,0.0,0.0,0.04961299295336827,0.0,0.03398284837653431,0.0,0.0,0.0,0.06875114150199327,0.0,0.01811730160821752,0.0,32.0571278323136,0.0,1.158602922840545,0.0,0.01811730160821752,0.0,0.0,10.0,0.0,-32.14771434035469,10.0,-1.158602922840545,33.66712843871669,0.9548695071773716,-0.2970256289663287,0.0,0.0,-1.0,0.0,72.72095721942512,72.72095721942512,-0.403995423768277,1.218290827104267,694.2537666017911,-13364.09782748714,-248.8828107421554,0.0,1244.414053710777,-66820.48913743568,0.0,-13356.38191291316,-248.8828107421554,454.0627038776482,1243.695577038649,-66820.48913743568,-42.2805951636397,dt_005
2.169999999999976,1,T,0.0,0.0,0.04995159936612344,0.0,0.03407315666468734,0.0,0.0,0.0,0.06668871714587006,0.0,0.01800519447010616,0.0,32.05709332985613,0.0,1.159436715194478,0.0,0.01800519447010616,0.0,0.0,10.0,0.0,-32.14711930220666,10.0,-1.159436715194478,33.66656025539746,0.9548679478490172,-0.2970306418041858,0.0,0.0,-1.0,0.0,72.72065642996128,72.72065642996128,-0.4040005998036025,1.218281859039031,694.2303336510638,-13363.57489557359,-248.8834612765949,0.0,1244.417306382975,-66817.87447786797,0.0,-13355.81822443698,-248.8834612765949,455.251079517405,1243.695004463185,-66817.87447786797,-42.39302181698695,dt_005
2.174999999999976,1,T,0.0,0.0,0.05028007304147493,0.0,0.03416289903885681,0.0,0.0,0.0,0.06469807166127993,0.0,0.01789094250135949,0.0,32.05705714315684,0.0,1.160324106233397,0.0,0.01789094250135949,0.0,0.0,10.0,0.0,-32.14651185566364,10.0,-1.160324106233397,33.665980224647,0.9548663559223814,-0.2970357593413828,0.0,0.0,-1.0,0.0,72.72034935762949,72.72034935762949,-0.404005883955569,1.218272703649515,694.2064124978727,-13363.04107049617,-248.8841260072795,0.0,1244.420630036397,-66815.20535248083,0.0,-13355.24380174936,-248.8841260072795,456.4314270539891,1243.694516718682,-66815.20535248083,-42.5047473121212,dt_005
2.179999999999976,1,T,0.0,0.0,0.05059873328808569,0.0,0.03425206787869152,0.0,0.0,0.0,0.06276338485270062,0.0,0.01777578694286141,0.0,32.05701980502564,0.0,1.161249040182433,0.0,0.01777578694286141,0.0,0.0,10.0,0.0,-32.14589873973995,10.0,-1.161249040182433,33.66539478137178,0.95486474905464,-0.2970409248114133,0.0,0.0,-1.0,0.0,72.72003940862024,72.72003940862024,-0.4040112176098817,1.218263462491599,694.1822685436888,-13362.50227503322,-248.8847975880222,0.0,1244.423987940111,-66812.51137516613,0.0,-13354.66456975898,-248.8847975880222,457.6038455829325,1243.694077609476,-66812.51137516613,-42.61576093281733,dt_005
2.184999999999976,1,T,0.0,0.0,0.05090781783195786,0.0,0.03434066172253995,0.0,0.0,0.0,0.06086784321974222,0.0,0.0176609494881772,0.0,32.05698188106467,0.0,1.162194666173693,0.0,0.0176609494881772,0.0,0.0,10.0,0.0,-32.14528662850555,10.0,-1.162194666173693,33.66481029842257,0.9548631447363832,-0.2970460819875337,0.0,0.0,-1.0,0.0,72.71972995675867,72.71972995675867,-0.404016542709194,1.218254236156186,694.1581646126266,-13361.96437437545,-248.8854687156986,0.0,1244.427343578493,-66809.82187187723,0.0,-13354.08639294497,-248.8854687156986,458.7685166189333,1243.693650894572,-66809.82187187723,-42.72605961653221,dt_005
2.189999999999976,1,T,0.0,0.0,0.0512074789454717,0.0,0.03442868507145305,0.0,0.0,0.0,0.05899407959522056,0.0,0.01754759359621198,0.0,32.0569439550816,0.0,1.163143771352848,0.0,0.01754759359621198,0.0,0.0,10.0,0.0,-32.14468192306266,10.0,-1.163143771352848,33.66423288796095,0.954861559746347,-0.2970511769355129,0.0,0.0,-1.0,0.0,72.71942423833198,72.71942423833198,-0.4040218035629354,1.218245121133474,694.134352760109,-13361.43299332987,-248.886132358759,0.0,1244.430661793795,-66807.16496664935,0.0,-13353.51489272476,-248.886132358759,459.9256951094503,1243.693201434485,-66807.16496664935,-42.83564775026329,dt_005
2.194999999999975,1,T,0.0,0.0,0.05149778140419616,0.0,0.03451614817696404,0.0,0.0,0.0,0.05712446873345522,0.0,0.01743685659947948,0.0,32.05690661925364,0.0,1.164079069493532,0.0,0.01743685659947948,0.0,0.0,10.0,0.0,-32.14409090225104,10.0,-1.164079069493532,33.66366854536472,0.9548600105462088,-0.2970561567442992,0.0,0.0,-1.0,0.0,72.7191254282534,72.7191254282534,-0.4040269455366688,1.218236212083789,694.1110802084592,-13360.91364878174,-248.8867815934821,0.0,1244.433907967411,-66804.56824390872,0.0,-13352.95557990488,-248.8867815934821,461.0757110165624,1243.692694378831,-66804.56824390872,-42.94453687914603,dt_005
2.199999999999975,1,T,0.0,0.0,0.05177870106428335,0.0,0.03460306688717708,0.0,0.0,0.0,0.05524106028388481,0.0,0.0173298381444485,0.0,32.05687047661324,0.0,1.16498312907798,0.0,0.0173298381444485,0.0,0.0,10.0,0.0,-32.14351966733548,10.0,-1.16498312907798,33.66312309641491,0.9548585131353644,-0.2970609699925612,0.0,0.0,-1.0,0.0,72.71883661206637,72.71883661206637,-0.4040319155338477,1.218227601002891,694.0885871701845,-13360.41170112421,-248.8874096665917,0.0,1244.437048332959,-66802.05850562105,0.0,-13352.41380618053,-248.8874096665917,462.2189654875605,1243.692095482759,-66802.05850562105,-43.05274552628143,dt_005
2.204999999999975,1,T,0.0,0.0,0.05205012405676494,0.0,0.03468946244703193,0.0,0.0,0.0,0.05332592225305743,0.0,0.01722759853425362,0.0,32.05683612938977,0.0,1.165838710151458,0.0,0.01722759853425362,0.0,0.0,10.0,0.0,-32.14297412206103,10.0,-1.165838710151458,33.6626021782554,0.954857082998296,-0.2970655669174492,0.0,0.0,-1.0,0.0,72.71856077581582,72.71856077581582,-0.4040366621701119,1.218219376919979,694.0671060645345,-13359.9323367821,-248.8880100198637,0.0,1244.440050099318,-66799.6616839105,0.0,-13351.8947467344,-248.8880100198637,463.3559274708206,1243.691371235572,-66799.6616839105,-43.16029894912549,dt_005
2.209999999999975,1,T,0.0,0.0,0.0523118476731128,0.0,0.03477536128357792,0.0,0.0,0.0,0.05136145289177258,0.0,0.01713115101883473,0.0,32.05680416829703,0.0,1.166629069134503,0.0,0.01713115101883473,0.0,0.0,10.0,0.0,-32.14245992339121,10.0,-1.166629069134503,33.66211119236002,0.9548557349750032,-0.2970698998305729,0.0,0.0,-1.0,0.0,72.71830078108505,72.71830078108505,-0.404041136202858,1.218211625153422,694.0468595801711,-13359.48052498775,-248.8885763477004,0.0,1244.442881738502,-66797.40262493877,0.0,-13351.4033571121,-248.8885763477004,464.4871292326102,1243.690489154923,-66797.40262493877,-43.26722888300354,dt_005
2.214999999999975,1,T,0.0,0.0,0.05256358245053182,0.0,0.03486079475857352,0.0,0.0,0.0,0.04933054773485014,0.0,0.01704145479358122,0.0,32.05677516676107,0.0,1.167338117823231,0.0,0.01704145479358122,0.0,0.0,10.0,0.0,-32.14198244072897,10.0,-1.167338117823231,33.6616552656005,0.9548544831535808,-0.2970739234626764,0.0,0.0,-1.0,0.0,72.71805934431033,72.71805934431033,-0.4040452908871973,1.218204426694013,694.0280590723297,-13359.06098202291,-248.8891026460412,0.0,1244.445513230206,-66795.30491011456,0.0,-13350.94433757685,-248.8891026460412,465.613161681956,1243.689418039311,-66795.30491011456,-43.37357324259325,dt_005
2.219999999999975,1,T,0.0,0.0,0.05280495431055877,0.0,0.03494579885470397,0.0,0.0,0.0,0.04721646905328944,0.0,0.01695940012512005,0.0,32.05674968555586,0.0,1.167950282853324,0.0,0.01695940012512005,0.0,0.0,10.0,0.0,-32.14154668618146,10.0,-1.167950282853324,33.66123918366616,0.9548533406868122,-0.2970775955524661,0.0,0.0,-1.0,0.0,72.71783900144499,72.71783900144499,-0.4040490825840214,1.218197857151431,694.0109018202392,-13358.67811002814,-248.8895832936943,0.0,1244.447916468471,-66793.39055014071,0.0,-13350.52207208079,-248.8895832936943,466.7346679096691,1243.688128385652,-66793.39055014071,-43.47937574659983,dt_005
2.224999999999975,1,T,0.0,0.0,0.053035507422644,0.0,0.03503041392313389,0.0,0.0,0.0,0.04500325202095001,0.0,0.01688584360201996,0.0,32.05672825865753,0.0,1.168450903518477,0.0,0.01688584360201996,0.0,0.0,10.0,0.0,-32.14115747666763,10.0,-1.168450903518477,33.66086754586024,0.95485232021658,-0.2970808754817683,0.0,0.0,-1.0,0.0,72.71764218985254,72.71764218985254,-0.4040524693507718,1.218191989195893,693.9955774132178,-13358.33613952343,-248.8900128782349,0.0,1244.450064391174,-66791.68069761714,0.0,-13350.14077079698,-248.8900128782349,467.8523446577432,1243.686591528027,-66791.68069761714,-43.58468557414678,dt_005
2.229999999999975,1,T,0.0,0.0,0.05325470860408926,0.0,0.0351146844732206,0.0,0.0,0.0,0.04267592276443321,0.0,0.01682159243223241,0.0,32.05671138547023,0.0,1.168826442933052,0.0,0.01682159243223241,0.0,0.0,10.0,0.0,-32.14081934763139,10.0,-1.168826442933052,33.66054468271535,0.9548514336470516,-0.2970837250038615,0.0,0.0,-1.0,0.0,72.71747120459973,72.71747120459973,-0.4040554116935566,1.218186891255021,693.9822643564593,-13358.03905367629,-248.8903862957116,0.0,1244.451931478558,-66790.19526838145,0.0,-13349.80439451297,-248.8903862957116,468.9669367696162,1243.684780142971,-66790.19526838145,-43.68955712117912,dt_005
2.234999999999975,1,T,0.0,0.0,0.05346195250453722,0.0,0.03519865909981795,0.0,0.0,0.0,0.04022060563730576,0.0,0.01676747680419278,0.0,32.05669952670438,0.0,1.169064592895315,0.0,0.01676747680419278,0.0,0.0,10.0,0.0,-32.14053691072534,10.0,-1.169064592895315,33.66027499753528,0.9548506930819428,-0.2970861052303416,0.0,0.0,-1.0,0.0,72.71732837925573,72.71732837925573,-0.404057869455928,1.218182632904392,693.9711441571902,-13357.79090265109,-248.8906983601148,0.0,1244.453491800574,-66788.95451325543,0.0,-13349.51696880169,-248.8906983601148,470.0792471741187,1243.682666299198,-66788.95451325543,-43.79404984193272,dt_005
2.239999999999974,1,T,0.0,0.0,0.05365657243779731,0.0,0.03528239159046695,0.0,0.0,0.0,0.03762661616279347,0.0,0.0167247387921142,0.0,32.05669302880264,0.0,1.169156401005518,0.0,0.0167247387921142,0.0,0.0,10.0,0.0,-32.14031672276321,10.0,-1.169156401005518,33.66006475097058,0.9548501157246422,-0.2970879608813483,0.0,0.0,-1.0,0.0,72.717217030954,72.717217030954,-0.4040597855560993,1.218179313044643,693.9624749117137,-13357.59744573623,-248.8909417412246,0.0,1244.454708706123,-66787.98722868113,0.0,-13349.28422458277,-248.8909417412246,471.1902096231067,1243.68021110272,-66787.98722868113,-43.89822926194503,dt_005
2.244999999999974,1,T,0.0,0.0,0.05383784176180569,0.0,0.03536594095775222,0.0,0.0,0.0,0.03488065007877694,0.0,0.01669422482273179,0.0,32.05669232807089,0.0,1.169090464336811,0.0,0.01669422482273179,0.0,0.0,10.0,0.0,-32.14016345218455,10.0,-1.169090464336811,33.65991840057161,0.9548497138257692,-0.2970892525939748,0.0,0.0,-1.0,0.0,72.71713952172382,72.71713952172382,-0.4040611193478763,1.218177002099892,693.9564403740479,-13357.46278327338,-248.8911112057231,0.0,1244.455556028616,-66787.3139163669,0.0,-13349.11023208951,-248.8911112057231,472.3007707559164,1243.677385885346,-66787.3139163669,-44.00216776346217,dt_005
2.249999999999974,1,T,0.0,0.0,0.05400496766444627,0.0,0.03544936976761822,0.0,0.0,0.0,0.03196955311941636,0.0,0.0166765106884228,0.0,32.05669785562189,0.0,1.168855643929705,0.0,0.0166765106884228,0.0,0.0,10.0,0.0,-32.14008040906401,10.0,-1.168855643929705,33.65983910688077,0.9548494960718308,-0.297089952457788,0.0,0.0,-1.0,0.0,72.71709752637447,72.71709752637447,-0.4040618420108611,1.21817575000473,693.9531708294237,-13357.38982247751,-248.8912030397706,0.0,1244.456015198853,-66786.94911238755,0.0,-13348.99786718371,-248.8912030397706,473.4118836178054,1243.674169390395,-66786.94911238755,-44.10594240825446,dt_005
2.254999999999974,1,T,0.0,0.0,0.05415709440038895,0.0,0.03553274284097598,0.0,0.0,0.0,0.02888130234116626,0.0,0.01667192476393869,0.0,32.05671000405142,0.0,1.168442003878139,0.0,0.01667192476393869,0.0,0.0,10.0,0.0,-32.14006962787112,10.0,-1.168442003878139,33.65982881246433,0.9548494678014988,-0.297090043318847,0.0,0.0,-1.0,0.0,72.71709207425317,72.71709207425317,-0.404061935831875,1.218175587449237,693.9527463566973,-13357.38035025302,-248.8912149631302,0.0,1244.456074815651,-66786.9017512651,0.0,-13348.94888473973,-248.8912149631302,474.5244924462936,1243.67054739916,-66786.9017512651,-44.20963331050294,dt_005
2.259999999999974,1,T,0.0,0.0,0.05429331014198342,0.0,0.03561612596927669,0.0,0.0,0.0,0.02560549783654214,0.0,0.01668052603709183,0.0,32.05672911106193,0.0,1.167841261544834,0.0,0.01668052603709183,0.0,0.0,10.0,0.0,-32.14013174124739,10.0,-1.167841261544834,33.65988812139366,0.9548496306741928,-0.2970895198443683,0.0,0.0,-1.0,0.0,72.71712348535698,72.71712348535698,-0.404061395304355,1.218176523974156,693.9551918611522,-13357.43492235795,-248.8911462721678,0.0,1244.455731360839,-66787.17461178977,0.0,-13348.96380849322,-248.8911462721678,475.639511148983,1243.666513501178,-66787.17461178977,-44.31332206756736,dt_005
2.264999999999974,1,T,0.0,0.0,0.05441266758339313,0.0,0.03569958504626246,0.0,0.0,0.0,0.02213833925250849,0.0,0.01670229665771857,0.0,32.05675528229716,0.0,1.167051733056709,0.0,0.01670229665771857,0.0,0.0,10.0,0.0,-32.14026676558576,10.0,-1.167051733056709,33.66001704935719,0.9548499847298664,-0.2970883819023785,0.0,0.0,-1.0,0.0,72.71719176758609,72.71719176758609,-0.4040602202923534,1.21817855981503,693.9605080048476,-13357.55355362617,-248.8909969722123,0.0,1244.454984861062,-66787.76776813084,0.0,-13349.04262124895,-248.8909969722123,476.7578358768801,1243.662064796761,-66787.76776813084,-44.41709052833941,dt_005
2.269999999999974,1,T,0.0,0.0,0.0545142039113415,0.0,0.03578318524225543,0.0,0.0,0.0,0.01847741994396678,0.0,0.01673696617148396,0.0,32.05678857592095,0.0,1.166073104228279,0.0,0.01673696617148396,0.0,0.0,10.0,0.0,-32.14047340677837,10.0,-1.166073104228279,33.66021436075278,0.9548505265686482,-0.2970866404124813,0.0,0.0,-1.0,0.0,72.71729626566899,72.71729626566899,-0.4040584220718916,1.218181675434881,693.9686438722446,-13357.73510799132,-248.8907685445611,0.0,1244.453842722806,-66788.67553995662,0.0,-13349.18415569545,-248.8907685445611,477.8803119961629,1243.657205766203,-66788.67553995662,-44.5210199047454,dt_005
2.274999999999974,1,T,0.0,0.0,0.05459700681821412,0.0,0.03586697775252824,0.0,0.0,0.0,0.01467183636657872,0.0,0.0167737694653326,0.0,32.05682722070817,0.0,1.164956082905444,0.0,0.0167737694653326,0.0,0.0,10.0,0.0,-32.14069606803483,10.0,-1.164956082905444,33.66042696903576,0.954851110403355,-0.2970847639335949,0.0,0.0,-1.0,0.0,72.7174088636984,72.7174088636984,-0.4040564844661978,1.218185032555374,693.9774105393964,-13357.93073905606,-248.8905224903445,0.0,1244.452612451722,-66789.65369528027,0.0,-13349.3395712854,-248.8905224903445,479.0058871584276,1243.652241392383,-66789.65369528027,-44.62518479087308,dt_005
2.279999999999974,1,T,0.0,0.0,0.05466109764122549,0.0,0.035950819037111,0.0,0.0,0.0,0.01102636950750433,0.0,0.01674954161172861,0.0,32.05686046591436,0.0,1.164000653081463,0.0,0.01674954161172861,0.0,0.0,10.0,0.0,-32.14060817397301,10.0,-1.164000653081463,33.66034304330335,0.9548508799397786,-0.2970855046585593,0.0,0.0,-1.0,0.0,72.71736441653916,72.71736441653916,-0.4040572493203367,1.218183707359277,693.9739499481269,-13357.85351479608,-248.890619608397,0.0,1244.453098041985,-66789.26757398041,0.0,-13349.22218953722,-248.890619608397,480.1223355741557,1243.648980865022,-66789.26757398041,-44.72947148900763,dt_005
2.284999999999973,1,T,0.0,0.0,0.05470733475521578,0.0,0.03603438976594582,0.0,0.0,0.0,0.007524319623684638,0.0,0.01666680936428978,0.0,32.05688924451012,0.0,1.163179887743117,0.0,0.01666680936428978,0.0,0.0,10.0,0.0,-32.14022329133157,10.0,-1.163179887743117,33.65997553796871,0.9548498707337784,-0.2970887482885994,0.0,0.0,-1.0,0.0,72.71716978257723,72.71716978257723,-0.4040605986140573,1.21817790432999,693.9587963451994,-13357.51535744243,-248.8910450393992,0.0,1244.455225196996,-66787.57678721214,0.0,-13348.84408091523,-248.8910450393992,481.2257554670108,1243.647364221759,-66787.57678721214,-44.83348061858102,dt_005
2.289999999999973,1,T,0.0,0.0,0.05473638084944934,0.0,0.0361174090480872,0.0,0.0,0.0,0.004147629893294648,0.0,0.01652953591295849,0.0,32.05691449845075,0.0,1.162466736085159,0.0,0.01652953591295849,0.0,0.0,10.0,0.0,-32.13956217801555,10.0,-1.162466736085159,33.65934427457741,0.9548481371424176,-0.2970943200326367,0.0,0.0,-1.0,0.0,72.7168354496968,72.7168354496968,-0.4040663518700973,1.218167936164736,693.932767409148,-13356.9345151764,-248.8917763996162,0.0,1244.458881998081,-66784.672575882,0.0,-13348.22362043469,-248.8917763996162,482.3129913033531,1243.647292308909,-66784.672575882,-44.93685922084452,dt_005
2.294999999999973,1,T,0.0,0.0,0.05474883223676773,0.0,0.03619961103490344,0.0,0.0,0.0,0.0009045997233651036,0.0,0.01633642488088646,0.0,32.05693620386138,0.0,1.161860968668281,0.0,0.01633642488088646,0.0,0.0,10.0,0.0,-32.13861832826581,10.0,-1.161860968668281,33.65844304257021,0.9548456619819828,-0.2971022749730964,0.0,0.0,-1.0,0.0,72.71635811190073,72.71635811190073,-0.4040745659786075,1.218153704294909,693.8956076805903,-13356.10528980629,-248.8928218461957,0.0,1244.464109230978,-66780.52644903144,0.0,-13347.35524613443,-248.8928218461957,483.3802290942731,1243.648818016395,-66780.52644903144,-45.03927852970643,dt_005
2.299999999999973,1,T,0.0,0.0,0.05474783110729975,0.0,0.03628022899361211,0.0,0.0,0.0,-0.00104453536163425,0.0,0.01585876396187356,0.0,32.05691313238384,0.0,1.162497477202793,0.0,0.01585876396187356,0.0,0.0,10.0,0.0,-32.13620695219321,10.0,-1.162497477202793,33.65614055821301,0.9548393374638168,-0.297122600338075,0.0,0.0,-1.0,0.0,72.71513847868307,72.71513847868307,-0.4040955536306957,1.218117340819537,693.8006758304418,-13353.98688798533,-248.8954997688771,0.0,1244.477498844385,-66769.93443992664,0.0,-13345.19922583782,-248.8954997688771,484.379424812502,1243.658563802607,-66769.93443992664,-45.14002448397542,dt_005
2.304999999999973,1,T,0.0,0.0,0.05473695407612502,0.0,0.03635843434508927,0.0,0.0,0.0,-0.003177424959909363,0.0,0.01539797422678676,0.0,32.05689965227072,0.0,1.162873015821998,0.0,0.01539797422678676,0.0,0.0,10.0,0.0,-32.13388952340465,10.0,-1.162873015821998,33.65392779308792,0.9548332581258032,-0.2971421363200842,0.0,0.0,-1.0,0.0,72.71396620515272,72.71396620515272,-0.4041157263093758,1.218082389377553,693.7094492402049,-13351.95119307367,-248.8980828189981,0.0,1244.49041409499,-66759.75596536836,0.0,-13343.12695443362,-248.8980828189981,485.3490909524151,1243.667936522954,-66759.75596536836,-45.23775457577539,dt_005
2.309999999999973,1,T,0.0,0.0,0.05471299275923383,0.0,0.03643477722523542,0.0,0.0,0.0,-0.006423092121989955,0.0,0.01514308583351197,0.0,32.05692901077588,0.0,1.1620768153787,0.0,0.01514308583351197,0.0,0.0,10.0,0.0,-32.13264443994344,10.0,-1.1620768153787,33.65273894802365,0.9548299913885766,-0.2971526334140264,0.0,0.0,-1.0,0.0,72.71333631485118,72.71333631485118,-0.4041265655668764,1.218063609140893,693.6604387060947,-13350.85754698168,-248.899474441364,0.0,1244.49737220682,-66754.2877349084,0.0,-13341.99694233421,-248.899474441364,486.3279043426555,1243.671432812205,-66754.2877349084,-45.33295309724234,dt_005
2.314999999999973,1,T,0.0,0.0,0.05467321649295127,0.0,0.03650971858934229,0.0,0.0,0.0,-0.009226493614100271,0.0,0.01478340220740416,0.0,32.05694416179774,0.0,1.161677668813117,0.0,0.01478340220740416,0.0,0.0,10.0,0.0,-32.13086117283476,10.0,-1.161677668813117,33.65103623527781,0.9548253120107668,-0.2971676690751228,0.0,0.0,-1.0,0.0,72.71243407880736,72.71243407880736,-0.4041420913953918,1.218036708891143,693.5902468211378,-13349.29126129964,-248.9014722497329,0.0,1244.507361248664,-66746.4563064982,0.0,-13340.39521689171,-248.9014722497329,487.2705984806376,1243.678014391595,-66746.4563064982,-45.4265200196222,dt_005
2.319999999999973,1,T,0.0,0.0,0.05462144641715569,0.0,0.03658245122198469,0.0,0.0,0.0,-0.01150887177553757,0.0,0.0143170573650453,0.0,32.05694306149727,0.0,1.161728400575669,0.0,0.0143170573650453,0.0,0.0,10.0,0.0,-32.1285283483225,10.0,-1.161728400575669,33.64880880252616,0.9548191894956612,-0.2971873405292509,0.0,0.0,-1.0,0.0,72.7112536587894,72.7112536587894,-0.404162404260191,1.218001514560889,693.4984294702393,-13347.24243873367,-248.9040940196178,0.0,1244.520470098089,-66736.21219366837,0.0,-13338.31228935864,-248.9040940196178,488.1659450203634,1243.68780719043,-66736.21219366837,-45.51745532242393,dt_005
2.324999999999973,1,T,0.0,0.0,0.05455807397192489,0.0,0.03665285946470655,0.0,0.0,0.0,-0.01388179818353307,0.0,0.01385447511092523,0.0,32.05694814184926,0.0,1.161614138068598,0.0,0.01385447511092523,0.0,0.0,10.0,0.0,-32.12622051740389,10.0,-1.161614138068598,33.64660524826929,0.9548131313799152,-0.2972068036645206,0.0,0.0,-1.0,0.0,72.71008573185937,72.71008573185937,-0.4041825021418468,1.217966692713189,693.4076023988782,-13345.21573696136,-248.9066969440878,0.0,1244.533484720439,-66726.0786848068,0.0,-13336.25254483457,-248.9066969440878,489.0308031550824,1243.697605184909,-66726.0786848068,-45.60549799885128,dt_005
2.329999999999973,1,T,0.0,0.0,0.0544752228474483,0.0,0.03672238225594715,0.0,0.0,0.0,-0.01930526919991218,0.0,0.01396387616227599,0.0,32.05706642373568,0.0,1.158423009211477,0.0,0.01396387616227599,0.0,0.0,10.0,0.0,-32.12688580454706,10.0,-1.158423009211477,33.6472404737507,0.9548148778979448,-0.2972011927040888,0.0,0.0,-1.0,0.0,72.71042243026365,72.71042243026365,-0.4041767081794773,1.217976731406752,693.4337847927745,-13345.79996460099,-248.9059456460381,0.0,1244.529728230191,-66728.99982300494,0.0,-13336.80234757698,-248.9059456460381,489.9794248831711,1243.690677600082,-66728.99982300494,-45.69182530126957,dt_005
2.334999999999972,1,T,0.0,0.0,0.05436494479362572,0.0,0.03679248482551713,0.0,0.0,0.0,-0.0248003880247368,0.0,0.01407644274892816,0.0,32.05718727000053,0.0,1.155178889183275,0.0,0.01407644274892816,0.0,0.0,10.0,0.0,-32.12756948374517,10.0,-1.155178889183275,33.64789326143427,0.9548166725959149,-0.2971954268370662,0.0,0.0,-1.0,0.0,72.7107684235476,72.7107684235476,-0.4041707542692661,1.217987047227999,693.4606915713852,-13346.40035801817,-248.9051743741386,0.0,1244.525871870693,-66732.00179009086,0.0,-13337.36795307996,-248.9051743741386,490.9364527750593,1243.683617680104,-66732.00179009086,-45.77886924813573,dt_005
2.339999999999972,1,T,0.0,0.0,0.0542376008852866,0.0,0.03686125727131155,0.0,0.0,0.0,-0.02583150945640797,0.0,0.01337845475803411,0.0,32.05714574953904,0.0,1.156353116631904,0.0,0.01337845475803411,0.0,0.0,10.0,0.0,-32.12403802332921,10.0,-1.156353116631904,33.6445213805205,0.9548074011814708,-0.2972252120010778,0.0,0.0,-1.0,0.0,72.70898109355603,72.70898109355603,-0.4042015109422452,1.217933757821653,693.3217140911345,-13343.29925961047,-248.9091669638634,0.0,1244.545834819317,-66716.49629805236,0.0,-13334.2351668049,-248.9091669638634,491.7394105265457,1243.700415802017,-66716.49629805236,-45.8651359967463,dt_005
2.344999999999972,1,T,0.0,0.0,0.05410631541318806,0.0,0.03692632750933314,0.0,0.0,0.0,-0.02599906108716242,0.0,0.01252823071780188,0.0,32.05707662315982,0.0,1.158271642875655,0.0,0.01252823071780188,0.0,0.0,10.0,0.0,-32.11971777674884,10.0,-1.158271642875655,33.64039640161803,0.9547960551143788,-0.2972616576991056,0.0,0.0,-1.0,0.0,72.70679405868106,72.70679405868106,-0.4042391458036086,1.217868551177835,693.1517154105221,-13339.5060389142,-248.9140806143112,0.0,1244.570403071556,-66697.53019457102,0.0,-13330.41250611482,-248.9140806143112,492.467033461206,1243.721980217782,-66697.53019457102,-45.94697079084314,dt_005
2.349999999999972,1,T,0.0,0.0,0.05396316266372535,0.0,0.03698910462500049,0.0,0.0,0.0,-0.03135802374660156,0.0,0.0126001726094409,0.0,32.05720202507133,0.0,1.154928794371605,0.0,0.0126001726094409,0.0,0.0,10.0,0.0,-32.12020288811853,10.0,-1.154928794371605,33.64085958434918,0.9547973293483232,-0.2972575648647315,0.0,0.0,-1.0,0.0,72.70703966294194,72.70703966294194,-0.4042349194044714,1.217875873891223,693.1708030640126,-13339.93194213482,-248.9135272651778,0.0,1244.567636325889,-66699.65971067412,0.0,-13330.80717608232,-248.9135272651778,493.3196275247111,1243.71632849559,-66699.65971067412,-46.02494566275445,dt_005
2.354999999999972,1,T,0.0,0.0,0.05379798508458783,0.0,0.03705142420903494,0.0,0.0,0.0,-0.03351941649773912,0.0,0.01212354895327567,0.0,32.05721005249649,0.0,1.154766674290922,0.0,0.01212354895327567,0.0,0.0,10.0,0.0,-32.11782779726287,10.0,-1.154766674290922,33.63859186135222,0.9547910902347676,-0.2972776042831067,0.0,0.0,-1.0,0.0,72.70583712726986,72.70583712726986,-0.40425561283914,1.21784002018073,693.0773532289619,-13337.84680385499,-248.9162403201765,0.0,1244.581201600882,-66689.23401927497,0.0,-13328.69269952546,-248.9162403201765,494.0731572566997,1243.727013789793,-66689.23401927497,-46.10295595534644,dt_005
2.359999999999972,1,T,0.0,0.0,0.05361713211792039,0.0,0.0371121974879592,0.0,0.0,0.0,-0.03881549263292704,0.0,0.01218518007518329,0.0,32.05733631824766,0.0,1.151422464554582,0.0,0.01218518007518329,0.0,0.0,10.0,0.0,-32.11826221862357,10.0,-1.151422464554582,33.63900664324472,0.9547922315082232,-0.2972739387358862,0.0,0.0,-1.0,0.0,72.70605709189037,72.70605709189037,-0.4042518276512161,1.217846578445907,693.0944453658608,-13338.22817740534,-248.9157433551188,0.0,1244.578716775594,-66691.14088702669,0.0,-13329.04375941034,-248.9157433551188,494.897335064666,1243.721726550917,-66691.14088702669,-46.17844904271689,dt_005
2.364999999999972,1,T,0.0,0.0,0.0534245875740428,0.0,0.03717084977405721,0.0,0.0,0.0,-0.03820439191934285,0.0,0.01127659260934495,0.0,32.05724601964544,0.0,1.153913377226078,0.0,0.01127659260934495,0.0,0.0,10.0,0.0,-32.11362898269216,10.0,-1.153913377226078,33.63458289377179,0.954780057303423,-0.2973130373456104,0.0,0.0,-1.0,0.0,72.70371082269193,72.70371082269193,-0.4042922026434098,1.217776624216245,692.9121644432788,-13334.16102123383,-248.9210604278291,0.0,1244.605302139146,-66670.80510616914,0.0,-13324.95036286675,-248.9210604278291,495.5279682609482,1243.745582939595,-66670.80510616914,-46.25238405878699,dt_005
2.369999999999972,1,T,0.0,0.0,0.05322091968790953,0.0,0.03722730216984942,0.0,0.0,0.0,-0.04325642682111898,0.0,0.0113038399122453,0.0,32.05736885758148,0.0,1.150674549157608,0.0,0.0113038399122453,0.0,0.0,10.0,0.0,-32.11388805714271,10.0,-1.150674549157608,33.63483025297873,0.954780738169436,-0.2973108508289377,0.0,0.0,-1.0,0.0,72.70384203420137,72.70384203420137,-0.4042899447338431,1.217780536299339,692.9223562648497,-13334.38842448762,-248.920762137616,0.0,1244.60381068808,-66671.94212243812,0.0,-13325.1496135894,-248.920762137616,496.2886564971562,1243.74147948217,-66671.94212243812,-46.32254089308657,dt_005
2.374999999999972,1,T,0.0,0.0,0.05301015139660131,0.0,0.03728103662718208,0.0,0.0,0.0,-0.04105485251589291,0.0,0.0101911122630243,0.0,32.05722492246711,0.0,1.154597177339747,0.0,0.0101911122630243,0.0,0.0,10.0,0.0,-32.10818048378223,10.0,-1.154597177339747,33.62938081468545,0.9547657347815652,-0.2973590282588001,0.0,0.0,-1.0,0.0,72.70095091483098,72.70095091483098,-0.4043396955987857,1.217694337312219,692.6978430622197,-13329.37908105218,-248.9273604956323,0.0,1244.636802478162,-66646.89540526089,0.0,-13320.11706389402,-248.9273604956323,496.8179652052785,1243.771957435484,-66646.89540526089,-46.39060228287794,dt_005
2.379999999999971,1,T,0.0,0.0,0.05280581694657583,0.0,0.0373299440529779,0.0,0.0,0.0,-0.04184124378677273,0.0,0.009555764404111494,0.0,32.05719776487653,0.0,1.155379168900708,0.0,0.009555764404111494,0.0,0.0,10.0,0.0,-32.10497658689708,10.0,-1.155379168900708,33.6263218572179,0.9547573095630064,-0.2973860787528713,0.0,0.0,-1.0,0.0,72.6993275993664,72.6993275993664,-0.4043676298823939,1.217645938013921,692.5718320076911,-13326.56758258893,-248.9310890653339,0.0,1244.655445326669,-66632.83791294465,0.0,-13317.28321013142,-248.9310890653339,497.3644885414834,1243.788316963415,-66632.83791294465,-46.45212768695612,dt_005
2.384999999999971,1,T,0.0,0.0,0.05260089802395844,0.0,0.0373752707105543,0.0,0.0,0.0,-0.03899445921818786,0.0,0.008405096163288182,0.0,32.05703898789583,0.0,1.159677009787188,0.0,0.008405096163288182,0.0,0.0,10.0,0.0,-32.09906446871227,10.0,-1.159677009787188,33.62067726513769,0.954741756555772,-0.2974360070482371,0.0,0.0,-1.0,0.0,72.69633133646914,72.69633133646914,-0.4044191900747058,1.217556604162979,692.3393381070099,-13321.38040849187,-248.9380158634595,0.0,1244.690079317297,-66606.90204245935,0.0,-13312.07710107246,-248.9380158634595,497.7742890640102,1243.82081996919,-66606.90204245935,-46.50979855978283,dt_005
2.389999999999971,1,T,0.0,0.0,0.05241042247689687,0.0,0.03741483530482557,0.0,0.0,0.0,-0.03788452805336163,0.0,0.007525256856048668,0.0,32.05695156245164,0.0,1.162054486996131,0.0,0.007525256856048668,0.0,0.0,10.0,0.0,-32.09457784673188,10.0,-1.162054486996131,33.61639372627487,0.9547299483717812,-0.2974739075650435,0.0,0.0,-1.0,0.0,72.69405684384536,72.69405684384536,-0.4044583299236161,1.217488789958422,692.1629303854587,-13317.44467661386,-248.9433127690238,0.0,1244.716563845119,-66587.2233830693,0.0,-13308.12441897255,-248.9433127690238,498.1537551975142,1243.845444846907,-66587.2233830693,-46.56000047252692,dt_005
2.394999999999971,1,T,0.0,0.0,0.05221442976763616,0.0,0.03745170693903316,0.0,0.0,0.0,-0.03974886026181561,0.0,0.007116872654668623,0.0,32.05697849991483,0.0,1.161373453520966,0.0,0.007116872654668623,0.0,0.0,10.0,0.0,-32.09256286318817,10.0,-1.161373453520966,33.61446996648444,0.9547246437378396,-0.297490932029289,0.0,0.0,-1.0,0.0,72.69303515948194,72.69303515948194,-0.4044759112387632,1.217458328346154,692.0837120657068,-13315.67731082521,-248.9457029621354,0.0,1244.728514810677,-66578.38655412605,0.0,-13306.33991573013,-248.9457029621354,498.5782717612411,1243.85566984323,-66578.38655412605,-46.60631053455468,dt_005
2.399999999999971,1,T,0.0,0.0,0.05201910766419427,0.0,0.03748513655886165,0.0,0.0,0.0,-0.03852449044174944,0.0,0.006276374973889258,0.0,32.05689377280695,0.0,1.163668615193988,0.0,0.006276374973889258,0.0,0.0,10.0,0.0,-32.0882756476764,10.0,-1.163668615193988,33.61037688038119,0.9547133542083766,-0.2975271606025081,0.0,0.0,-1.0,0.0,72.69086096545708,72.69086096545708,-0.4045133251326334,1.217393504553451,691.9151783502732,-13311.91737240264,-248.9508118109836,0.0,1244.754059054918,-66559.58686201321,0.0,-13302.56594389241,-248.9508118109836,498.8821885667724,1243.879637416739,-66559.58686201321,-46.64884943592543,dt_005
2.404999999999971,1,T,0.0,0.0,0.05182059325237971,0.0,0.03751573429766784,0.0,0.0,0.0,-0.04063136083669627,0.0,0.005932478634411207,0.0,32.05693717442293,0.0,1.162544095179513,0.0,0.005932478634411207,0.0,0.0,10.0,0.0,-32.08659956759499,10.0,-1.162544095179513,33.60877670804439,0.9547089394632724,-0.297541326388308,0.0,0.0,-1.0,0.0,72.69001082377548,72.69001082377548,-0.4045279545126639,1.217368157501851,691.8492964843521,-13310.44758907508,-248.952817730787,0.0,1244.764088653935,-66552.23794537538,0.0,-13301.08192385837,-248.952817730787,499.2340897039626,1243.888232027019,-66552.23794537538,-46.68728549785094,dt_005
2.409999999999971,1,T,0.0,0.0,0.05161954576810045,0.0,0.03754356662417131,0.0,0.0,0.0,-0.03998151765101233,0.0,0.005227640911954927,0.0,32.05688041399994,0.0,1.164085699127451,0.0,0.005227640911954927,0.0,0.0,10.0,0.0,-32.08301861855971,10.0,-1.164085699127451,33.60535796087953,0.9546995052368734,-0.2975715959235173,0.0,0.0,-1.0,0.0,72.68819422280676,72.68819422280676,-0.4045592148855061,1.217313995378658,691.7085512532952,-13307.30769228487,-248.9571196246505,0.0,1244.785598123253,-66536.53846142437,0.0,-13297.93033968302,-248.9571196246505,499.4864343322632,1243.908426441555,-66536.53846142437,-46.72271313567121,dt_005
2.414999999999971,1,T,0.0,0.0,0.0514163961057975,0.0,0.03756864155727324,0.0,0.0,0.0,-0.04162443568665437,0.0,0.004850937283705749,0.0,32.05691292223167,0.0,1.163247764130824,0.0,0.004850937283705749,0.0,0.0,10.0,0.0,-32.0811676086502,10.0,-1.163247764130824,33.60359080714897,0.9546946275106146,-0.2975872446903073,0.0,0.0,-1.0,0.0,72.6872550680495,72.6872550680495,-0.4045753760174079,1.217285994394107,691.6358055197629,-13305.68482397947,-248.9593519688942,0.0,1244.796759844471,-66528.42411989733,0.0,-13296.2960877339,-248.9593519688942,499.7589242721507,1243.918408326896,-66528.42411989733,-46.7543232736272,dt_005
2.419999999999971,1,T,0.0,0.0,0.05121275075741807,0.0,0.03759279497115637,0.0,0.0,0.0,-0.03846087859045864,0.0,0.005010061731831134,0.0,32.05676591753252,0.0,1.167183369638218,0.0,0.005010061731831134,0.0,0.0,10.0,0.0,-32.08181622619168,10.0,-1.167183369638218,33.60421003938548,0.9546963368158484,-0.2975817609841029,0.0,0.0,-1.0,0.0,72.68758417112736,72.68758417112736,-0.4045697127566839,1.217295806632322,691.6612960773207,-13306.2534854091,-248.9585690540964,0.0,1244.792845270482,-66531.26742704552,0.0,-13296.85227262692,-248.9585690540964,500.1014476065548,1243.913366879291,-66531.26742704552,-46.78422101102116,dt_005
2.424999999999971,1,T,0.0,0.0,0.05102235379468945,0.0,0.03761951215414742,0.0,0.0,0.0,-0.03775026154670875,0.0,0.005693522444455258,0.0,32.05670799547827,0.0,1.168749949963254,0.0,0.005693522444455258,0.0,0.0,10.0,0.0,-32.08517560770055,10.0,-1.168749949963254,33.60741724347443,0.9547051882997806,-0.2975533623293145,0.0,0.0,-1.0,0.0,72.68928849894075,72.68928849894075,-0.4045403843990482,1.217346621321172,691.7933274384018,-13309.19896431039,-248.954525723594,0.0,1244.77262861797,-66545.99482155197,0.0,-13299.78230146477,-248.954525723594,500.5674832082711,1243.891914144124,-66545.99482155197,-46.81669449413979,dt_005
2.42999999999997,1,T,0.0,0.0,0.0508400872331258,0.0,0.03765079555199426,0.0,0.0,0.0,-0.03478978013506363,0.0,0.006911741657135463,0.0,32.05655997917522,0.0,1.17271117543741,0.0,0.006911741657135463,0.0,0.0,10.0,0.0,-32.0911186874609,10.0,-1.17271117543741,33.6130911790734,0.9547208412488988,-0.2975031349162474,0.0,0.0,-1.0,0.0,72.69230282758132,72.69230282758132,-0.4044885133284085,1.217436493803894,692.02693790028,-13314.41068657075,-248.9474203677526,0.0,1244.737101838763,-66572.05343285375,0.0,-13304.97466417894,-248.9474203677526,501.1797244758934,1243.854947349064,-66572.05343285375,-46.85427034135961,dt_005
2.43499999999997,1,T,0.0,0.0,0.05066544969279454,0.0,0.03768625019522136,0.0,0.0,0.0,-0.0355428129304045,0.0,0.007148476583301465,0.0,32.05654675323609,0.0,1.17309523048734,0.0,0.007148476583301465,0.0,0.0,10.0,0.0,-32.0922891361526,10.0,-1.17309523048734,33.61420863263656,0.954723923055374,-0.2974932448741585,0.0,0.0,-1.0,0.0,72.69289635893816,72.69289635893816,-0.4044782997417002,1.21745418999531,692.0729509740313,-13315.43723156168,-248.9460282003523,0.0,1244.730141001761,-66577.18615780838,0.0,-13305.9827027684,-248.9460282003523,501.6901247652038,1243.846329471333,-66577.18615780838,-46.89810847953235,dt_005
2.43999999999997,1,T,0.0,0.0,0.05048204219134107,0.0,0.03772147232487902,0.0,0.0,0.0,-0.03786041695270757,0.0,0.00692904394221134,0.0,32.05659281714399,0.0,1.171908374258107,0.0,0.00692904394221134,0.0,0.0,10.0,0.0,-32.09123803685505,10.0,-1.171908374258107,33.61320512444615,0.954721155511463,-0.2975021264106474,0.0,0.0,-1.0,0.0,72.69236335114222,72.69236335114222,-0.404487471828865,1.21743829831937,692.0316297270817,-13314.51536026852,-248.9472783017027,0.0,1244.736391508513,-66572.5768013426,0.0,-13305.04380841887,-248.9472783017027,502.1240234056201,1243.850922908845,-66572.5768013426,-46.94215508952951,dt_005
2.44499999999997,1,T,0.0,0.0,0.05028815100093063,0.0,0.03775542206923756,0.0,0.0,0.0,-0.03954936195769036,0.0,0.00663407918894442,0.0,32.05661676436327,0.0,1.171308945337532,0.0,0.00663407918894442,0.0,0.0,10.0,0.0,-32.08978716030799,10.0,-1.171308945337532,33.61181994468416,0.9547173349470212,-0.2975143867977771,0.0,0.0,-1.0,0.0,72.69162756578832,72.69162756578832,-0.404500133346111,1.217416360812087,691.974594496244,-13313.24292017568,-248.9490070011666,0.0,1244.745035005833,-66566.21460087842,0.0,-13303.75522048228,-248.9490070011666,502.5276958521994,1243.857965855379,-66566.21460087842,-46.98470974468573,dt_005
2.44999999999997,1,T,0.0,0.0,0.05009060815194488,0.0,0.03778740623952852,0.0,0.0,0.0,-0.03946567347398315,0.0,0.006160520661296987,0.0,32.05657612300355,0.0,1.172417877769706,0.0,0.006160520661296987,0.0,0.0,10.0,0.0,-32.08737872631004,10.0,-1.172417877769706,33.60952057863447,0.9547109918225952,-0.2975347409851775,0.0,0.0,-1.0,0.0,72.69040603888725,72.69040603888725,-0.4045211535850198,1.217379940876373,691.8799225344629,-13311.13083560571,-248.9518846366643,0.0,1244.759423183321,-66555.65417802852,0.0,-13301.62856390688,-248.9518846366643,502.8734139618924,1243.870840358553,-66555.65417802852,-47.02503704817273,dt_005
2.45499999999997,1,T,0.0,0.0,0.04989350524508395,0.0,0.03781705971742156,0.0,0.0,0.0,-0.03949370180001281,0.0,0.005714190092853792,0.0,32.05654240233805,0.0,1.173340457939143,0.0,0.005714190092853792,0.0,0.0,10.0,0.0,-32.08511335280232,10.0,-1.173340457939143,33.6073578084052,0.954705024290182,-0.2975538885564816,0.0,0.0,-1.0,0.0,72.68925691788444,72.68925691788444,-0.4045409278511393,1.217345679729104,691.7908805530815,-13309.14437645497,-248.9546004761095,0.0,1244.773002380548,-66545.72188227487,0.0,-13299.62860724037,-248.9546004761095,503.1927491494056,1243.883014844146,-66545.72188227487,-47.06243552687832,dt_005
2.45999999999997,1,T,0.0,0.0,0.04969201844826684,0.0,0.0378449839173261,0.0,0.0,0.0,-0.04113423150780643,0.0,0.005459480933856979,0.0,32.05657169624748,0.0,1.172596255750287,0.0,0.005459480933856979,0.0,0.0,10.0,0.0,-32.08386910091676,10.0,-1.172596255750287,33.60616991691796,0.9547017461446912,-0.297564406319502,0.0,0.0,-1.0,0.0,72.68862570253492,72.68862570253492,-0.4045517899102867,1.217326859986018,691.7419770969165,-13308.05338702403,-248.9560959130219,0.0,1244.78047956511,-66540.26693512016,0.0,-13298.52434255689,-248.9560959130219,503.5228518187375,1243.889172008952,-66540.26693512016,-47.09745285287589,dt_005
2.46499999999997,1,T,0.0,0.0,0.0494839649607248,0.0,0.03787203696216025,0.0,0.0,0.0,-0.0420855473640081,0.0,0.005361276071816606,0.0,32.05657598187521,0.0,1.172512849486648,0.0,0.005361276071816606,0.0,0.0,10.0,0.0,-32.08338236223429,10.0,-1.172512849486648,33.60570522695999,0.9547004636729234,-0.2975685209539229,0.0,0.0,-1.0,0.0,72.68837876536753,72.68837876536753,-0.4045560392463017,1.217319497531901,691.7228470783122,-13307.62661642565,-248.9566816396238,0.0,1244.783408198119,-66538.13308212823,0.0,-13298.08425128592,-248.9566816396238,503.8664584012142,1243.890823957272,-66538.13308212823,-47.13121471196213,dt_005
2.46999999999997,1,T,0.0,0.0,0.0492700555835744,0.0,0.03789820862213317,0.0,0.0,0.0,-0.04342376689740973,0.0,0.005121555960488165,0.0,32.05659598827248,0.0,1.172014564268172,0.0,0.005121555960488165,0.0,0.0,10.0,0.0,-32.08220376807493,10.0,-1.172014564268172,33.60458002439967,0.9546973580619258,-0.2975784846214172,0.0,0.0,-1.0,0.0,72.68778080082667,72.68778080082667,-0.4045663291199809,1.2173016691647,691.6765266524723,-13306.59326076295,-248.9581016174999,0.0,1244.790508087499,-66532.96630381473,0.0,-13297.03844604953,-248.9581016174999,504.1753382134087,1243.896684820438,-66532.96630381473,-47.16403839218816,dt_005
2.474999999999969,1,T,0.0,0.0,0.04905288138466057,0.0,0.03792404702378016,0.0,0.0,0.0,-0.04342139202814845,0.0,0.005219718509347881,0.0,32.05656560454551,0.0,1.172845228241086,0.0,0.005219718509347881,0.0,0.0,10.0,0.0,-32.08266419709225,10.0,-1.172845228241086,33.6050195950454,0.9546985713355276,-0.2975745921443939,0.0,0.0,-1.0,0.0,72.68801440612754,72.68801440612754,-0.4045623092009515,1.217308634128003,691.6946219648235,-13306.9969457328,-248.9575466043671,0.0,1244.787733021835,-66534.98472866401,0.0,-13297.42880923399,-248.9575466043671,504.5342179634584,1243.892692691536,-66534.98472866401,-47.19607346209492,dt_005
2.479999999999969,1,T,0.0,0.0,0.04883294616850925,0.0,0.03794954355611919,0.0,0.0,0.0,-0.04457001732083406,0.0,0.004973273558529406,0.0,32.05657926998322,0.0,1.172514760836062,0.0,0.004973273558529406,0.0,0.0,10.0,0.0,-32.08144563777587,10.0,-1.172514760836062,33.6038562401634,0.9546953602138096,-0.2975848940827207,0.0,0.0,-1.0,0.0,72.68739613917155,72.68739613917155,-0.4045729484419807,1.217290200442449,691.646731953361,-13305.92857837929,-248.9590162845203,0.0,1244.795081422602,-66529.64289189642,0.0,-13296.34834290716,-248.9590162845203,504.8327218006804,1243.898832060949,-66529.64289189642,-47.22806719854007,dt_005
2.484999999999969,1,T,0.0,0.0,0.04860738352455621,0.0,0.03797379041411825,0.0,0.0,0.0,-0.04565201944186668,0.0,0.004725485254611005,0.0,32.0565919086088,0.0,1.172210809730307,0.0,0.004725485254611005,0.0,0.0,10.0,0.0,-32.08021933488185,10.0,-1.172210809730307,33.60268549646185,0.9546921283496732,-0.297595262171916,0.0,0.0,-1.0,0.0,72.6867739000964,72.6867739000964,-0.4045836560358999,1.217271648327799,691.598539451653,-13304.85346945171,-248.9604978905969,0.0,1244.802489452985,-66524.26734725854,0.0,-13295.26176452884,-248.9604978905969,505.1143001725304,1243.905089252862,-66524.26734725854,-47.25850906638954,dt_005
2.489999999999969,1,T,0.0,0.0,0.04837748365526007,0.0,0.03799706820816826,0.0,0.0,0.0,-0.04606884363044411,0.0,0.004652532320593206,0.0,32.05658044772825,0.0,1.172540492832899,0.0,0.004652532320593206,0.0,0.0,10.0,0.0,-32.07984310933121,10.0,-1.172540492832899,33.6023263170767,0.9546911367570476,-0.297598443204154,0.0,0.0,-1.0,0.0,72.68658299057596,72.68658299057596,-0.4045869412388095,1.217265956343074,691.5837545255747,-13304.52363926284,-248.9609529624311,0.0,1244.804764812156,-66522.61819631422,0.0,-13294.92041086327,-248.9609529624311,505.4112548361564,1243.906262558825,-66522.61819631422,-47.28755085624369,dt_005
2.494999999999969,1,T,0.0,0.0,0.0481464352935961,0.0,0.038020229170868,0.0,0.0,0.0,-0.04602969566091776,0.0,0.00470190632929846,0.0,32.05655179390737,0.0,1.17332207346037,0.0,0.00470190632929846,0.0,0.0,10.0,0.0,-32.08006132555386,10.0,-1.17332207346037,33.6025346462331,0.9546917118988844,-0.2975965981518902,0.0,0.0,-1.0,0.0,72.68669372133671,72.68669372133671,-0.4045850357653864,1.217269257790783,691.5923299739188,-13304.71494496215,-248.9606889844863,0.0,1244.803444922432,-66523.57472481077,0.0,-13295.0998689323,-248.9606889844863,505.7264495906081,1243.903848064125,-66523.57472481077,-47.31631073968644,dt_005
2.499999999999969,1,T,0.0,0.0,0.04791391882702154,0.0,0.0380431653960779,0.0,0.0,0.0,-0.04691194439377085,0.0,0.004490585962773345,0.0,32.05655842933511,0.0,1.173175719064776,0.0,0.004490585962773345,0.0,0.0,10.0,0.0,-32.07901135914898,10.0,-1.173175719064776,33.60153225346144,0.9546889444556322,-0.2976054759815264,0.0,0.0,-1.0,0.0,72.68616091802409,72.68616091802409,-0.4045942043337682,1.217253372211532,691.5510689905005,-13303.79447474843,-248.9619598908181,0.0,1244.809799454091,-66518.97237374213,0.0,-13294.16846177561,-248.9619598908181,505.9963797078717,1243.909112413188,-66518.97237374213,-47.3450828742273,dt_005
2.504999999999969,1,T,0.0,0.0,0.04768070266083629,0.0,0.03806613893299327,0.0,0.0,0.0,-0.04602968116695191,0.0,0.004798047811771239,0.0,32.0564978926356,0.0,1.174793795374224,0.0,0.004798047811771239,0.0,0.0,10.0,0.0,-32.08048813169446,10.0,-1.174793795374224,33.60294211475818,0.9546928367800548,-0.2975929895021921,0.0,0.0,-1.0,0.0,72.68691029415604,72.68691029415604,-0.4045813089441438,1.217275714929099,691.6091027452708,-13305.0891215452,-248.9601729111161,0.0,1244.800864555581,-66525.44560772601,0.0,-13295.45054265929,-248.9601729111161,506.3510639480232,1243.899095975102,-66525.44560772601,-47.37331981869025,dt_005
2.509999999999969,1,T,0.0,0.0,0.04745154967541393,0.0,0.03809058229254875,0.0,0.0,0.0,-0.04598330708054137,0.0,0.004876320981855059,0.0,32.0564674011631,0.0,1.175623703975841,0.0,0.004876320981855059,0.0,0.0,10.0,0.0,-32.08084900607238,10.0,-1.175623703975841,33.60328663911337,0.9546937878609494,-0.2975899383710954,0.0,0.0,-1.0,0.0,72.68709340734257,72.68709340734257,-0.40457815790185,1.217281174465419,691.6232846821293,-13305.40550093644,-248.9597368044765,0.0,1244.798684022383,-66527.02750468219,0.0,-13295.75431166905,-248.9597368044765,506.6880974361038,1243.895758688882,-66527.02750468219,-47.4036418396926,dt_005
2.514999999999969,1,T,0.0,0.0,0.04721942159162445,0.0,0.03811453648102941,0.0,0.0,0.0,-0.04691921664493209,0.0,0.00468958113549018,0.0,32.0564748939773,0.0,1.175456360460231,0.0,0.00468958113549018,0.0,0.0,10.0,0.0,-32.07992279965475,10.0,-1.175456360460231,33.60240239673062,0.95469134679418,-0.2975977694074921,0.0,0.0,-1.0,0.0,72.68662342847178,72.68662342847178,-0.4045862453767451,1.217267162002618,691.5868861844825,-13304.59350196442,-248.960856550874,0.0,1244.80428275437,-66522.96750982212,0.0,-13294.9307613116,-248.960856550874,506.9756448238446,1243.900217482026,-66522.96750982212,-47.43365168095517,dt_005
2.519999999999968,1,T,0.0,0.0,0.04698222388128816,0.0,0.03813751001278325,0.0,0.0,0.0,-0.04795676824791348,0.0,0.004499810828655194,0.0,32.05648744117705,0.0,1.175156013443103,0.0,0.004499810828655194,0.0,0.0,10.0,0.0,-32.07898649532032,10.0,-1.175156013443103,33.60150851623992,0.9546888789179288,-0.297605686219918,0.0,0.0,-1.0,0.0,72.6861483005396,72.6861483005396,-0.4045944214575484,1.217252996020084,691.5500919222532,-13303.77267789067,-248.9619900096906,0.0,1244.809950048453,-66518.86338945333,0.0,-13294.09888356786,-248.9619900096906,507.2497796056559,1243.904790608397,-66518.86338945333,-47.46244453367489,dt_005
2.524999999999968,1,T,0.0,0.0,0.04673967555969478,0.0,0.03815956906160435,0.0,0.0,0.0,-0.04905933667786852,0.0,0.004323785423948941,0.0,32.05650357387979,0.0,1.17476138300527,0.0,0.004323785423948941,0.0,0.0,10.0,0.0,-32.07812250099953,10.0,-1.17476138300527,33.60068367145426,0.9546866014589986,-0.2976129919789574,0.0,0.0,-1.0,0.0,72.68570984392025,72.68570984392025,-0.4046019664922764,1.217239923396078,691.5161402033439,-13303.01527006908,-248.9630372742934,0.0,1244.815186371467,-66515.07635034542,0.0,-13293.33083444797,-248.9630372742934,507.5141393163109,1243.908975840407,-66515.07635034542,-47.49008364596934,dt_005
2.529999999999968,1,T,0.0,0.0,0.04649141550032827,0.0,0.03818078603557548,0.0,0.0,0.0,-0.05024132011045493,0.0,0.004162975893922546,0.0,32.0565237598755,0.0,1.174260402736921,0.0,0.004162975893922546,0.0,0.0,10.0,0.0,-32.07733863934511,10.0,-1.174260402736921,33.59993533004525,0.954684535081869,-0.2976196204478389,0.0,0.0,-1.0,0.0,72.68531203410289,72.68531203410289,-0.4046088120700477,1.217228062660173,691.485338187224,-13302.32812986076,-248.9639885228345,0.0,1244.819942614173,-66511.6406493038,0.0,-13292.63342411948,-248.9639885228345,507.7699542768718,1243.912720740926,-66511.6406493038,-47.51665717260825,dt_005
2.534999999999968,1,T,0.0,0.0,0.04623700921473806,0.0,0.03820123980816587,0.0,0.0,0.0,-0.05151766862812539,0.0,0.004018497896193561,0.0,32.05654848135234,0.0,1.173640662017201,0.0,0.004018497896193561,0.0,0.0,10.0,0.0,-32.07664097083331,10.0,-1.173640662017201,33.59926927734801,0.9546826958066844,-0.2976255202889728,0.0,0.0,-1.0,0.0,72.68495795240368,72.68495795240368,-0.4046149051670594,1.217217505682089,691.4579237826921,-13301.71656374291,-248.9648360641115,0.0,1244.824180320557,-66508.58281871457,0.0,-13292.01191559551,-248.9648360641115,508.0184817697868,1243.915983200471,-66508.58281871457,-47.54226171684584,dt_005
2.539999999999968,1,T,0.0,0.0,0.04597594763195984,0.0,0.03822101417676456,0.0,0.0,0.0,-0.05290325992942618,0.0,0.003891205534784082,0.0,32.05657821289345,0.0,1.172889980436571,0.0,0.003891205534784082,0.0,0.0,10.0,0.0,-32.07603424056737,10.0,-1.172889980436571,33.59869004294736,0.9546810961845932,-0.2976306512907959,0.0,0.0,-1.0,0.0,72.68465001239731,72.68465001239731,-0.404620204250115,1.217208324422777,691.4340832187557,-13301.18472533431,-248.9655738145726,0.0,1244.827869072863,-66505.92362667155,0.0,-13291.47041726313,-248.9655738145726,508.2610003589668,1243.918728897346,-66505.92362667155,-47.56700031423646,dt_005
2.544999999999968,1,T,0.0,0.0,0.04570764789214761,0.0,0.03824019675411902,0.0,0.0,0.0,-0.05441273897940736,0.0,0.003781771888835602,0.0,32.05661341665149,0.0,1.171996532492713,0.0,0.003781771888835602,0.0,0.0,10.0,0.0,-32.07552227609568,10.0,-1.171996532492713,33.59820128048985,0.9546797463446836,-0.2976349810073584,0.0,0.0,-1.0,0.0,72.68439016158231,72.68439016158231,-0.4046246758063345,1.217200576947082,691.4139666866399,-13300.73596437637,-248.9661968291494,0.0,1244.830984145747,-66503.67982188184,0.0,-13291.01223217822,-248.9661968291494,508.4988083996257,1243.920929006377,-66503.67982188184,-47.59098096469317,dt_005
2.549999999999968,1,T,0.0,0.0,0.04543145155940198,0.0,0.03825887822078455,0.0,0.0,0.0,-0.05606168338951009,0.0,0.003690750093598127,0.0,32.05665458781756,0.0,1.170947659100218,0.0,0.003690750093598127,0.0,0.0,10.0,0.0,-32.07510833828555,10.0,-1.170947659100218,33.59780610267217,0.9546786549177236,-0.2976384817937461,0.0,0.0,-1.0,0.0,72.68418005929367,72.68418005929367,-0.4046282912816047,1.217194312728226,691.3977021340626,-13300.37313448368,-248.966700884747,0.0,1244.833504423735,-66501.86567241841,0.0,-13290.64016597498,-248.966700884747,508.7332258343986,1243.922558153685,-66501.86567241841,-47.61431562324434,dt_005
2.554999999999968,1,T,0.0,0.0,0.04514662506903244,0.0,0.03827715154210385,0.0,0.0,0.0,-0.05786456720973497,0.0,0.003618501200912882,0.0,32.05670217776971,0.0,1.169731877211817,0.0,0.003618501200912882,0.0,0.0,10.0,0.0,-32.07479468377427,10.0,-1.169731877211817,33.59750666353494,0.9546778278813964,-0.2976411345087552,0.0,0.0,-1.0,0.0,72.68402085447713,72.68402085447713,-0.4046310309046749,1.217189566022133,691.3853780788432,-13300.09820977093,-248.9670830213907,0.0,1244.835415106953,-66500.49104885464,0.0,-13290.35614417461,-248.9670830213907,508.9655691223532,1243.923597157994,-66500.49104885464,-47.63711932954844,dt_005
2.559999999999968,1,T,0.0,0.0,0.04485236562450538,0.0,0.03829511088141001,0.0,0.0,0.0,-0.05983461132247687,0.0,0.003565144039858682,0.0,32.05675658960764,0.0,1.168338994475451,0.0,0.003565144039858682,0.0,0.0,10.0,0.0,-32.07458230980693,10.0,-1.168338994475451,33.59730391487656,0.954677267886505,-0.2976429306749253,0.0,0.0,-1.0,0.0,72.68391305604709,72.68391305604709,-0.4046328859180613,1.217186352002132,691.3770335885049,-13299.91206133751,-248.9673418606533,0.0,1244.836709303267,-66499.56030668755,0.0,-13290.16098939062,-248.9673418606533,509.1971282230878,1243.924034673648,-66499.56030668755,-47.65950891709559,dt_005
2.564999999999968,1,T,0.0,0.0,0.044547810757769,0.0,0.03831285038466225,0.0,0.0,0.0,-0.06198246714697333,0.0,0.003530552453647175,0.0,32.05681812915859,0.0,1.166761385603453,0.0,0.003530552453647175,0.0,0.0,10.0,0.0,-32.07447089142683,10.0,-1.166761385603453,33.59719754629822,0.9546769740906808,-0.297643873011123,0.0,0.0,-1.0,0.0,72.68385650091884,72.68385650091884,-0.404633859128153,1.217184665805837,691.3726558160546,-13299.81440230904,-248.967477687382,0.0,1244.83738843691,-66499.07201154521,0.0,-13290.05436703374,-248.967477687382,509.429148316602,1243.923867657172,-66499.07201154521,-47.68160151723464,dt_005
2.569999999999967,1,T,0.0,0.0,0.04423206039435308,0.0,0.03833046335618711,0.0,0.0,0.0,-0.06431252892938341,0.0,0.003514516218111161,0.0,32.05688686453064,0.0,1.164997650947201,0.0,0.003514516218111161,0.0,0.0,10.0,0.0,-32.07445944562119,10.0,-1.164997650947201,33.5971866192513,0.954676943909417,-0.2976439698159121,0.0,0.0,-1.0,0.0,72.68385069109407,72.68385069109407,-0.4046339591045879,1.217184492585383,691.3722060963893,-13299.80436999866,-248.9674916418229,0.0,1244.837458209115,-66499.0218499933,0.0,-13290.03536746983,-248.9674916418229,509.6628411377545,1243.923097370495,-66499.0218499933,-47.70351337924394,dt_005
2.574999999999967,1,T,0.0,0.0,0.04390595549861576,0.0,0.03834832099646168,0.0,0.0,0.0,-0.06540611723868733,0.0,0.003742511954047396,0.0,32.05690798230777,0.0,1.164477326819573,0.0,0.003742511954047396,0.0,0.0,10.0,0.0,-32.07562054207801,10.0,-1.164477326819573,33.59829509304567,0.9546800054362627,-0.2976341499563127,0.0,0.0,-1.0,0.0,72.68444003769125,72.68444003769125,-0.4046238175299227,1.217202064007808,691.4178278101184,-13300.8220984902,-248.9660772132417,0.0,1244.830386066209,-66504.11049245099,0.0,-13291.04324422576,-248.9660772132417,509.9391883411241,1243.915178356554,-66504.11049245099,-47.72545576449944,dt_005
2.579999999999967,1,T,0.0,0.0,0.04357213620200048,0.0,0.03836707906724383,0.0,0.0,0.0,-0.06811593664613327,0.0,0.003760555658168154,0.0,32.05699007566979,0.0,1.162370827183028,0.0,0.003760555658168154,0.0,0.0,10.0,0.0,-32.07579285396064,10.0,-1.162370827183028,33.59845959579386,0.9546804597546538,-0.2976326926979678,0.0,0.0,-1.0,0.0,72.68452749603591,72.68452749603591,-0.4046223125321222,1.217204671586313,691.4245984162428,-13300.9731375748,-248.9658675039499,0.0,1244.829337519749,-66504.86568787399,0.0,-13291.18460434304,-248.9658675039499,510.1942960882233,1243.913235125425,-66504.86568787399,-47.74874898526848,dt_005
2.584999999999967,1,T,0.0,0.0,0.0432243042215617,0.0,0.0383859683550263,0.0,0.0,0.0,-0.07101088046133373,0.0,0.003794983093372984,0.0,32.05707921152719,0.0,1.160083549434145,0.0,0.003794983093372984,0.0,0.0,10.0,0.0,-32.07605412699405,10.0,-1.160083549434145,33.59870902814351,0.9546811486157392,-0.2976304831124206,0.0,0.0,-1.0,0.0,72.68466010572678,72.68466010572678,-0.4046200305624159,1.217208625356313,691.4348646191846,-13301.20215689121,-248.9655496237113,0.0,1244.827748118556,-66506.01078445606,0.0,-13291.40381537412,-248.9655496237113,510.4541459776124,1243.910744733287,-66506.01078445606,-47.77218461610133,dt_005
2.589999999999967,1,T,0.0,0.0,0.04286169357611125,0.0,0.03840503539414176,0.0,0.0,0.0,-0.07399601247211875,0.0,0.003825054971202326,0.0,32.05717170226185,0.0,1.157711851980498,0.0,0.003825054971202326,0.0,0.0,10.0,0.0,-32.07629697711786,10.0,-1.157711851980498,33.5989408726564,0.9546817888900272,-0.297628429357374,0.0,0.0,-1.0,0.0,72.68478336306462,72.68478336306462,-0.4046179095295623,1.217212300285058,691.4444070056097,-13301.4150295181,-248.9652542634824,0.0,1244.826271317412,-66507.07514759053,0.0,-13291.60679576719,-248.9652542634824,510.7157469724658,1243.908357920885,-66507.07514759053,-47.7958455995831,dt_005
2.594999999999967,1,T,0.0,0.0,0.0424848577803821,0.0,0.03842404979906974,0.0,0.0,0.0,-0.0766121460193927,0.0,0.003755807334489795,0.0,32.05725018097699,0.0,1.15570719726963,0.0,0.003755807334489795,0.0,0.0,10.0,0.0,-32.07602921764944,10.0,-1.15570719726963,33.5986852476626,0.9546810829415092,-0.2976306937693546,0.0,0.0,-1.0,0.0,72.68464746302018,72.68464746302018,-0.4046202481202223,1.217208248412866,691.4338858525441,-13301.18032246991,-248.9655799248141,0.0,1244.827899624071,-66505.90161234954,0.0,-13291.36254860052,-248.9655799248141,510.9594626975508,1243.909075991241,-66505.90161234954,-47.81956031889401,dt_005
2.599999999999967,1,T,0.0,0.0,0.04209626772026984,0.0,0.03844238713292179,0.0,0.0,0.0,-0.07872790270936633,0.0,0.003560514319999685,0.0,32.05731029770479,0.0,1.154180848042481,0.0,0.003560514319999685,0.0,0.0,10.0,0.0,-32.07511286930479,10.0,-1.154180848042481,33.59781042833955,0.954678666864839,-0.2976384434732408,0.0,0.0,-1.0,0.0,72.68418235912847,72.68418235912847,-0.4046282517056633,1.21719438129801,691.3978801669181,-13300.37710603931,-248.9666953656883,0.0,1244.833476828442,-66501.88553019654,0.0,-13290.55055373142,-248.9666953656883,511.1723208117242,1243.913771982696,-66501.88553019654,-47.84258463510679,dt_005
2.604999999999967,1,T,0.0,0.0,0.04169728018646944,0.0,0.0384596567518922,0.0,0.0,0.0,-0.08089668943224217,0.0,0.003355104423955378,0.0,32.05737375089261,0.0,1.152567282459057,0.0,0.003355104423955378,0.0,0.0,10.0,0.0,-32.07414927301239,10.0,-1.152567282459057,33.59689050473988,0.9546761260089632,-0.2976465931747223,0.0,0.0,-1.0,0.0,72.68369324783191,72.68369324783191,-0.404636668414536,1.217179798400194,691.3600190973322,-13299.53250361685,-248.9678698826579,0.0,1244.839349413289,-66497.66251808424,0.0,-13289.69774614368,-248.9678698826579,511.3693683674799,1243.918813816177,-66497.66251808424,-47.86429234676787,dt_005
2.609999999999967,1,T,0.0,0.0,0.04128356637644814,0.0,0.03847665050965578,0.0,0.0,0.0,-0.08460800533589019,0.0,0.003447695835427316,0.0,32.05749692358756,0.0,1.149403488507812,0.0,0.003447695835427316,0.0,0.0,10.0,0.0,-32.07473540276469,10.0,-1.149403488507812,33.59745006927411,0.9546776715682366,-0.2976416358795427,0.0,0.0,-1.0,0.0,72.68399076429213,72.68399076429213,-0.4046315487016033,1.21718866888053,691.3830488338873,-13300.04624908201,-248.9671552646631,0.0,1244.835776323316,-66500.23124541005,0.0,-13290.20241936172,-248.9671552646631,511.6149725255529,1243.914429796968,-66500.23124541005,-47.88529374824066,dt_005
2.614999999999966,1,T,0.0,0.0,0.04085085683905336,0.0,0.03849415014339312,0.0,0.0,0.0,-0.08846807363681107,0.0,0.003551926521210028,0.0,32.05762535789357,0.0,1.146107274056254,0.0,0.003551926521210028,0.0,0.0,10.0,0.0,-32.07538499049962,10.0,-1.146107274056254,33.59807021673668,0.9546793843689706,-0.2976361420608782,0.0,0.0,-1.0,0.0,72.68432048012177,72.68432048012177,-0.4046258748965444,1.217198499387994,691.4085724018706,-13300.61562850379,-248.9663639702233,0.0,1244.831819851116,-66503.07814251893,0.0,-13290.76242187288,-248.9663639702233,511.8694584862298,1243.909638090188,-66503.07814251893,-47.90690952440506,dt_005
2.619999999999966,1,T,0.0,0.0,0.04039859334630891,0.0,0.03851218061696279,0.0,0.0,0.0,-0.09242931051470092,0.0,0.003660022066067116,0.0,32.05775720598712,0.0,1.142726988425298,0.0,0.003660022066067116,0.0,0.0,10.0,0.0,-32.07605731631745,10.0,-1.142726988425298,33.59871207293045,0.9546811570244752,-0.2976304561405115,0.0,0.0,-1.0,0.0,72.68466172446257,72.68466172446257,-0.40462000270694,1.217208673619069,691.4349899378057,-13301.20495251138,-248.9655457441194,0.0,1244.827728720597,-66506.02476255692,0.0,-13291.34207748618,-248.9655457441194,512.131787686176,1243.904686006789,-66506.02476255692,-47.92918027705699,dt_005
2.624999999999966,1,T,0.0,0.0,0.03992632690869681,0.0,0.03853075552509003,0.0,0.0,0.0,-0.09646899234850348,0.0,0.003769692406517658,0.0,32.05789158788991,0.0,1.139285774612664,0.0,0.003769692406517658,0.0,0.0,10.0,0.0,-32.0767400499225,10.0,-1.139285774612664,33.59936386645292,0.9546829570172108,-0.2976246824120513,0.0,0.0,-1.0,0.0,72.6850082380169,72.6850082380169,-0.4046140398438293,1.217219004952224,691.46181699106,-13301.80341409703,-248.9647156497402,0.0,1244.823578248701,-66509.01707048515,0.0,-13291.93057978919,-248.9647156497402,512.4017265275779,1243.899648120737,-66509.01707048515,-47.95212580279824,dt_005
2.629999999999966,1,T,0.0,0.0,0.03943795108946289,0.0,0.03854906631339079,0.0,0.0,0.0,-0.09887529050156012,0.0,0.00355485376985971,0.0,32.05796345886962,0.0,1.137468269229659,0.0,0.00355485376985971,0.0,0.0,10.0,0.0,-32.07573772771892,10.0,-1.137468269229659,33.59840696785208,0.9546803144092488,-0.2976331589044768,0.0,0.0,-1.0,0.0,72.68449951634165,72.68449951634165,-0.4046227940113737,1.217203837369182,691.4224323511643,-13300.92481685179,-248.9659345888479,0.0,1244.82967294424,-66504.62408425895,0.0,-13291.04325056644,-248.9659345888479,512.6112514529462,1243.90486003863,-66504.62408425895,-47.97513746451988,dt_005
2.634999999999966,1,T,0.0,0.0,0.03893321998525046,0.0,0.03856711030866034,0.0,0.0,0.0,-0.1030084843047355,0.0,0.003662496433632318,0.0,32.05810229500585,0.0,1.133916602502979,0.0,0.003662496433632318,0.0,0.0,10.0,0.0,-32.07641477717402,10.0,-1.133916602502979,33.59905333424303,0.9546820994650704,-0.2976274331458123,0.0,0.0,-1.0,0.0,72.68484315126774,72.68484315126774,-0.4046168806841784,1.217214082875774,691.449035786351,-13301.51828897187,-248.9651110288393,0.0,1244.825555144196,-66507.59144485937,0.0,-13291.6270296508,-248.9651110288393,512.8739577220226,1243.899879435008,-66507.59144485937,-47.99742369783753,dt_005
2.639999999999966,1,T,0.0,0.0,0.03840781281450181,0.0,0.03858567875491044,0.0,0.0,0.0,-0.1070216028883793,0.0,0.003766344009274514,0.0,32.0582360448925,0.0,1.130501739977566,0.0,0.003766344009274514,0.0,0.0,10.0,0.0,-32.07706776493887,10.0,-1.130501739977566,33.59967673053538,0.954683820984124,-0.2976219110736861,0.0,0.0,-1.0,0.0,72.68517456121238,72.68517456121238,-0.4046111777265057,1.217223963893432,691.4746942928444,-13302.09068344286,-248.9643174865985,0.0,1244.821587432993,-66510.45341721429,0.0,-13292.18947250467,-248.9643174865985,513.1428432447245,1243.895023225088,-66510.45341721429,-48.02036791877064,dt_005
2.644999999999966,1,T,0.0,0.0,0.03787370889040065,0.0,0.03860490302790079,0.0,0.0,0.0,-0.1052491582167569,0.0,0.003831282843559289,0.0,32.05814589783466,0.0,1.13288916011429,0.0,0.003831282843559289,0.0,0.0,10.0,0.0,-32.07730231205246,10.0,-1.13288916011429,33.59990064894249,0.954684439314318,-0.2976199276444805,0.0,0.0,-1.0,0.0,72.68529359757095,72.68529359757095,-0.4046091293289684,1.217227512973295,691.483910716519,-13302.29628550064,-248.9640326332103,0.0,1244.820163166052,-66511.48142750323,0.0,-13292.38505411883,-248.9640326332103,513.4063111050649,1243.892676632818,-66511.48142750323,-48.0442259173627,dt_005
2.649999999999966,1,T,0.0,0.0,0.03736841184751648,0.0,0.03862341552265669,0.0,0.0,0.0,-0.09689108457038288,0.0,0.003471323728277036,0.0,32.05780218264071,0.0,1.141834476444924,0.0,0.003471323728277036,0.0,0.0,10.0,0.0,-32.0751588012821,10.0,-1.141834476444924,33.5978542786212,0.9546787879752188,-0.297638055010053,0.0,0.0,-1.0,0.0,72.68420567304604,72.68420567304604,-0.4046278505158764,1.217195076404584,691.3996849280721,-13300.41736664293,-248.9666394197056,0.0,1244.833197098528,-66502.08683321463,0.0,-13290.49802983325,-248.9666394197056,513.5798340035648,1243.904811213071,-66502.08683321463,-48.06775675561796,dt_005
2.654999999999966,1,T,0.0,0.0,0.03687678963095278,0.0,0.03864089310334273,0.0,0.0,0.0,-0.09976199956264992,0.0,0.003544108618164322,0.0,32.05789312835518,0.0,1.139525997144141,0.0,0.003544108618164322,0.0,0.0,10.0,0.0,-32.075613671446,10.0,-1.139525997144141,33.59828853379073,0.9546799873209812,-0.2976342080621971,0.0,0.0,-1.0,0.0,72.68443655042645,72.68443655042645,-0.4046238775393576,1.217201960034691,691.4175578449103,-13300.81607609298,-248.966085576092,0.0,1244.83042788046,-66504.08038046489,0.0,-13290.88746349721,-248.966085576092,513.8275223323587,1243.901203764049,-66504.08038046489,-48.08939021654625,dt_005
2.659999999999966,1,T,0.0,0.0,0.03637632366388032,0.0,0.03865893505918105,0.0,0.0,0.0,-0.100428365526091,0.0,0.003672411961833253,0.0,32.05789831844213,0.0,1.139438515971667,0.0,0.003672411961833253,0.0,0.0,10.0,0.0,-32.0762603782513,10.0,-1.139438515971667,33.59890593238676,0.9546816923979734,-0.2976287388679752,0.0,0.0,-1.0,0.0,72.68476478760601,72.68476478760601,-0.4046182291791562,1.217211746456069,691.4429689101917,-13301.38294830754,-248.9652987694023,0.0,1244.826493847012,-66506.91474153768,0.0,-13291.44463954886,-248.9652987694023,514.0892250712942,1243.89640484086,-66506.91474153768,-48.11168057163962,dt_005
2.664999999999965,1,T,0.0,0.0,0.03586771992837291,0.0,0.03867747494229758,0.0,0.0,0.0,-0.102669333050996,0.0,0.00362957678844624,0.0,32.05796384123236,0.0,1.137793573914138,0.0,0.00362957678844624,0.0,0.0,10.0,0.0,-32.0761117251746,10.0,-1.137793573914138,33.59876401604505,0.9546813004745262,-0.2976299960089161,0.0,0.0,-1.0,0.0,72.6846893395425,72.6846893395425,-0.4046195275020329,1.21720949696519,691.4371278361036,-13301.25264496461,-248.9654795621983,0.0,1244.827397810991,-66506.26322482304,0.0,-13291.30490021877,-248.9654795621983,514.3306082651656,1243.896415930068,-66506.26322482304,-48.13477721165215,dt_005
2.669999999999965,1,T,0.0,0.0,0.0353743910998368,0.0,0.03869186962236232,0.0,0.0,0.0,-0.0934027695468844,0.0,0.002008436709260705,0.0,32.05758900852245,0.0,1.147514665994301,0.0,0.002008436709260705,0.0,0.0,10.0,0.0,-32.06763119206875,10.0,-1.147514665994301,33.590667904502,0.95465893334532,-0.2977017315770535,0.0,0.0,-1.0,0.0,72.68038403531175,72.68038403531175,-0.4046936138962215,1.217081133927767,691.1039442907062,-13293.82011007618,-248.9758567676579,0.0,1244.879283838289,-66469.10055038088,0.0,-13283.87052311295,-248.9758567676579,514.2344253711077,1243.947570110353,-66469.10055038088,-48.15468976413811,dt_005
2.674999999999965,1,T,0.0,0.0,0.03490400189443027,0.0,0.03870189373691633,0.0,0.0,0.0,-0.09509729131957394,0.0,0.002036176263812313,0.0,32.05764306892453,0.0,1.146142762008452,0.0,0.002036176263812313,0.0,0.0,10.0,0.0,-32.06782395024359,10.0,-1.146142762008452,33.59085192286459,0.9546594419183422,-0.2977001006989408,0.0,0.0,-1.0,0.0,72.68048191572181,72.68048191572181,-0.4046919295537791,1.2170840522411,691.1115164035874,-13293.98902243623,-248.9756195210218,0.0,1244.878097605109,-66469.94511218114,0.0,-13284.03415357504,-248.9756195210218,514.3741199814958,1243.945901994829,-66469.94511218114,-48.16711333664998,dt_005
2.679999999999965,1,T,0.0,0.0,0.0344443388328757,0.0,0.03871289604348706,0.0,0.0,0.0,-0.08709096930132004,0.0,0.002423103421214864,0.0,32.05732058627162,0.0,1.154495793232903,0.0,0.002423103421214864,0.0,0.0,10.0,0.0,-32.06943610337769,10.0,-1.154495793232903,33.59239098350435,0.9546636950946864,-0.2976864613450865,0.0,0.0,-1.0,0.0,72.68130050676696,72.68130050676696,-0.4046778431023695,1.217108458607603,691.1748483430325,-13295.40178478369,-248.9736377939954,0.0,1244.868188969977,-66477.00892391846,0.0,-13285.44019730372,-248.9736377939954,514.574953428455,1243.93547075911,-66477.00892391846,-48.18041611175068,dt_005
2.684999999999965,1,T,0.0,0.0,0.03402256088671914,0.0,0.03872685569119363,0.0,0.0,0.0,-0.08063138343018415,0.0,0.003428373894422606,0.0,32.05705436986923,0.0,1.161398044554249,0.0,0.003428373894422606,0.0,0.0,10.0,0.0,-32.07419623934135,10.0,-1.161398044554249,33.59693534237578,0.9546762498568194,-0.2976461959429678,0.0,0.0,-1.0,0.0,72.68371708806518,72.68371708806518,-0.4046362581678207,1.217180509198919,691.3618644448645,-13299.57366942166,-248.9678125987759,0.0,1244.839062993879,-66497.86834710832,0.0,-13289.60176932076,-248.9678125987759,514.9219370356725,1243.905693918567,-66497.86834710832,-48.1966533324488,dt_005
2.689999999999965,1,T,0.0,0.0,0.03362301227557461,0.0,0.03874630913593224,0.0,0.0,0.0,-0.07949936718367386,0.0,0.004314761657021484,0.0,32.05698792013321,0.0,1.163152831088253,0.0,0.004314761657021484,0.0,0.0,10.0,0.0,-32.07856172841831,10.0,-1.163152831088253,33.60110299624023,0.9546877592681324,-0.2976092779192083,0.0,0.0,-1.0,0.0,72.68593274410459,72.68593274410459,-0.4045981307886799,1.217246569185358,691.5334000704158,-13303.40030931803,-248.9625047170999,0.0,1244.8125235855,-66517.00154659015,0.0,-13293.41551763416,-248.9625047170999,515.3286965484158,1243.878236602888,-66517.00154659015,-48.21982352715838,dt_005
2.694999999999965,1,T,0.0,0.0,0.03322695243846322,0.0,0.03876967494376099,0.0,0.0,0.0,-0.07954768346569144,0.0,0.004887807005880263,0.0,32.05696260611408,0.0,1.163853588215215,0.0,0.004887807005880263,0.0,0.0,10.0,0.0,-32.08140164114348,10.0,-1.163853588215215,33.60381423678514,0.9546952442685772,-0.2975852660515331,0.0,0.0,-1.0,0.0,72.6873738155642,72.6873738155642,-0.404573332590344,1.217289534862064,691.6450028969728,-13305.8900053768,-248.9590693959096,0.0,1244.795346979548,-66529.450026884,0.0,-13295.8912981114,-248.9590693959096,515.7358083279603,1243.859945869607,-66529.450026884,-48.24822196921513,dt_005
2.699999999999965,1,T,0.0,0.0,0.03282267107770217,0.0,0.03879388795533037,0.0,0.0,0.0,-0.08224078191658434,0.0,0.004778493752405168,0.0,32.05703886587278,0.0,1.161938711285857,0.0,0.004778493752405168,0.0,0.0,10.0,0.0,-32.08093133463481,10.0,-1.161938711285857,33.60336523768942,0.9546940048329726,-0.2975892423055305,0.0,0.0,-1.0,0.0,72.68713518159008,72.68713518159008,-0.4045774390436226,1.21728241996841,691.6265201197518,-13305.47767915419,-248.9596373441822,0.0,1244.798186720911,-66527.38839577093,0.0,-13295.46679070372,-248.9596373441822,516.0417500211647,1243.861614875006,-66527.38839577093,-48.27844968730698,dt_005
2.704999999999965,1,T,0.0,0.0,0.03240511259247057,0.0,0.03881740098110305,0.0,0.0,0.0,-0.08477621790810264,0.0,0.004626639299269396,0.0,32.05710993063762,0.0,1.160158942899864,0.0,0.004626639299269396,0.0,0.0,10.0,0.0,-32.08024312713396,10.0,-1.160158942899864,33.6027082107384,0.9546921910562582,-0.2975950610077406,0.0,0.0,-1.0,0.0,72.68678597294954,72.68678597294954,-0.4045834482842269,1.217272008281014,691.5994744463159,-13304.87432784322,-248.9604691203691,0.0,1244.802345601845,-66524.37163921609,0.0,-13294.85175651947,-248.9604691203691,516.3309518832211,1243.864635106779,-66524.37163921609,-48.30785802057679,dt_005
2.709999999999964,1,T,0.0,0.0,0.03197547813797827,0.0,0.03884009923984352,0.0,0.0,0.0,-0.08707128592753195,0.0,0.004452618350379113,0.0,32.05717270705075,0.0,1.158593246055801,0.0,0.004452618350379113,0.0,0.0,10.0,0.0,-32.07943579880264,10.0,-1.158593246055801,33.6019374615438,0.9546900631999686,-0.2976018871365569,0.0,0.0,-1.0,0.0,72.68637630288926,72.68637630288926,-0.404590497955039,1.217259793930887,691.567748216319,-13304.16656249625,-248.9614459091059,0.0,1244.807229545529,-66520.83281248125,0.0,-13294.13280171791,-248.9614459091059,516.6052389700424,1243.868418542394,-66520.83281248125,-48.33628121462311,dt_005
2.714999999999964,1,T,0.0,0.0,0.03153496472352838,0.0,0.03886187655861142,0.0,0.0,0.0,-0.0891279234474153,0.0,0.004258293659563251,0.0,32.057227373072,0.0,1.157236280348254,0.0,0.004258293659563251,0.0,0.0,10.0,0.0,-32.07851884136981,10.0,-1.157236280348254,33.60106205250242,0.9546876462192296,-0.2976096405635861,0.0,0.0,-1.0,0.0,72.6859109799274,72.6859109799274,-0.4045985053102756,1.217245920284435,691.5317147718724,-13303.36271304166,-248.9625567023936,0.0,1244.812783511968,-66516.8135652083,0.0,-13293.31830576257,-248.9625567023936,516.8635181795327,1243.872915385877,-66516.8135652083,-48.36358510544942,dt_005
2.719999999999964,1,T,0.0,0.0,0.0310921609480174,0.0,0.03888304658681416,0.0,0.0,0.0,-0.08649685109898662,0.0,0.00429219144870892,0.0,32.05710058883189,0.0,1.160544016147767,0.0,0.00429219144870892,0.0,0.0,10.0,0.0,-32.07856154607544,10.0,-1.160544016147767,33.60110282215972,0.9546877587874834,-0.2976092794610617,0.0,0.0,-1.0,0.0,72.68593265156994,72.68593265156994,-0.4045981323810316,1.217246566426429,691.5333929050267,-13303.4001494698,-248.9625049381202,0.0,1244.812524690601,-66517.00074734903,0.0,-13293.34476890028,-248.9625049381202,517.146393262743,1243.871632622947,-66517.00074734903,-48.38990785808166,dt_005
2.724999999999964,1,T,0.0,0.0,0.03065560855600094,0.0,0.03890393307491239,0.0,0.0,0.0,-0.08811843427385715,0.0,0.00406243752029859,0.0,32.05713941220165,0.0,1.159593219960899,0.0,0.00406243752029859,0.0,0.0,10.0,0.0,-32.07745159980314,10.0,-1.159593219960899,33.60004317166442,0.9546848328711282,-0.297618665217466,0.0,0.0,-1.0,0.0,72.68536936263214,72.68536936263214,-0.4046078255511425,1.217229771915489,691.4897769468492,-13302.42715081617,-248.9638513752662,0.0,1244.819256876331,-66512.13575408087,0.0,-13292.36170220674,-248.9638513752662,517.3862005106373,1243.877348748133,-66512.13575408087,-48.41614980001631,dt_005
2.729999999999964,1,T,0.0,0.0,0.03022428393347909,0.0,0.03892443249102054,0.0,0.0,0.0,-0.08211943066544616,0.0,0.004279658192818921,0.0,32.05688218563171,0.0,1.16624483195992,0.0,0.004279658192818921,0.0,0.0,10.0,0.0,-32.07828047659581,10.0,-1.16624483195992,33.60083448867227,0.9546870178896968,-0.297611656144173,0.0,0.0,-1.0,0.0,72.68579001439552,72.68579001439552,-0.4046005869053494,1.217242313686094,691.5223479802781,-13303.15375526523,-248.9628456927317,0.0,1244.814228463659,-66515.76877632616,0.0,-13293.07714737403,-248.9628456927317,517.68696157997,1243.871331380126,-66515.76877632616,-48.44145287051278,dt_005
2.734999999999964,1,T,0.0,0.0,0.0298105927155198,0.0,0.03894518646514953,0.0,0.0,0.0,-0.08335199226997599,0.0,0.004021995827746851,0.0,32.05690596472078,0.0,1.165678512419645,0.0,0.004021995827746851,0.0,0.0,10.0,0.0,-32.07701594385952,10.0,-1.165678512419645,33.59962725779287,0.9546836843679506,-0.2976223492979573,0.0,0.0,-1.0,0.0,72.68514826098348,72.68514826098348,-0.4046116303052367,1.217223179749714,691.4726580158535,-13302.04525774927,-248.9643804351983,0.0,1244.821902175991,-66510.22628874634,0.0,-13291.95874347152,-248.9643804351983,517.9196859174045,1243.877993653185,-66510.22628874634,-48.46756691212634,dt_005
2.739999999999964,1,T,0.0,0.0,0.0293940583760042,0.0,0.03896534459224307,0.0,0.0,0.0,-0.08286245276062515,0.0,0.004142169345044662,0.0,32.05686339006292,0.0,1.166813887290348,0.0,0.004142169345044662,0.0,0.0,10.0,0.0,-32.07757423678814,10.0,-1.166813887290348,33.60016025135378,0.9546851561666496,-0.2976176281658386,0.0,0.0,-1.0,0.0,72.68543160167614,72.68543160167614,-0.4046067545312794,1.21723162757825,691.4945959614511,-13302.53465465805,-248.9637025041614,0.0,1244.818512520807,-66512.67327329026,0.0,-13292.43732591067,-248.9637025041614,518.2066914998547,1243.873629302829,-66512.67327329026,-48.49250910729989,dt_005
2.744999999999964,1,T,0.0,0.0,0.02898584190752656,0.0,0.03898745206166959,0.0,0.0,0.0,-0.08046702550854916,0.0,0.004689012515501374,0.0,32.05674421897943,0.0,1.169916190064768,0.0,0.004689012515501374,0.0,0.0,10.0,0.0,-32.08018928155694,10.0,-1.169916190064768,33.60265680479031,0.9546920491412948,-0.2975955162740115,0.0,0.0,-1.0,0.0,72.68675865017674,72.68675865017674,-0.4045839184590641,1.217271193650057,691.597358408569,-13304.82712207597,-248.960534233278,0.0,1244.80267116639,-66524.13561037983,0.0,-13294.71659176262,-248.960534233278,518.5899083476529,1243.856727635859,-66524.13561037983,-48.51939053608442,dt_005
2.749999999999964,1,T,0.0,0.0,0.02858390820292275,0.0,0.03901070166780853,0.0,0.0,0.0,-0.08038424392429334,0.0,0.004589696289947085,0.0,32.0567137816761,0.0,1.170744215027987,0.0,0.004589696289947085,0.0,0.0,10.0,0.0,-32.07966226312584,10.0,-1.170744215027987,33.60215366485041,0.9546906601014334,-0.2975999723035764,0.0,0.0,-1.0,0.0,72.68649122166573,72.68649122166573,-0.404588520413542,1.217263220244665,691.5766476861847,-13304.36509623864,-248.9611717958194,0.0,1244.805858979097,-66521.8254811932,0.0,-13294.24285683991,-248.9611717958194,518.8809857510811,1243.858784630311,-66521.8254811932,-48.5484340292498,dt_005
2.754999999999963,1,T,0.0,0.0,0.02818091182929181,0.0,0.03903292683605981,0.0,0.0,0.0,-0.08082863693829505,0.0,0.004295570669091599,0.0,32.05670509532732,0.0,1.171012626070973,0.0,0.004295570669091599,0.0,0.0,10.0,0.0,-32.07818294867278,10.0,-1.171012626070973,33.60074138004281,0.9546867608024162,-0.2976124808347089,0.0,0.0,-1.0,0.0,72.68574052038063,72.68574052038063,-0.4046014386066231,1.217240838017536,691.5185155392192,-13303.0682598555,-248.9629639625723,0.0,1244.814819812862,-66515.34129927751,0.0,-13292.93547274084,-248.9629639625723,519.1258459402046,1243.866659334395,-66515.34129927751,-48.57642866678595,dt_005
2.759999999999963,1,T,0.0,0.0,0.02777605615633931,0.0,0.03905364546811164,0.0,0.0,0.0,-0.08110949534183977,0.0,0.003991986272341313,0.0,32.05669179242378,0.0,1.171396152647313,0.0,0.003991986272341313,0.0,0.0,10.0,0.0,-32.07665172378549,10.0,-1.171396152647313,33.59927954300554,0.9546827241557022,-0.2976254293548306,0.0,0.0,-1.0,0.0,72.68496340986353,72.68496340986353,-0.404614811254179,1.217217668396751,691.4583463080314,-13301.72598950792,-248.9648229948442,0.0,1244.824114974221,-66508.6299475396,0.0,-13291.58346743949,-248.9648229948442,519.348850041612,1243.874940704101,-66508.6299475396,-48.60256278966137,dt_005
2.764999999999963,1,T,0.0,0.0,0.0273702227052946,0.0,0.0390728391027821,0.0,0.0,0.0,-0.08121988090915236,0.0,0.003685590189204604,0.0,32.05667361514934,0.0,1.171901135546573,0.0,0.003685590189204604,0.0,0.0,10.0,0.0,-32.07510156609536,10.0,-1.171901135546573,33.59779963740681,0.9546786370612164,-0.2976385390686803,0.0,0.0,-1.0,0.0,72.68417662189405,72.68417662189405,-0.4046283504329513,1.217194210241844,691.3974360411415,-13300.36719848494,-248.9667091337593,0.0,1244.833545668796,-66501.83599242468,0.0,-13290.21574286831,-248.9667091337593,519.5508854282501,1243.88343111178,-66501.83599242468,-48.62680565215401,dt_005
2.769999999999963,1,T,0.0,0.0,0.02696422892978431,0.0,0.0390904982215918,0.0,0.0,0.0,-0.08117375415525897,0.0,0.00337819708419364,0.0,32.056651112751,0.0,1.172513319487827,0.0,0.00337819708419364,0.0,0.0,10.0,0.0,-32.07354209817197,10.0,-1.172513319487827,33.59631084990151,0.9546745248746856,-0.2976517286280948,0.0,0.0,-1.0,0.0,72.68338503854201,72.68338503854201,-0.4046419721314676,1.217170609112169,691.336162917966,-13299.00032353178,-248.9686107841646,0.0,1244.843053920823,-66495.00161765891,0.0,-13288.84073523742,-248.9686107841646,519.7321606299745,1243.892073199621,-66495.00161765891,-48.64914311752321,dt_005
2.774999999999963,1,T,0.0,0.0,0.02655881979902718,0.0,0.03910662218561896,0.0,0.0,0.0,-0.08098614483072408,0.0,0.003071543812131781,0.0,32.05662486812427,0.0,1.173217665509491,0.0,0.003071543812131781,0.0,0.0,10.0,0.0,-32.07198258718493,10.0,-1.173217665509491,33.59482202769787,0.9546704120278596,-0.2976649196639684,0.0,0.0,-1.0,0.0,72.6825933631686,72.6825933631686,-0.4046555954135029,1.217147005238868,691.2748910820251,-13297.63348802348,-248.9705166830688,0.0,1244.852583415344,-66488.16744011738,0.0,-13287.46656289566,-248.9705166830688,519.8929906558814,1243.900810829482,-66488.16744011738,-48.66957215360129,dt_005
2.779999999999963,1,T,0.0,0.0,0.02615547793395039,0.0,0.03912144457408197,0.0,0.0,0.0,-0.08008247459134812,0.0,0.002930688131506175,0.0,32.0565721308468,0.0,1.174595799926803,0.0,0.002930688131506175,0.0,0.0,10.0,0.0,-32.07122557150433,10.0,-1.174595799926803,33.59409932798189,0.9546684153782596,-0.2976713232395129,0.0,0.0,-1.0,0.0,72.68220904389825,72.68220904389825,-0.4046622088436885,1.217135546724849,691.2451496657169,-13296.97002843837,-248.9714433546599,0.0,1244.8572167733,-66484.85014219186,0.0,-13286.79590343857,-248.9714433546599,520.0639937127156,1243.904719106292,-66484.85014219186,-48.68819094670478,dt_005
2.784999999999963,1,T,0.0,0.0,0.02576245359133415,0.0,0.03913710202837137,0.0,0.0,0.0,-0.07714257862887308,0.0,0.003327253280000143,0.0,32.05643870609973,0.0,1.178035368807396,0.0,0.003327253280000143,0.0,0.0,10.0,0.0,-32.07307497249973,10.0,-1.178035368807396,33.59586489721003,0.954673292996938,-0.2976556796676025,0.0,0.0,-1.0,0.0,72.6831479126644,72.6831479126644,-0.4046460526331697,1.217163539182549,691.3178096423483,-13298.59090250834,-248.9691812244118,0.0,1244.845906122059,-66492.95451254172,0.0,-13288.40739180336,-248.9691812244118,520.3354511691925,1243.892654630681,-66492.95451254172,-48.7072247689016,dt_005
2.789999999999963,1,T,0.0,0.0,0.02537919977569692,0.0,0.03915333298080403,0.0,0.0,0.0,-0.07635295848138855,0.0,0.003111113766906975,0.0,32.05638867287901,0.0,1.179344690171476,0.0,0.003111113766906975,0.0,0.0,10.0,0.0,-32.07194424171355,10.0,-1.179344690171476,33.59478542041283,0.9546703108937264,-0.2976652440209905,0.0,0.0,-1.0,0.0,72.68257389646138,72.68257389646138,-0.4046559303998519,1.217146424837221,691.2733845591945,-13297.59988105568,-248.9705635984306,0.0,1244.852817992153,-66487.99940527837,0.0,-13287.40868257309,-248.9705635984306,520.5123427289898,1243.898770475064,-66487.99940527837,-48.72768487860681,dt_005
2.794999999999963,1,T,0.0,0.0,0.02499881272277694,0.0,0.03916815490516548,0.0,0.0,0.0,-0.07579869738997683,0.0,0.002817815098202733,0.0,32.05634948536617,0.0,1.180373663397625,0.0,0.002817815098202733,0.0,0.0,10.0,0.0,-32.07043856085718,10.0,-1.180373663397625,33.59334799459136,0.9546663394794894,-0.2976779808195966,0.0,0.0,-1.0,0.0,72.68180947934877,72.68180947934877,-0.4046690846171833,1.217123633671446,691.2142305600007,-13296.28030011101,-248.972407791667,0.0,1244.862038958335,-66481.40150055506,0.0,-13286.08239725873,-248.972407791667,520.6576153019116,1243.907261994308,-66481.40150055506,-48.74648292263443,dt_005
2.799999999999963,1,T,0.0,0.0,0.02462131683599174,0.0,0.03918153122486889,0.0,0.0,0.0,-0.07519654455645476,0.0,0.002532878999209653,0.0,32.05631010620901,0.0,1.18140414995368,0.0,0.002532878999209653,0.0,0.0,10.0,0.0,-32.06897450120506,10.0,-1.18140414995368,33.59195030894962,0.954662477357297,-0.2976903665321208,0.0,0.0,-1.0,0.0,72.68106613011776,72.68106613011776,-0.4046818762948899,1.217101470646479,691.1567144048511,-13294.99726504997,-248.9742047568394,0.0,1244.871023784197,-66474.98632524986,0.0,-13284.7933812532,-248.9742047568394,520.7850757244651,1243.91558776451,-66474.98632524986,-48.76347376865807,dt_005
2.804999999999962,1,T,0.0,0.0,0.02424690160053734,0.0,0.03919350712781212,0.0,0.0,0.0,-0.07456648045341013,0.0,0.002257654301682321,0.0,32.05627126742869,0.0,1.18241763336199,0.0,0.002257654301682321,0.0,0.0,10.0,0.0,-32.0675595389371,10.0,-1.18241763336199,33.59059950020654,0.9546587442936209,-0.2977023378203926,0.0,0.0,-1.0,0.0,72.68034765039258,72.68034765039258,-0.4046942400139869,1.217080049108091,691.1011295547568,-13293.75732134296,-248.975944974626,0.0,1244.87972487313,-66468.78660671478,0.0,-13283.54815195808,-248.975944974626,520.8955877818785,1243.923698095462,-66468.78660671478,-48.77871171639716,dt_005
2.809999999999962,1,T,0.0,0.0,0.02387565678372316,0.0,0.03920413435167906,0.0,0.0,0.0,-0.07392839948466397,0.0,0.001993411143350468,0.0,32.05623369079706,0.0,1.183395893144073,0.0,0.001993411143350468,0.0,0.0,10.0,0.0,-32.06620074651381,10.0,-1.183395893144073,33.58930231957376,0.9546551589976796,-0.2977138347459102,0.0,0.0,-1.0,0.0,72.67965763780911,72.67965763780911,-0.4047061138657552,1.217059476320124,691.0477535683805,-13292.56665956903,-248.977619361965,0.0,1244.888096809825,-66462.83329784514,0.0,-13282.35286864506,-248.977619361965,520.9900880846382,1243.931545146765,-66462.83329784514,-48.79225929971724,dt_005
2.814999999999962,1,T,0.0,0.0,0.02350757335921599,0.0,0.0392134708377412,0.0,0.0,0.0,-0.0733019279653201,0.0,0.001741360959710059,0.0,32.05619808081337,0.0,1.184321175591144,0.0,0.001741360959710059,0.0,0.0,10.0,0.0,-32.06490488561192,10.0,-1.184321175591144,33.58806522149406,0.9546517393652246,-0.2977247999864155,0.0,0.0,-1.0,0.0,72.67899953302476,72.67899953302476,-0.4047174386427878,1.217039854866091,690.9968517605452,-13291.43119705465,-248.9792191685694,0.0,1244.896095842847,-66457.15598527325,0.0,-13281.21341422147,-248.9792191685694,521.0695845483846,1243.939082428067,-66457.15598527325,-48.80418683659014,dt_005
2.819999999999962,1,T,0.0,0.0,0.02314254550318286,0.0,0.03922158036897613,0.0,0.0,0.0,-0.07264672931301959,0.0,0.00152028868474507,0.0,32.05616278413127,0.0,1.185235831052062,0.0,0.00152028868474507,0.0,0.0,10.0,0.0,-32.06376422755499,10.0,-1.185235831052062,33.58697629201288,0.9546487289830816,-0.2977344525764304,0.0,0.0,-1.0,0.0,72.67842020810616,72.67842020810616,-0.4047274077627344,1.217022582240924,690.952048069644,-13290.43177087407,-248.9806297666088,0.0,1244.903148833044,-66452.15885437033,0.0,-13280.21053060037,-248.9806297666088,521.1380999214329,1243.945734174057,-66452.15885437033,-48.81455115633119,dt_005
2.824999999999962,1,T,0.0,0.0,0.0227864581537772,0.0,0.03923032616177232,0.0,0.0,0.0,-0.06943707939080858,0.0,0.002081620136798364,0.0,32.05602653376025,0.0,1.188723367947949,0.0,0.002081620136798364,0.0,0.0,10.0,0.0,-32.06643463444424,10.0,-1.188723367947949,33.58952560196534,0.9546557761616024,-0.2977118557284684,0.0,0.0,-1.0,0.0,72.67977641295977,72.67977641295977,-0.4047040699631274,1.217063017612049,691.0569409761147,-13292.77160312041,-248.9773309239725,0.0,1244.886654619863,-66463.85801560205,0.0,-13282.54400428135,-248.9773309239725,521.3460147100619,1243.928825682174,-66463.85801560205,-48.82478353870561,dt_005
2.829999999999962,1,T,0.0,0.0,0.02244383752146299,0.0,0.03924121450915184,0.0,0.0,0.0,-0.06796584302771481,0.0,0.002167575437712726,0.0,32.05595587034114,0.0,1.190542508779914,0.0,0.002167575437712726,0.0,0.0,10.0,0.0,-32.06679374752971,10.0,-1.190542508779914,33.58986843151682,0.9546567237352428,-0.2977088171806343,0.0,0.0,-1.0,0.0,72.67995877804329,72.67995877804329,-0.4047009317943152,1.217068454843609,691.0710475135488,-13293.08627819307,-248.97688823804,0.0,1244.8844411902,-66465.43139096533,0.0,-13282.8527597214,-248.97688823804,521.5029846955098,1243.926082261551,-66465.43139096533,-48.83824102960224,dt_005
2.834999999999962,1,T,0.0,0.0,0.02210519885525765,0.0,0.03925163445084049,0.0,0.0,0.0,-0.06754134480432811,0.0,0.001984266375228123,0.0,32.05592680524654,0.0,1.191300701161333,0.0,0.001984266375228123,0.0,0.0,10.0,0.0,-32.06584813712268,10.0,-1.191300701161333,33.58896569936344,0.954654228538224,-0.2977168183594743,0.0,0.0,-1.0,0.0,72.67947856943387,72.67947856943387,-0.4047091953042609,1.217054137380221,691.033902761221,-13292.25768999906,-248.9780543894147,0.0,1244.890271947073,-66461.28844999528,0.0,-13282.01937499277,-248.9780543894147,521.6088761282942,1243.931399568151,-66461.28844999528,-48.85143147216593,dt_005
2.839999999999962,1,T,0.0,0.0,0.02176815747541912,0.0,0.03926110058955513,0.0,0.0,0.0,-0.06727214949079766,0.0,0.001802299092408097,0.0,32.05590496060334,0.0,1.191873134824491,0.0,0.001802299092408097,0.0,0.0,10.0,0.0,-32.06491645606538,10.0,-1.191873134824491,33.58807626724776,0.9546517699000332,-0.2977247020768246,0.0,0.0,-1.0,0.0,72.67900540931035,72.67900540931035,-0.4047173375226841,1.21704003006808,690.997306242352,-13291.44133511081,-248.9792048714333,0.0,1244.896024357166,-66457.20667555403,0.0,-13281.19871098524,-248.9792048714333,521.7025627847989,1243.936685055173,-66457.20667555403,-48.8634324850915,dt_005
2.844999999999962,1,T,0.0,0.0,0.02143217205896132,0.0,0.03926970326395769,0.0,0.0,0.0,-0.06693044831258423,0.0,0.001664916680308274,0.0,32.05588129106532,0.0,1.192490339035178,0.0,0.001664916680308274,0.0,0.0,10.0,0.0,-32.06420587446686,10.0,-1.192490339035178,33.58739790993334,0.9546498945958536,-0.2977307151573816,0.0,0.0,-1.0,0.0,72.67864451910195,72.67864451910195,-0.4047235477816589,1.217029270093676,690.9693952456194,-13290.81872987144,-248.9800833364085,0.0,1244.900416682043,-66454.09364935721,0.0,-13280.57209721821,-248.9800833364085,521.7923733541683,1243.940653591532,-66454.09364935721,-48.87430610652827,dt_005
2.849999999999961,1,T,0.0,0.0,0.02111777066921169,0.0,0.0392804603122261,0.0,0.0,0.0,-0.05877174820498029,0.0,0.002657058475416502,0.0,32.05554806644609,0.0,1.200987572293609,0.0,0.002657058475416502,0.0,0.0,10.0,0.0,-32.06883335882318,10.0,-1.200987572293609,33.59181556563995,0.954662105004691,-0.2976915606261157,0.0,0.0,-1.0,0.0,72.68099446441263,72.68099446441263,-0.4046831095303118,1.217099333926959,691.1511697100318,-13294.87357790348,-248.974378188348,0.0,1244.87189094174,-66474.3678895174,0.0,-13284.6182037152,-248.974378188348,522.0944684200642,1243.91162404012,-66474.3678895174,-48.8865670172698,dt_005
2.854999999999961,1,T,0.0,0.0,0.02082816104203763,0.0,0.03929471509292533,0.0,0.0,0.0,-0.05707508309176043,0.0,0.003075726715168581,0.0,32.05546429055849,0.0,1.203139872372431,0.0,0.003075726715168581,0.0,0.0,10.0,0.0,-32.07084292413433,10.0,-1.203139872372431,33.59373402681663,0.9546674060863068,-0.2976745601431914,0.0,0.0,-1.0,0.0,72.6820147764285,72.6820147764285,-0.4046655518307506,1.217129754622561,691.2301165920046,-13296.63467762209,-248.9719121338839,0.0,1244.85956066942,-66483.17338811046,0.0,-13286.37050028219,-248.9719121338839,522.353021790429,1243.898606292333,-66483.17338811046,-48.90381430985256,dt_005
2.859999999999961,1,T,0.0,0.0,0.02054515039610454,0.0,0.03931081878891605,0.0,0.0,0.0,-0.05647431650722622,0.0,0.003257462737309864,0.0,32.0554213008591,0.0,1.204256386118031,0.0,0.003257462737309864,0.0,0.0,10.0,0.0,-32.07170861454565,10.0,-1.204256386118031,33.59456047422442,0.9546696894323954,-0.2976672371609846,0.0,0.0,-1.0,0.0,72.68245427553516,72.68245427553516,-0.4046579888567269,1.21714285832842,691.2641272419969,-13297.39337230578,-248.9708519419652,0.0,1244.854259709826,-66486.96686152891,0.0,-13287.12019528353,-248.9708519419652,522.5967986222591,1243.892521734658,-66486.96686152891,-48.92363733711445,dt_005
2.864999999999961,1,T,0.0,0.0,0.0202616808145424,0.0,0.03932694268489739,0.0,0.0,0.0,-0.05696121767912653,0.0,0.003176240560135957,0.0,32.05542102278655,0.0,1.204286719542461,0.0,0.003176240560135957,0.0,0.0,10.0,0.0,-32.07130222558722,10.0,-1.204286719542461,33.59417250722149,0.9546686175613672,-0.2976706748127335,0.0,0.0,-1.0,0.0,72.68224796014734,72.68224796014734,-0.4046615391663753,1.217136707016357,691.2481611975355,-13297.03720836714,-248.9713494765296,0.0,1244.856747382648,-66485.18604183571,0.0,-13286.75587870886,-248.9713494765296,522.7970354696732,1243.894218482667,-66485.18604183571,-48.94379153173676,dt_005
2.869999999999961,1,T,0.0,0.0,0.01997504477472146,0.0,0.0393426303070516,0.0,0.0,0.0,-0.05768975975892784,0.0,0.003098762314205749,0.0,32.05543078181513,0.0,1.204061614408946,0.0,0.003098762314205749,0.0,0.0,10.0,0.0,-32.07092459338615,10.0,-1.204061614408946,33.59381199379821,0.9546676215044246,-0.2976738692782501,0.0,0.0,-1.0,0.0,72.68205623970738,72.68205623970738,-0.4046648383237234,1.217130990853993,691.2333251182297,-13296.70625187857,-248.9718120601192,0.0,1244.859060300596,-66483.53125939284,0.0,-13286.41697524421,-248.9718120601192,522.9924556711754,1243.895761646058,-66483.53125939284,-48.96339624101566,dt_005
2.874999999999961,1,T,0.0,0.0,0.01968427251862318,0.0,0.03935797855930271,0.0,0.0,0.0,-0.05861552499077149,0.0,0.003040476402939815,0.0,32.05544872464005,0.0,1.203628560808902,0.0,0.003040476402939815,0.0,0.0,10.0,0.0,-32.07065110665475,10.0,-1.203628560808902,33.59355090496948,0.9546669001254808,-0.2976761827973566,0.0,0.0,-1.0,0.0,72.68191739040766,72.68191739040766,-0.4046672276656608,1.217126851049487,691.222580722925,-13296.4665712028,-248.972147223493,0.0,1244.860736117465,-66482.33285601399,0.0,-13286.16945159815,-248.972147223493,523.186947977185,1243.896684516065,-66482.33285601399,-48.98255380090895,dt_005
2.879999999999961,1,T,0.0,0.0,0.0193883792232681,0.0,0.03937308073485386,0.0,0.0,0.0,-0.05973650977438531,0.0,0.003000014480301722,0.0,32.05547466879624,0.0,1.202992551687215,0.0,0.003000014480301722,0.0,0.0,10.0,0.0,-32.07047474119775,10.0,-1.202992551687215,33.59338253474638,0.9546664349154644,-0.297677674752067,0.0,0.0,-1.0,0.0,72.68182784846486,72.68182784846486,-0.4046687685183659,1.217124181348314,691.2156519520543,-13296.31200777164,-248.9723634312725,0.0,1244.861817156363,-66481.56003885818,0.0,-13286.00710518042,-248.9723634312725,523.3815139147652,1243.897024832158,-66481.56003885818,-49.00138189425471,dt_005
2.884999999999961,1,T,0.0,0.0,0.01908647989539738,0.0,0.03938800397767579,0.0,0.0,0.0,-0.06100452594445801,0.0,0.0029660985269926,0.0,32.05550664438967,0.0,1.202203890497828,0.0,0.0029660985269926,0.0,0.0,10.0,0.0,-32.07033713702463,10.0,-1.202203890497828,33.59325116868597,0.9546660719436132,-0.2976788388175279,0.0,0.0,-1.0,0.0,72.68175798526634,72.68175798526634,-0.4046699707359532,1.217122098370693,691.2102460004829,-13296.19141469983,-248.9725321585614,0.0,1244.862660792807,-66480.95707349913,0.0,-13285.87879361262,-248.9725321585614,523.5750354743384,1243.897136416242,-66480.95707349913,-49.01997808670896,dt_005
2.889999999999961,1,T,0.0,0.0,0.01877805894460917,0.0,0.03940273260991651,0.0,0.0,0.0,-0.06233669055122868,0.0,0.002920415968032997,0.0,32.05554141143791,0.0,1.201344893538461,0.0,0.002920415968032997,0.0,0.0,10.0,0.0,-32.07014349127807,10.0,-1.201344893538461,33.59306630171121,0.9546655611382652,-0.2976804769825553,0.0,0.0,-1.0,0.0,72.68165966820021,72.68165966820021,-0.4046716625924461,1.217119167038419,691.2026384250888,-13296.02170912465,-248.9727696581606,0.0,1244.863848290803,-66480.10854562324,0.0,-13285.70150677552,-248.9727696581606,523.7640331070612,1243.897600860366,-66480.10854562324,-49.03834576341811,dt_005
2.89499999999996,1,T,0.0,0.0,0.018467673987059,0.0,0.03941816375289713,0.0,0.0,0.0,-0.0605355841370353,0.0,0.003469471068672208,0.0,32.05545189157313,0.0,1.203639254361577,0.0,0.003469471068672208,0.0,0.0,10.0,0.0,-32.07279924691649,10.0,-1.203639254361577,33.59560166945975,0.9546725658457972,-0.2976580118548837,0.0,0.0,-1.0,0.0,72.68300794379745,72.68300794379745,-0.4046484612408069,1.217159365998044,691.3069765639668,-13298.34924091955,-248.969518109138,0.0,1244.84759054569,-66491.74620459773,0.0,-13288.01914669535,-248.969518109138,524.0607698762252,1243.880598878368,-66491.74620459773,-49.05689983479695,dt_005
2.89999999999996,1,T,0.0,0.0,0.01816017176148911,0.0,0.03943556218255553,0.0,0.0,0.0,-0.06246420709953205,0.0,0.003490507227462424,0.0,32.05550698190751,0.0,1.202269845209521,0.0,0.003490507227462424,0.0,0.0,10.0,0.0,-32.07295951804482,10.0,-1.202269845209521,33.59575467594293,0.9546729885193336,-0.2976566562191486,0.0,0.0,-1.0,0.0,72.68308930382786,72.68308930382786,-0.4046470611838165,1.217161791754754,691.3132735007617,-13298.48971136153,-248.9693222720444,0.0,1244.846611360222,-66492.44855680763,0.0,-13288.15038807861,-248.9693222720444,524.2974985584674,1243.878766752913,-66492.44855680763,-49.07850279175253,dt_005
2.90499999999996,1,T,0.0,0.0,0.01784255385725646,0.0,0.03945309993748929,0.0,0.0,0.0,-0.0645779805324616,0.0,0.003524425311322711,0.0,32.05556926514539,0.0,1.200719898097966,0.0,0.003524425311322711,0.0,0.0,10.0,0.0,-32.07319139170201,10.0,-1.200719898097966,33.5959760395311,0.9546736000157492,-0.2976546949620806,0.0,0.0,-1.0,0.0,72.68320701085203,72.68320701085203,-0.4046450356616874,1.217165301200391,691.3223837048581,-13298.69293964548,-248.9690390214567,0.0,1244.845195107283,-66493.4646982274,0.0,-13288.3442611713,-248.9690390214567,524.5385587087515,1243.876490684017,-66493.4646982274,-49.10026176410807,dt_005
2.90999999999996,1,T,0.0,0.0,0.01751393774981716,0.0,0.0394708325166241,0.0,0.0,0.0,-0.06686321718007371,0.0,0.003568425299434014,0.0,32.05563814501856,0.0,1.199004869087504,0.0,0.003568425299434014,0.0,0.0,10.0,0.0,-32.07348027151573,10.0,-1.199004869087504,33.59625182557287,0.954674361831696,-0.297652251564211,0.0,0.0,-1.0,0.0,72.68335365398718,72.68335365398718,-0.4046425122021283,1.21716967337881,691.3337337454765,-13298.94613400606,-248.9686862634569,0.0,1244.843431317285,-66494.73067003027,0.0,-13288.58795481511,-248.9686862634569,524.7841864398886,1243.873857397943,-66494.73067003027,-49.12224929450812,dt_005
2.91499999999996,1,T,0.0,0.0,0.01717350517220782,0.0,0.03948880517733548,0.0,0.0,0.0,-0.069304305423602,0.0,0.003620447643534645,0.0,32.05571296114095,0.0,1.197141808785931,0.0,0.003620447643534645,0.0,0.0,10.0,0.0,-32.07381519935862,10.0,-1.197141808785931,33.59657157274545,0.9546752450591672,-0.2976494187315321,0.0,0.0,-1.0,0.0,72.68352366932223,72.68352366932223,-0.4046395865498503,1.217174742401496,691.3468931335974,-13299.23969137769,-248.9682774553534,0.0,1244.841387276767,-66496.19845688844,0.0,-13288.87184942048,-248.9682774553534,525.0346068551012,1243.870931892506,-66496.19845688844,-49.14452431363843,dt_005
2.91999999999996,1,T,0.0,0.0,0.01682052236744363,0.0,0.03950705241172613,0.0,0.0,0.0,-0.07188305479774469,0.0,0.003678246203663262,0.0,32.05579296356366,0.0,1.195149999523956,0.0,0.003678246203663262,0.0,0.0,10.0,0.0,-32.07418419458197,10.0,-1.195149999523956,33.59692384353026,0.9546762180954396,-0.2976462978150213,0.0,0.0,-1.0,0.0,72.6837109741194,72.6837109741194,-0.4046363633776205,1.217180326911069,691.3613911956331,-13299.56311223021,-248.9678272891643,0.0,1244.839136445821,-66497.81556115103,0.0,-13289.18543526516,-248.9678272891643,525.28986600809,1243.867785859154,-66497.81556115103,-49.1671326093357,dt_005
2.92499999999996,1,T,0.0,0.0,0.01645435207799911,0.0,0.03952559722493019,0.0,0.0,0.0,-0.07457906132051843,0.0,0.003739472044321077,0.0,32.05587732774183,0.0,1.193050567162974,0.0,0.003739472044321077,0.0,0.0,10.0,0.0,-32.07457468796343,10.0,-1.193050567162974,33.59729663847591,0.9546772477887806,-0.2976429951375288,0.0,0.0,-1.0,0.0,72.68390918726831,72.68390918726831,-0.4046329524926526,1.217186236654141,691.3767341159187,-13299.90538072316,-248.9673511515239,0.0,1244.836755757619,-66499.52690361578,0.0,-13289.51769274695,-248.9673511515239,525.5498362236511,1243.864495021173,-66499.52690361578,-49.1901058229954,dt_005
2.92999999999996,1,T,0.0,0.0,0.01607446525997584,0.0,0.03954445084051791,0.0,0.0,0.0,-0.07736944445191371,0.0,0.00380176193518144,0.0,32.0559651441399,0.0,1.190866734473444,0.0,0.00380176193518144,0.0,0.0,10.0,0.0,-32.07497395381581,10.0,-1.190866734473444,33.59767780871116,0.954678300578841,-0.2976396183371701,0.0,0.0,-1.0,0.0,72.68411184874638,72.68411184874638,-0.4046294650600935,1.217192279024552,691.392421909502,-13300.25534331433,-248.9668645894317,0.0,1244.834322947158,-66501.27671657162,0.0,-13289.85747086787,-248.9668645894317,525.8142270600791,1243.861136480217,-66501.27671657162,-49.21346097820161,dt_005
2.93499999999996,1,T,0.0,0.0,0.01568045089279347,0.0,0.03956361250404057,0.0,0.0,0.0,-0.08022987717136773,0.0,0.003862688067381445,0.0,32.05605545879774,0.0,1.18862278554957,0.0,0.003862688067381445,0.0,0.0,10.0,0.0,-32.07536889913465,10.0,-1.18862278554957,33.59805485464261,0.9546793419412029,-0.2976362781495426,0.0,0.0,-1.0,0.0,72.68431231266115,72.68431231266115,-0.4046260154435707,1.217198255874413,691.4079401345391,-13300.60152386992,-248.9663835631027,0.0,1244.831917815514,-66503.0076193496,0.0,-13290.19330260904,-248.9663835631027,526.0825753212393,1243.857789990545,-66503.0076193496,-49.23720028685731,dt_005
2.93999999999996,1,T,0.0,0.0,0.01527202212014858,0.0,0.03958306939904694,0.0,0.0,0.0,-0.08313502254163539,0.0,0.003919853385420368,0.0,32.05614729036513,0.0,1.186343626881545,0.0,0.003919853385420368,0.0,0.0,10.0,0.0,-32.07574655729223,10.0,-1.186343626881545,33.598415397272,0.9546803376892768,-0.29763308423206,0.0,0.0,-1.0,0.0,72.68450399785678,72.68450399785678,-0.4046227168927129,1.217203970985964,691.4227792896821,-13300.93255637828,-248.9659238435042,0.0,1244.829619217521,-66504.66278189141,0.0,-13290.51383736812,-248.9659238435042,526.3542609786202,1243.85453495458,-66504.66278189141,-49.26131092615253,dt_005
2.944999999999959,1,T,0.0,0.0,0.01484902145886714,0.0,0.03960279677277836,0.0,0.0,0.0,-0.08605847340699034,0.0,0.003970881249590936,0.0,32.05623962725254,0.0,1.18405485162682,0.0,0.003970881249590936,0.0,0.0,10.0,0.0,-32.0760940335005,10.0,-1.18405485162682,33.59874712613502,0.9546812538301432,-0.2976301456259192,0.0,0.0,-1.0,0.0,72.68468036018675,72.68468036018675,-0.4046196820202863,1.217209229244881,691.4364326731543,-13301.23713719722,-248.965501081461,0.0,1244.827505407305,-66506.1856859861,0.0,-13290.80779319546,-248.965501081461,526.6285069092202,1243.851450763452,-66506.1856859861,-49.28576520892819,dt_005
2.949999999999959,1,T,0.0,0.0,0.01441142381998653,0.0,0.03962275800363866,0.0,0.0,0.0,-0.08897367083299008,0.0,0.004013399048178393,0.0,32.05633146361448,0.0,1.181781824041201,0.0,0.004013399048178393,0.0,0.0,10.0,0.0,-32.07639845885537,10.0,-1.181781824041201,33.59903775543668,0.9546820564426752,-0.2976275711461974,0.0,0.0,-1.0,0.0,72.68483486909734,72.68483486909734,-0.4046170232051498,1.217213835942111,691.4483945808963,-13301.50398487202,-248.9651308690725,0.0,1244.825654345363,-66507.51992436011,0.0,-13291.06391662611,-248.9651308690725,526.9043781614248,1243.848617102025,-66507.51992436011,-49.31052068008253,dt_005
2.954999999999959,1,T,0.0,0.0,0.01395933737367833,0.0,0.03964290485063728,0.0,0.0,0.0,-0.09185388153401716,0.0,0.004045133562037745,0.0,32.05642179794549,0.0,1.179549710021071,0.0,0.004045133562037745,0.0,0.0,10.0,0.0,-32.07664746575568,10.0,-1.179549710021071,33.59927547793806,0.9546827129298614,-0.2976254653635669,0.0,0.0,-1.0,0.0,72.68496124878051,72.68496124878051,-0.4046148484424564,1.217217603963865,691.4581789934518,-13301.7222570266,-248.9648281700783,0.0,1244.824140850392,-66508.61128513301,0.0,-13291.27139912999,-248.9648281700783,527.1808017616472,1243.84611109222,-66508.61128513301,-49.33552031422864,dt_005
2.959999999999959,1,T,0.0,0.0,0.01349300376018514,0.0,0.03966317791925732,0.0,0.0,0.0,-0.09467244654530169,0.0,0.004063895950317183,0.0,32.05650964220197,0.0,1.17738324355323,0.0,0.004063895950317183,0.0,0.0,10.0,0.0,-32.07682912195355,10.0,-1.17738324355323,33.59944890201337,0.954683191843406,-0.2976239291651231,0.0,0.0,-1.0,0.0,72.68505344450591,72.68505344450591,-0.4046132619230171,1.217220352787807,691.4653169928922,-13301.88149276986,-248.9646074117688,0.0,1244.823037058844,-66509.4074638493,0.0,-13291.4198193335,-248.9646074117688,527.4565706501947,1243.844007730786,-66509.4074638493,-49.36069311324889,dt_005
2.964999999999959,1,T,0.0,0.0,0.01301279602335582,0.0,0.03968350719774568,0.0,0.0,0.0,-0.09740346421331364,0.0,0.004067628056981524,0.0,32.05659404814266,0.0,1.175306061448594,0.0,0.004067628056981524,0.0,0.0,10.0,0.0,-32.07693218842756,10.0,-1.175306061448594,33.59954729785775,0.954683463561806,-0.2976230575772544,0.0,0.0,-1.0,0.0,72.68510575327146,72.68510575327146,-0.404612361785044,1.217221912378412,691.4693669053505,-13301.97183899191,-248.9644821852,0.0,1244.822410926,-66509.85919495956,0.0,-13291.49936886909,-248.9644821852,527.7303598302242,1243.842378366584,-66509.85919495956,-49.38595471365022,dt_005
2.969999999999959,1,T,0.0,0.0,0.01251921647597083,0.0,0.03970381244757014,0.0,0.0,0.0,-0.1000211310346863,0.0,0.004054297856386414,0.0,32.05667408069952,0.0,1.173341374499993,0.0,0.004054297856386414,0.0,0.0,10.0,0.0,-32.07694556998145,10.0,-1.173341374499993,33.5995600730062,0.9546834988399738,-0.2976229444156911,0.0,0.0,-1.0,0.0,72.68511254471605,72.68511254471605,-0.4046122449167313,1.217222114865951,691.469892723476,-13301.9835690467,-248.9644659278551,0.0,1244.822329639275,-66509.91784523352,0.0,-13291.50037124265,-248.9644659278551,528.000712542183,1243.841294093353,-66509.91784523352,-49.41120800715748,dt_005
2.974999999999959,1,T,0.0,0.0,0.01201290231944961,0.0,0.03972400228582306,0.0,0.0,0.0,-0.102497285812539,0.0,0.004021479073091341,0.0,32.05674872150408,0.0,1.171514391972283,0.0,0.004021479073091341,0.0,0.0,10.0,0.0,-32.07685611686954,10.0,-1.171514391972283,33.59947467360688,0.9546832630114482,-0.2976237008805145,0.0,0.0,-1.0,0.0,72.68506714511803,72.68506714511803,-0.4046130261605957,1.217220761272804,691.4663777346897,-13301.90515599632,-248.9645746109657,0.0,1244.822873054828,-66509.52577998159,0.0,-13291.41135709389,-248.9645746109657,528.2659516161388,1243.840839222397,-66509.52577998159,-49.43634253258894,dt_005
2.979999999999959,1,T,0.0,0.0,0.01149462531091115,0.0,0.03974397270581274,0.0,0.0,0.0,-0.1048062817481539,0.0,0.003966549490720179,0.0,32.05681706399122,0.0,1.169847405924239,0.0,0.003966549490720179,0.0,0.0,10.0,0.0,-32.07664981144482,10.0,-1.169847405924239,33.59927771732694,0.9546827191140208,-0.2976254455268561,0.0,0.0,-1.0,0.0,72.68496243929103,72.68496243929103,-0.4046148279559526,1.217217639459044,691.4582711647134,-13301.72431319835,-248.9648253191082,0.0,1244.824126595541,-66508.62156599172,0.0,-13291.22010476191,-248.9648253191082,528.5242010586468,1243.841104260648,-66508.62156599172,-49.46123235426173,dt_005
2.984999999999959,1,T,0.0,0.0,0.01096528076205609,0.0,0.03976360821789654,0.0,0.0,0.0,-0.1069243437352962,0.0,0.003887538640252848,0.0,32.05687828685286,0.0,1.168360469990816,0.0,0.003887538640252848,0.0,0.0,10.0,0.0,-32.07631598005413,10.0,-1.168360469990816,33.59895901441406,0.9546818389907048,-0.2976282686529059,0.0,0.0,-1.0,0.0,72.68479300783594,72.68479300783594,-0.4046177435607269,1.217212587844792,691.4451536970189,-13301.4316868048,-248.9652311559437,0.0,1244.826155779719,-66507.15843402402,0.0,-13290.91732927463,-248.9652311559437,528.7735480545441,1243.842160404412,-66507.15843402402,-49.48573646818142,dt_005
2.989999999999958,1,T,0.0,0.0,0.01042587110092777,0.0,0.0397827852913468,0.0,0.0,0.0,-0.1088324011201586,0.0,0.003783200469711307,0.0,32.0569317630397,0.0,1.167068679214036,0.0,0.003783200469711307,0.0,0.0,10.0,0.0,-32.07584776538825,10.0,-1.167068679214036,33.59851201866479,0.9546806045330024,-0.2976322283095381,0.0,0.0,-1.0,0.0,72.6845553666127,72.6845553666127,-0.4046218329305825,1.217205502550096,691.426756044372,-13301.02127009911,-248.9658006856806,0.0,1244.829003428403,-66505.10635049554,0.0,-13290.4970945301,-248.9658006856806,529.0121056419647,1243.844056579629,-66505.10635049554,-49.50970296906693,dt_005
2.994999999999958,1,T,0.0,0.0,0.009877480003261135,0.0,0.03980137663371136,0.0,0.0,0.0,-0.1105170309040511,0.0,0.003653276575094848,0.0,32.05697709300917,0.0,1.165981364798623,0.0,0.003653276575094848,0.0,0.0,10.0,0.0,-32.07524347588465,10.0,-1.165981364798623,33.59793511567758,0.9546790112383304,-0.2976373388891321,0.0,0.0,-1.0,0.0,72.68424865158721,72.68424865158721,-0.4046271109339624,1.2171963578137,691.4030119728344,-13300.49158636676,-248.9665362940397,0.0,1244.832681470199,-66502.45793183378,0.0,-13289.95799294948,-248.9665362940397,529.2381171562489,1243.846811041726,-66502.45793183378,-49.53297404369231,dt_005
2.999999999999958,1,T,0.0,0.0,0.00932124657537615,0.0,0.0398192555787797,0.0,0.0,0.0,-0.1119694753862175,0.0,0.003498274023939814,0.0,32.05701406134438,0.0,1.165103216388895,0.0,0.003498274023939814,0.0,0.0,10.0,0.0,-32.07450543146408,10.0,-1.165103216388895,33.59723052087804,0.9546770651685798,-0.2976435808834239,0.0,0.0,-1.0,0.0,72.68387403321918,72.68387403321918,-0.4046335574294007,1.217185188532967,691.3740129372239,-13299.84467686323,-248.9674355783906,0.0,1244.837177891953,-66499.22338431617,0.0,-13289.30213189602,-248.9674355783906,529.4499748524183,1243.850418103125,-66499.22338431617,-49.55539170143856,dt_005
3.004999999999958,1,T,0.0,0.0,0.008758341993086729,0.0,0.03983629945762811,0.0,0.0,0.0,-0.113185654249615,0.0,0.003319283758027143,0.0,32.05704263406259,0.0,1.164434378088359,0.0,0.003319283758027143,0.0,0.0,10.0,0.0,-32.07363905285273,10.0,-1.164434378088359,33.59640341007768,0.9546747805520104,-0.297650908579112,0.0,0.0,-1.0,0.0,72.68343425462372,72.68343425462372,-0.4046411252129145,1.217172076494123,691.3399722817662,-13299.08530214118,-248.9684924331155,0.0,1244.842462165577,-66495.42651070589,0.0,-13288.53433382038,-248.9684924331155,529.6462333525149,1243.854853387658,-66495.42651070589,-49.57680218030602,dt_005
3.009999999999958,1,T,0.0,0.0,0.008193803426152908,0.0,0.03985257838638198,0.0,0.0,0.0,-0.1113017061684695,0.0,0.003256304269557166,0.0,32.05694861375461,0.0,1.166838684456739,0.0,0.003256304269557166,0.0,0.0,10.0,0.0,-32.0732301351024,10.0,-1.166838684456739,33.5960130268346,0.9546737021885338,-0.2976543672611557,0.0,0.0,-1.0,0.0,72.68322667818015,72.68322667818015,-0.4046446972230208,1.217165887583569,691.3239059207849,-13298.72689690243,-248.9689917026112,0.0,1244.844958513056,-66493.63448451213,0.0,-13288.16758932453,-248.9689917026112,529.8482767936937,1243.856540530971,-66493.63448451213,-49.59715025782585,dt_005
3.014999999999958,1,T,0.0,0.0,0.007635380223130465,0.0,0.03986830171069222,0.0,0.0,0.0,-0.1120613843734165,0.0,0.003033095440743258,0.0,32.05696054226601,0.0,1.16658365157424,0.0,0.003033095440743258,0.0,0.0,10.0,0.0,-32.07212601946973,10.0,-1.16658365157424,33.59495895828341,0.9546707903199207,-0.2976637064036159,0.0,0.0,-1.0,0.0,72.68266617854341,72.68266617854341,-0.4046543423943731,1.217149176235894,691.2805262878576,-13297.7591962197,-248.9703412173766,0.0,1244.851706086883,-66488.79598109852,0.0,-13287.19232499224,-248.9703412173766,530.018640533609,1243.862502757103,-66488.79598109852,-49.61697675452571,dt_005
3.019999999999958,1,T,0.0,0.0,0.007073737920531906,0.0,0.03988286200984004,0.0,0.0,0.0,-0.1125895357817828,0.0,0.002791126864396634,0.0,32.05696461166691,0.0,1.166522678971874,0.0,0.002791126864396634,0.0,0.0,10.0,0.0,-32.07092024598889,10.0,-1.166522678971874,33.59380784347883,0.9546676100373788,-0.2976739060541237,0.0,0.0,-1.0,0.0,72.68205403254929,72.68205403254929,-0.4046648763048684,1.217130925047374,691.233154322555,-13296.70244185024,-248.9718173869334,0.0,1244.859086934667,-66483.51220925122,0.0,-13286.12869233226,-248.9718173869334,530.1699707562295,1243.869155165644,-66483.51220925122,-49.63538205070501,dt_005
3.024999999999958,1,T,0.0,0.0,0.00651002509807759,0.0,0.0398961707055082,0.0,0.0,0.0,-0.112889786486122,0.0,0.002532485590246193,0.0,32.0569610596084,0.0,1.166649303473771,0.0,0.002532485590246193,0.0,0.0,10.0,0.0,-32.06962348755963,10.0,-1.166649303473771,33.5925698724262,0.9546641894130092,-0.2976848760894684,0.0,0.0,-1.0,0.0,72.68139564857796,72.68139564857796,-0.4046762058861971,1.217111295269356,691.1822097632247,-13295.56599867763,-248.9734077442867,0.0,1244.867038721434,-66477.82999338814,0.0,-13284.98609643308,-248.9734077442867,530.3014640487856,1243.876439932451,-66477.82999338814,-49.65225348403455,dt_005
3.029999999999958,1,T,0.0,0.0,0.005945367932222837,0.0,0.03990815006723176,0.0,0.0,0.0,-0.1129674709414721,0.0,0.002259423366952668,0.0,32.05695018101426,0.0,1.166955702721262,0.0,0.002259423366952668,0.0,0.0,10.0,0.0,-32.06824729784902,10.0,-1.166955702721262,33.59125607588976,0.954660558849007,-0.2976965189217064,0.0,0.0,-1.0,0.0,72.68069688305951,72.68069688305951,-0.4046882303599325,1.217090461511836,691.1281469130505,-13294.36000250529,-248.975098690056,0.0,1244.87549345028,-66471.80001252645,0.0,-13283.7747068782,-248.975098690056,530.4124933629756,1243.884293037879,-66471.80001252645,-49.66749164931566,dt_005
3.034999999999958,1,T,0.0,0.0,0.005380868270296754,0.0,0.03991873289012796,0.0,0.0,0.0,-0.1128269766350939,0.0,0.00197389704261395,0.0,32.05693222266829,0.0,1.167435338064303,0.0,0.00197389704261395,0.0,0.0,10.0,0.0,-32.06680170788135,10.0,-1.167435338064303,33.58987603092013,0.9546567447394936,-0.2977087498267277,0.0,0.0,-1.0,0.0,72.679962820433,72.679962820433,-0.4047008622321978,1.217068575367827,691.0713602107069,-13293.09325354703,-248.9768784276773,0.0,1244.884392138386,-66465.46626773514,0.0,-13282.50335306612,-248.9768784276773,530.5025195838133,1243.892658944951,-66465.46626773514,-49.68101058372985,dt_005
3.039999999999957,1,T,0.0,0.0,0.004821594929158528,0.0,0.03992886332675209,0.0,0.0,0.0,-0.1106343326336348,0.0,0.00214057899863917,0.0,32.05683286787277,0.0,1.169950985076655,0.0,0.00214057899863917,0.0,0.0,10.0,0.0,-32.06753576286597,10.0,-1.169950985076655,33.59057680217307,0.9546586815618904,-0.2977025389856679,0.0,0.0,-1.0,0.0,72.68033557705044,72.68033557705044,-0.4046944477740746,1.217079689140296,691.1001955653961,-13293.73648670846,-248.9759742455812,0.0,1244.879871227906,-66468.6824335423,0.0,-13283.1406986341,-248.9759742455812,530.6627538599386,1243.88763828371,-66468.6824335423,-49.69343129007473,dt_005
3.044999999999957,1,T,0.0,0.0,0.004275844132136533,0.0,0.03994033707376255,0.0,0.0,0.0,-0.1073599784631226,0.0,0.002526108987268008,0.0,32.05668869799941,0.0,1.173590539832736,0.0,0.002526108987268008,0.0,0.0,10.0,0.0,-32.06931924293576,10.0,-1.173590539832736,33.59227942110106,0.9546633868135588,-0.2976874499834768,0.0,0.0,-1.0,0.0,72.68124117192824,72.68124117192824,-0.4046788641461832,1.217106689533987,691.1702574820146,-13295.2993748455,-248.9737812930769,0.0,1244.868906465384,-66476.49687422752,0.0,-13284.69625078889,-248.9737812930769,530.8775669048907,1243.876112013952,-66476.49687422752,-49.7072655189891,dt_005
3.049999999999957,1,T,0.0,0.0,0.003747235748053242,0.0,0.03995377785469889,0.0,0.0,0.0,-0.1045618395919325,0.0,0.002726889660287524,0.0,32.05656115465269,0.0,1.176817312484669,0.0,0.002726889660287524,0.0,0.0,10.0,0.0,-32.07019560295413,10.0,-1.176817312484669,33.59311605093726,0.9546656986010488,-0.2976800361370762,0.0,0.0,-1.0,0.0,72.68168612624434,72.68168612624434,-0.4046712072980042,1.217119955887413,691.2046856821901,-13296.06737818504,-248.9727057386868,0.0,1244.863528693434,-66480.33689092519,0.0,-13285.45650461737,-248.9727057386868,531.0868000208467,1243.870070316889,-66480.33689092519,-49.72376937568605,dt_005
3.054999999999957,1,T,0.0,0.0,0.003227120149457245,0.0,0.03996666812934058,0.0,0.0,0.0,-0.1035489240349303,0.0,0.002411841352653452,0.0,32.05650551040775,0.0,1.178242636946406,0.0,0.002411841352653452,0.0,0.0,10.0,0.0,-32.06856471717102,10.0,-1.178242636946406,33.59155910373001,0.9546613962794638,-0.2976938334157166,0.0,0.0,-1.0,0.0,72.68085805876763,72.68085805876763,-0.4046854568214309,1.21709526698024,691.1406163493741,-13294.63816121029,-248.9747083820814,0.0,1244.873541910407,-66473.19080605145,0.0,-13284.02158200106,-248.9747083820814,531.2009473249772,1243.879434481314,-66473.19080605145,-49.74020328676684,dt_005
3.059999999999957,1,T,0.0,0.0,0.002712211256357926,0.0,0.03997788151195633,0.0,0.0,0.0,-0.1024105849076255,0.0,0.002073744963831968,0.0,32.05644680004129,0.0,1.179739528317941,0.0,0.002073744963831968,0.0,0.0,10.0,0.0,-32.06681552486045,10.0,-1.179739528317941,33.58988922139267,0.9546567811970572,-0.2977086329189564,0.0,0.0,-1.0,0.0,72.67996983690443,72.67996983690443,-0.4047007414915857,1.217068784564561,691.0719029670768,-13293.10536084609,-248.9768613998412,0.0,1244.884306999206,-66465.52680423045,0.0,-13282.48404896364,-248.9768613998412,531.2886443183696,1243.889633134576,-66465.52680423045,-49.75458163048249,dt_005
3.064999999999957,1,T,0.0,0.0,0.002203453440245256,0.0,0.03998739535943124,0.0,0.0,0.0,-0.1010887062295741,0.0,0.00173204915887271,0.0,32.05638273032887,0.0,1.18136533039228,0.0,0.00173204915887271,0.0,0.0,10.0,0.0,-32.06504297612324,10.0,-1.18136533039228,33.58819704986605,0.9546521037886764,-0.2977236314635674,0.0,0.0,-1.0,0.0,72.67906966479318,72.67906966479318,-0.404716231803605,1.217041945851148,691.0022758996361,-13291.55219253431,-248.9790485508562,0.0,1244.895242754281,-66457.76096267157,0.0,-13280.92706703785,-248.9790485508562,531.3529212164591,1243.900086733929,-66457.76096267157,-49.76685298030909,dt_005
3.069999999999957,1,T,0.0,0.0,0.001701731847038572,0.0,0.03999519647372938,0.0,0.0,0.0,-0.09959630438879058,0.0,0.001388671660899641,0.0,32.05631384039457,0.0,1.183106614227144,0.0,0.001388671660899641,0.0,0.0,10.0,0.0,-32.06325719869906,10.0,-1.183106614227144,33.58649225789927,0.954647390757457,-0.2977387433975956,0.0,0.0,-1.0,0.0,72.67816268289478,72.67816268289478,-0.4047318392995786,1.217014904103312,690.9321330913306,-13289.98753363103,-248.9812575058985,0.0,1244.906287529493,-66449.93766815517,0.0,-13279.35951384527,-248.9812575058985,531.3939650724225,1243.910734401861,-66449.93766815517,-49.77699840574225,dt_005
3.074999999999957,1,T,0.0,0.0,0.001207863032139985,0.0,0.04000128111073405,0.0,0.0,0.0,-0.0979478001798907,0.0,0.001045476774828959,0.0,32.05624071633093,0.0,1.184948850735577,0.0,0.001045476774828959,0.0,0.0,10.0,0.0,-32.06146810020508,10.0,-1.184948850735577,33.58478430391459,0.954642668241524,-0.2977538848994309,0.0,0.0,-1.0,0.0,72.67725392191679,72.67725392191679,-0.404747477410251,1.216987809312056,690.8618637535365,-13288.42006637685,-248.983476085765,0.0,1244.917380428825,-66442.10033188426,0.0,-13277.7900668928,-248.983476085765,531.4120811665344,1243.921515529496,-66442.10033188426,-49.78501076196417,dt_005
3.079999999999957,1,T,0.0,0.0,0.0007225874846305578,0.0,0.04000565472329478,0.0,0.0,0.0,-0.09607248084630972,0.0,0.0007282505055147967,0.0,32.05616053014969,0.0,1.186962871155334,0.0,0.0007282505055147967,0.0,0.0,10.0,0.0,-32.05980178267726,10.0,-1.186962871155334,33.58319356976874,0.9546382691709576,-0.297767988598973,0.0,0.0,-1.0,0.0,72.67640744359772,72.67640744359772,-0.4047620437505273,1.216962571483944,690.7964203360409,-13286.96026151231,-248.9855473768918,0.0,1244.927736884459,-66434.80130756155,0.0,-13276.32910572903,-248.9855473768918,531.4117681981028,1243.931645946483,-66434.80130756155,-49.79086539853425,dt_005
3.084999999999956,1,T,0.0,0.0,0.0002508343514399208,0.0,0.04000951245536973,0.0,0.0,0.0,-0.0922948517296231,0.0,0.0009066303122945402,0.0,32.05600485014747,0.0,1.190861141204329,0.0,0.0009066303122945402,0.0,0.0,10.0,0.0,-32.06053800170894,10.0,-1.190861141204329,33.58389639334637,0.9546402128628756,-0.2977617570896626,0.0,0.0,-1.0,0.0,72.67678144790021,72.67678144790021,-0.4047556078220313,1.216973722456257,690.8253343874019,-13287.60522743182,-248.9846316401912,0.0,1244.923158200956,-66438.0261371591,0.0,-13276.97150535621,-248.9846316401912,531.4887826027724,1243.926878838105,-66438.0261371591,-49.79548101114895,dt_005
3.089999999999956,1,T,0.0,0.0,-0.0002005155176252064,0.0,0.04001462187645937,0.0,0.0,0.0,-0.08860653123351872,0.0,0.001036779247941931,0.0,32.05585121775009,0.0,1.194710296892097,0.0,0.001036779247941931,0.0,0.0,10.0,0.0,-32.0610351139898,10.0,-1.194710296892097,33.58437095704618,0.9546415252200288,-0.2977575495694061,0.0,0.0,-1.0,0.0,72.67703397548492,72.67703397548492,-0.4047512622851816,1.216981251589175,690.8448582055481,-13288.04073321016,-248.9840138422078,0.0,1244.920069211039,-66440.20366605082,0.0,-13277.40394674839,-248.9840138422078,531.5740421829771,1243.923537878539,-66440.20366605082,-49.80171318494686,dt_005
3.094999999999956,1,T,0.0,0.0,-0.0006380709096304295,0.0,0.0400190557680642,0.0,0.0,0.0,-0.08637512934629726,0.0,0.0007482525723764422,0.0,32.05575664545621,0.0,1.197082044352873,0.0,0.0007482525723764422,0.0,0.0,10.0,0.0,-32.05949790831809,10.0,-1.197082044352873,33.58290347979835,0.9546374668766606,-0.2977705607263962,0.0,0.0,-1.0,0.0,72.67625306878121,72.67625306878121,-0.4047647002581505,1.216957968784741,690.7844862567397,-13286.69405688509,-248.9859256197659,0.0,1244.92962809883,-66433.47028442546,0.0,-13276.055991575,-248.9859256197659,531.5790344166255,1243.932868285328,-66433.47028442546,-49.80761104215345,dt_005
3.099999999999956,1,T,0.0,0.0,-0.001063537599130427,0.0,0.0400222878333964,0.0,0.0,0.0,-0.08362502574656744,0.0,0.0005970715634564705,0.0,32.05564274018472,0.0,1.199933552004768,0.0,0.0005970715634564705,0.0,0.0,10.0,0.0,-32.058628098002,10.0,-1.199933552004768,33.58207312728032,0.954635170273608,-0.2977779234205921,0.0,0.0,-1.0,0.0,72.67581117138525,72.67581117138525,-0.404772304502337,1.216944793573668,690.7503267596767,-13285.93208865394,-248.9870091831496,0.0,1244.935045915748,-66429.66044326969,0.0,-13275.29291534895,-248.9870091831496,531.5914559229033,1243.938120775791,-66429.66044326969,-49.81184828973852,dt_005
3.104999999999956,1,T,0.0,0.0,-0.001476210081797319,0.0,0.04002448574010442,0.0,0.0,0.0,-0.08144182294112365,0.0,0.0002824020037009156,0.0,32.05555274452415,0.0,1.202185461651763,0.0,0.0002824020037009156,0.0,0.0,10.0,0.0,-32.05696475454265,10.0,-1.202185461651763,33.58048524476664,0.95463077799147,-0.2977920041092453,0.0,0.0,-1.0,0.0,72.6749660675031,72.6749660675031,-0.4047868471910733,1.216919596724517,690.685005930319,-13284.47503912294,-248.9890849220886,0.0,1244.945424610443,-66422.3751956147,0.0,-13273.83586430881,-248.9890849220886,531.5623316879663,1243.948381673672,-66422.3751956147,-49.81499764057543,dt_005
3.109999999999956,1,T,0.0,0.0,-0.001877566395325345,0.0,0.04002523682489748,0.0,0.0,0.0,-0.07898737015996546,0.0,5.065409125207459e-05,0.0,32.05545362774637,0.0,1.204662025092527,0.0,5.065409125207459e-05,0.0,0.0,10.0,0.0,-32.05570689820263,10.0,-1.204662025092527,33.57928445847939,0.9546274560388368,-0.2978026530721626,0.0,0.0,-1.0,0.0,72.6743269285742,72.6743269285742,-0.404797845600498,1.21690054073919,690.6356111553789,-13283.37324502948,-248.9906578100534,0.0,1244.953289050267,-66416.86622514742,0.0,-13272.73455339327,-248.9906578100534,531.5282136683426,1243.956202399205,-66416.86622514742,-49.81624664330115,dt_005
3.114999999999956,1,T,0.0,0.0,-0.002262489575572974,0.0,0.04002606529770615,0.0,0.0,0.0,-0.07480029483454043,0.0,0.0003331985371051698,0.0,32.05528508230117,0.0,1.208872303909824,0.0,0.0003331985371051698,0.0,0.0,10.0,0.0,-32.05695107498669,10.0,-1.208872303909824,33.58047218584174,0.9546307418661792,-0.2977921199159379,0.0,0.0,-1.0,0.0,72.67495911692598,72.67495911692598,-0.4047869667977653,1.216919389492428,690.6844687372554,-13284.4630565195,-248.9891020130277,0.0,1244.945510065138,-66422.31528259753,0.0,-13273.82305165279,-248.9891020130277,531.5828189872335,1243.948388372713,-66422.31528259753,-49.81696594813771,dt_005
3.119999999999956,1,T,0.0,0.0,-0.002630076724410511,0.0,0.04002730772221399,0.0,0.0,0.0,-0.0724274988914073,0.0,0.0001075638766695688,0.0,32.05518862907013,0.0,1.211283025548128,0.0,0.0001075638766695688,0.0,0.0,10.0,0.0,-32.05572644845348,10.0,-1.211283025548128,33.57930312168613,0.9546275076730611,-0.2978024875549551,0.0,0.0,-1.0,0.0,72.67433686275021,72.67433686275021,-0.4047976746515383,1.216900836927552,690.636378859574,-13283.39036929636,-248.990633342538,0.0,1244.95316671269,-66416.95184648182,0.0,-13272.75056317505,-248.990633342538,531.5563853928537,1243.955976992619,-66416.95184648182,-49.81881785321938,dt_005
3.124999999999956,1,T,0.0,0.0,-0.002986534252340973,0.0,0.04002727428990112,0.0,0.0,0.0,-0.0700284418896198,0.0,-8.337597528875113e-05,0.0,32.05509266749372,0.0,1.213679089263607,0.0,-8.337597528875113e-05,0.0,0.0,10.0,0.0,-32.05467578761728,10.0,-1.213679089263607,33.57830013340844,0.9546247326476408,-0.297811382954749,0.0,0.0,-1.0,0.0,72.67380296905665,72.67380296905665,-0.4048068619833773,1.216884918838494,690.5951219076701,-13282.4701017975,-248.9919491991539,0.0,1244.959745995769,-66412.35050898753,0.0,-13271.83105056724,-248.9919491991539,531.5191156899991,1243.962552671353,-66412.35050898753,-49.81903954534535,dt_005
3.129999999999955,1,T,0.0,0.0,-0.003326630102564055,0.0,0.04002766436931288,0.0,0.0,0.0,-0.06602256557511181,0.0,0.0002354432938467669,0.0,32.05493189100208,0.0,1.217694260902781,0.0,0.0002354432938467669,0.0,0.0,10.0,0.0,-32.05610910747131,10.0,-1.217694260902781,33.57966841870397,0.9546285182975768,-0.2977992479053179,0.0,0.0,-1.0,0.0,72.67453130314877,72.67453130314877,-0.4047943286886884,1.216906634185729,690.6514053049394,-13283.72554672943,-248.9901545701626,0.0,1244.950772850813,-66418.62773364717,0.0,-13273.08528255211,-248.9901545701626,531.5745318682356,1243.95356728041,-66418.62773364717,-49.81916571139229,dt_005
3.134999999999955,1,T,0.0,0.0,-0.003650725283602638,0.0,0.04002854867598093,0.0,0.0,0.0,-0.06382123156754495,0.0,5.696664465605518e-05,0.0,32.05484272149824,0.0,1.219922177953445,0.0,5.696664465605518e-05,0.0,0.0,10.0,0.0,-32.05512755472152,10.0,-1.219922177953445,33.57873140172909,0.9546259258939988,-0.2978075580152818,0.0,0.0,-1.0,0.0,72.67403253858684,72.67403253858684,-0.4048029115125636,1.216891763474928,690.6128615615487,-13282.86579758975,-248.9913831688164,0.0,1244.956915844082,-66414.32898794873,0.0,-13272.22575202181,-248.9913831688164,531.5518640251324,1243.959661297017,-66414.32898794873,-49.82051157725179,dt_005
3.139999999999955,1,T,0.0,0.0,-0.003965086822675673,0.0,0.04002827595209376,0.0,0.0,0.0,-0.06192193678636131,0.0,-0.000165809481558268,0.0,32.05476704900386,0.0,1.221811209231669,0.0,-0.000165809481558268,0.0,0.0,10.0,0.0,-32.05393800159607,10.0,-1.221811209231669,33.57759582534409,0.9546227838445188,-0.297817629708083,0.0,0.0,-1.0,0.0,72.67342804375376,72.67342804375376,-0.404813313760602,1.21687374040647,690.566151613726,-13281.82390040427,-248.9928743467208,0.0,1244.964371733604,-66409.11950202135,0.0,-13271.18483438788,-248.9928743467208,531.5065501603233,1243.967124801386,-66409.11950202135,-49.820470686447,dt_005
3.144999999999955,1,T,0.0,0.0,-0.004270232189489811,0.0,0.04002693511067544,0.0,0.0,0.0,-0.06013474379539021,0.0,-0.000370289140056143,0.0,32.05469717047264,0.0,1.223553990372795,0.0,-0.000370289140056143,0.0,0.0,10.0,0.0,-32.05284572477235,10.0,-1.223553990372795,33.5765531145777,0.9546198984569442,-0.2978268783539418,0.0,0.0,-1.0,0.0,72.6728729457782,72.6728729457782,-0.4048228659792669,1.216857190109815,690.5232629218352,-13280.86724443476,-248.9942457324346,0.0,1244.971228662173,-66404.33622217382,0.0,-13270.22965732595,-248.9942457324346,531.4504738232739,1243.974043037988,-66404.33622217382,-49.81907711231058,dt_005
3.149999999999955,1,T,0.0,0.0,-0.00456675861919797,0.0,0.04002462091337585,0.0,0.0,0.0,-0.05847432232185675,0.0,-0.0005551621642195334,0.0,32.05463356193457,0.0,1.225138901154033,0.0,-0.0005551621642195334,0.0,0.0,10.0,0.0,-32.05185775111347,10.0,-1.225138901154033,33.57560997655311,0.9546172883678444,-0.2978352443033294,0.0,0.0,-1.0,0.0,72.67237082525085,72.67237082525085,-0.4048315065531555,1.216842219340599,690.4844709947878,-13280.00197360488,-248.9954879350348,0.0,1244.977439675174,-66400.00986802441,0.0,-13269.36630931835,-248.9954879350348,531.3851410011281,1243.980364364567,-66400.00986802441,-49.81644683787899,dt_005
3.154999999999955,1,T,0.0,0.0,-0.004855341607474545,0.0,0.04002143373040463,0.0,0.0,0.0,-0.0569573032165361,0.0,-0.0007194950371893485,0.0,32.05457676944029,0.0,1.226552541516801,0.0,-0.0007194950371893485,0.0,0.0,10.0,0.0,-32.05097929425434,10.0,-1.226552541516801,33.57477138746771,0.9546149674221712,-0.2978426832634414,0.0,0.0,-1.0,0.0,72.67192434105063,72.67192434105063,-0.4048391897278358,1.216828907373539,690.4499801539414,-13279.23264399515,-248.9965938536472,0.0,1244.982969268236,-66396.16321997574,0.0,-13268.5992893041,-248.9965938536472,531.3120676448195,1243.986048297616,-66396.16321997574,-49.81270328776196,dt_005
3.159999999999955,1,T,0.0,0.0,-0.005136738132592425,0.0,0.04001747775365829,0.0,0.0,0.0,-0.05559965076768945,0.0,-0.0008626930610363977,0.0,32.05452730607558,0.0,1.227782299869483,0.0,-0.0008626930610363977,0.0,0.0,10.0,0.0,-32.0502138407704,10.0,-1.227782299869483,33.57404067488913,0.9546129448976796,-0.2978491655750942,0.0,0.0,-1.0,0.0,72.67153527372474,72.67153527372474,-0.4048458848633539,1.216817307295813,690.4199269339549,-13278.56229976357,-248.9975585937947,0.0,1244.987792968974,-66392.81149881786,0.0,-13267.93158349939,-248.9975585937947,531.2327590441848,1243.991065184697,-66392.81149881786,-49.80797508831316,dt_005
3.164999999999955,1,T,0.0,0.0,-0.005411781723958326,0.0,0.04001285950077115,0.0,0.0,0.0,-0.05441602238524718,0.0,-0.0009844201802282192,0.0,32.05448562822328,0.0,1.228816944940326,0.0,-0.0009844201802282192,0.0,0.0,10.0,0.0,-32.04956352732214,10.0,-1.228816944940326,33.57341987781193,0.954611226498946,-0.2978546730239067,0.0,0.0,-1.0,0.0,72.6712047168655,72.6712047168655,-0.4048515731409907,1.216807451712974,690.3943949037626,-13277.99280377975,-248.998379011122,0.0,1244.99189505561,-66389.96401889877,0.0,-13267.36499657026,-248.998379011122,531.148703292389,1243.995394000551,-66389.96401889877,-49.80239411487561,dt_005
3.169999999999955,1,T,0.0,0.0,-0.005681374470605203,0.0,0.04000768639681607,0.0,0.0,0.0,-0.05341918100126117,0.0,-0.001084649174758417,0.0,32.05445211391294,0.0,1.229647167448274,0.0,-0.001084649174758417,0.0,0.0,10.0,0.0,-32.04902886803914,10.0,-1.229647167448274,33.57290948643573,0.9546098136352384,-0.2978592011526508,0.0,0.0,-1.0,0.0,72.67093293831218,72.67093293831218,-0.4048562499517234,1.216799348610675,690.3734039729491,-13277.52459913648,-248.9990540687834,0.0,1244.995270343917,-66387.62299568242,0.0,-13266.89991409463,-248.9990540687834,531.0613430390703,1243.999024204266,-66387.62299568242,-49.79609379817157,dt_005
3.174999999999955,1,T,0.0,0.0,-0.005946478061333479,0.0,0.04000206539897935,0.0,0.0,0.0,-0.05262020971187697,0.0,-0.00116359432834374,0.0,32.05442707327185,0.0,1.230265321554439,0.0,-0.00116359432834374,0.0,0.0,10.0,0.0,-32.04860910163013,10.0,-1.230265321554439,33.57250877353508,0.9546087043365008,-0.2978627563240944,0.0,0.0,-1.0,0.0,72.67071955643131,72.67071955643131,-0.4048599218627641,1.216792986610479,690.3569240263175,-13277.15701329485,-248.9995844089019,0.0,1244.99792204451,-66385.78506647427,0.0,-13266.5356071979,-248.9995844089019,530.9720695432966,1244.001953667645,-66385.78506647427,-49.78920732677462,dt_005
3.179999999999954,1,T,0.0,0.0,-0.006208109559550487,0.0,0.03999610152955925,0.0,0.0,0.0,-0.05203017944926206,0.0,-0.001221815093403461,0.0,32.05441081722455,0.0,1.230663711508478,0.0,-0.001221815093403461,0.0,0.0,10.0,0.0,-32.04830174175753,10.0,-1.230663711508478,33.57221536525016,0.9546078920645196,-0.2978653595303328,0.0,0.0,-1.0,0.0,72.67056331147624,72.67056331147624,-0.4048626105520438,1.216788328152926,690.3448572750775,-13276.88786443903,-248.9999729254074,0.0,1244.999864627037,-66384.43932219516,0.0,-13266.26984000265,-248.9999729254074,530.882187612724,1244.004191610825,-66384.43932219516,-49.78186593569402,dt_005
3.184999999999954,1,T,0.0,0.0,-0.006467320016633424,0.0,0.03998989682630166,0.0,0.0,0.0,-0.05165161841664923,0.0,-0.001259945664488245,0.0,32.05440331792864,0.0,1.230843081754663,0.0,-0.001259945664488245,0.0,0.0,10.0,0.0,-32.0481035896062,10.0,-1.230843081754663,33.57202620769455,0.9546073683887726,-0.2978670378169802,0.0,0.0,-1.0,0.0,72.67046258030811,72.67046258030811,-0.4048643439508071,1.216785324843981,690.3370780102044,-13276.71434817687,-249.0002234848978,0.0,1245.001117424489,-66383.57174088438,0.0,-13266.09975617597,-249.0002234848978,530.792937286682,1244.005752264438,-66383.57174088438,-49.77419734376453,dt_005
3.189999999999954,1,T,0.0,0.0,-0.006725169095996696,0.0,0.03998354953191247,0.0,0.0,0.0,-0.05148544068419915,0.0,-0.001278869716790585,0.0,32.05440448720096,0.0,1.230805667912827,0.0,-0.001278869716790585,0.0,0.0,10.0,0.0,-32.048010138617,10.0,-1.230805667912827,33.57193699870322,0.9546071214137842,-0.2978678293238269,0.0,0.0,-1.0,0.0,72.67041507385767,72.67041507385767,-0.4048651614497399,1.216783908434838,690.3334092300003,-13276.63251620816,-249.0003416753337,0.0,1245.001708376668,-66383.16258104079,0.0,-13266.02135844208,-249.0003416753337,530.7054623745951,1244.006658650731,-66383.16258104079,-49.76632489410098,dt_005
3.194999999999954,1,T,0.0,0.0,-0.006982716377788455,0.0,0.03997715281894498,0.0,0.0,0.0,-0.0515307067405408,0.0,-0.001279730615918383,0.0,32.0544141687818,0.0,1.230555395173129,0.0,-0.001279730615918383,0.0,0.0,10.0,0.0,-32.04801551570221,10.0,-1.230555395173129,33.57194213170709,0.9546071356245548,-0.2978677837811319,0.0,0.0,-1.0,0.0,72.6704178073426,72.6704178073426,-0.4048651144114747,1.21678398993394,690.3336203279974,-13276.63722473794,-249.0003348743572,0.0,1245.001674371786,-66383.1861236897,0.0,-13266.02945770895,-249.0003348743572,530.6207916163678,1244.006942988463,-66383.1861236897,-49.75836598050151,dt_005
3.199999999999954,1,T,0.0,0.0,-0.007230076178923335,0.0,0.03997260706881685,0.0,0.0,0.0,-0.0474167107254647,0.0,-0.0005395923661219289,0.0,32.05425535889081,0.0,1.234520393565199,0.0,-0.0005395923661219289,0.0,0.0,10.0,0.0,-32.0515573970602,10.0,-1.234520393565199,33.5753232535004,0.9546164948305796,-0.2978377877257652,0.0,0.0,-1.0,0.0,72.67221816990569,72.67221816990569,-0.4048341334718285,1.216837667907592,690.47267809094,-13279.73892860188,-248.9958659110058,0.0,1244.979329555029,-66398.6946430094,0.0,-13269.13109586962,-248.9958659110058,530.6844377312973,1243.984842196953,-66398.6946430094,-49.75181809252307,dt_005
3.204999999999954,1,T,0.0,0.0,-0.007468370337090401,0.0,0.03996997501476547,0.0,0.0,0.0,-0.04789802661363647,0.0,-0.0005132099156119727,0.0,32.05427784116613,0.0,1.233955093563754,0.0,-0.0005132099156119727,0.0,0.0,10.0,0.0,-32.05171179158808,10.0,-1.233955093563754,33.57547064109491,0.9546169027444156,-0.2978364802952438,0.0,0.0,-1.0,0.0,72.6722966414545,72.6722966414545,-0.4048327831203119,1.21684000754396,690.4787401222536,-13279.87414436206,-248.9956715961369,0.0,1244.978357980684,-66399.37072181028,0.0,-13269.26760037806,-248.9956715961369,530.6549157908147,1243.984002343764,-66399.37072181028,-49.74850503354402,dt_005
3.209999999999954,1,T,0.0,0.0,-0.007709557120631367,0.0,0.03996750732256878,0.0,0.0,0.0,-0.04857355233881759,0.0,-0.000473862191132409,0.0,32.05430787798177,0.0,1.23320100721465,0.0,-0.000473862191132409,0.0,0.0,10.0,0.0,-32.05193856702611,10.0,-1.23320100721465,33.57568712482911,0.954617501880514,-0.2978345599546951,0.0,0.0,-1.0,0.0,72.67241189960029,72.67241189960029,-0.4048307997388909,1.216843443976066,690.4876441164544,-13280.072751304,-248.9953862600491,0.0,1244.976931300245,-66400.36375651998,0.0,-13269.46735816618,-248.9953862600491,530.6301070323453,1243.982699562874,-66400.36375651998,-49.74537825809593,dt_005
3.214999999999954,1,T,0.0,0.0,-0.007954581672790978,0.0,0.03996526352826467,0.0,0.0,0.0,-0.04943292246991126,0.0,-0.0004236640485440305,0.0,32.05434498076221,0.0,1.232270400018233,0.0,-0.0004236640485440305,0.0,0.0,10.0,0.0,-32.05222666051949,10.0,-1.232270400018233,33.57596214402971,0.9546182630009558,-0.2978321204051674,0.0,0.0,-1.0,0.0,72.67255832037704,72.67255832037704,-0.4048282801057125,1.216847809524849,690.4989557621061,-13280.32506214514,-248.9950238995645,0.0,1244.975119497823,-66401.6253107257,0.0,-13269.7206581273,-248.9950238995645,530.6104140608942,1243.981000822449,-66401.6253107257,-49.74251462678777,dt_005
3.219999999999954,1,T,0.0,0.0,-0.008204329971069829,0.0,0.03996329221207073,0.0,0.0,0.0,-0.05046284821530241,0.0,-0.0003648828699031,0.0,32.05438855816325,0.0,1.231178107340689,0.0,-0.0003648828699031,0.0,0.0,10.0,0.0,-32.05256414381374,10.0,-1.231178107340689,33.57628431189631,0.9546191545815954,-0.2978292626756479,0.0,0.0,-1.0,0.0,72.67272983999943,72.67272983999943,-0.4048253285674064,1.216852923397999,690.5122067683927,-13280.62063167732,-248.9945995992711,0.0,1244.972997996355,-66403.10315838661,0.0,-13270.01703764417,-248.9945995992711,530.5960640324055,1243.978979070651,-66403.10315838661,-49.73997758718149,dt_005
3.224999999999953,1,T,0.0,0.0,-0.00845961125208477,0.0,0.03996163043202251,0.0,0.0,0.0,-0.05164592096296919,0.0,-0.0002998595419943267,0.0,32.05443786899998,0.0,1.229942711765564,0.0,-0.0002998595419943267,0.0,0.0,10.0,0.0,-32.05293857129001,10.0,-1.229942711765564,33.57664174772234,0.954620143733234,-0.2978260921724951,0.0,0.0,-1.0,0.0,72.67292013196518,72.67292013196518,-0.404822053991481,1.216858596970274,690.5269085211206,-13280.94856133628,-248.9941290808686,0.0,1244.970645404343,-66404.74280668137,0.0,-13270.34558721293,-248.9941290808686,530.5871132983776,1243.976711012038,-66404.74280668137,-49.73781637927261,dt_005
3.229999999999953,1,T,0.0,0.0,-0.008721142096816457,0.0,0.03996030325811781,0.0,0.0,0.0,-0.05296249177077072,0.0,-0.0002310484199774627,0.0,32.05449209788782,0.0,1.22858465017048,0.0,-0.0002310484199774627,0.0,0.0,10.0,0.0,-32.05333685578793,10.0,-1.22858465017048,33.57702195833652,0.9546211958749876,-0.2978227197280429,0.0,0.0,-1.0,0.0,72.67312254412728,72.67312254412728,-0.4048185708491929,1.216864631907306,690.5425471992506,-13281.29739024582,-248.9936288483464,0.0,1244.968144241732,-66406.48695122909,0.0,-13270.69484181971,-248.9936288483464,530.5834368410725,1243.974277855758,-66406.48695122909,-49.73606548518105,dt_005
3.234999999999953,1,T,0.0,0.0,-0.00898953469651582,0.0,0.03995932330851724,0.0,0.0,0.0,-0.05439045704022583,0.0,-0.0001609758065892967,0.0,32.05455034716535,0.0,1.227126413012019,0.0,-0.0001609758065892967,0.0,0.0,10.0,0.0,-32.0537454681324,10.0,-1.227126413012019,33.57741202856197,0.954622275262504,-0.2978192599088249,0.0,0.0,-1.0,0.0,72.67333020024037,72.67333020024037,-0.4048149974681202,1.216870823193215,690.5585916031887,-13281.65526980982,-248.9931159287423,0.0,1244.965579643712,-66408.27634904912,0.0,-13271.05295563874,-248.9931159287423,530.5847290484677,1243.971764043214,-66408.27634904912,-49.73474400072919,dt_005
3.239999999999953,1,T,0.0,0.0,-0.009265285495994991,0.0,0.03995869063768346,0.0,0.0,0.0,-0.0559056237656121,0.0,-9.214068992010672e-05,0.0,32.05461165149399,0.0,1.2255921757774,0.0,-9.214068992010672e-05,0.0,0.0,10.0,0.0,-32.05415094804439,10.0,-1.2255921757774,33.57779910893529,0.9546233463382228,-0.2978158266882635,0.0,0.0,-1.0,0.0,72.67353625968717,72.67353625968717,-0.4048114515627478,1.216876966874373,690.5745132125095,-13282.01041109856,-248.9926072259008,0.0,1244.963036129504,-66410.05205549281,0.0,-13271.40814912152,-248.9926072259008,530.5905200449644,1243.96925402482,-66410.05205549281,-49.73385536761339,dt_005
3.244999999999953,1,T,0.0,0.0,-0.009548767470072822,0.0,0.03995839282713552,0.0,0.0,0.0,-0.05748279788566176,0.0,-2.703310474569502e-05,0.0,32.05467502106048,0.0,1.224006714404103,0.0,-2.703310474569502e-05,0.0,0.0,10.0,0.0,-32.05453985553675,10.0,-1.224006714404103,33.57817036930682,0.954624373603072,-0.2978125338580334,0.0,0.0,-1.0,0.0,72.67373389278931,72.67373389278931,-0.4048080506593214,1.216882859323298,690.589784276994,-13282.35104226648,-248.9921195807731,0.0,1244.960597903866,-66411.75521133239,0.0,-13271.74866640216,-248.9921195807731,530.6001751318412,1243.966832556659,-66411.75521133239,-49.73338749879277,dt_005
3.249999999999953,1,T,0.0,0.0,-0.00984022380678151,0.0,0.03995840514080814,0.0,0.0,0.0,-0.05909526212271431,0.0,3.19100113134778e-05,0.0,32.05473942034308,0.0,1.222395931996527,0.0,3.19100113134778e-05,0.0,0.0,10.0,0.0,-32.05489897039964,10.0,-1.222395931996527,33.57851318927817,0.9546253221430594,-0.2978094933397189,0.0,0.0,-1.0,0.0,72.67391638213824,72.67391638213824,-0.4048049103521292,1.216888300259843,690.6038856515485,-13282.66558332174,-248.9916695238464,0.0,1244.958347619232,-66413.32791660867,0.0,-13272.0629498474,-248.9916695238464,530.6129037703469,1243.964583455871,-66413.32791660867,-49.73331292273433,dt_005
3.254999999999953,1,T,0.0,0.0,-0.01013976388151699,0.0,0.03995869086080955,0.0,0.0,0.0,-0.06071620812193676,0.0,8.233292861754661e-05,0.0,32.05480382472368,0.0,1.220785438585055,0.0,8.233292861754661e-05,0.0,0.0,10.0,0.0,-32.05521548936677,10.0,-1.220785438585055,33.57881534643143,0.9546261581492456,-0.2978068135171047,0.0,0.0,-1.0,0.0,72.67407722268463,72.67407722268463,-0.4048021425811467,1.21689309573537,690.6163145427154,-13282.94281893333,-248.9912730342226,0.0,1244.956365171113,-66414.71409466666,0.0,-13272.33981255055,-248.9912730342226,530.6277708884772,1243.962588380372,-66414.71409466666,-49.73358915334229,dt_005
3.259999999999953,1,T,0.0,0.0,-0.01044736269033414,0.0,0.03995920165854926,0.0,0.0,0.0,-0.06231869542302861,0.0,0.0001219470335271016,0.0,32.05486721821869,0.0,1.21920060401094,0.0,0.0001219470335271016,0.0,0.0,10.0,0.0,-32.05547695338633,10.0,-1.21920060401094,33.5790649469142,0.9546268487244494,-0.2978045998543793,0.0,0.0,-1.0,0.0,72.67421008462694,72.67421008462694,-0.4047998562706556,1.21689705702627,690.6265816593128,-13283.17183489755,-248.9909456398937,0.0,1244.954728199469,-66415.85917448773,0.0,-13272.56837465468,-248.9909456398937,530.6436992295066,1243.960927311495,-66415.85917448773,-49.73415917194047,dt_005
3.264999999999953,1,T,0.0,0.0,-0.01076286031249659,0.0,0.03995987811557342,0.0,0.0,0.0,-0.0638757004313264,0.0,0.0001486054985575862,0.0,32.0549285946481,0.0,1.217666525683506,0.0,0.0001486054985575862,0.0,0.0,10.0,0.0,-32.05567162214088,10.0,-1.217666525683506,33.57925078298396,0.9546273628709092,-0.2978029517283759,0.0,0.0,-1.0,0.0,72.67430900352787,72.67430900352787,-0.4047981540576889,1.216900006302303,690.6342259272487,-13283.34234639292,-248.990701960391,0.0,1244.953509801955,-66416.71173196459,0.0,-13272.73839107178,-248.990701960391,530.6594893568863,1243.959676243309,-66416.71173196459,-49.73495198397615,dt_005
3.269999999999953,1,T,0.0,0.0,-0.01108596275811115,0.0,0.03996065049668853,0.0,0.0,0.0,-0.06536061463586929,0.0,0.0001603277309456498,0.0,32.05498697648233,0.0,1.21620755553762,0.0,0.0001603277309456498,0.0,0.0,10.0,0.0,-32.05578861513705,10.0,-1.21620755553762,33.57936246771744,0.9546276718610986,-0.2978019612377635,0.0,0.0,-1.0,0.0,72.67436845177411,72.67436845177411,-0.4047971310623396,1.216901778757174,690.6388200397398,-13283.44482181797,-248.9905555441227,0.0,1244.952777720614,-66417.22410908983,0.0,-13272.84037481327,-248.9905555441227,530.6738348640905,1243.958906331694,-66417.22410908983,-49.7358835482618,dt_005
3.274999999999952,1,T,0.0,0.0,-0.01141623929548878,0.0,0.03996143924853748,0.0,0.0,0.0,-0.06674534852512545,0.0,0.0001551675813740019,0.0,32.05504133841894,0.0,1.214849210583389,0.0,0.0001551675813740019,0.0,0.0,10.0,0.0,-32.05581717632581,10.0,-1.214849210583389,33.57938973301964,0.9546277472935832,-0.2978017194328786,0.0,0.0,-1.0,0.0,72.6743829646562,72.6743829646562,-0.404796881322241,1.216902211460074,690.6399415907402,-13283.4698389367,-248.9905198034893,0.0,1244.952599017447,-66417.3491946835,0.0,-13272.86495338543,-248.9905198034893,530.6853032953252,1243.958688541538,-66417.3491946835,-49.73685758379847,dt_005
3.279999999999952,1,T,0.0,0.0,-0.0117531154223972,0.0,0.03996215424085686,0.0,0.0,0.0,-0.0680004968718,0.0,0.0001308404711459113,0.0,32.0550906148855,0.0,1.213617983430883,0.0,0.0001308404711459113,0.0,0.0,10.0,0.0,-32.05574481724123,10.0,-1.213617983430883,33.57932065703665,0.954627556186842,-0.2978023320404629,0.0,0.0,-1.0,0.0,72.67434619657284,72.67434619657284,-0.4047975140335597,1.216901115216323,690.6371001702039,-13283.40645871855,-248.9906103542475,0.0,1244.953051771238,-66417.03229359277,0.0,-13272.80124432952,-248.9906103542475,530.6922611557186,1243.95910537207,-66417.03229359277,-49.73776509289522,dt_005
3.284999999999952,1,T,0.0,0.0,-0.01209587686315836,0.0,0.03996269360309708,0.0,0.0,0.0,-0.06909954297829961,0.0,8.49367759180051e-05,0.0,32.05513386945447,0.0,1.212537104110495,0.0,8.49367759180051e-05,0.0,0.0,10.0,0.0,-32.05555855333406,10.0,-1.212537104110495,33.57914284442395,0.9546270642419662,-0.2978039090018216,0.0,0.0,-1.0,0.0,72.67425154892413,72.67425154892413,-0.4047991427461048,1.216898293288064,690.6297859268147,-13283.24330862038,-248.9908434879881,0.0,1244.954217439941,-66416.21654310192,0.0,-13272.63793825344,-248.9908434879881,530.6929018213347,1243.960243283248,-66416.21654310192,-49.73848260832099,dt_005
3.289999999999952,1,T,0.0,0.0,-0.01244368674455,0.0,0.03996294486287367,0.0,0.0,0.0,-0.07001997681208788,0.0,1.562459534208112e-05,0.0,32.0551703382483,0.0,1.211625459328059,0.0,1.562459534208112e-05,0.0,0.0,10.0,0.0,-32.05524846122501,10.0,-1.211625459328059,33.57884682223123,0.9546262452349166,-0.2978065343619661,0.0,0.0,-1.0,0.0,72.67409397731723,72.67409397731723,-0.4048018542646309,1.216893595276265,690.6176092704068,-13282.97169881768,-248.9912317417397,0.0,1244.956158708698,-66414.85849408842,0.0,-13272.36641196513,-248.9912317417397,530.685385262688,1243.962170504753,-66414.85849408842,-49.73887272366083,dt_005
3.294999999999952,1,T,0.0,0.0,-0.01279561089936976,0.0,0.03996278902244681,0.0,0.0,0.0,-0.070745388634127,0.0,-7.787507029904361e-05,0.0,32.0551995088322,0.0,1.210895631187719,0.0,-7.787507029904361e-05,0.0,0.0,10.0,0.0,-32.0548101334807,10.0,-1.210895631187719,33.57842838331623,0.9546250874983608,-0.2978102454898871,0.0,0.0,-1.0,0.0,72.67387123873539,72.67387123873539,-0.4048056871873446,1.216886954305178,690.600397274767,-13282.58777257662,-248.9917808370716,0.0,1244.958904185358,-66412.9388628831,0.0,-13271.98287495515,-248.9917808370716,530.6679782115314,1243.96492154072,-66412.9388628831,-49.73878855176799,dt_005
3.299999999999952,1,T,0.0,0.0,-0.01315064468939186,0.0,0.03996210524529751,0.0,0.0,0.0,-0.07126399032290204,0.0,-0.0001955202174281475,0.0,32.05522105570713,0.0,1.210355524926247,0.0,-0.0001955202174281475,0.0,0.0,10.0,0.0,-32.05424345461999,10.0,-1.210355524926247,33.57788741788334,0.954623590689274,-0.297815043440585,0.0,0.0,-1.0,0.0,72.6735832696212,72.6735832696212,-0.4048106426079523,1.216878368479834,690.5781456119296,-13282.09143410347,-248.9924912096802,0.0,1244.962456048401,-66410.45717051734,0.0,-13271.48729560358,-248.9924912096802,530.6390736813129,1243.968504577988,-66410.45717051734,-49.73807985911728,dt_005
3.304999999999952,1,T,0.0,0.0,-0.01350773900979128,0.0,0.03996077448921068,0.0,0.0,0.0,-0.07156978179136116,0.0,-0.0003366353166241534,0.0,32.05523488277871,0.0,1.210007319897311,0.0,-0.0003366353166241534,0.0,0.0,10.0,0.0,-32.05355170619559,10.0,-1.210007319897311,33.57722705915059,0.9546217634270142,-0.2978209005283169,0.0,0.0,-1.0,0.0,72.6732317313482,72.6732317313482,-0.4048166919372611,1.216867887334234,690.5509834013246,-13281.48556444397,-248.9933591167585,0.0,1244.966795583793,-66407.42782221986,0.0,-13270.88261576472,-248.9933591167585,530.5972079906117,1243.972906837168,-66407.42782221986,-49.73659780546047,dt_005
3.309999999999952,1,T,0.0,0.0,-0.01386582125121667,0.0,0.03995868244783256,0.0,0.0,0.0,-0.07165935351221464,0.0,-0.0005000027643104545,0.0,32.0552409923095,0.0,1.209850758795953,0.0,-0.0005000027643104545,0.0,0.0,10.0,0.0,-32.05274097848795,10.0,-1.209850758795953,33.57645312170481,0.9546196217422416,-0.2978277653018599,0.0,0.0,-1.0,0.0,72.67281971162728,72.67281971162728,-0.4048237820414258,1.216855602928761,690.5191500933498,-13280.77550579971,-248.9943773526234,0.0,1244.971886763117,-66403.87752899854,0.0,-13270.17423392131,-248.9943773526234,530.5410792959187,1243.978098000798,-66403.87752899854,-49.73419874524168,dt_005
3.314999999999952,1,T,0.0,0.0,-0.01422381209332824,0.0,0.03995572182043985,0.0,0.0,0.0,-0.07153343244940827,0.0,-0.0006840379442817287,0.0,32.05523954415794,0.0,1.209881675728315,0.0,-0.0006840379442817287,0.0,0.0,10.0,0.0,-32.05181935443653,10.0,-1.209881675728315,33.57557332242343,0.95461718692472,-0.2978355694471941,0.0,0.0,-1.0,0.0,72.67235131023432,72.67235131023432,-0.404831842370819,1.216841637498606,690.4829634067771,-13279.96834628462,-248.9955362460708,0.0,1244.977681230354,-66399.84173142309,0.0,-13269.36928929562,-248.9955362460708,530.4695491916575,1243.984035082313,-66399.84173142309,-49.73074724991417,dt_005
3.319999999999951,1,T,0.0,0.0,-0.01458063643684653,0.0,0.03995179362749982,0.0,0.0,0.0,-0.07119296416243412,0.0,-0.0008869987243841285,0.0,32.05523069785881,0.0,1.210095953157911,0.0,-0.0008869987243841285,0.0,0.0,10.0,0.0,-32.05079570423689,10.0,-1.210095953157911,33.57459612973371,0.9546144823422807,-0.2978442379875416,0.0,0.0,-1.0,0.0,72.6718310268298,72.6718310268298,-0.4048407954945312,1.216826125201554,690.4427719807721,-13279.07186373956,-248.9968251493956,0.0,1244.984125746978,-66395.3593186978,0.0,-13268.4756057982,-248.9968251493956,530.381617986362,1243.9906697988,-66395.3593186978,-49.72611804173675,dt_005
3.324999999999951,1,T,0.0,0.0,-0.01493522613519729,0.0,0.03994680789968425,0.0,0.0,0.0,-0.07063979234425903,0.0,-0.001107022523919638,0.0,32.05521463909762,0.0,1.210488865003148,0.0,-0.001107022523919638,0.0,0.0,10.0,0.0,-32.04967952647802,10.0,-1.210488865003148,33.57353061192618,0.9546115330239696,-0.297853690622807,0.0,0.0,-1.0,0.0,72.67126368058413,72.67126368058413,-0.4048505584834736,1.216809209721611,690.3989491218409,-13278.09438619965,-248.9982326163663,0.0,1244.991163081831,-66390.47193099826,0.0,-13267.50155223171,-248.9982326163663,530.2764282484179,1243.997949424924,-66390.47193099826,-49.72019688653766,dt_005
3.329999999999951,1,T,0.0,0.0,-0.0152862069675236,0.0,0.03994076391498485,0.0,0.0,0.0,-0.06959005453282202,0.0,-0.001270569967362358,0.0,32.05518003850486,0.0,1.21134402437217,0.0,-0.001270569967362358,0.0,0.0,10.0,0.0,-32.04882718866805,10.0,-1.21134402437217,33.57271696138262,0.954609280670747,-0.2978609092467139,0.0,0.0,-1.0,0.0,72.67083041830165,72.67083041830165,-0.4048580141331854,1.216796291967232,690.3654860535788,-13277.34798954419,-248.999308836044,0.0,1244.99654418022,-66386.73994772094,0.0,-13266.75895558748,-248.999308836044,530.1664359353628,1244.003626717132,-66386.73994772094,-49.7128930490983,dt_005
3.334999999999951,1,T,0.0,0.0,-0.01562633668392863,0.0,0.03993513616116529,0.0,0.0,0.0,-0.06608961538939576,0.0,-0.0008882743452201212,0.0,32.05504710178309,0.0,1.214661273928859,0.0,-0.0008882743452201212,0.0,0.0,10.0,0.0,-32.05060573005699,10.0,-1.214661273928859,33.57441477767799,0.9546139803862164,-0.2978458467919006,0.0,0.0,-1.0,0.0,72.67173446667304,72.67173446667304,-0.4048424571178343,1.216823246251693,690.4353131939317,-13278.90549363478,-248.9970645494356,0.0,1244.985322747178,-66394.52746817388,0.0,-13268.3182013137,-248.9970645494356,530.1539564801421,1243.992693983181,-66394.52746817388,-49.70544409179728,dt_005
3.339999999999951,1,T,0.0,0.0,-0.01594477333218361,0.0,0.039932309531664,0.0,0.0,0.0,-0.06175143977866013,0.0,-0.0003586780512623585,0.0,32.0548773477168,0.0,1.218905383448228,0.0,-0.0003586780512623585,0.0,0.0,10.0,0.0,-32.05308395746049,10.0,-1.218905383448228,33.57678053631722,0.954620527801685,-0.2978248611174567,0.0,0.0,-1.0,0.0,72.6729940192012,72.6729940192012,-0.4048207825275846,1.216860799924939,690.5326171002068,-13281.07589410264,-248.993946448802,0.0,1244.96973224401,-66405.37947051319,0.0,-13270.48837005857,-248.993946448802,530.203097929886,1243.977256402491,-66405.37947051319,-49.70130538579493,dt_005
3.344999999999951,1,T,0.0,0.0,-0.01624986898147999,0.0,0.03992990186313013,0.0,0.0,0.0,-0.06035216516871961,0.0,-0.000620807291182227,0.0,32.05482442429226,0.0,1.220226365183628,0.0,-0.000620807291182227,0.0,0.0,10.0,0.0,-32.05172038783635,10.0,-1.220226365183628,33.57547884721891,0.9546169254557402,-0.2978364075015511,0.0,0.0,-1.0,0.0,72.67230101050696,72.67230101050696,-0.4048327079369275,1.216840137807657,690.4790776397773,-13279.88167281332,-248.9956607784432,0.0,1244.978303892216,-66399.4083640666,0.0,-13269.29637718908,-248.9956607784432,530.1234745226838,1243.985940878964,-66399.4083640666,-49.69865247488165,dt_005
3.349999999999951,1,T,0.0,0.0,-0.01654780237845399,0.0,0.03992607567611585,0.0,0.0,0.0,-0.05881955959519578,0.0,-0.0009093380836261384,0.0,32.05476791820182,0.0,1.221635101600754,0.0,-0.0009093380836261384,0.0,0.0,10.0,0.0,-32.05022122778369,10.0,-1.221635101600754,33.57404772662773,0.9546129644166949,-0.2978491030162251,0.0,0.0,-1.0,0.0,72.67153902850215,72.67153902850215,-0.4048458202505172,1.216817419244843,690.4202169592993,-13278.5687688356,-248.9975492787368,0.0,1244.987746393684,-66392.84384417802,0.0,-13267.98654777133,-248.9975492787368,530.0202985314446,1243.995566002558,-66392.84384417802,-49.69426965353847,dt_005
3.354999999999951,1,T,0.0,0.0,-0.01683758224508846,0.0,0.03992078663001392,0.0,0.0,0.0,-0.0570909995789681,0.0,-0.001205927644018566,0.0,32.05470539188944,0.0,1.22319274526107,0.0,-0.001205927644018566,0.0,0.0,10.0,0.0,-32.04867575366935,10.0,-1.22319274526107,33.57257240015775,0.9546088804776476,-0.2978621918156326,0.0,0.0,-1.0,0.0,72.67075343832369,72.67075343832369,-0.4048593388175018,1.216793996802184,690.3595407578482,-13277.21537954005,-248.999500179268,0.0,1244.99750089634,-66386.07689770023,0.0,-13266.63703987619,-248.999500179268,529.8961095156187,1244.005575551404,-66386.07689770023,-49.68807940694057,dt_005
3.359999999999951,1,T,0.0,0.0,-0.01711824878100808,0.0,0.03991399917162572,0.0,0.0,0.0,-0.05517447693946081,0.0,-0.001508681034406014,0.0,32.0546372177476,0.0,1.224890171463778,0.0,-0.001508681034406014,0.0,0.0,10.0,0.0,-32.04709381257557,10.0,-1.224890171463778,33.5710622684481,0.9546046996164064,-0.2978755905915597,0.0,0.0,-1.0,0.0,72.66994923986286,72.66994923986286,-0.4048731775989168,1.216770019551892,690.2974358721119,-13275.83013420658,-249.0015013799978,0.0,1245.007506899989,-66379.15067103291,0.0,-13265.25649417454,-249.0015013799978,529.7507867551413,1244.015910812809,-66379.15067103291,-49.68003504330341,dt_005
3.36499999999995,1,T,0.0,0.0,-0.0173888860669514,0.0,0.03990568725525927,0.0,0.0,0.0,-0.05307954922192265,0.0,-0.001815690279623241,0.0,32.05456382048109,0.0,1.226716995848287,0.0,-0.001815690279623241,0.0,0.0,10.0,0.0,-32.04548536908297,10.0,-1.226716995848287,33.56952684415005,0.9546004481343274,-0.2978892150141412,0.0,0.0,-1.0,0.0,72.66913149441196,72.66913149441196,-0.4048872494991995,1.216745638396858,690.2342936808178,-13274.4217631699,-249.003540532564,0.0,1245.01770266282,-66372.10881584951,0.0,-13263.85364716506,-249.003540532564,529.5843399355799,1244.026511351848,-66372.10881584951,-49.67010164632228,dt_005
3.36999999999995,1,T,0.0,0.0,-0.01764843045287065,0.0,0.03989588805235061,0.0,0.0,0.0,-0.0505841650522825,0.0,-0.0020622316119766,0.0,32.05447631063138,0.0,1.228896285118521,0.0,-0.0020622316119766,0.0,0.0,10.0,0.0,-32.04416515257149,10.0,-1.228896285118521,33.56826656718034,0.9545969580657776,-0.2979003988778197,0.0,0.0,-1.0,0.0,72.66846022994727,72.66846022994727,-0.404898800730209,1.216725624585759,690.1824686992323,-13273.26582824619,-249.0052176111797,0.0,1245.026088055899,-66366.32914123095,0.0,-13262.70382092724,-249.0052176111797,529.4082598995759,1244.035376740049,-66366.32914123095,-49.65824562969222,dt_005
3.37499999999995,1,T,0.0,0.0,-0.01789030515785804,0.0,0.03988615070625676,0.0,0.0,0.0,-0.04581948791566753,0.0,-0.001739071754062941,0.0,32.05429828105633,0.0,1.233345047095249,0.0,-0.001739071754062941,0.0,0.0,10.0,0.0,-32.04560292228602,10.0,-1.233345047095249,33.56963906050862,0.9546007588739468,-0.2978882192321221,0.0,0.0,-1.0,0.0,72.66919126192813,72.66919126192813,-0.4048862210097999,1.216747420370792,690.2389083248561,-13274.52469128254,-249.0033913498142,0.0,1245.016956749071,-66372.62345641271,0.0,-13263.96683713328,-249.0033913498142,529.3293142255387,1244.026736176326,-66372.62345641271,-49.64576790820525,dt_005
3.37999999999995,1,T,0.0,0.0,-0.01810614078538411,0.0,0.03987853590028856,0.0,0.0,0.0,-0.04095316188880656,0.0,-0.001424594736531264,0.0,32.05411366128501,0.0,1.237963416883906,0.0,-0.001424594736531264,0.0,0.0,10.0,0.0,-32.04699068760235,10.0,-1.237963416883906,33.57096382487807,0.9546044270511422,-0.2978764640826132,0.0,0.0,-1.0,0.0,72.66989681255134,72.66989681255134,-0.4048740797768487,1.216768456426828,690.2933874304041,-13275.73983436796,-249.001631985904,0.0,1245.00815992952,-66378.6991718398,0.0,-13265.18504448262,-249.001631985904,529.2767569607294,1244.018324357451,-66378.6991718398,-49.63594417323962,dt_005
3.38499999999995,1,T,0.0,0.0,-0.01830371850310744,0.0,0.03987078329419786,0.0,0.0,0.0,-0.03796701773165898,0.0,-0.001644835213105687,0.0,32.05400422939989,0.0,1.240698684895593,0.0,-0.001644835213105687,0.0,0.0,10.0,0.0,-32.04578005333437,10.0,-1.240698684895593,33.56980814998327,0.9546012270954948,-0.2978867187837946,0.0,0.0,-1.0,0.0,72.66928131982371,72.66928131982371,-0.4048846712784931,1.216750105455144,690.2458617763433,-13274.67978583886,-249.0031666038719,0.0,1245.015833019359,-66373.39892919431,0.0,-13264.12994128612,-249.0031666038719,529.1316634223369,1244.026376119761,-66373.39892919431,-49.6266056387627,dt_005
3.38999999999995,1,T,0.0,0.0,-0.0184866796587242,0.0,0.03986178430387891,0.0,0.0,0.0,-0.03521805799581372,0.0,-0.001954354304884683,0.0,32.05390584371442,0.0,1.243157007200566,0.0,-0.001954354304884683,0.0,0.0,10.0,0.0,-32.04413407219,10.0,-1.243157007200566,33.56823689794399,0.9545968758982591,-0.297900662176645,0.0,0.0,-1.0,0.0,72.66844442651112,72.66844442651112,-0.4048990726783775,1.216725153404872,690.1812486673491,-13273.23861602896,-249.0052571289843,0.0,1245.026285644922,-66366.19308014482,0.0,-13262.69467742018,-249.0052571289843,528.9548672363406,1244.037266980983,-66366.19308014482,-49.61582720540966,dt_005
3.39499999999995,1,T,0.0,0.0,-0.01865568213547927,0.0,0.03985125325266047,0.0,0.0,0.0,-0.03238374939287057,0.0,-0.00225764975253059,0.0,32.0538060128314,0.0,1.245651504093757,0.0,-0.00225764975253059,0.0,0.0,10.0,0.0,-32.04251776406875,10.0,-1.245651504093757,33.5666939787144,0.9545926025478656,-0.2979143554125791,0.0,0.0,-1.0,0.0,72.66762254409898,72.66762254409898,-0.40491321576818,1.216700648905963,690.1178036046551,-13271.82351067026,-249.00731451431,0.0,1245.03657257155,-66359.11755335127,0.0,-13261.28626530838,-249.00731451431,528.7588182935438,1244.048068178077,-66359.11755335127,-49.60313602090162,dt_005
3.39999999999995,1,T,0.0,0.0,-0.0188091922512006,0.0,0.03983955236034147,0.0,0.0,0.0,-0.02881984575946073,0.0,-0.002365202824047431,0.0,32.05367863910221,0.0,1.248837521587418,0.0,-0.002365202824047431,0.0,0.0,10.0,0.0,-32.04185262498197,10.0,-1.248837521587418,33.56605904244739,0.9545908438182178,-0.2979199907666871,0.0,0.0,-1.0,0.0,72.66728430315406,72.66728430315406,-0.4049190362748463,1.21669056422141,690.0916957801517,-13271.2411941238,-249.0081624730367,0.0,1245.040812365183,-66356.20597061902,0.0,-13260.71059686647,-249.0081624730367,528.5804562806503,1244.052884923267,-66356.20597061902,-49.5887484118225,dt_005
3.40499999999995,1,T,0.0,0.0,-0.01893997981676425,0.0,0.03982869317351544,0.0,0.0,0.0,-0.02333807110384077,0.0,-0.001933199878205378,0.0,32.0534739243711,0.0,1.253966871921806,0.0,-0.001933199878205378,0.0,0.0,10.0,0.0,-32.04380792498007,10.0,-1.253966871921806,33.56792555897692,0.9545960136464476,-0.2979034251738486,0.0,0.0,-1.0,0.0,72.66827858881138,72.66827858881138,-0.4049019264412095,1.216720208938763,690.1684461289722,-13272.95306190017,-249.0056719162118,0.0,1245.028359581059,-66364.76530950086,0.0,-13262.42684620523,-249.0056719162118,528.504619147196,1244.040980435051,-66364.76530950086,-49.57474315920208,dt_005
3.40999999999995,1,T,0.0,0.0,-0.0190474655609491,0.0,0.03981883843409861,0.0,0.0,0.0,-0.02002257000586262,0.0,-0.00211167125121847,0.0,32.0533542958131,0.0,1.256963866243612,0.0,-0.00211167125121847,0.0,0.0,10.0,0.0,-32.04279593955701,10.0,-1.256963866243612,33.56695952308,0.9545933380568769,-0.2979119986462936,0.0,0.0,-1.0,0.0,72.66776399995048,72.66776399995048,-0.4049107815722641,1.216704866425048,690.1287226197559,-13272.06705215298,-249.0069601060083,0.0,1245.034800530041,-66360.33526076487,0.0,-13261.54674639844,-249.0069601060083,528.3386508041598,1244.047904764284,-66360.33526076487,-49.56273986044705,dt_005
3.414999999999949,1,T,0.0,0.0,-0.01913625743211111,0.0,0.03980872806196817,0.0,0.0,0.0,-0.01524420765290986,0.0,-0.001859042610790702,0.0,32.05317683225734,0.0,1.261414371473728,0.0,-0.001859042610790702,0.0,0.0,10.0,0.0,-32.04388161920339,10.0,-1.261414371473728,33.5679959071959,0.9545962084776772,-0.297902800859682,0.0,0.0,-1.0,0.0,72.66831606074996,72.66831606074996,-0.4049012816178326,1.216721326168022,690.1713389006316,-13273.0175836646,-249.0055781773883,0.0,1245.027890886942,-66365.08791832298,0.0,-13262.5018658619,-249.0055781773883,528.2424010615307,1244.041501629598,-66365.08791832298,-49.54988707919055,dt_005
3.419999999999949,1,T,0.0,0.0,-0.01919870253495914,0.0,0.03980065462719171,0.0,0.0,0.0,-0.009948593566749313,0.0,-0.001431753316772998,0.0,32.05297630189392,0.0,1.266447012469666,0.0,-0.001431753316772998,0.0,0.0,10.0,0.0,-32.04581753531006,10.0,-1.266447012469666,33.56984393032511,0.954601326173032,-0.2978864012819125,0.0,0.0,-1.0,0.0,72.66930037648986,72.66930037648986,-0.4048843433481997,1.216750673631379,690.2473331726611,-13274.71260489038,-249.0031190532416,0.0,1245.015595266208,-66373.5630244519,0.0,-13264.19980902837,-249.0031190532416,528.2027722450779,1244.029615743515,-66373.5630244519,-49.53935414509093,dt_005
3.424999999999949,1,T,0.0,0.0,-0.01924103403350853,0.0,0.03979293261182158,0.0,0.0,0.0,-0.007030533495201967,0.0,-0.001669591457988145,0.0,32.05286999293644,0.0,1.269115248891431,0.0,-0.001669591457988145,0.0,0.0,10.0,0.0,-32.0445220356465,10.0,-1.269115248891431,33.56860724684648,0.9545979015455532,-0.2978973755588095,0.0,0.0,-1.0,0.0,72.66864169222026,72.66864169222026,-0.4048956780971111,1.216731034899941,690.1964779019836,-13273.57829699933,-249.0047639640717,0.0,1245.023819820359,-66367.89148499667,0.0,-13263.07047748878,-249.0047639640717,528.055220348473,1244.038216293391,-66367.89148499667,-49.53007492056307,dt_005
3.429999999999949,1,T,0.0,0.0,-0.01926914288759405,0.0,0.03978399424654298,0.0,0.0,0.0,-0.004215278569508025,0.0,-0.001905428635938169,0.0,32.05276936292911,0.0,1.271641775854883,0.0,-0.001905428635938169,0.0,0.0,10.0,0.0,-32.04324221974942,10.0,-1.271641775854883,33.56738553944187,0.9545945180061288,-0.2979082177326543,0.0,0.0,-1.0,0.0,72.66799093455364,72.66799093455364,-0.4049068764437148,1.216711632500892,690.146240321538,-13272.45777373554,-249.0063918034334,0.0,1245.031959017167,-66362.28886867769,0.0,-13261.95556029183,-249.0063918034334,527.8921030263863,1244.046791718032,-66362.28886867769,-49.51927897493344,dt_005
3.434999999999949,1,T,0.0,0.0,-0.01928336991067112,0.0,0.03977391641809023,0.0,0.0,0.0,-0.001477853555966229,0.0,-0.002125381861547679,0.0,32.05267332728002,0.0,1.274054013523714,0.0,-0.002125381861547679,0.0,0.0,10.0,0.0,-32.04204641797228,10.0,-1.274054013523714,33.56624403551118,0.9545913562468774,-0.2979183488453628,0.0,0.0,-1.0,0.0,72.6673828533733,72.6673828533733,-0.4049173404062158,1.216693502505165,690.0993024240377,-13271.41085473003,-249.0079153354721,0.0,1245.03957667736,-66357.05427365014,0.0,-13260.91478860406,-249.0079153354721,527.7168221954581,1244.05490233721,-66357.05427365014,-49.50704458656597,dt_005
3.439999999999949,1,T,0.0,0.0,-0.01928415222115773,0.0,0.03976278092752943,0.0,0.0,0.0,0.001162575820409273,0.0,-0.002328500548229103,0.0,32.05258254935863,0.0,1.276335433491446,0.0,-0.002328500548229103,0.0,0.0,10.0,0.0,-32.04094004661748,10.0,-1.276335433491446,33.56518790459746,0.9545884306588016,-0.2979277228664133,0.0,0.0,-1.0,0.0,72.66682021192176,72.66682021192176,-0.404927022434275,1.216676727299087,690.055876430948,-13270.44227207163,-249.0093271236539,0.0,1245.04663561827,-66352.21136035817,0.0,-13259.95284711104,-249.0093271236539,527.530651979252,1244.06250690658,-66352.21136035817,-49.49347203103787,dt_005
3.444999999999949,1,T,0.0,0.0,-0.01927202169382554,0.0,0.0397506741991253,0.0,0.0,0.0,0.003687273445629052,0.0,-0.002513885948768601,0.0,32.05249766725088,0.0,1.278470084716515,0.0,-0.002513885948768601,0.0,0.0,10.0,0.0,-32.03992823750703,10.0,-1.278470084716515,33.56422204468026,0.9545857548807742,-0.2979362961753777,0.0,0.0,-1.0,0.0,72.66630562878542,72.66630562878542,-0.4049358774668204,1.21666138495605,690.016163397068,-13269.55650878339,-249.0106200936344,0.0,1245.053100468172,-66347.78254391694,0.0,-13259.07416923362,-249.0106200936344,527.3349168767681,1244.069565762399,-66347.78254391694,-49.47866741499278,dt_005
3.449999999999949,1,T,0.0,0.0,-0.01924760175254989,0.0,0.03973768707076363,0.0,0.0,0.0,0.00607835587842748,0.0,-0.002680671384036483,0.0,32.05241927712185,0.0,1.280443009528667,0.0,-0.002680671384036483,0.0,0.0,10.0,0.0,-32.03901592020167,10.0,-1.280443009528667,33.56335116067727,0.954583342015576,-0.297944026868091,0.0,0.0,-1.0,0.0,72.66584161953038,72.66584161953038,-0.4049438622155707,1.216647550477886,689.9803564451486,-13268.757870995,-249.0117874388913,0.0,1245.058937194456,-66343.78935497502,0.0,-13258.28300936833,-249.0117874388913,527.1309918672368,1244.076040361839,-66343.78935497502,-49.46274239664499,dt_005
3.454999999999949,1,T,0.0,0.0,-0.01921160448750005,0.0,0.03972391479486689,0.0,0.0,0.0,0.008318238487884282,0.0,-0.00282795821858586,0.0,32.05234795518945,0.0,1.282239690232126,0.0,-0.00282795821858586,0.0,0.0,10.0,0.0,-32.03820816409652,10.0,-1.282239690232126,33.56258009101775,0.9545812055334448,-0.2979508718603034,0.0,0.0,-1.0,0.0,72.6654307705388,72.6654307705388,-0.4049509321736295,1.216635300977815,689.9486541991635,-13268.05078758212,-249.0128221921909,0.0,1245.064110960954,-66340.25393791062,0.0,-13257.58374230323,-249.0128221921909,526.9203143510259,1244.081891143349,-66340.25393791062,-49.44581410170201,dt_005
3.459999999999948,1,T,0.0,0.0,-0.01916294183803062,0.0,0.03971004324816658,0.0,0.0,0.0,0.01138700222291678,0.0,-0.002645005666703793,0.0,32.05224391003706,0.0,1.284861418972582,0.0,-0.002645005666703793,0.0,0.0,10.0,0.0,-32.03901888170354,10.0,-1.284861418972582,33.56335398767763,0.9545833498483576,-0.297944001772629,0.0,0.0,-1.0,0.0,72.66584312580439,72.66584312580439,-0.4049438362953561,1.216647595387582,689.9804726775704,-13268.76046343549,-249.011783647207,0.0,1245.058918236035,-66343.80231717744,0.0,-13258.30016661485,-249.011783647207,526.7645849612894,1244.077388282289,-66343.80231717744,-49.42835060775122,dt_005
3.464999999999948,1,T,0.0,0.0,-0.01909863921202536,0.0,0.03969737369538232,0.0,0.0,0.0,0.01408552016483552,0.0,-0.00249917569934145,0.0,32.05215309014258,0.0,1.287151723222312,0.0,-0.00249917569934145,0.0,0.0,10.0,0.0,-32.03965721164587,10.0,-1.287151723222312,33.56396332735113,0.954585038100578,-0.29793859272427,0.0,0.0,-1.0,0.0,72.66616778615818,72.66616778615818,-0.4049382494857697,1.216657275165575,690.0055259718599,-13269.31925140658,-249.0109667318175,0.0,1245.054833659087,-66346.59625703288,0.0,-13258.86518715956,-249.0109667318175,526.618784774447,1244.073933058573,-66346.59625703288,-49.41242659525262,dt_005
3.469999999999948,1,T,0.0,0.0,-0.01902376026161542,0.0,0.03968473381607565,0.0,0.0,0.0,0.01581631661556486,0.0,-0.00257135890719258,0.0,32.05210068885545,0.0,1.288476021505797,0.0,-0.00257135890719258,0.0,0.0,10.0,0.0,-32.03924389431949,10.0,-1.288476021505797,33.56356878104128,0.9545839449712268,-0.2979420950506491,0.0,0.0,-1.0,0.0,72.66595757059132,72.66595757059132,-0.4049418669103503,1.216651007569319,689.9893039583093,-13268.95743586731,-249.0114956026586,0.0,1245.057478013293,-66344.78717933653,0.0,-13258.51031182931,-249.0114956026586,526.4368394918397,1244.077199798512,-66344.78717933653,-49.39680655989356,dt_005
3.474999999999948,1,T,0.0,0.0,-0.01894098991119057,0.0,0.03967171326669377,0.0,0.0,0.0,0.01728975332443572,0.0,-0.002636675921495892,0.0,32.05205902437717,0.0,1.289530962817333,0.0,-0.002636675921495892,0.0,0.0,10.0,0.0,-32.03887564476968,10.0,-1.289530962817333,33.56321725611262,0.954582971003314,-0.2979452155522657,0.0,0.0,-1.0,0.0,72.66577027259123,72.66577027259123,-0.4049450899656146,1.216645423262402,689.9748509558725,-13268.63507696006,-249.0119670540552,0.0,1245.059835270276,-66343.1753848003,0.0,-13258.19505993322,-249.0119670540552,526.2514211831003,1244.080198268862,-66343.1753848003,-49.38070147898694,dt_005
3.479999999999948,1,T,0.0,0.0,-0.01885140556137615,0.0,0.0396584196772827,0.0,0.0,0.0,0.01854206311439495,0.0,-0.002680594527258863,0.0,32.05202651243064,0.0,1.290356200899666,0.0,-0.002680594527258863,0.0,0.0,10.0,0.0,-32.03862353979435,10.0,-1.290356200899666,33.56297660108032,0.954582304203707,-0.2979473518948293,0.0,0.0,-1.0,0.0,72.66564204543974,72.66564204543974,-0.4049472965198514,1.216641600158212,689.9649564738572,-13268.41439136667,-249.0122899462547,0.0,1245.061449731273,-66342.07195683336,0.0,-13257.98154246199,-249.0122899462547,526.0664223872753,1244.082467797265,-66342.07195683336,-49.36422719346353,dt_005
3.484999999999948,1,T,0.0,0.0,-0.01875614127763415,0.0,0.03964495855894058,0.0,0.0,0.0,0.01956189458233873,0.0,-0.002703707600071517,0.0,32.05200345857821,0.0,1.290943774787538,0.0,-0.002703707600071517,0.0,0.0,10.0,0.0,-32.03848492057786,10.0,-1.290943774787538,33.56284427765464,0.954581937559694,-0.2979485265692385,0.0,0.0,-1.0,0.0,72.66557153931515,72.66557153931515,-0.4049485098010178,1.216639498011691,689.9595160537331,-13268.29304886909,-249.0124675343332,0.0,1245.062337671666,-66341.46524434544,0.0,-13257.86737555148,-249.0124675343332,525.8831457228705,1244.08401942494,-66341.46524434544,-49.34751564080462,dt_005
3.489999999999948,1,T,0.0,0.0,-0.01865637224862408,0.0,0.0396314320778061,0.0,0.0,0.0,0.02034414493818933,0.0,-0.002706759445251701,0.0,32.05198992398561,0.0,1.291291859964681,0.0,-0.002706759445251701,0.0,0.0,10.0,0.0,-32.03845612675935,10.0,-1.291291859964681,33.56281679159667,0.9545818614002926,-0.2979487705723127,0.0,0.0,-1.0,0.0,72.6655568937972,72.6655568937972,-0.4049487618235365,1.216639061354241,689.9583859790988,-13268.26784382654,-249.0125044268769,0.0,1245.062522134385,-66341.33921913273,0.0,-13257.84930243609,-249.0125044268769,525.702814731366,1244.084871127241,-66341.33921913273,-49.33069486588037,dt_005
3.494999999999948,1,T,0.0,0.0,-0.01855328690723391,0.0,0.03961793828340573,0.0,0.0,0.0,0.02088861386133944,0.0,-0.002690652765430327,0.0,32.05198578040062,0.0,1.291403398569965,0.0,-0.002690652765430327,0.0,0.0,10.0,0.0,-32.03853251657347,10.0,-1.291403398569965,33.56288971193535,0.9545820634502816,-0.2979481232345702,0.0,0.0,-1.0,0.0,72.6655957482089,72.6655957482089,-0.4049480932103313,1.216640219802062,689.9613840620157,-13268.33471269896,-249.0124065543374,0.0,1245.062032771687,-66341.67356349478,0.0,-13257.92321135599,-249.0124065543374,525.5265645047232,1244.085047693531,-66341.67356349478,-49.3138880534523,dt_005
3.499999999999948,1,T,0.0,0.0,-0.01844807218170573,0.0,0.03960457004918175,0.0,0.0,0.0,0.02119610266954826,0.0,-0.002656554764607781,0.0,32.051990866541,0.0,1.291282167689581,0.0,-0.002656554764607781,0.0,0.0,10.0,0.0,-32.03870809271797,10.0,-1.291282167689581,33.56305731381443,0.9545825278417338,-0.2979466353884286,0.0,0.0,-1.0,0.0,72.66568505146213,72.66568505146213,-0.404946556465036,1.216642882386683,689.9682749533652,-13268.48840638926,-249.0121816399424,0.0,1245.060908199712,-66342.44203194628,0.0,-13258.08380870363,-249.0121816399424,525.3554148163472,1244.084583131841,-66342.44203194628,-49.29721230218699,dt_005
3.504999999999947,1,T,0.0,0.0,-0.01834190348733839,0.0,0.03959141378181368,0.0,0.0,0.0,0.0212704118319682,0.0,-0.002605884644741686,0.0,32.05200491098428,0.0,1.290934733947284,0.0,-0.002605884644741686,0.0,0.0,10.0,0.0,-32.03897548776057,10.0,-1.290934733947284,33.56331256454468,0.9545832350769105,-0.2979443694888362,0.0,0.0,-1.0,0.0,72.66582105482651,72.66582105482651,-0.4049442160964293,1.216646937339368,689.9787695620104,-13268.72247725926,-249.0118392069752,0.0,1245.059196034876,-66343.61238629631,0.0,-13258.32460671578,-249.0118392069752,525.1902526513447,1244.083520768359,-66343.61238629631,-49.28077701919818,dt_005
3.509999999999947,1,T,0.0,0.0,-0.01823593112722782,0.0,0.03957854824489126,0.0,0.0,0.0,0.02111778326341335,0.0,-0.002540280166303852,0.0,32.05202755614028,0.0,1.290369858547064,0.0,-0.002540280166303852,0.0,0.0,10.0,0.0,-32.03932615530876,10.0,-1.290369858547064,33.56364730606989,0.954584162535713,-0.29794139798959,0.0,0.0,-1.0,0.0,72.66599940939702,72.66599940939702,-0.4049411469411948,1.216652254997118,689.9925325478297,-13269.02944621788,-249.0113903200034,0.0,1245.056951600017,-66345.14723108942,0.0,-13258.63809103558,-249.0113903200034,525.0318233571896,1244.081912011875,-66345.14723108942,-49.26468240436574,dt_005
3.514999999999947,1,T,0.0,0.0,-0.01813126806144644,0.0,0.03956604334487539,0.0,0.0,0.0,0.02074690889011974,0.0,-0.002461645851637103,0.0,32.05205835978351,0.0,1.289598466931811,0.0,-0.002461645851637103,0.0,0.0,10.0,0.0,-32.03975013052532,10.0,-1.289598466931811,33.56405202633462,0.9545852838443546,-0.2979378053684913,0.0,0.0,-1.0,0.0,72.6662150445537,72.6662150445537,-0.4049374362554076,1.216658684178938,690.0091729112296,-13269.40059278972,-249.0108478756363,0.0,1245.054239378182,-66347.00296394859,0.0,-13259.01551156937,-249.0108478756363,524.8807063426766,1244.079817865374,-66347.00296394859,-49.24901799670313,dt_005
3.519999999999947,1,T,0.0,0.0,-0.01802897768463782,0.0,0.03955395898606794,0.0,0.0,0.0,0.02016892287841065,0.0,-0.002372078433157518,0.0,32.05209679708803,0.0,1.288633604327356,0.0,-0.002372078433157518,0.0,0.0,10.0,0.0,-32.04023640492225,10.0,-1.288633604327356,33.56451621703052,0.9545865698688408,-0.2979336849469034,0.0,0.0,-1.0,0.0,72.66646235887099,72.66646235887099,-0.4049331804293341,1.216666057877813,690.0282586910242,-13269.82628289244,-249.0102261058648,0.0,1245.051130529324,-66349.1314144622,0.0,-13259.44721059476,-249.0102261058648,524.7373129422062,1244.077306500088,-66349.1314144622,-49.23386115098468,dt_005
3.524999999999947,1,T,0.0,0.0,-0.01793006586858621,0.0,0.03954234392171752,0.0,0.0,0.0,0.01939569713693806,0.0,-0.002273940571892597,0.0,32.05214232967915,0.0,1.28748869576005,0.0,-0.002273940571892597,0.0,0.0,10.0,0.0,-32.04077262681969,10.0,-1.28748869576005,33.56502808763248,0.9545879879250144,-0.2979291414233806,0.0,0.0,-1.0,0.0,72.6667350680593,72.6667350680593,-0.4049284876040792,1.216674188727079,690.049305195679,-13270.29570630249,-249.0095409440439,0.0,1245.04770472022,-66351.47853151246,0.0,-13259.92236102136,-249.0095409440439,524.6018608392404,1244.074455139473,-66351.47853151246,-49.21927568046945,dt_005
3.529999999999947,1,T,0.0,0.0,-0.01783546632064772,0.0,0.03953123507193405,0.0,0.0,0.0,0.01844422092727993,0.0,-0.002169603011474742,0.0,32.052194233454,0.0,1.286181900384527,0.0,-0.002169603011474742,0.0,0.0,10.0,0.0,-32.04134621839662,10.0,-1.286181900384527,33.56557563169682,0.9545895047347012,-0.2979242814044503,0.0,0.0,-1.0,0.0,72.6670267733346,72.6670267733346,-0.4049234678909871,1.216682885946407,690.071818835885,-13270.79785426072,-249.0088085817897,0.0,1245.044042908949,-66353.9892713036,0.0,-13260.42994357781,-249.0088085817897,524.4744036804747,1244.071342881796,-66353.9892713036,-49.20531072296818,dt_005
3.534999999999947,1,T,0.0,0.0,-0.01774602206798379,0.0,0.03952065719735404,0.0,0.0,0.0,0.0173337740540411,0.0,-0.002061558589152082,0.0,32.05225171089872,0.0,1.28473327642954,0.0,-0.002061558589152082,0.0,0.0,10.0,0.0,-32.04194391795296,10.0,-1.28473327642954,33.56614618989262,0.9545910852167288,-0.2979192172800338,0.0,0.0,-1.0,0.0,72.6673307288195,72.6673307288195,-0.4049182373742424,1.21669194840685,690.0952791502614,-13271.32111854212,-249.0080460421688,0.0,1245.040230210844,-66356.60559271062,0.0,-13260.95834635637,-249.0080460421688,524.3548108518021,1244.068053578802,-66356.60559271062,-49.19200044846833,dt_005
3.539999999999947,1,T,0.0,0.0,-0.01766247336705032,0.0,0.03951062241520802,0.0,0.0,0.0,0.01608618229541491,0.0,-0.001952371437631948,0.0,32.05231388160623,0.0,1.283165020917414,0.0,-0.001952371437631948,0.0,0.0,10.0,0.0,-32.04255202441807,10.0,-1.283165020917414,33.56672668339197,0.9545926931347756,-0.2979140651491575,0.0,0.0,-1.0,0.0,72.66763996605277,72.66763996605277,-0.4049129159682895,1.2167011683431,690.1191483954923,-13271.85350533094,-249.0072708578503,0.0,1245.036354289251,-66359.26752665472,0.0,-13261.49557876622,-249.0072708578503,524.2427694582684,1244.064674250517,-66359.26752665472,-49.17936339386587,dt_005
3.544999999999947,1,T,0.0,0.0,-0.01758544580424947,0.0,0.03950113013686182,0.0,0.0,0.0,0.01472548268031879,0.0,-0.001844560409369799,0.0,32.0523797955176,0.0,1.281501133198012,0.0,-0.001844560409369799,0.0,0.0,10.0,0.0,-32.04315699347075,10.0,-1.281501133198012,33.56730418291307,0.9545942926742932,-0.2979089397679528,0.0,0.0,-1.0,0.0,72.66794759722102,72.66794759722102,-0.404907622199772,1.216710340394376,690.1428949412807,-13272.38315701499,-249.0065003058316,0.0,1245.032501529158,-66361.91578507493,0.0,-13262.02979294666,-249.0065003058316,524.1378040269932,1244.061291263998,-66361.91578507493,-49.16740223467843,dt_005
3.549999999999947,1,T,0.0,0.0,-0.01751544182348604,0.0,0.03949216719584372,0.0,0.0,0.0,0.01327689486542742,0.0,-0.001740637038481373,0.0,32.05244847325203,0.0,1.27976639122667,0.0,-0.001740637038481373,0.0,0.0,10.0,0.0,-32.04374528805963,10.0,-1.27976639122667,33.56786576602754,0.954595848047319,-0.2979039558159974,0.0,0.0,-1.0,0.0,72.66824673915167,72.66824673915167,-0.4049024745154726,1.21671925933826,690.1659874027017,-13272.89822131082,-249.0057515975419,0.0,1245.028757987709,-66364.49110655411,0.0,-13262.54915292303,-249.0057515975419,524.039272933416,1244.057991275998,-66364.49110655411,-49.15610398258883,dt_005
3.554999999999946,1,T,0.0,0.0,-0.01745283397759983,0.0,0.03948370801172258,0.0,0.0,0.0,0.0117671527178885,0.0,-0.001643055601555377,0.0,32.05251889261574,0.0,1.277986688133524,0.0,-0.001643055601555377,0.0,0.0,10.0,0.0,-32.04430361460797,10.0,-1.277986688133524,33.5683987426445,0.9545973241166144,-0.2978992258959387,0.0,0.0,-1.0,0.0,72.66853063337541,72.66853063337541,-0.4048975892162601,1.216727723670376,690.187903913921,-13273.3870581157,-249.0050415809476,0.0,1245.025207904738,-66366.93529057849,0.0,-13263.04204120829,-249.0050415809476,523.9463786445795,1244.054859735915,-66366.93529057849,-49.14544013120242,dt_005
3.559999999999946,1,T,0.0,0.0,-0.01739786026211421,0.0,0.03947571499982698,0.0,0.0,0.0,0.01022334327445671,0.0,-0.001554163578923845,0.0,32.05259003370926,0.0,1.276187885212165,0.0,-0.001554163578923845,0.0,0.0,10.0,0.0,-32.04481921581464,10.0,-1.276187885212165,33.56889093452811,0.954598687168844,-0.2978948580548503,0.0,0.0,-1.0,0.0,72.66879279489102,72.66879279489102,-0.4048930778971186,1.21673554003982,690.208143626724,-13273.83849599429,-249.0043863751337,0.0,1245.021931875669,-66369.19247997145,0.0,-13263.49731487346,-249.0043863751337,523.8581831799697,1244.051979039432,-66369.19247997145,-49.13536709433566,dt_005
3.564999999999946,1,T,0.0,0.0,-0.01735062328811375,0.0,0.03946813893038878,0.0,0.0,0.0,0.008672532517394292,0.0,-0.00147627145174826,0.0,32.05266089300222,0.0,1.274395449489238,0.0,-0.00147627145174826,0.0,0.0,10.0,0.0,-32.04527953574348,10.0,-1.274395449489238,33.56933035560792,0.9545999040278784,-0.2978909586240659,0.0,0.0,-1.0,0.0,72.6690268417078,72.6690268417078,-0.4048890503804095,1.216742518166961,690.226213570913,-13274.24153913151,-249.0038018060241,0.0,1245.019009030121,-66371.20769565756,0.0,-13263.90401253976,-249.0038018060241,523.7736012212359,1244.049430687347,-66371.20769565756,-49.12582673942107,dt_005
3.569999999999946,1,T,0.0,0.0,-0.01731108966181551,0.0,0.03946091948586115,0.0,0.0,0.0,0.007142055005987678,0.0,-0.001411503891220655,0.0,32.05273047097134,0.0,1.272634760985093,0.0,-0.001411503891220655,0.0,0.0,10.0,0.0,-32.04567295151524,10.0,-1.272634760985093,33.56970591047046,0.9546009439874218,-0.2978876260241821,0.0,0.0,-1.0,0.0,72.66922686666416,72.66922686666416,-0.4048856083175564,1.216748481929237,690.2416573857287,-13274.58600820723,-249.0033024894435,0.0,1245.016512447218,-66372.93004103616,0.0,-13264.25199446163,-249.0033024894435,523.6914327273131,1244.047290676747,-66372.93004103616,-49.1167469003955,dt_005
3.574999999999946,1,T,0.0,0.0,-0.01727908989693322,0.0,0.039453986274236,0.0,0.0,0.0,0.005659012258915033,0.0,-0.001361766093676519,0.0,32.05279779041634,0.0,1.270930643958995,0.0,-0.001361766093676519,0.0,0.0,10.0,0.0,-32.04598895994796,10.0,-1.270930643958995,33.57000757255062,0.9546017793022836,-0.2978849491882974,0.0,0.0,-1.0,0.0,72.66938753205268,72.66938753205268,-0.4048828435607196,1.216753272182416,690.2540626579276,-13274.86270411061,-249.0029016102735,0.0,1245.014508051368,-66374.31352055307,0.0,-13264.53210558289,-249.0029016102735,523.6103827729931,1244.045628347634,-66374.31352055307,-49.10804259518573,dt_005
3.579999999999946,1,T,0.0,0.0,-0.01725431489857027,0.0,0.03944725966207224,0.0,0.0,0.0,0.00425214256024975,0.0,-0.00132884930817487,0.0,32.05286182151109,0.0,1.269309261955472,0.0,-0.00132884930817487,0.0,0.0,10.0,0.0,-32.04621757497021,10.0,-1.269309261955472,33.57022580892672,0.9546023835934028,-0.2978830126707364,0.0,0.0,-1.0,0.0,72.66950376297795,72.66950376297795,-0.4048808434395469,1.21675673761803,690.2630372781771,-13275.06288061843,-249.0026117032395,0.0,1245.013058516198,-66375.31440309214,0.0,-13264.73564818882,-249.0026117032395,523.5290517650641,1244.04451024273,-66375.31440309214,-49.09961721625702,dt_005
3.584999999999946,1,T,0.0,0.0,-0.01723630995371259,0.0,0.03944065024947396,0.0,0.0,0.0,0.002950953232627943,0.0,-0.001314868451878924,0.0,32.05292151664862,0.0,1.267797233922427,0.0,-0.001314868451878924,0.0,0.0,10.0,0.0,-32.04634717438923,10.0,-1.267797233922427,33.57034952486323,0.954602726154362,-0.2978819148902127,0.0,0.0,-1.0,0.0,72.66956965237928,72.66956965237928,-0.4048797096037254,1.216758702116527,690.2681249231597,-13275.1763592835,-249.0024473980669,0.0,1245.012236990335,-66375.88179641751,0.0,-13264.8524985334,-249.0024473980669,523.4458541547875,1244.044013848209,-66375.88179641751,-49.09136241861139,dt_005
3.589999999999946,1,T,0.0,0.0,-0.01722447639487563,0.0,0.03943405812728121,0.0,0.0,0.0,0.001783519628238404,0.0,-0.001321912212793598,0.0,32.05297589814049,0.0,1.266419411103459,0.0,-0.001321912212793598,0.0,0.0,10.0,0.0,-32.04636633707652,10.0,-1.266419411103459,33.57036781761724,0.954602776805414,-0.297881752572045,0.0,0.0,-1.0,0.0,72.66957939480453,72.66957939480453,-0.4048795419544447,1.216758992587822,690.2688771886932,-13275.19313838676,-249.0024231062142,0.0,1245.012115531071,-66375.96569193382,0.0,-13264.87271492303,-249.0024231062142,523.3590721115349,1244.044216072599,-66375.96569193382,-49.08315673900194,dt_005
3.594999999999946,1,T,0.0,0.0,-0.01721808761172651,0.0,0.03942737378427068,0.0,0.0,0.0,0.0007729488099868044,0.0,-0.001351732993032367,0.0,32.05302419643728,0.0,1.265195372544922,0.0,-0.001351732993032367,0.0,0.0,10.0,0.0,-32.04626553147212,10.0,-1.265195372544922,33.57027158832079,0.9546025103538668,-0.2978826064510909,0.0,0.0,-1.0,0.0,72.66952814451113,72.66952814451113,-0.4048804238780523,1.216757464555661,690.2649198895909,-13275.10487179251,-249.0025509009711,0.0,1245.012754504856,-66375.52435896255,0.0,-13264.7880149411,-249.0025509009711,523.2669259222031,1244.045182610663,-66375.52435896255,-49.07486630617655,dt_005
3.599999999999945,1,T,0.0,0.0,-0.01721631690135065,0.0,0.03942048117152996,0.0,0.0,0.0,-6.382580484775004e-05,0.0,-0.001405194541133946,0.0,32.053065893693,0.0,1.264138318896028,0.0,-0.001405194541133946,0.0,0.0,10.0,0.0,-32.04603992098733,10.0,-1.264138318896028,33.57005622005292,0.954601914007066,-0.2978845175131564,0.0,0.0,-1.0,0.0,72.6694134414554,72.6694134414554,-0.4048823977073907,1.216754044673616,690.2560632032272,-13274.90732571924,-249.0028369787017,0.0,1245.014184893508,-66374.53662859622,0.0,-13264.59422869991,-249.0028369787017,523.1677115183743,1244.046950112564,-66374.53662859622,-49.06634795534139,dt_005
3.604999999999945,1,T,0.0,0.0,-0.01721826452460408,0.0,0.03941326197900339,0.0,0.0,0.0,-0.0007145200486977243,0.0,-0.001482338233017498,0.0,32.0531006582591,0.0,1.263256732695983,0.0,-0.001482338233017498,0.0,0.0,10.0,0.0,-32.04568896709401,10.0,-1.263256732695983,33.56972119895741,0.9546009863224384,-0.2978874903587396,0.0,0.0,-1.0,0.0,72.6692350093935,72.6692350093935,-0.40488546819611,1.216748724705453,690.242286092635,-13274.60003131701,-249.0032821683991,0.0,1245.016410841995,-66373.00015658505,0.0,-13264.29094944593,-249.0032821683991,523.0598435058663,1244.049528519369,-66373.00015658505,-49.05745464879669,dt_005
3.609999999999945,1,T,0.0,0.0,-0.01722298347318892,0.0,0.03940559925701879,0.0,0.0,0.0,-0.001172505390205978,0.0,-0.001582579142772666,0.0,32.05312837981977,0.0,1.262553488852397,0.0,-0.001582579142772666,0.0,0.0,10.0,0.0,-32.04521548410591,10.0,-1.262553488852397,33.56926921192628,0.9545997347097772,-0.2978915012081128,0.0,0.0,-1.0,0.0,72.66899427541638,72.66899427541638,-0.4048896107865909,1.216741547200018,690.2236991964536,-13274.18545692273,-249.0038831245367,0.0,1245.019415622684,-66370.92728461363,0.0,-13263.88070455855,-249.0038831245367,522.941870591774,1244.052906844559,-66370.92728461363,-49.04804021622716,dt_005
3.614999999999945,1,T,0.0,0.0,-0.01722950057854888,0.0,0.03939738037678136,0.0,0.0,0.0,-0.00143394404868611,0.0,-0.001704774383617853,0.0,32.05314905284705,0.0,1.262028812198121,0.0,-0.001704774383617853,0.0,0.0,10.0,0.0,-32.04462518092897,10.0,-1.262028812198121,33.56870570913074,0.9545981742219148,-0.297896501779036,0.0,0.0,-1.0,0.0,72.66869413721938,72.66869413721938,-0.4048947756148081,1.216732598552362,690.200526829064,-13273.66860653989,-249.0046328932561,0.0,1245.02316446628,-66368.34303269944,0.0,-13263.36855278804,-249.0046328932561,522.8124990432137,1244.057055857092,-66368.34303269944,-49.03796314913296,dt_005
3.619999999999945,1,T,0.0,0.0,-0.0172368333899089,0.0,0.03938849933573192,0.0,0.0,0.0,-0.001498956871092468,0.0,-0.00184741680594558,0.0,32.05316281980809,0.0,1.261679184419124,0.0,-0.00184741680594558,0.0,0.0,10.0,0.0,-32.04392573577837,10.0,-1.261679184419124,33.56803802071368,0.9545963251115588,-0.2979024271191943,0.0,0.0,-1.0,0.0,72.66833849301092,72.66833849301092,-0.4049008955997397,1.216721994987924,690.1730706430485,-13273.05620928826,-249.0055220657262,0.0,1245.027610328631,-66365.28104644128,0.0,-13262.76127312425,-249.0055220657262,522.6705913300121,1244.061933730215,-66365.28104644128,-49.02708969598736,dt_005
3.624999999999945,1,T,0.0,0.0,-0.01724400155943852,0.0,0.03937885814564451,0.0,0.0,0.0,-0.001368265131719802,0.0,-0.002008807924454873,0.0,32.05316983724576,0.0,1.26150074414583,0.0,-0.002008807924454873,0.0,0.0,10.0,0.0,-32.04312579762349,10.0,-1.26150074414583,33.56727440353661,0.9545942101944228,-0.2979092040593684,0.0,0.0,-1.0,0.0,72.66793173416438,72.66793173416438,-0.4049078951738997,1.216709867435899,690.1416704154235,-13272.35584470074,-249.0065400246977,0.0,1245.032700123489,-66361.7792235037,0.0,-13262.06649004243,-249.0065400246977,522.5151500728208,1244.067492200897,-66361.7792235037,-49.01529583463804,dt_005
3.629999999999945,1,T,0.0,0.0,-0.0172500301814218,0.0,0.03936836758571932,0.0,0.0,0.0,-0.001043322580749791,0.0,-0.00218713956211638,0.0,32.05317028017755,0.0,1.261489179151852,0.0,-0.00218713956211638,0.0,0.0,10.0,0.0,-32.04223458236697,10.0,-1.261489179151852,33.56642365566272,0.9545918537842616,-0.2979167546290854,0.0,0.0,-1.0,0.0,72.66747854022391,72.66747854022391,-0.4049156938109107,1.216696355417323,690.1066881817534,-13271.5755887911,-249.007675437852,0.0,1245.03837718926,-66357.87794395552,0.0,-13261.29231944841,-249.007675437852,522.3453140734043,1244.073678997326,-66357.87794395552,-49.00246830644804,dt_005
3.634999999999945,1,T,0.0,0.0,-0.01725395554739299,0.0,0.03935694794851565,0.0,0.0,0.0,-0.0005271526777679156,0.0,-0.00238041483932228,0.0,32.05316437420843,0.0,1.26163891368268,0.0,-0.00238041483932228,0.0,0.0,10.0,0.0,-32.04126230001182,10.0,-1.26163891368268,33.56549552409675,0.9545892828249568,-0.2979249924322129,0.0,0.0,-1.0,0.0,72.66698409646202,72.66698409646202,-0.4049242022817375,1.216681613531568,690.0685249891222,-13270.7243876665,-249.0089156934253,0.0,1245.044578467127,-66353.6219383325,0.0,-13260.44774161024,-249.0089156934253,522.1603828617714,1244.080434982309,-66353.6219383325,-48.98850543355172,dt_005
3.639999999999945,1,T,0.0,0.0,-0.01725483262521526,0.0,0.03934452979081381,0.0,0.0,0.0,0.0001757980157291179,0.0,-0.002586525021657782,0.0,32.05315238883843,0.0,1.261943279018015,0.0,-0.002586525021657782,0.0,0.0,10.0,0.0,-32.04021976373014,10.0,-1.261943279018015,33.56450033157239,0.9545865258596314,-0.2979338259534142,0.0,0.0,-1.0,0.0,72.6664538954394,72.6664538954394,-0.4049333260694782,1.21666580553983,690.0276055362255,-13269.81171488078,-249.010247377211,0.0,1245.051236886055,-66349.05857440388,0.0,-13259.54225838602,-249.010247377211,521.95981307233,1244.087696499374,-66349.05857440388,-48.97331814751807,dt_005
3.644999999999945,1,T,0.0,0.0,-0.01725173587916025,0.0,0.0393310531407321,0.0,0.0,0.0,0.001062175112257697,0.0,-0.002803789801422021,0.0,32.05313453953852,0.0,1.262397001387141,0.0,-0.002803789801422021,0.0,0.0,10.0,0.0,-32.03911559053141,10.0,-1.262397001387141,33.56344630432687,0.9545836056293496,-0.2979431822741885,0.0,0.0,-1.0,0.0,72.66589231354233,72.66589231354233,-0.4049429898645472,1.216649061924465,689.9842682918526,-13268.845120594,-249.0116598370012,0.0,1245.058299185006,-66344.22560297002,0.0,-13258.58344469622,-249.0116598370012,521.7431114433209,1244.095413219878,-66344.22560297002,-48.9568297045609,dt_005
3.649999999999944,1,T,0.0,0.0,-0.01724266933563023,0.0,0.03931674252345066,0.0,0.0,0.0,0.002885927526833179,0.0,-0.002837651987405313,0.0,32.0530809164046,0.0,1.263760644129037,0.0,-0.002837651987405313,0.0,0.0,10.0,0.0,-32.03889265646757,10.0,-1.263760644129037,33.56323349519012,0.9545830159975202,-0.2979450713958499,0.0,0.0,-1.0,0.0,72.66577892511728,72.66577892511728,-0.4049449410715014,1.216645681238254,689.9755186247494,-13268.64996859381,-249.0119452696812,0.0,1245.059726348406,-66343.24984296906,0.0,-13258.39590861854,-249.0119452696812,521.5457021121961,1244.097539755423,-66343.24984296906,-48.93908202318911,dt_005
3.654999999999944,1,T,0.0,0.0,-0.01721845535705407,0.0,0.03930366361116782,0.0,0.0,0.0,0.006584678183299176,0.0,-0.002448210697555403,0.0,32.05295210525181,0.0,1.267037318737205,0.0,-0.002448210697555403,0.0,0.0,10.0,0.0,-32.04071105176403,10.0,-1.267037318737205,33.56496930882902,0.9545878250910826,-0.2979296631553771,0.0,0.0,-1.0,0.0,72.66670375293238,72.66670375293238,-0.4049290264800129,1.21667325506372,690.0468883803634,-13270.24180133994,-249.0096195968611,0.0,1245.048097984306,-66351.20900669972,0.0,-13259.99333212537,-249.0096195968611,521.4348454223812,1244.086560335341,-66351.20900669972,-48.92235365676027,dt_005
3.659999999999944,1,T,0.0,0.0,-0.01718176479686142,0.0,0.03929085886872913,0.0,0.0,0.0,0.008043284210607954,0.0,-0.002685250575506747,0.0,32.05291103157148,0.0,1.268084369132106,0.0,-0.002685250575506747,0.0,0.0,10.0,0.0,-32.03948477869394,10.0,-1.268084369132106,33.56379872547446,0.9545845820597302,-0.2979400538595811,0.0,0.0,-1.0,0.0,72.66608008636898,72.66608008636898,-0.4049397586383882,1.216654660388379,689.9987582415484,-13269.16830396269,-249.0111873370249,0.0,1245.055936685125,-66345.84151981346,0.0,-13258.92733901073,-249.0111873370249,521.2228867978612,1244.095019322503,-66345.84151981346,-48.906731354823,dt_005
3.664999999999944,1,T,0.0,0.0,-0.01713758557823462,0.0,0.03927679420149595,0.0,0.0,0.0,0.009626594641326909,0.0,-0.002940225460375907,0.0,32.05286669221576,0.0,1.269215644806865,0.0,-0.002940225460375907,0.0,0.0,10.0,0.0,-32.03816556491388,10.0,-1.269215644806865,33.56253942664103,0.9545810928562471,-0.2979512328576148,0.0,0.0,-1.0,0.0,72.6654091027923,72.6654091027923,-0.40495130503583,1.216634654951981,689.9469823184606,-13268.01349821852,-249.012876793918,0.0,1245.06438396959,-66340.06749109262,0.0,-13257.78075340721,-249.012876793918,520.9910589387717,1244.104147825987,-66340.06749109262,-48.88956526448831,dt_005
3.669999999999944,1,T,0.0,0.0,-0.01708508351379322,0.0,0.03926144425007732,0.0,0.0,0.0,0.01137219806042716,0.0,-0.003199346895178384,0.0,32.05281765353272,0.0,1.270467892912917,0.0,-0.003199346895178384,0.0,0.0,10.0,0.0,-32.03682091905683,10.0,-1.270467892912917,33.56125585552062,0.954577535982968,-0.2979626281879753,0.0,0.0,-1.0,0.0,72.66472513203583,72.66472513203583,-0.4049630749188304,1.216614262301635,689.8942104423269,-13266.83648673246,-249.014601909366,0.0,1245.07300954683,-66334.1824336623,0.0,-13256.61264458882,-249.014601909366,520.7413532872807,1244.113517061968,-66334.1824336623,-48.87080688612384,dt_005
3.674999999999944,1,T,0.0,0.0,-0.01702347405790096,0.0,0.03924479288245376,0.0,0.0,0.0,0.01326932982928602,0.0,-0.003460776365843533,0.0,32.05276437068363,0.0,1.271829840505725,0.0,-0.003460776365843533,0.0,0.0,10.0,0.0,-32.03546048885441,10.0,-1.271829840505725,33.5599572218582,0.9545739369414078,-0.2979741581281523,0.0,0.0,-1.0,0.0,72.66403307913217,72.66403307913217,-0.4049749838807694,1.216593628681336,689.8408213489333,-13265.64571710443,-249.0163504488,0.0,1245.081752244,-66328.22858552217,0.0,-13255.43146104517,-249.0163504488,520.4738929717819,1244.123066620748,-66328.22858552217,-48.85043370508556,dt_005
3.679999999999944,1,T,0.0,0.0,-0.01695076013882593,0.0,0.03922717614747619,0.0,0.0,0.0,0.01618437475405265,0.0,-0.00348560193174793,0.0,32.05267245154225,0.0,1.274177977671725,0.0,-0.00348560193174793,0.0,0.0,10.0,0.0,-32.03524444188351,10.0,-1.274177977671725,33.55975098911237,0.9545733653469765,-0.2979759892510601,0.0,0.0,-1.0,0.0,72.66392317078275,72.66392317078275,-0.4049768752020009,1.216590351753896,689.8323429513775,-13265.45661896647,-249.0166284242591,0.0,1245.083142121295,-66327.28309483235,0.0,-13255.25167537167,-249.0166284242591,520.2329595842331,1244.125315820917,-66327.28309483235,-48.82857081814223,dt_005
3.684999999999944,1,T,0.0,0.0,-0.01686335406970317,0.0,0.03920938649163189,0.0,0.0,0.0,0.01908471245624203,0.0,-0.003546433350332577,0.0,32.05258142233242,0.0,1.27650587999136,0.0,-0.003546433350332577,0.0,0.0,10.0,0.0,-32.03484925558076,10.0,-1.27650587999136,33.559373755,0.9545723197772096,-0.2979793387387064,0.0,0.0,-1.0,0.0,72.66372212640238,72.66372212640238,-0.4049803348072728,1.2165843575974,689.8168346820171,-13265.1107304519,-249.0171370964845,0.0,1245.085685482423,-66325.55365225952,0.0,-13254.91530537125,-249.0171370964845,519.9835945347754,1244.128725673848,-66325.55365225952,-48.80653794730058,dt_005
3.689999999999944,1,T,0.0,0.0,-0.01675920175388053,0.0,0.03919184253111355,0.0,0.0,0.0,0.02248786675107112,0.0,-0.003492053524632212,0.0,32.05247047062282,0.0,1.279344091577927,0.0,-0.003492053524632212,0.0,0.0,10.0,0.0,-32.03501020299966,10.0,-1.279344091577927,33.55952739098529,0.9545727456103822,-0.2979779745851303,0.0,0.0,-1.0,0.0,72.66380400623846,72.66380400623846,-0.4049789258053794,1.216586798852164,689.8231507076041,-13265.25159977563,-249.016929897176,0.0,1245.08464948588,-66326.25799887817,0.0,-13255.06518705293,-249.016929897176,519.7565702590765,1244.128546541358,-66326.25799887817,-48.78467040232777,dt_005
3.694999999999943,1,T,0.0,0.0,-0.01663463706904975,0.0,0.03917546959871714,0.0,0.0,0.0,0.0273388451720159,0.0,-0.003055573559517234,0.0,32.05230142218901,0.0,1.283666554930774,0.0,-0.003055573559517234,0.0,0.0,10.0,0.0,-32.03702355439142,10.0,-1.283666554930774,33.56144928671333,0.9545780720224912,-0.2979609108823232,0.0,0.0,-1.0,0.0,72.66482820835456,72.66482820835456,-0.4049613011643239,1.216617335531458,689.9021629125865,-13267.01385624359,-249.0143417385049,0.0,1245.071708692524,-66335.06928121796,0.0,-13256.83459957351,-249.0143417385049,519.6085654704711,1244.116414258315,-66335.06928121796,-48.76379353121197,dt_005
3.699999999999943,1,T,0.0,0.0,-0.01649124167916645,0.0,0.03915974533600595,0.0,0.0,0.0,0.0298758106478724,0.0,-0.003272406961929642,0.0,32.05222228140392,0.0,1.285697576488379,0.0,-0.003272406961929642,0.0,0.0,10.0,0.0,-32.03586024659428,10.0,-1.285697576488379,33.56033882038916,0.9545749945507492,-0.2979707700067863,0.0,0.0,-1.0,0.0,72.66423644205639,72.66423644205639,-0.4049714843776078,1.216599691965428,689.8565093153331,-13265.99561457318,-249.0158363153346,0.0,1245.079181576673,-66329.97807286591,0.0,-13255.82530735552,-249.0158363153346,519.360247562051,1244.12464803431,-66329.97807286591,-48.74452327329686,dt_005
3.704999999999943,1,T,0.0,0.0,-0.01633515920568675,0.0,0.03914292431615071,0.0,0.0,0.0,0.03277715450911208,0.0,-0.003392209847052567,0.0,32.05213036552911,0.0,1.288057546710259,0.0,-0.003392209847052567,0.0,0.0,10.0,0.0,-32.03516931629385,10.0,-1.288057546710259,33.55967927623288,0.954573166585096,-0.2979766259888558,0.0,0.0,-1.0,0.0,72.66388495225135,72.66388495225135,-0.4049775328728717,1.216589212264905,689.8293947882141,-13265.39086458878,-249.0167251029791,0.0,1245.083625514895,-66326.95432294392,0.0,-13255.22975489511,-249.0167251029791,519.113605349395,1244.129908325119,-66326.95432294392,-48.72376972531591,dt_005
3.709999999999943,1,T,0.0,0.0,-0.01616496835716556,0.0,0.03912539091729685,0.0,0.0,0.0,0.03527553268878411,0.0,-0.00362633960881877,0.0,32.05205521954346,0.0,1.289992029896155,0.0,-0.00362633960881877,0.0,0.0,10.0,0.0,-32.03392352149937,10.0,-1.289992029896155,33.55849007600417,0.9545698703650872,-0.2979871852801402,0.0,0.0,-1.0,0.0,72.66325115707359,72.66325115707359,-0.4049884393261344,1.216570315604004,689.780506911028,-13264.3004971129,-249.0183297287182,0.0,1245.091648643591,-66321.50248556447,0.0,-13254.1493216664,-249.0183297287182,518.8385458690813,1244.138779415764,-66321.50248556447,-48.70226971988355,dt_005
3.714999999999943,1,T,0.0,0.0,-0.0159823537783099,0.0,0.0391066847857614,0.0,0.0,0.0,0.03776626801503295,0.0,-0.003855708084094088,0.0,32.05198196512034,0.0,1.291881290696931,0.0,-0.003855708084094088,0.0,0.0,10.0,0.0,-32.03270342469987,10.0,-1.291881290696931,33.55732541032999,0.9545666417991466,-0.2979975274466209,0.0,0.0,-1.0,0.0,72.66263039215019,72.66263039215019,-0.404999121552604,1.216551807441324,689.732629325552,-13263.23266925432,-249.0199038489229,0.0,1245.099519244614,-66316.16334627158,0.0,-13253.09201337899,-249.0199038489229,518.5488633533878,1244.14755481256,-66316.16334627158,-48.67930440237415,dt_005
3.719999999999943,1,T,0.0,0.0,-0.01578548806338274,0.0,0.03908738869804057,0.0,0.0,0.0,0.0412681778955746,0.0,-0.003777489029684959,0.0,32.05187004174749,0.0,1.294762047671054,0.0,-0.003777489029684959,0.0,0.0,10.0,0.0,-32.03298259659907,10.0,-1.294762047671054,33.55759189861541,0.954567380561081,-0.2979951609821144,0.0,0.0,-1.0,0.0,72.66277243396287,72.66277243396287,-0.4049966772733704,1.216556042430895,689.7435840958367,-13263.47699613512,-249.0195434459696,0.0,1245.097717229848,-66317.38498067559,0.0,-13253.34615713635,-249.0195434459696,518.3026780989363,1244.146693262705,-66317.38498067559,-48.65522679484039,dt_005
3.724999999999943,1,T,0.0,0.0,-0.01557033414958025,0.0,0.03906876270891489,0.0,0.0,0.0,0.04465238821524119,0.0,-0.003712205247850865,0.0,32.05176196913425,0.0,1.29754667753627,0.0,-0.003712205247850865,0.0,0.0,10.0,0.0,-32.03320094289499,10.0,-1.29754667753627,33.55780032493025,0.9545679583502787,-0.2979933101446746,0.0,0.0,-1.0,0.0,72.6628835263215,72.6628835263215,-0.4049947655775108,1.216559354659676,689.7521521218318,-13263.66809112294,-249.0192616608073,0.0,1245.096308304037,-66318.3404556147,0.0,-13253.54675790314,-249.0192616608073,518.0632852732498,1244.146191447937,-66318.3404556147,-48.63199829263623,dt_005
3.729999999999943,1,T,0.0,0.0,-0.0153408382248314,0.0,0.03904978511393836,0.0,0.0,0.0,0.04710481238167899,0.0,-0.003889051557072352,0.0,32.05169084537815,0.0,1.299388966516458,0.0,-0.003889051557072352,0.0,0.0,10.0,0.0,-32.03224558759278,10.0,-1.299388966516458,33.55688837457754,0.9545654302041956,-0.2980014084850587,0.0,0.0,-1.0,0.0,72.66239744113975,72.66239744113975,-0.4050031302124946,1.216544861985749,689.7146638976126,-13262.83198273211,-249.0204951945258,0.0,1245.102475972629,-66314.15991366054,0.0,-13252.72111612475,-249.0204951945258,517.7791231818567,1244.153277108959,-66314.15991366054,-48.60862816629475,dt_005
3.734999999999943,1,T,0.0,0.0,-0.01509703570662738,0.0,0.03903062114698173,0.0,0.0,0.0,0.05045480278251363,0.0,-0.003763384476483651,0.0,32.05158502192879,0.0,1.302122167788464,0.0,-0.003763384476483651,0.0,0.0,10.0,0.0,-32.03276809954637,10.0,-1.302122167788464,33.55738714678656,0.9545668129472892,-0.2979969792122983,0.0,0.0,-1.0,0.0,72.66266329871604,72.66266329871604,-0.4049985552909235,1.216552788553579,689.735167173081,-13263.28927144852,-249.0198203435802,0.0,1245.099101717901,-66316.44635724259,0.0,-13253.18797683941,-249.0198203435802,517.5429921085861,1244.150836729738,-66316.44635724259,-48.58465357925648,dt_005
3.739999999999942,1,T,0.0,0.0,-0.01483889903742564,0.0,0.03901147296333527,0.0,0.0,0.0,0.05273860474801263,0.0,-0.00391240603957184,0.0,32.05152087744568,0.0,1.303790502246096,0.0,-0.00391240603957184,0.0,0.0,10.0,0.0,-32.03195884724781,10.0,-1.303790502246096,33.55661466226559,0.9545646713662016,-0.2980038392026774,0.0,0.0,-1.0,0.0,72.6622515423761,72.6622515423761,-0.4050056408627845,1.216540512000834,689.703412399964,-13262.58103880766,-249.0208657344518,0.0,1245.104328672259,-66312.9051940383,0.0,-13252.49019063667,-249.0208657344518,517.2615953455103,1244.156989786946,-66312.9051940383,-48.56103420111615,dt_005
3.744999999999942,1,T,0.0,0.0,-0.01456989679487515,0.0,0.0389915370588068,0.0,0.0,0.0,0.05485774753191103,0.0,-0.004061630539741638,0.0,32.05146425562066,0.0,1.305269058006096,0.0,-0.004061630539741638,0.0,0.0,10.0,0.0,-32.03115610292195,10.0,-1.305269058006096,33.55584839174468,0.9545625468614932,-0.2980106443221436,0.0,0.0,-1.0,0.0,72.66184307863332,72.66184307863332,-0.4050126697750836,1.216528333617173,689.6719137899745,-13261.87852227882,-249.0219038341509,0.0,1245.109519170755,-66309.39261139408,0.0,-13251.79851751639,-249.0219038341509,516.970009604645,1244.163144201183,-66309.39261139408,-48.53643313073678,dt_005
3.749999999999942,1,T,0.0,0.0,-0.01429061497226365,0.0,0.03897089881821877,0.0,0.0,0.0,0.05685046388713123,0.0,-0.004193352714855518,0.0,32.05141354895953,0.0,1.306598775244372,0.0,-0.004193352714855518,0.0,0.0,10.0,0.0,-32.03044678538525,10.0,-1.306598775244372,33.55517130445613,0.954560669494529,-0.2980166576789909,0.0,0.0,-1.0,0.0,72.66148213810827,72.66148213810827,-0.4050188808999158,1.216517572142573,689.6440817787302,-13261.25778462329,-249.0228220402296,0.0,1245.114110201148,-66306.28892311646,0.0,-13251.18891769718,-249.0228220402296,516.6723311069019,1244.168733187364,-66306.28892311646,-48.51093465339776,dt_005
3.754999999999942,1,T,0.0,0.0,-0.01400173068736854,0.0,0.03894964780718493,0.0,0.0,0.0,0.05869878139736424,0.0,-0.004306752933596473,0.0,32.05136933515249,0.0,1.307764565675679,0.0,-0.004306752933596473,0.0,0.0,10.0,0.0,-32.0298355704845,10.0,-1.307764565675679,33.55458786324568,0.9545590516868984,-0.2980218395396712,0.0,0.0,-1.0,0.0,72.66117110601981,72.66117110601981,-0.4050242331920365,1.216508298692551,689.620099586768,-13260.72291131257,-249.0236139491682,0.0,1245.118069745841,-66303.61455656285,0.0,-13250.6654268739,-249.0236139491682,516.3699019684516,1244.173720354444,-66303.61455656285,-48.48464898284855,dt_005
3.759999999999942,1,T,0.0,0.0,-0.01370400931885426,0.0,0.03892787757571846,0.0,0.0,0.0,0.06038537275470404,0.0,-0.004401056844992419,0.0,32.05133215905354,0.0,1.308752113242184,0.0,-0.004401056844992419,0.0,0.0,10.0,0.0,-32.02932687482858,10.0,-1.308752113242184,33.55410228354524,0.9545577051702436,-0.2980261523761268,0.0,0.0,-1.0,0.0,72.66091223518255,72.66091223518255,-0.4050286878846354,1.216500580434981,689.6001402834523,-13260.2777614912,-249.0242735222286,0.0,1245.121367611143,-66301.38880745601,0.0,-13250.23185264769,-249.0242735222286,516.0641074312035,1244.1780709485,-66301.38880745601,-48.45769136796,dt_005
3.764999999999942,1,T,0.0,0.0,-0.01339829703810789,0.0,0.03890568662537009,0.0,0.0,0.0,0.06189524462060042,0.0,-0.004475058182934794,0.0,32.05130246583158,0.0,1.309549592698864,0.0,-0.004475058182934794,0.0,0.0,10.0,0.0,-32.02892717491691,10.0,-1.309549592698864,33.55372074712626,0.9545566471241512,-0.2980295412053955,0.0,0.0,-1.0,0.0,72.66070882608413,72.66070882608413,-0.4050321881823703,1.216494515774202,689.5844577853802,-13259.92799751904,-249.0247920848551,0.0,1245.123960424275,-66299.63998759522,0.0,-13249.89380204321,-249.0247920848551,515.7564676921781,1244.181736815453,-66299.63998759522,-48.43018271196291,dt_005
3.769999999999942,1,T,0.0,0.0,-0.01308551506188995,0.0,0.0388831783408639,0.0,0.0,0.0,0.06321337479669427,0.0,-0.004528010753167878,0.0,32.05128069325067,0.0,1.310145306392604,0.0,-0.004528010753167878,0.0,0.0,10.0,0.0,-32.02864063948483,10.0,-1.310145306392604,33.55344723293359,0.9545558886136704,-0.2980319706222238,0.0,0.0,-1.0,0.0,72.660563004056,72.660563004056,-0.4050346975121826,1.216490168077163,689.5732154931212,-13259.67726310367,-249.0251639997114,0.0,1245.125819998557,-66298.38631551838,0.0,-13249.6548625838,-249.0251639997114,515.448488287685,1244.184684749331,-66298.38631551838,-48.40225059112755,dt_005
3.774999999999942,1,T,0.0,0.0,-0.01276665839349315,0.0,0.03886045893471505,0.0,0.0,0.0,0.06432526315662583,0.0,-0.004559527924279905,0.0,32.05126725308436,0.0,1.310528168905541,0.0,-0.004559527924279905,0.0,0.0,10.0,0.0,-32.02846961346296,10.0,-1.310528168905541,33.55328397907603,0.9545554358683952,-0.2980334206999244,0.0,0.0,-1.0,0.0,72.66047596530541,72.66047596530541,-0.4050361952895383,1.216487573008894,689.5665052905686,-13259.52760707872,-249.0253860541063,0.0,1245.126930270532,-66297.63803539363,0.0,-13249.51702680906,-249.0253860541063,515.1416496263528,1244.186893532364,-66297.63803539363,-48.37402657628104,dt_005
3.779999999999942,1,T,0.0,0.0,-0.01244278953008007,0.0,0.03883763574001823,0.0,0.0,0.0,0.06521842059206591,0.0,-0.004569548399163196,0.0,32.05126247577277,0.0,1.310689140169242,0.0,-0.004569548399163196,0.0,0.0,10.0,0.0,-32.02841473377695,10.0,-1.310689140169242,33.55323159337741,0.9545552905878244,-0.2980338860109604,0.0,0.0,-1.0,0.0,72.66044803569594,72.66044803569594,-0.4050366759069224,1.216486740285046,689.5643520947773,-13259.47958490104,-249.0254573187202,0.0,1245.127286593601,-66297.39792450517,0.0,-13249.48079457157,-249.0254573187202,514.8373885864555,1244.188353312515,-66297.39792450517,-48.34564407924109,dt_005
3.784999999999942,1,T,0.0,0.0,-0.01211503041983074,0.0,0.03881481565920371,0.0,0.0,0.0,0.06588154683876722,0.0,-0.004558305046812615,0.0,32.05126664479896,0.0,1.310620354207882,0.0,-0.004558305046812615,0.0,0.0,10.0,0.0,-32.0284751195649,10.0,-1.310620354207882,33.5532892349556,0.9545554504444184,-0.2980333740151492,0.0,0.0,-1.0,0.0,72.66047876749005,72.66047876749005,-0.4050361470690771,1.216487656556284,689.5667213218098,-13259.53242516925,-249.0253789043827,0.0,1245.126894521913,-66297.66212584624,0.0,-13249.54534022141,-249.0253789043827,514.5370847002569,1244.189064463681,-66297.66212584624,-48.31723637351502,dt_005
3.789999999999941,1,T,0.0,0.0,-0.01178455997273231,0.0,0.03879210360824453,0.0,0.0,0.0,0.06630315673343957,0.0,-0.004526359136244689,0.0,32.05128005237553,0.0,1.310313696577979,0.0,-0.004526359136244689,0.0,0.0,10.0,0.0,-32.02864825669431,10.0,-1.310313696577979,33.55345450398584,0.9545559087780248,-0.29803190603853,0.0,0.0,-1.0,0.0,72.66056688059491,72.66056688059491,-0.4050346308040537,1.216490283656523,689.5735143550168,-13259.68392855127,-249.0251541109553,0.0,1245.125770554776,-66298.41964275636,0.0,-13249.7084123997,-249.0251541109553,514.242035879612,1244.189038404761,-66298.41964275636,-48.28893468550547,dt_005
3.794999999999941,1,T,0.0,0.0,-0.01145259764791538,0.0,0.03876960133226274,0.0,0.0,0.0,0.06647852766384223,0.0,-0.004474417708413312,0.0,32.0513027319434,0.0,1.309767708645459,0.0,-0.004474417708413312,0.0,0.0,10.0,0.0,-32.02893064340134,10.0,-1.309767708645459,33.55372405799114,0.9545566563057356,-0.2980295117977644,0.0,0.0,-1.0,0.0,72.66071059123148,72.66071059123148,-0.40503215780742,1.21649456840223,689.5845938728858,-13259.9310326515,-249.0247875837307,0.0,1245.123937918654,-66299.6551632575,0.0,-13249.96689907602,-249.0247875837307,513.9534648817502,1244.188293441703,-66299.6551632575,-48.26086655539245,dt_005
3.799999999999941,1,T,0.0,0.0,-0.01112037585986119,0.0,0.03874740664986938,0.0,0.0,0.0,0.06640717945445632,0.0,-0.004403344372293577,0.0,32.05133455779377,0.0,1.308985045182131,0.0,-0.004403344372293577,0.0,0.0,10.0,0.0,-32.0293178359323,10.0,-1.308985045182131,33.55409365539726,0.9545576812437698,-0.298026229011001,0.0,0.0,-1.0,0.0,72.66090763529834,72.66090763529834,-0.405028767040211,1.216500443289015,689.5997856340421,-13260.26985180052,-249.0242852460679,0.0,1245.121426230339,-66301.34925900261,0.0,-13250.31686768228,-249.0242852460679,513.6725110266638,1244.186854466788,-66301.34925900261,-48.23315488243962,dt_005
3.804999999999941,1,T,0.0,0.0,-0.01078912669620547,0.0,0.03872561233736533,0.0,0.0,0.0,0.06608972295374052,0.0,-0.004314291462613589,0.0,32.0513753692357,0.0,1.3079692895798,0.0,-0.004314291462613589,0.0,0.0,10.0,0.0,-32.02980391192263,10.0,-1.3079692895798,33.55455764328021,0.9545589678884372,-0.298022107944631,0.0,0.0,-1.0,0.0,72.66115499546903,72.66115499546903,-0.4050245104250846,1.216507818355014,689.6188574146814,-13260.69520727203,-249.0236549845277,0.0,1245.118274922638,-66303.47603636017,0.0,-13250.7530962389,-249.0236549845277,513.4001973923632,1244.184756434719,-66303.47603636017,-48.20591666804666,dt_005
3.809999999999941,1,T,0.0,0.0,-0.01046007197466338,0.0,0.03870430493588286,0.0,0.0,0.0,0.06552965355224664,0.0,-0.004208600888987746,0.0,32.0514249030719,0.0,1.306726707804506,0.0,-0.004208600888987746,0.0,0.0,10.0,0.0,-32.03038189862696,10.0,-1.306726707804506,33.55510936611427,0.9545604977515864,-0.2980172077787513,0.0,0.0,-1.0,0.0,72.6614491193611,72.6614491193611,-0.4050194490920314,1.216516587685621,689.6415358002826,-13261.20100174868,-249.0229060789513,0.0,1245.114530394756,-66306.00500874339,0.0,-13251.26944813308,-249.0229060789513,513.1374296960436,1244.182041571568,-66306.00500874339,-48.17926141981495,dt_005
3.814999999999941,1,T,0.0,0.0,-0.01013440998006599,0.0,0.03868356359185461,0.0,0.0,0.0,0.06473288360774218,0.0,-0.004087888718352969,0.0,32.0514828136601,0.0,1.305265744024603,0.0,-0.004087888718352969,0.0,0.0,10.0,0.0,-32.03104337006834,10.0,-1.305265744024603,33.55574078120164,0.9545622484964642,-0.2980116000181444,0.0,0.0,-1.0,0.0,72.66178571481146,72.66178571481146,-0.40501365690131,1.216526623309604,689.6674903673095,-13261.77986648551,-249.0220497079677,0.0,1245.110248539838,-66308.89933242754,0.0,-13251.85852012167,-249.0220497079677,512.8849674137582,1244.178761954984,-66308.89933242754,-48.15328980559574,dt_005
3.819999999999941,1,T,0.0,0.0,-0.009813302959025149,0.0,0.03866345879493419,0.0,0.0,0.0,0.06370792287129587,0.0,-0.003953999754201761,0.0,32.05154866793989,0.0,1.303597160463973,0.0,-0.003953999754201761,0.0,0.0,10.0,0.0,-32.03177866916888,10.0,-1.303597160463973,33.55644267067984,0.95456419452819,-0.2980053666039388,0.0,0.0,-1.0,0.0,72.66215986323651,72.66215986323651,-0.405007218492729,1.216537778578944,689.6963423852562,-13262.42335534174,-249.0210986419376,0.0,1245.105493209688,-66312.1167767087,0.0,-13252.51183684385,-249.0210986419376,512.643414692522,1244.174978039337,-66312.1167767087,-48.12809202281598,dt_005
3.824999999999941,1,T,0.0,0.0,-0.009497864957343557,0.0,0.03864405122576053,0.0,0.0,0.0,0.0624655344489265,0.0,-0.003809015343841162,0.0,32.0516219605289,0.0,1.301733656701066,0.0,-0.003809015343841162,0.0,0.0,10.0,0.0,-32.03257688380969,10.0,-1.301733656701066,33.55720461863859,0.9545663069330252,-0.2979986001112181,0.0,0.0,-1.0,0.0,72.66256600778733,72.66256600778733,-0.4050002294894722,1.216549887815686,689.7276638630221,-13263.12192346065,-249.0200672538713,0.0,1245.100336269356,-66315.60961730327,0.0,-13253.21983008662,-249.0200672538713,512.4132043394562,1244.170758764081,-66315.60961730327,-48.10374636633401,dt_005
3.829999999999941,1,T,0.0,0.0,-0.009189153845016064,0.0,0.03862539060446134,0.0,0.0,0.0,0.06101741688709979,0.0,-0.003655234084753532,0.0,32.0517021663065,0.0,1.29968851583726,0.0,-0.003655234084753532,0.0,0.0,10.0,0.0,-32.03342599588273,10.0,-1.29968851583726,33.55801515336829,0.9545685538754954,-0.2979914024800802,0.0,0.0,-1.0,0.0,72.66299802953202,72.66299802953202,-0.404992795187142,1.216562768583318,689.7609833831386,-13263.86505733909,-249.0189713064182,0.0,1245.094856532091,-66319.32528669546,0.0,-13253.97196932677,-249.0189713064182,512.1945876335607,1244.166180543146,-66319.32528669546,-48.08031775423226,dt_005
3.83499999999994,1,T,0.0,0.0,-0.008888155811915573,0.0,0.03860751507240536,0.0,0.0,0.0,0.05938055042773389,0.0,-0.003494991822248775,0.0,32.05178857345788,0.0,1.297479927696881,0.0,-0.003494991822248775,0.0,0.0,10.0,0.0,-32.03431361434664,10.0,-1.297479927696881,33.55886244708415,0.9545709025405308,-0.2979838787970859,0.0,0.0,-1.0,0.0,72.66344962072459,72.66344962072459,-0.4049850241304845,1.216576232815819,689.7958148546676,-13264.64191606559,-249.0178269881253,0.0,1245.089134940627,-66323.20958032797,0.0,-13254.75740278881,-249.0178269881253,511.9876508856233,1244.161322477767,-66323.20958032797,-48.05785677255156,dt_005
3.83999999999994,1,T,0.0,0.0,-0.008595766365883396,0.0,0.03859045075139016,0.0,0.0,0.0,0.05757422017961027,0.0,-0.003330759424644497,0.0,32.05188039920348,0.0,1.295128000097812,0.0,-0.003330759424644497,0.0,0.0,10.0,0.0,-32.03522660208026,10.0,-1.295128000097812,33.55973395971176,0.9545733181478238,-0.2979761404546572,0.0,0.0,-1.0,0.0,72.66391409518052,72.66391409518052,-0.4049770313764798,1.21659008116399,689.8316428610613,-13265.44100449496,-249.0166513813234,0.0,1245.083256906617,-66327.2050224748,0.0,-13255.56463107343,-249.0166513813234,511.7922969051342,1244.156268713617,-66327.2050224748,-48.03639921766953,dt_005
3.84499999999994,1,T,0.0,0.0,-0.008312778970067361,0.0,0.03857421129479285,0.0,0.0,0.0,0.05561995541293153,0.0,-0.003165053262909245,0.0,32.05197679268059,0.0,1.292654683802954,0.0,-0.003165053262909245,0.0,0.0,10.0,0.0,-32.03615152636605,10.0,-1.292654683802954,33.56061686888794,0.9545757651452724,-0.2979683013297174,0.0,0.0,-1.0,0.0,72.66438461765365,72.66438461765365,-0.4049689345471848,1.216604109834344,689.8679403299251,-13266.25056731481,-249.0154618703202,0.0,1245.077309351601,-66331.25283657406,0.0,-13256.38190114637,-249.0154618703202,511.6082541745573,1244.151105503909,-66331.25283657406,-48.01596542425774,dt_005
3.84999999999994,1,T,0.0,0.0,-0.008039873200452114,0.0,0.03855879781888887,0.0,0.0,0.0,0.05354177847304417,0.0,-0.003000371748280006,0.0,32.05207682532451,0.0,1.290084019043045,0.0,-0.003000371748280006,0.0,0.0,10.0,0.0,-32.03707496658311,10.0,-1.290084019043045,33.56149836366765,0.9545782080237866,-0.2979604751743028,0.0,0.0,-1.0,0.0,72.66485436046264,72.66485436046264,-0.4049608511344807,1.216618115258941,689.9041806038608,-13267.05885825337,-249.0142757397821,0.0,1245.07137869891,-66335.29429126684,0.0,-13257.19747537041,-249.0142757397821,511.4350861952223,1244.145919204599,-66335.29429126684,-47.99656010329284,dt_005
3.85499999999994,1,T,0.0,0.0,-0.007777605884351731,0.0,0.03854419898290835,0.0,0.0,0.0,0.05136476359405071,0.0,-0.002839199252303156,0.0,32.05217954615296,0.0,1.287440697960804,0.0,-0.002839199252303156,0.0,0.0,10.0,0.0,-32.03798354989144,10.0,-1.287440697960804,33.56236567858581,0.9545806114118176,-0.2979527753128683,0.0,0.0,-1.0,0.0,72.66531652166005,72.66531652166005,-0.4049528981874148,1.216631894637098,689.9398388401577,-13267.854171295,-249.0131101278845,0.0,1245.065550639423,-66339.270856475,0.0,-13257.99966264889,-249.0131101278845,511.272193603532,1244.140796035148,-66339.270856475,-47.97817243370224,dt_005
3.85999999999994,1,T,0.0,0.0,-0.007526405304291645,0.0,0.03853039110993357,0.0,0.0,0.0,0.04911525295730045,0.0,-0.002683985883288898,0.0,32.05228397299528,0.0,1.284750284372696,0.0,-0.002683985883288898,0.0,0.0,10.0,0.0,-32.03886404357883,10.0,-1.284750284372696,33.56320618181357,0.9545829403193098,-0.2979453138603475,0.0,0.0,-1.0,0.0,72.66576437196402,72.66576437196402,-0.4049451915045931,1.216645247334665,689.9743956367938,-13268.62492156013,-249.0119819102746,0.0,1245.059909551373,-66343.12460780065,0.0,-13258.77689917796,-249.0119819102746,511.1188187412064,1244.135821491842,-66343.12460780065,-47.96077619150199,dt_005
3.86499999999994,1,T,0.0,0.0,-0.007286566126387038,0.0,0.03851733836990493,0.0,0.0,0.0,0.04682034754647967,0.0,-0.002537142788863411,0.0,32.05238911156957,0.0,1.282038710855995,0.0,-0.002537142788863411,0.0,0.0,10.0,0.0,-32.03970339762525,10.0,-1.282038710855995,33.56400741579883,0.9545851602494856,-0.2979382013630745,0.0,0.0,-1.0,0.0,72.66619127630567,72.66619127630567,-0.4049378452633889,1.21665797552646,690.007338707277,-13269.35968267613,-249.0109076516582,0.0,1245.054538258291,-66346.79841338066,0.0,-13259.51778569252,-249.0109076516582,510.9740493749179,1244.131080096213,-66346.79841338066,-47.94432996921764,dt_005
3.86999999999994,1,T,0.0,0.0,-0.007058247684599578,0.0,0.03850499313132217,0.0,0.0,0.0,0.04450707937448167,0.0,-0.002400979443750636,0.0,32.05249398656727,0.0,1.279331462849312,0.0,-0.002400979443750636,0.0,0.0,10.0,0.0,-32.04048908934852,10.0,-1.279331462849312,33.56475742627468,0.9545872381090722,-0.297931543880962,0.0,0.0,-1.0,0.0,72.66659086895383,72.66659086895383,-0.4049309690063673,1.216669889417628,690.0381764143551,-13270.0474886581,-249.0099031745317,0.0,1245.049515872659,-66350.23744329048,0.0,-13260.21138894118,-249.0099031745317,510.8368348461841,1244.126653222688,-66350.23744329048,-47.92877753141173,dt_005
3.87499999999994,1,T,0.0,0.0,-0.006841473357034967,0.0,0.03849329667507984,0.0,0.0,0.0,0.04220279731575796,0.0,-0.002277621519616606,0.0,32.05259762552895,0.0,1.276653987065335,0.0,-0.002277621519616606,0.0,0.0,10.0,0.0,-32.04120951793087,10.0,-1.276653987065335,33.56544513889163,0.9545891432497448,-0.2979254396484435,0.0,0.0,-1.0,0.0,72.66695725391845,72.66695725391845,-0.4049246641927098,1.216680813218689,690.0664532653154,-13270.67817955461,-249.008983069568,0.0,1245.04491534784,-66353.39089777305,0.0,-13260.84758671099,-249.008983069568,510.7060087057696,1244.122616617571,-66353.39089777305,-47.9140486095375,dt_005
3.879999999999939,1,T,0.0,0.0,-0.00663613025185018,0.0,0.03848218027465768,0.0,0.0,0.0,0.03993465949446396,0.0,-0.002168946495959489,0.0,32.052699076693,0.0,1.274031218866077,0.0,-0.002168946495959489,0.0,0.0,10.0,0.0,-32.0418543442132,10.0,-1.274031218866077,33.56606068360978,0.9545908483642572,-0.2979199762003342,0.0,0.0,-1.0,0.0,72.66728517744545,72.66728517744545,-0.404919021229894,1.216690590288487,690.0917632621616,-13271.24269925976,-249.0081602802724,0.0,1245.040801401362,-66356.21349629878,0.0,-13261.41736486839,-249.0081602802724,510.5803143702119,1244.119038271724,-66356.21349629878,-47.9000601668377,dt_005
3.884999999999939,1,T,0.0,0.0,-0.006441969208388125,0.0,0.03847156625549753,0.0,0.0,0.0,0.03773000963282475,0.0,-0.002076656054380694,0.0,32.05279739289182,0.0,1.271487992277919,0.0,-0.002076656054380694,0.0,0.0,10.0,0.0,-32.04241411261992,10.0,-1.271487992277919,33.5665950338223,0.9545923284841196,-0.297915233580404,0.0,0.0,-1.0,0.0,72.66756983541764,72.66756983541764,-0.4049141227879708,1.216699077391832,690.1137350758322,-13271.73276488606,-249.007446605131,0.0,1245.037233025655,-66358.66382443032,0.0,-13261.91248643806,-249.007446605131,510.4584063452633,1244.115980878476,-66358.66382443032,-47.88671781368919,dt_005
3.889999999999939,1,T,0.0,0.0,-0.00625859761376319,0.0,0.03846136823885205,0.0,0.0,0.0,0.03561888669772426,0.0,-0.00200252958022738,0.0,32.05289153454014,0.0,1.269051555590522,0.0,-0.00200252958022738,0.0,0.0,10.0,0.0,-32.04287888663901,10.0,-1.269051555590522,33.56703870382098,0.9545935573694656,-0.2979112959065313,0.0,0.0,-1.0,0.0,72.66780617918664,72.66780617918664,-0.4049100557449243,1.216706124002812,690.1319784980874,-13272.13967245354,-249.0068544534634,0.0,1245.034272267317,-66360.6983622677,0.0,-13262.32429805187,-249.0068544534634,510.3388074780096,1244.11351059461,-66360.6983622677,-47.87391644897401,dt_005
3.894999999999939,1,T,0.0,0.0,-0.00608547864421003,0.0,0.03845149028618292,0.0,0.0,0.0,0.03362893387717716,0.0,-0.001948611832316607,0.0,32.05298056640533,0.0,1.266746456670978,0.0,-0.001948611832316607,0.0,0.0,10.0,0.0,-32.04323750724375,10.0,-1.266746456670978,33.56738104090982,0.9545945055466633,-0.2979082576568194,0.0,0.0,-1.0,0.0,72.66798853826272,72.66798853826272,-0.4049069176794892,1.21671156105526,690.1460553416998,-13272.45364786923,-249.0063978026435,0.0,1245.031989013218,-66362.26823934613,0.0,-13262.6430818427,-249.0063978026435,510.2198726893021,1244.111701863802,-66362.26823934613,-47.86153937937577,dt_005
3.899999999999939,1,T,0.0,0.0,-0.005921942274824672,0.0,0.0384418269757935,0.0,0.0,0.0,0.03178579257343872,0.0,-0.001916651701977296,0.0,32.05306364214239,0.0,1.264594939113482,0.0,-0.001916651701977296,0.0,0.0,10.0,0.0,-32.04348038363251,10.0,-1.264594939113482,33.56761288945404,0.9545951476847384,-0.2979062000307358,0.0,0.0,-1.0,0.0,72.66811203913149,72.66811203913149,-0.4049047924559148,1.216715243244901,690.1555889964477,-13272.66629054931,-249.0060886611186,0.0,1245.030443305593,-66363.33145274654,0.0,-13262.86049721698,-249.0060886611186,510.0998839887496,1244.110619740964,-66363.33145274654,-47.84945773441581,dt_005
3.904999999999939,1,T,0.0,0.0,-0.005767204903569089,0.0,0.0384322650469586,0.0,0.0,0.0,0.03010932179131836,0.0,-0.00190803328254154,0.0,32.05314014735343,0.0,1.262613217114043,0.0,-0.00190803328254154,0.0,0.0,10.0,0.0,-32.04359998094073,10.0,-1.262613217114043,33.56772705648305,0.9545954638817892,-0.2979051868234452,0.0,0.0,-1.0,0.0,72.66817285286184,72.66817285286184,-0.404903745963087,1.216717056411805,690.1602835898584,-13272.7710008481,-249.0059364708858,0.0,1245.029682354429,-66363.85500424048,0.0,-13262.97000712716,-249.0059364708858,509.9770887005766,1244.110316827943,-66363.85500424048,-47.83753239714183,dt_005
3.909999999999939,1,T,0.0,0.0,-0.005620397430873646,0.0,0.03842268677927368,0.0,0.0,0.0,0.02861367798069455,0.0,-0.001923166735736171,0.0,32.05320969204549,0.0,1.260811663564835,0.0,-0.001923166735736171,0.0,0.0,10.0,0.0,-32.04359385836681,10.0,-1.260811663564835,33.56772121190182,0.9545954476947154,-0.2979052386926517,0.0,0.0,-1.0,0.0,72.66816973961988,72.66816973961988,-0.4049037995362745,1.216716963590213,690.1600432579776,-13272.76564037743,-249.0059442613979,0.0,1245.029721306989,-66363.82820188717,0.0,-13262.96953470153,-249.0059442613979,509.8498464871481,1244.110813895375,-66363.82820188717,-47.82561746959727,dt_005
3.914999999999939,1,T,0.0,0.0,-0.005480591482236265,0.0,0.03841297420664243,0.0,0.0,0.0,0.02730860519092534,0.0,-0.001961731179895346,0.0,32.05327205565811,0.0,1.259196234324389,0.0,-0.001961731179895346,0.0,0.0,10.0,0.0,-32.04346339975864,10.0,-1.259196234324389,33.56759667673084,0.9545951027817032,-0.2979063439156498,0.0,0.0,-1.0,0.0,72.66810340301122,72.66810340301122,-0.4049049410677147,1.216714985758189,690.1549223241486,-13272.65142079905,-249.0061102754772,0.0,1245.030551377386,-66363.25710399525,0.0,-13262.86035070959,-249.0061102754772,509.7166424733964,1244.112107804541,-66363.25710399525,-47.81356582833224,dt_005
3.919999999999939,1,T,0.0,0.0,-0.00534682158007068,0.0,0.03840301249432332,0.0,0.0,0.0,0.02619914095165943,0.0,-0.002022798580151928,0.0,32.05332719411548,0.0,1.257768282561146,0.0,-0.002022798580151928,0.0,0.0,10.0,0.0,-32.04321320121471,10.0,-1.257768282561146,33.56735783850884,0.9545944412835016,-0.2979084635767159,0.0,0.0,-1.0,0.0,72.66797617873067,72.66797617873067,-0.4049071303643808,1.216711192554687,690.1451012583318,-13272.43236760336,-249.0064287458045,0.0,1245.032143729023,-66362.16183801681,0.0,-13262.64653601542,-249.0064287458045,509.5761114137337,1244.114175225386,-66362.16183801681,-47.80123347511941,dt_005
3.924999999999939,1,T,0.0,0.0,-0.005218104737796689,0.0,0.03839269230474317,0.0,0.0,0.0,0.02528725313959261,0.0,-0.002105098316228168,0.0,32.05337517404374,0.0,1.256526270247021,0.0,-0.002105098316228168,0.0,0.0,10.0,0.0,-32.0428496824626,10.0,-1.256526270247021,33.56701082570346,0.9545934801536228,-0.2979115433282085,0.0,0.0,-1.0,0.0,72.66779132865857,72.66779132865857,-0.4049103112952915,1.216705681232966,690.1308321608973,-13272.11410412632,-249.0068916504682,0.0,1245.034458252341,-66360.5705206316,0.0,-13262.33376528536,-249.0068916504682,509.4270223698429,1244.11698129465,-66360.5705206316,-47.78848281737948,dt_005
3.929999999999938,1,T,0.0,0.0,-0.005093454231867632,0.0,0.0383819116133701,0.0,0.0,0.0,0.02457247474472192,0.0,-0.002206976603289552,0.0,32.05341614622868,0.0,1.255466460664741,0.0,-0.002206976603289552,0.0,0.0,10.0,0.0,-32.04238126321223,10.0,-1.255466460664741,33.56656367603116,0.9545922416268278,-0.297915511891993,0.0,0.0,-1.0,0.0,72.66755313082062,72.66755313082062,-0.4049144102434659,1.216698579342752,690.1124456729459,-13271.7040056365,-249.0074884714627,0.0,1245.037442357313,-66358.5200281825,0.0,-13261.9294600359,-249.0074884714627,509.2683087134663,1244.12047832243,-66358.5200281825,-47.77518488092893,dt_005
3.934999999999938,1,T,0.0,0.0,-0.004971891041688846,0.0,0.03837057729476689,0.0,0.0,0.0,0.02405218353315885,0.0,-0.002326526910873203,0.0,32.05345033300235,0.0,1.254583248707318,0.0,-0.002326526910873203,0.0,0.0,10.0,0.0,-32.04181769844798,10.0,-1.254583248707318,33.56602570189944,0.9545907514643532,-0.2979202866854183,0.0,0.0,-1.0,0.0,72.66726654172749,72.66726654172749,-0.404919341916441,1.21669003466286,690.0903248701015,-13271.21061699945,-249.008207020536,0.0,1245.04103510268,-66356.05308499727,0.0,-13261.44220592004,-249.008207020536,509.0990667852928,1244.124609842573,-66356.05308499727,-47.76122144186717,dt_005
3.939999999999938,1,T,0.0,0.0,-0.004852449246433419,0.0,0.0383586058453025,0.0,0.0,0.0,0.02372376731312191,0.0,-0.002461807723925321,0.0,32.05347794438468,0.0,1.253871347719907,0.0,-0.002461807723925321,0.0,0.0,10.0,0.0,-32.04116890576505,10.0,-1.253871347719907,33.56540637096124,0.9545890358558308,-0.2979257837513147,0.0,0.0,-1.0,0.0,72.66693660038024,72.66693660038024,-0.4049250196022446,1.216680197431568,690.0648592192565,-13270.64262566415,-249.0090349141277,0.0,1245.045174570639,-66353.21312832073,0.0,-13260.88072610326,-249.0090349141277,508.9185260503977,1244.129317947432,-66353.21312832073,-47.74648620883489,dt_005
3.944999999999938,1,T,0.0,0.0,-0.004734180692823961,0.0,0.03834592393895983,0.0,0.0,0.0,0.02358273368961133,0.0,-0.002610689832236998,0.0,32.05349925002544,0.0,1.253323918466242,0.0,-0.002610689832236998,0.0,0.0,10.0,0.0,-32.04044580086425,10.0,-1.253323918466242,33.56471610364252,0.9545871236309116,-0.2979319106743398,0.0,0.0,-1.0,0.0,72.66656885345547,72.66656885345547,-0.4049313478527397,1.216669233023541,690.0364773598484,-13270.00959277826,-249.0099584895085,0.0,1245.049792447542,-66350.04796389131,0.0,-13260.25461155996,-249.0099584895085,508.7260844796022,1244.134537846085,-66350.04796389131,-47.73088530687118,dt_005
3.949999999999938,1,T,0.0,0.0,-0.004616161590711461,0.0,0.03833246864613821,0.0,0.0,0.0,0.02362383019291272,0.0,-0.002771143935341344,0.0,32.05351453601954,0.0,1.25293369544828,0.0,-0.002771143935341344,0.0,0.0,10.0,0.0,-32.03965881634284,10.0,-1.25293369544828,33.56396485917085,0.9545850423445572,-0.2979385791267045,0.0,0.0,-1.0,0.0,72.66616860230666,72.66616860230666,-0.4049382354413505,1.216657299499116,690.005588953939,-13269.32065615936,-249.010964679058,0.0,1245.05482339529,-66346.6032807968,0.0,-13259.57302489137,-249.010964679058,508.5212616504302,1244.140207218519,-66346.6032807968,-47.71433790945709,dt_005
3.954999999999938,1,T,0.0,0.0,-0.004497491020300073,0.0,0.03831818616240053,0.0,0.0,0.0,0.02384315141711502,0.0,-0.002941547250651781,0.0,32.0535240258203,0.0,1.252695051751454,0.0,-0.002941547250651781,0.0,0.0,10.0,0.0,-32.03881628956704,10.0,-1.252695051751454,33.5631605966516,0.9545828140143444,-0.2979457185268077,0.0,0.0,-1.0,0.0,72.66574008315595,72.66574008315595,-0.4049456094704584,1.216644523161642,689.9725214074338,-13268.5831189062,-249.0120430654254,0.0,1245.060215327127,-66342.915594531,0.0,-13258.84329062306,-249.0120430654254,508.3036277880792,1244.146276544758,-66342.915594531,-47.69677505080561,dt_005
3.959999999999938,1,T,0.0,0.0,-0.004373812763803678,0.0,0.03830391727825308,0.0,0.0,0.0,0.02562466046916939,0.0,-0.0027662191545712,0.0,32.05347367502776,0.0,1.254017885908736,0.0,-0.0027662191545712,0.0,0.0,10.0,0.0,-32.0396425792549,10.0,-1.254017885908736,33.56394935948992,0.9545849994019244,-0.2979387167134009,0.0,0.0,-1.0,0.0,72.66616034412445,72.66616034412445,-0.404938377549529,1.216657053280662,690.0049516714223,-13269.30644220561,-249.010985450041,0.0,1245.054927250205,-66346.53221102807,0.0,-13259.57333493678,-249.010985450041,508.142138178797,1244.141672799771,-66346.53221102807,-47.67881996233443,dt_005
3.964999999999938,1,T,0.0,0.0,-0.00424287066353049,0.0,0.03828997913542351,0.0,0.0,0.0,0.02682662768928159,0.0,-0.002788125337954046,0.0,32.05344513853998,0.0,1.254772206104839,0.0,-0.002788125337954046,0.0,0.0,10.0,0.0,-32.03950451185021,10.0,-1.254772206104839,33.5638175624417,0.9545846342491978,-0.2979398866471648,0.0,0.0,-1.0,0.0,72.66609012274046,72.66609012274046,-0.4049395859308317,1.216654959623708,689.9995327359828,-13269.18557827842,-249.0111620884584,0.0,1245.055810442292,-66345.92789139209,0.0,-13259.45964086914,-249.0111620884584,507.9526975559483,1244.143219777855,-66345.92789139209,-47.66151274251174,dt_005
3.969999999999938,1,T,0.0,0.0,-0.00410190918570383,0.0,0.03827685953472847,0.0,0.0,0.0,0.02950523269774109,0.0,-0.002472734701048673,0.0,32.0533590943383,0.0,1.257028320607594,0.0,-0.002472734701048673,0.0,0.0,10.0,0.0,-32.04099542083306,10.0,-1.257028320607594,33.56524076418706,0.9545885770919208,-0.2979272536805292,0.0,0.0,-1.0,0.0,72.6668483731356,72.6668483731356,-0.4049265378314044,1.21667756692824,690.05804987918,-13270.49074899839,-249.0092564130436,0.0,1245.046282065218,-66352.45374499194,0.0,-13260.77051858673,-249.0092564130436,507.8286843345078,1244.134323572969,-66352.45374499194,-47.64482544886079,dt_005
3.974999999999937,1,T,0.0,0.0,-0.003952007498425952,0.0,0.03826402964417767,0.0,0.0,0.0,0.0304190711495679,0.0,-0.002667863259125257,0.0,32.05334026062652,0.0,1.257530248956758,0.0,-0.002667863259125257,0.0,0.0,10.0,0.0,-32.04000094433089,10.0,-1.257530248956758,33.5642914495856,0.9545859471651822,-0.2979356800968151,0.0,0.0,-1.0,0.0,72.66634260681253,72.66634260681253,-0.4049352411427546,1.216662487459293,690.019017064044,-13269.62015709252,-249.0105271242044,0.0,1245.052635621022,-66348.10078546258,0.0,-13259.9070782306,-249.0105271242044,507.6252458322239,1244.141283653606,-66348.10078546258,-47.62910639106497,dt_005
3.979999999999937,1,T,0.0,0.0,-0.0037973292959222,0.0,0.03825017179908046,0.0,0.0,0.0,0.03144979514698729,0.0,-0.002874938290727562,0.0,32.05331826845119,0.0,1.258116028687603,0.0,-0.002874938290727562,0.0,0.0,10.0,0.0,-32.03894357699755,10.0,-1.258116028687603,33.56328210306663,0.9545831506767388,-0.2979446398982034,0.0,0.0,-1.0,0.0,72.66580482437575,72.66580482437575,-0.4049444953927364,1.216646453427002,689.9775171371449,-13268.69454326363,-249.0118800662451,0.0,1245.059400331226,-66343.47271631814,0.0,-13258.98917475948,-249.0118800662451,507.4060957899263,1244.148703333087,-66343.47271631814,-47.61212395754087,dt_005
3.984999999999937,1,T,0.0,0.0,-0.003637149571874122,0.0,0.03823527555639136,0.0,0.0,0.0,0.0326195024293586,0.0,-0.003083210663848689,0.0,32.05329229291284,0.0,1.258807406907881,0.0,-0.003083210663848689,0.0,0.0,10.0,0.0,-32.03787623959359,10.0,-1.258807406907881,33.56226324227131,0.9545803275639122,-0.2979536847027976,0.0,0.0,-1.0,0.0,72.6652619383048,72.6652619383048,-0.4049538374669074,1.216630267229394,689.9356272904034,-13267.76023767507,-249.013247720981,0.0,1245.066238604905,-66338.80118837538,0.0,-13258.06310900863,-249.013247720981,507.1728718850397,1244.156245712532,-66338.80118837538,-47.59385221080887,dt_005
3.989999999999937,1,T,0.0,0.0,-0.003468878033706325,0.0,0.03821985962206324,0.0,0.0,0.0,0.03520512096788053,0.0,-0.002943004941813775,0.0,32.05321289687623,0.0,1.260897005596675,0.0,-0.002943004941813775,0.0,0.0,10.0,0.0,-32.03849787216716,10.0,-1.260897005596675,33.56285664100807,0.9545819718164752,-0.2979484168156805,0.0,0.0,-1.0,0.0,72.66557812692727,72.66557812692727,-0.4049483964402883,1.216639694421946,689.9600243667264,-13268.30438621936,-249.0124509403723,0.0,1245.062254701862,-66341.52193109682,0.0,-13258.61467713501,-249.0124509403723,506.9892786126244,1244.152998274755,-66341.52193109682,-47.57452014702886,dt_005
3.994999999999937,1,T,0.0,0.0,-0.003287971818754357,0.0,0.03820500672116581,0.0,0.0,0.0,0.03738540741941886,0.0,-0.002933944326828409,0.0,32.05314834372277,0.0,1.262599617710461,0.0,-0.002933944326828409,0.0,0.0,10.0,0.0,-32.03847862208863,10.0,-1.262599617710461,33.56283826523064,0.9545819209002604,-0.2979485799435348,0.0,0.0,-1.0,0.0,72.66556833569079,72.66556833569079,-0.4049485649295207,1.21663940249534,689.9592688560434,-13268.28753540259,-249.0124756042548,0.0,1245.062378021274,-66341.43767701293,0.0,-13258.60536741368,-249.0124756042548,506.7917060379062,1244.153827986576,-66341.43767701293,-47.55604557087017,dt_005
3.999999999999937,1,T,0.0,0.0,-0.003091980529776149,0.0,0.03819130108843374,0.0,0.0,0.0,0.04081457693012239,0.0,-0.002601412477500197,0.0,32.05303471282825,0.0,1.265586977876164,0.0,-0.002601412477500197,0.0,0.0,10.0,0.0,-32.04002765044075,10.0,-1.265586977876164,33.56431694286371,0.9545860177933088,-0.2979354538041971,0.0,0.0,-1.0,0.0,72.6663561892579,72.6663561892579,-0.4049350074137665,1.216662892421138,690.0200652526172,-13269.64353594073,-249.0104929776782,0.0,1245.052464888391,-66348.21767970367,0.0,-13259.96732381317,-249.0104929776782,506.6617632510428,1244.144573751182,-66348.21767970367,-47.53861514756116,dt_005
4.004999999999937,1,T,0.0,0.0,-0.002883827620069259,0.0,0.03817784222405101,0.0,0.0,0.0,0.04240216206668235,0.0,-0.002793132595096373,0.0,32.05299114743656,0.0,1.266742008600899,0.0,-0.002793132595096373,0.0,0.0,10.0,0.0,-32.03902548446108,10.0,-1.266742008600899,33.5633602905601,0.9545833673117722,-0.2979439458215559,0.0,0.0,-1.0,0.0,72.66584648408663,72.66584648408663,-0.4049437785054745,1.216647695515073,689.9807318212922,-13268.76624336056,-249.0117751936022,0.0,1245.058875968011,-66343.83121680279,0.0,-13259.0974883942,-249.0117751936022,506.449814101233,1244.151619862234,-66343.83121680279,-47.52211507189749,dt_005
4.009999999999937,1,T,0.0,0.0,-0.002667803755341086,0.0,0.03816338496417809,0.0,0.0,0.0,0.04400380416521686,0.0,-0.002989445427479267,0.0,32.05294834845747,0.0,1.267879085934924,0.0,-0.002989445427479267,0.0,0.0,10.0,0.0,-32.03800112132007,10.0,-1.267879085934924,33.56238245193131,0.9545806578899908,-0.2979526264061317,0.0,0.0,-1.0,0.0,72.66532545933093,72.66532545933093,-0.4049527443864817,1.216632161114569,689.9405284579452,-13267.86955240631,-249.0130875997184,0.0,1245.065437998592,-66339.34776203155,0.0,-13258.20877084168,-249.0130875997184,506.2239113743271,1244.158864024326,-66339.34776203155,-47.50437841215636,dt_005
4.014999999999937,1,T,0.0,0.0,-0.002443682204952679,0.0,0.03814796651322942,0.0,0.0,0.0,0.04564113282981832,0.0,-0.003177608407642593,0.0,32.05290544776836,0.0,1.26902101640597,0.0,-0.003177608407642593,0.0,0.0,10.0,0.0,-32.03701740573015,10.0,-1.26902101640597,33.56144341733616,0.9545780557573228,-0.2979609629910763,0.0,0.0,-1.0,0.0,72.66482508067782,72.66482508067782,-0.4049613549859077,1.216617242279491,689.9019216062221,-13267.00847421616,-249.0143496319494,0.0,1245.071748159747,-66335.04237108081,0.0,-13257.35612273766,-249.0143496319494,505.9866498572164,1244.165901890594,-66335.04237108081,-47.48543606552864,dt_005
4.019999999999937,1,T,0.0,0.0,-0.002211334204906111,0.0,0.03813163096830516,0.0,0.0,0.0,0.04729429793594794,0.0,-0.003356284269184662,0.0,32.05286315103506,0.0,1.270149377942908,0.0,-0.003356284269184662,0.0,0.0,10.0,0.0,-32.03608172968913,10.0,-1.270149377942908,33.5605502426781,0.9545755804965812,-0.2979688928724193,0.0,0.0,-1.0,0.0,72.66434911192981,72.66434911192981,-0.4049695455356102,1.216603051227956,689.8652012121844,-13266.18947510272,-249.0155515817855,0.0,1245.077757908928,-66330.94737551363,0.0,-13256.54598277194,-249.0155515817855,505.7388614488132,1244.172682805623,-66330.94737551363,-47.46534103721795,dt_005
4.024999999999936,1,T,0.0,0.0,-0.00196900432747183,0.0,0.03811493013172038,0.0,0.0,0.0,0.04986629042994665,0.0,-0.003256259126533808,0.0,32.05278635154206,0.0,1.272184192628053,0.0,-0.003256259126533808,0.0,0.0,10.0,0.0,-32.03650505590939,10.0,-1.272184192628053,33.5609543397876,0.9545767003988048,-0.2979653051207986,0.0,0.0,-1.0,0.0,72.66456445674842,72.66456445674842,-0.4049658398460089,1.21660947175332,689.8818144208514,-13266.56000994961,-249.0150075987611,0.0,1245.075037993806,-66332.80004974805,0.0,-13256.92469291788,-249.0150075987611,505.5315854607008,1244.170757403331,-66332.80004974805,-47.4444586616649,dt_005
4.029999999999936,1,T,0.0,0.0,-0.001714850487768192,0.0,0.03809847639136994,0.0,0.0,0.0,0.05163759167061275,0.0,-0.003369544927613975,0.0,32.05273981183741,0.0,1.27342682011141,0.0,-0.003369544927613975,0.0,0.0,10.0,0.0,-32.03589208719934,10.0,-1.27342682011141,33.56036921463591,0.9545750787875203,-0.2979705001469093,0.0,0.0,-1.0,0.0,72.66425263966414,72.66425263966414,-0.4049712056464686,1.216600174898577,689.8577588663924,-13266.02348403807,-249.0157953765818,0.0,1245.078976882909,-66330.11742019035,0.0,-13256.39687243224,-249.0157953765818,505.2930235203592,1244.175473904533,-66330.11742019035,-47.42413742202259,dt_005
4.034999999999936,1,T,0.0,0.0,-0.001452721018761447,0.0,0.03808126555563815,0.0,0.0,0.0,0.05321021281030856,0.0,-0.003514493687818537,0.0,32.05270185090033,0.0,1.274446646466618,0.0,-0.003514493687818537,0.0,0.0,10.0,0.0,-32.03512938246124,10.0,-1.274446646466618,33.55964115646995,0.954573060930516,-0.2979769644548808,0.0,0.0,-1.0,0.0,72.66386463670457,72.66386463670457,-0.4049778824661934,1.216588606555029,689.827827662507,-13265.35591219978,-249.0167764975805,0.0,1245.083882487902,-66326.77956099893,0.0,-13255.73847913792,-249.0167764975805,505.0394539400894,1244.181191977712,-66326.77956099893,-47.40291088179484,dt_005
4.039999999999936,1,T,0.0,0.0,-0.001180892754700913,0.0,0.03806395828727444,0.0,0.0,0.0,0.05582435411119965,0.0,-0.00331683176895231,0.0,32.05262442275084,0.0,1.276504149323773,0.0,-0.00331683176895231,0.0,0.0,10.0,0.0,-32.03604026390607,10.0,-1.276504149323773,33.56051066045645,0.9545754707973908,-0.297969244305414,0.0,0.0,-1.0,0.0,72.66432801812756,72.66432801812756,-0.4049699085212818,1.216602422314323,689.8635739217493,-13266.15318066273,-249.015604882797,0.0,1245.078024413985,-66330.76590331363,0.0,-13256.54390897148,-249.015604882797,504.8403731071271,1244.17615837562,-66330.76590331363,-47.38115456927359,dt_005
4.044999999999936,1,T,0.0,0.0,-0.0008954199506422892,0.0,0.03804790897370444,0.0,0.0,0.0,0.05809998322115191,0.0,-0.003180111910347779,0.0,32.0525583435976,0.0,1.278263708698236,0.0,-0.003180111910347779,0.0,0.0,10.0,0.0,-32.03665778404586,10.0,-1.278263708698236,33.56110013053902,0.9545771044285288,-0.2979640107476832,0.0,0.0,-1.0,0.0,72.66464214783484,72.66464214783484,-0.4049645029248194,1.216611788120131,689.8878082078905,-13266.69369334786,-249.014811415789,0.0,1245.074057078945,-66333.4684667393,0.0,-13257.09213110314,-249.014811415789,504.6481750279817,1244.172954186645,-66333.4684667393,-47.36103547748501,dt_005
4.049999999999936,1,T,0.0,0.0,-0.000601384719859741,0.0,0.03803182219498695,0.0,0.0,0.0,0.05945997165182799,0.0,-0.003269238538276838,0.0,32.0525271922254,0.0,1.279107091111789,0.0,-0.003269238538276838,0.0,0.0,10.0,0.0,-32.03618099953402,10.0,-1.279107091111789,33.56064500326096,0.9545758431168764,-0.2979680515385905,0.0,0.0,-1.0,0.0,72.66439961067701,72.66439961067701,-0.404968676544735,1.2166045568527,689.8690969838792,-13266.27636487924,-249.0154239902229,0.0,1245.077119951115,-66331.38182439617,0.0,-13256.68322086231,-249.0154239902229,504.419043118955,1244.176776569494,-66331.38182439617,-47.34113719488781,dt_005
4.054999999999936,1,T,0.0,0.0,-0.0003011034610063026,0.0,0.03801525667778883,0.0,0.0,0.0,0.06064851540402069,0.0,-0.003356744718398247,0.0,32.05250320498418,0.0,1.279763809283688,0.0,-0.003356744718398247,0.0,0.0,10.0,0.0,-32.03571948139219,10.0,-1.279763809283688,33.56020444947335,0.9545746221428312,-0.2979719630449668,0.0,0.0,-1.0,0.0,72.66416483315582,72.66416483315582,-0.4049727166355275,1.216597556939541,689.850985147901,-13265.87240590386,-249.0160173237973,0.0,1245.080086618987,-66329.36202951931,0.0,-13256.28790788782,-249.0160173237973,504.1840863302569,1244.180525153681,-66329.36202951931,-47.32063950808215,dt_005
4.059999999999936,1,T,0.0,0.0,4.772285783431866e-06,0.0,0.03799829686675657,0.0,0.0,0.0,0.06169785100295304,0.0,-0.003426970723729528,0.0,32.05248504155578,0.0,1.280268782839881,0.0,-0.003426970723729528,0.0,0.0,10.0,0.0,-32.03535018793713,10.0,-1.280268782839881,33.55985193149343,0.9545736451201184,-0.297975092989482,0.0,0.0,-1.0,0.0,72.66397696654127,72.66397696654127,-0.4049759494756044,1.216591955679332,689.8364927690549,-13265.54917449623,-249.0164923567132,0.0,1245.082461783566,-66327.74587248116,0.0,-13255.97345876461,-249.0164923567132,503.9469828323146,1244.18370097392,-66327.74587248116,-47.29962866517261,dt_005
4.064999999999936,1,T,0.0,0.0,0.0003155048508189028,0.0,0.0379810311242853,0.0,0.0,0.0,0.06260579280666981,0.0,-0.003474642619191688,0.0,32.05247266529386,0.0,1.280622659699542,0.0,-0.003474642619191688,0.0,0.0,10.0,0.0,-32.0350994521979,10.0,-1.280622659699542,33.55961258584804,0.9545729817425538,-0.297977218134424,0.0,0.0,-1.0,0.0,72.66384941024536,72.66384941024536,-0.4049781444856463,1.216588152576762,689.8266531087286,-13265.32971554362,-249.0168150194503,0.0,1245.084075097252,-66326.6485777181,0.0,-13255.76285712717,-249.0168150194503,503.7097752598331,1244.186129601854,-66326.6485777181,-47.27820816334172,dt_005
4.069999999999935,1,T,0.0,0.0,0.0006321266989160392,0.0,0.03796412676111271,0.0,0.0,0.0,0.06403824107237159,0.0,-0.003287247241366774,0.0,32.05243994023943,0.0,1.281512248991879,0.0,-0.003287247241366774,0.0,0.0,10.0,0.0,-32.03600370403259,10.0,-1.281512248991879,33.56047576129978,0.9545753740766356,-0.297969554160239,0.0,0.0,-1.0,0.0,72.66430941993896,72.66430941993896,-0.4049702285620173,1.216601867807637,689.8621391614338,-13266.1211803444,-249.0156518801142,0.0,1245.078259400571,-66330.60590172198,0.0,-13256.56226463627,-249.0156518801142,503.5157350112221,1244.181117125912,-66330.60590172198,-47.25695524758476,dt_005
4.074999999999935,1,T,0.0,0.0,0.000953735338809043,0.0,0.03794767685832966,0.0,0.0,0.0,0.06458716573187209,0.0,-0.003297066823830999,0.0,32.05244019123809,0.0,1.281533518771525,0.0,-0.003297066823830999,0.0,0.0,10.0,0.0,-32.03595485711894,10.0,-1.281533518771525,33.56042913324206,0.9545752448495032,-0.2979699681520122,0.0,0.0,-1.0,0.0,72.66428457121187,72.66428457121187,-0.4049706561630628,1.216601126940578,689.8602222095095,-13266.07842542714,-249.0157146758775,0.0,1245.078573379388,-66330.39212713571,0.0,-13256.5278214907,-249.0157146758775,503.2960437221986,1244.18220808267,-66330.39212713571,-47.23650049467789,dt_005
4.079999999999935,1,T,0.0,0.0,0.001277516980459668,0.0,0.03793120633375924,0.0,0.0,0.0,0.06492207656926964,0.0,-0.003291021077239664,0.0,32.0524485938938,0.0,1.281340268029387,0.0,-0.003291021077239664,0.0,0.0,10.0,0.0,-32.0359934885076,10.0,-1.281340268029387,33.56046600981133,0.95457534705096,-0.2979696407396882,0.0,0.0,-1.0,0.0,72.66430422324393,72.66430422324393,-0.4049703179876131,1.216601712867702,689.8617382623672,-13266.11223885355,-249.0156650124684,0.0,1245.078325062342,-66330.56119426774,0.0,-13256.5698983468,-249.0156650124684,503.0789839632569,1244.182737785421,-66330.56119426774,-47.21599873793677,dt_005
4.084999999999935,1,T,0.0,0.0,0.00160244164008716,0.0,0.03791481733479422,0.0,0.0,0.0,0.06504456792514618,0.0,-0.003264479013164291,0.0,32.05246494634874,0.0,1.280937363634213,0.0,-0.003264479013164291,0.0,0.0,10.0,0.0,-32.03614255128292,10.0,-1.280937363634213,33.5606083014912,0.9545757414015484,-0.2979683773954618,0.0,0.0,-1.0,0.0,72.66438005201691,72.66438005201691,-0.4049690131134243,1.216603973709469,689.8675881092486,-13266.24271152123,-249.015473405758,0.0,1245.07736702879,-66331.21355760613,0.0,-13256.7085204269,-249.015473405758,502.8666676475972,1244.18255409625,-66331.21355760613,-47.19557150702973,dt_005
4.089999999999935,1,T,0.0,0.0,0.001927418609019632,0.0,0.0378986119525597,0.0,0.0,0.0,0.0649432159903264,0.0,-0.003217597329631395,0.0,32.05248954039784,0.0,1.280316661862628,0.0,-0.003217597329631395,0.0,0.0,10.0,0.0,-32.03640155374968,10.0,-1.280316661862628,33.56085553905167,0.9545764265893604,-0.2979661823091466,0.0,0.0,-1.0,0.0,72.66451180597937,72.66451180597937,-0.4049667458692353,1.216607901965849,689.8777525142706,-13266.46941461805,-249.0151405726508,0.0,1245.075702863254,-66332.34707309025,0.0,-13256.94320814169,-249.0151405726508,502.6604272289497,1244.181655784602,-66332.34707309025,-47.17534599250774,dt_005
4.094999999999935,1,T,0.0,0.0,0.002251299695222925,0.0,0.03788269059092333,0.0,0.0,0.0,0.06460645298126085,0.0,-0.003150893869435913,0.0,32.05252267515765,0.0,1.279469821029097,0.0,-0.003150893869435913,0.0,0.0,10.0,0.0,-32.03676820581047,10.0,-1.279469821029097,33.56120553664347,0.9545773965369462,-0.2979630749283305,0.0,0.0,-1.0,0.0,72.664698317725,72.664698317725,-0.4049635363439691,1.216613462830518,689.8921417071074,-13266.79034631242,-249.0146696014241,0.0,1245.073348007121,-66333.95173156209,0.0,-13257.27191093754,-249.0146696014241,502.4615134265975,1244.180053556041,-66333.95173156209,-47.15544773349555,dt_005
4.099999999999935,1,T,0.0,0.0,0.002572899061179379,0.0,0.03786715092068234,0.0,0.0,0.0,0.06403078385030513,0.0,-0.003064943766824702,0.0,32.05256434756728,0.0,1.278396478793659,0.0,-0.003064943766824702,0.0,0.0,10.0,0.0,-32.03723962873316,10.0,-1.278396478793659,33.56165554660363,0.954578643602558,-0.2979590797037418,0.0,0.0,-1.0,0.0,72.66493811950372,72.66493811950372,-0.4049594097949141,1.216620612542372,689.910642855183,-13267.2029905393,-249.0140643908235,0.0,1245.070321954118,-66336.01495269648,0.0,-13257.69206583566,-249.0140643908235,502.2711216593029,1244.177762302224,-66336.01495269648,-47.13599901942737,dt_005
4.104999999999935,1,T,0.0,0.0,0.002891018955566647,0.0,0.03785208714339266,0.0,0.0,0.0,0.06321492814170471,0.0,-0.002960559164884479,0.0,32.0526144758779,0.0,1.277098374650431,0.0,-0.002960559164884479,0.0,0.0,10.0,0.0,-32.03781168005348,10.0,-1.277098374650431,33.56220161500987,0.9545801567953562,-0.2979542318084326,0.0,0.0,-1.0,0.0,72.66522909995089,72.66522909995089,-0.4049544025547853,1.216629288150884,689.9330935635247,-13267.70372592802,-249.0133305086887,0.0,1245.066652543444,-66338.5186296401,0.0,-13258.20000714138,-249.0133305086887,502.0903600354377,1244.174805424995,-66338.5186296401,-47.11711813567266,dt_005
4.109999999999935,1,T,0.0,0.0,0.003204459162274759,0.0,0.03783758877788194,0.0,0.0,0.0,0.06215918581997133,0.0,-0.002838801580001179,0.0,32.05267292556082,0.0,1.275578677328315,0.0,-0.002838801580001179,0.0,0.0,10.0,0.0,-32.03847891766081,10.0,-1.275578677328315,33.5628385473785,0.9545819216820456,-0.2979485774388135,0.0,0.0,-1.0,0.0,72.66556848602882,72.66556848602882,-0.4049485623424789,1.216639406977682,689.9592804564054,-13268.28779413561,-249.0124752255513,0.0,1245.062376127757,-66341.43897067806,0.0,-13258.79093539466,-249.0124752255513,501.9202322126887,1244.171215060615,-66341.43897067806,-47.09891785898191,dt_005
4.114999999999934,1,T,0.0,0.0,0.00351202780271447,0.0,0.03782373950194109,0.0,0.0,0.0,0.06086658278578112,0.0,-0.002700944743142099,0.0,32.05273946775174,0.0,1.27384309237134,0.0,-0.002700944743142099,0.0,0.0,10.0,0.0,-32.03923474403603,10.0,-1.27384309237134,33.5635600463277,0.9545839207703936,-0.297942172588278,0.0,0.0,-1.0,0.0,72.66595291664866,72.66595291664866,-0.4049419469961727,1.216650868811595,689.9889448273602,-13268.94942582471,-249.011507314471,0.0,1245.057536572355,-66344.74712912354,0.0,-13259.45904382362,-249.011507314471,501.7616269283018,1244.167031133213,-66344.74712912354,-47.08150397755097,dt_005
4.119999999999934,1,T,0.0,0.0,0.003812554187969179,0.0,0.03781061595482718,0.0,0.0,0.0,0.05934256816320343,0.0,-0.002548530299866898,0.0,32.05281379253372,0.0,1.271899521270936,0.0,-0.002548530299866898,0.0,0.0,10.0,0.0,-32.04007114103438,10.0,-1.271899521270936,33.5643584583788,0.954586132810058,-0.2979350852899637,0.0,0.0,-1.0,0.0,72.66637830807024,72.66637830807024,-0.4049346267895499,1.21666355189554,690.0217722175585,-13269.68160817538,-249.0104373730888,0.0,1245.052186865444,-66348.40804087691,0.0,-13260.19728660761,-249.0104373730888,501.6152934193388,1244.162303019127,-66348.40804087691,-47.06497386132648,dt_005
4.124999999999934,1,T,0.0,0.0,0.004104901228323419,0.0,0.03779828648989503,0.0,0.0,0.0,0.05759513216389312,0.0,-0.00238333078797191,0.0,32.0528955062979,0.0,1.269758139272763,0.0,-0.00238333078797191,0.0,0.0,10.0,0.0,-32.04097885235804,10.0,-1.269758139272763,33.56522494811044,0.954588533277856,-0.2979273940651171,0.0,0.0,-1.0,0.0,72.66683994705049,72.66683994705049,-0.404926682828884,1.216677315703746,690.057399563069,-13270.47624424548,-249.0092775697555,0.0,1245.046387848778,-66352.38122122739,0.0,-13260.99753873315,-249.0092775697555,501.4818309740249,1244.157088335904,-66352.38122122739,-47.04941486156141,dt_005
4.129999999999934,1,T,0.0,0.0,0.004387976710459382,0.0,0.03778680995482564,0.0,0.0,0.0,0.05563422776007359,0.0,-0.002207375462070663,0.0,32.05298415530117,0.0,1.267430778371231,0.0,-0.002207375462070663,0.0,0.0,10.0,0.0,-32.04194727799082,10.0,-1.267430778371231,33.56614939735482,0.9545910941013652,-0.29791918881193,0.0,0.0,-1.0,0.0,72.66733243751155,72.66733243751155,-0.4049182079707842,1.216691999351659,690.0954110363954,-13271.32406016544,-249.0080417572032,0.0,1245.040208786016,-66356.62030082721,0.0,-13261.85050385162,-249.0080417572032,501.3616692734917,1244.151453566308,-66356.62030082721,-47.03490281449671,dt_005
4.134999999999934,1,T,0.0,0.0,0.004660743655917204,0.0,0.03777623463893252,0.0,0.0,0.0,0.05347200481971631,0.0,-0.002022858398010269,0.0,32.05307921820522,0.0,1.26493112753732,0.0,-0.002022858398010269,0.0,0.0,10.0,0.0,-32.04296492621517,10.0,-1.26493112753732,33.56712083665585,0.9545937848569878,-0.2979105669700403,0.0,0.0,-1.0,0.0,72.66784993076989,72.66784993076989,-0.4049093028603733,1.216707428460248,690.1353557733765,-13272.21500046834,-249.0067448744381,0.0,1245.03372437219,-66361.07500234169,0.0,-13262.74610984109,-249.0067448744381,501.2550693527029,1244.145471118088,-66361.07500234169,-47.02150061874483,dt_005
4.139999999999934,1,T,0.0,0.0,0.004922237694525114,0.0,0.037766597677728,0.0,0.0,0.0,0.05112534417700267,0.0,-0.001832046584349558,0.0,32.05318001113093,0.0,1.262277245895749,0.0,-0.001832046584349558,0.0,0.0,10.0,0.0,-32.04401977820918,10.0,-1.262277245895749,33.56812779328423,0.954596573736234,-0.2979016304269623,0.0,0.0,-1.0,0.0,72.66838631123034,72.66838631123034,-0.4049000727358344,1.216723420692487,690.1767621720849,-13273.13854697288,-249.005402464805,0.0,1245.027012324025,-66365.6927348644,0.0,-13263.67382774917,-249.005402464805,501.1621276781061,1244.139216942709,-66365.6927348644,-47.00925740395641,dt_005
4.144999999999934,1,T,0.0,0.0,0.005171584810321853,0.0,0.03775792448557494,0.0,0.0,0.0,0.04861350481881246,0.0,-0.001637361469541404,0.0,32.05328577720547,0.0,1.259489193403551,0.0,-0.001637361469541404,0.0,0.0,10.0,0.0,-32.04509896985777,10.0,-1.259489193403551,33.56915798747385,0.95459942670636,-0.2978924882099052,0.0,0.0,-1.0,0.0,72.66893503483193,72.66893503483193,-0.4048906302084613,1.216739780936602,690.2191253926374,-13274.08343993681,-249.0040310665415,0.0,1245.020155332707,-66370.41719968405,0.0,-13264.62239342122,-249.0040310665415,501.0827579880136,1244.13277251221,-66370.41719968405,-46.9982078994486,dt_005
4.149999999999934,1,T,0.0,0.0,0.005408012492099524,0.0,0.03775022830753082,0.0,0.0,0.0,0.04595782729330769,0.0,-0.00144124912922226,0.0,32.05339569813259,0.0,1.256588720097913,0.0,-0.00144124912922226,0.0,0.0,10.0,0.0,-32.04618945248648,10.0,-1.256588720097913,33.57019896313776,0.9546023092587343,-0.2978832508851271,0.0,0.0,-1.0,0.0,72.6694894652138,72.6694894652138,-0.4048810894778602,1.216756311328891,690.2619332851017,-13275.03825633528,-249.0026473605388,0.0,1245.013236802694,-66375.1912816764,0.0,-13265.58038558501,-249.0026473605388,501.0167070541343,1244.12622058107,-66375.1912816764,-46.98837171666985,dt_005
4.154999999999934,1,T,0.0,0.0,0.005630861430655972,0.0,0.03774351013348483,0.0,0.0,0.0,0.04318224805700903,0.0,-0.001246165566311534,0.0,32.05350887462271,0.0,1.253599777314511,0.0,-0.001246165566311534,0.0,0.0,10.0,0.0,-32.04727804679115,10.0,-1.253599777314511,33.57123813934097,0.9546051865521176,-0.297874030099633,0.0,0.0,-1.0,0.0,72.67004290122719,72.67004290122719,-0.404871565858518,1.216772812073993,690.3046685026094,-13275.99145697891,-249.0012680963653,0.0,1245.006340481827,-66379.95728489454,0.0,-13266.53627297557,-249.0012680963653,500.9635551617303,1244.119644819757,-66379.95728489454,-46.9797532295642,dt_005
4.159999999999934,1,T,0.0,0.0,0.005839594133281895,0.0,0.03773775867040456,0.0,0.0,0.0,0.04031155573300447,0.0,-0.001054568012867574,0.0,32.05362439190771,0.0,1.250546774285934,0.0,-0.001054568012867574,0.0,0.0,10.0,0.0,-32.04835155184337,10.0,-1.250546774285934,33.57226291435449,0.9546080237010316,-0.2978649376573392,0.0,0.0,-1.0,0.0,72.67058863238609,72.67058863238609,-0.4048621748255986,1.216789083098157,690.346812779207,-13276.93148192536,-248.9999099521827,0.0,1244.999549760913,-66384.65740962682,0.0,-13267.47850969261,-248.9999099521827,500.9227191749567,1244.113129115472,-66384.65740962682,-46.97234151481776,dt_005
4.164999999999933,1,T,0.0,0.0,0.006033800659442194,0.0,0.03773295041957892,0.0,0.0,0.0,0.0373719776152539,0.0,-0.0008688810607850962,0.0,32.05374129711637,0.0,1.247455166689226,0.0,-0.0008688810607850962,0.0,0.0,10.0,0.0,-32.04939689181245,10.0,-1.247455166689226,33.57326080572034,0.954610786163248,-0.2978560842769304,0.0,0.0,-1.0,0.0,72.67112001341923,72.67112001341923,-0.4048530307320397,1.216804926272016,690.387852691462,-13277.84687899703,-248.9985893512466,0.0,1244.992946756233,-66389.23439498516,0.0,-13268.39566359032,-248.9985893512466,500.8934582412198,1244.106756651251,-66389.23439498516,-46.96611041456459,dt_005
4.169999999999933,1,T,0.0,0.0,0.006213203262112305,0.0,0.0377290497747879,0.0,0.0,0.0,0.03439016507736407,0.0,-0.0006915234198600544,0.0,32.05385863701709,0.0,1.244350445908124,0.0,-0.0006915234198600544,0.0,0.0,10.0,0.0,-32.05040101991779,10.0,-1.244350445908124,33.57421935857253,0.9546134394852082,-0.2978475804068603,0.0,0.0,-1.0,0.0,72.67163041534897,72.67163041534897,-0.4048442476503955,1.216820143951997,690.4272758917475,-13278.726219779,-248.9973225889964,0.0,1244.986612944982,-66393.63109889501,0.0,-13269.27633229051,-248.9973225889964,500.8748717606049,1244.100610536145,-66393.63109889501,-46.96101868367807,dt_005
4.174999999999933,1,T,0.0,0.0,0.00637765820005618,0.0,0.03772600924658411,0.0,0.0,0.0,0.03139306633797979,0.0,-0.000524829715934146,0.0,32.05397546210737,0.0,1.241258019061861,0.0,-0.000524829715934146,0.0,0.0,10.0,0.0,-32.0513513135277,10.0,-1.241258019061861,33.57512652281706,0.9546159503448534,-0.2978395328817057,0.0,0.0,-1.0,0.0,72.67211342616929,72.67211342616929,-0.4048359359195367,1.216834544963559,690.4645866266937,-13279.55844578377,-248.9961253436949,0.0,1244.980626718474,-66397.79222891884,0.0,-13270.10948899479,-248.9961253436949,500.865915268302,1244.094771349638,-66397.79222891884,-46.95701017759627,dt_005
4.179999999999933,1,T,0.0,0.0,0.006527157245560245,0.0,0.03772377018324774,0.0,0.0,0.0,0.02840793700605129,0.0,-0.0003709303839262536,0.0,32.05409082490815,0.0,1.238203242636859,0.0,-0.0003709303839262536,0.0,0.0,10.0,0.0,-32.05223617298852,10.0,-1.238203242636859,33.57597122480649,0.9546182881318348,-0.2978320398550923,0.0,0.0,-1.0,0.0,72.672563154958,72.672563154958,-0.4048281969114359,1.21684795366832,690.4993292595333,-13280.33339316289,-248.9950119373387,0.0,1244.975059686693,-66401.66696581445,0.0,-13270.88500646938,-248.9950119373387,500.8654296550287,1244.089313415162,-66401.66696581445,-46.95401461086816,dt_005
4.184999999999933,1,T,0.0,0.0,0.006661827844134379,0.0,0.03772226379777169,0.0,0.0,0.0,0.02546178856792447,0.0,-0.0002317493266585715,0.0,32.05420379911657,0.0,1.235210904271133,0.0,-0.0002317493266585715,0.0,0.0,10.0,0.0,-32.05304505248328,10.0,-1.235210904271133,33.57674339682934,0.9546204250263904,-0.2978251905437709,0.0,0.0,-1.0,0.0,72.67297424722068,72.67297424722068,-0.4048211227671272,1.216860210421541,690.5310894961203,-13281.04182010568,-248.9939953171133,0.0,1244.969976585566,-66405.20910052839,0.0,-13271.59368391843,-248.9939953171133,500.8721557167219,1244.084304659588,-66405.20910052839,-46.95194883213219,dt_005
4.189999999999933,1,T,0.0,0.0,0.006781932121079718,0.0,0.03772141227234407,0.0,0.0,0.0,0.022581484560877,0.0,-0.0001089748946974526,0.0,32.05431347428897,0.0,1.232305354250474,0.0,-0.0001089748946974526,0.0,0.0,10.0,0.0,-32.05376859981548,10.0,-1.232305354250474,33.57743411058261,0.9546223363658716,-0.2978190640495754,0.0,0.0,-1.0,0.0,72.67334195557889,72.67334195557889,-0.4048147951802918,1.216871173679703,690.5594998884415,-13281.67552965152,-248.9930869008068,0.0,1244.965434504034,-66408.37764825762,0.0,-13272.22736916408,-248.9930869008068,500.8847533675438,1244.079805789475,-66408.37764825762,-46.95071816959461,dt_005
4.194999999999933,1,T,0.0,0.0,0.006887871619206871,0.0,0.03772112961385662,0.0,0.0,0.0,0.01979591958800499,0.0,-4.189039218557635e-06,0.0,32.05441887235025,0.0,1.229512710386201,0.0,-4.189039218557635e-06,0.0,0.0,10.0,0.0,-32.05439792715416,10.0,-1.229512710386201,33.57803488104008,0.9546239987157124,-0.2978137355395543,0.0,0.0,-1.0,0.0,72.67366176882635,72.67366176882635,-0.4048092917805208,1.216880708940779,690.584211214311,-13282.22673134933,-248.9922975123547,0.0,1244.961487561774,-66411.13365674665,0.0,-13272.77832033924,-248.9922975123547,500.9017888800933,1244.07587492587,-66411.13365674665,-46.95021767206071,dt_005
4.199999999999933,1,T,0.0,0.0,0.00698018888996425,0.0,0.03772132095631558,0.0,0.0,0.0,0.01713260577347709,0.0,8.06415058659783e-05,0.0,32.05451907698364,0.0,1.226857424530334,0.0,8.06415058659783e-05,0.0,0.0,10.0,0.0,-32.05492228451297,10.0,-1.226857424530334,33.57853544552183,0.9546253837222656,-0.2978092959481246,0.0,0.0,-1.0,0.0,72.67392822940926,72.67392822940926,-0.4048047064823112,1.216888653487306,690.6048011330266,-13282.68600379824,-248.9916403133683,0.0,1244.958201566841,-66413.43001899119,0.0,-13273.23717023394,-248.9916403133683,500.9216487814021,1244.072582284886,-66413.43001899119,-46.9503317939205,dt_005
4.204999999999933,1,T,0.0,0.0,0.007059561882355818,0.0,0.0377218818049178,0.0,0.0,0.0,0.01461818938037826,0.0,0.0001436316733557193,0.0,32.05461321492295,0.0,1.224362774589435,0.0,0.0001436316733557193,0.0,0.0,10.0,0.0,-32.05533137328973,10.0,-1.224362774589435,33.57892597227333,0.9546264642221832,-0.2978058323919343,0.0,0.0,-1.0,0.0,72.67413610890092,72.67413610890092,-0.4048011292573027,1.216894851433267,690.6208650389902,-13283.04432122951,-248.9911279146626,0.0,1244.955639573313,-66415.22160614755,0.0,-13273.59495181997,-248.9911279146626,500.9426062603492,1244.0699957817,-66415.22160614755,-46.95093290998284,dt_005
4.209999999999932,1,T,0.0,0.0,0.007126788429794714,0.0,0.03772269897131489,0.0,0.0,0.0,0.01227398272998105,0.0,0.0001831891106445495,0.0,32.05470062323479,0.0,1.22204642959904,0.0,0.0001831891106445495,0.0,0.0,10.0,0.0,-32.05561656878801,10.0,-1.22204642959904,33.57919822755088,0.954627217468438,-0.2978034178253623,0.0,0.0,-1.0,0.0,72.6742810288508,72.6742810288508,-0.4047986354506036,1.21689917223476,690.6320640831583,-13283.29412471867,-248.9907708676131,0.0,1244.953854338065,-66416.47062359333,0.0,-13273.84416823687,-248.9907708676131,500.9628740230407,1244.068173449358,-66416.47062359333,-46.95188219424212,dt_005
4.214999999999932,1,T,0.0,0.0,0.007182762469160857,0.0,0.03772365311834726,0.0,0.0,0.0,0.01011711811621286,0.0,0.0001984462459527779,0.0,32.05478080272408,0.0,1.219921684389181,0.0,0.0001984462459527779,0.0,0.0,10.0,0.0,-32.05577303395385,10.0,-1.219921684389181,33.5793475934891,0.9546276307098156,-0.2978020931514154,0.0,0.0,-1.0,0.0,72.67436053445107,72.67436053445107,-0.4047972673049567,1.216901542701467,690.6382081926721,-13283.43117406675,-248.9905750425462,0.0,1244.952875212731,-66417.15587033375,0.0,-13273.98064208256,-248.9905750425462,500.9807079977726,1244.06715022106,-66417.15587033375,-46.95303229075189,dt_005
4.219999999999932,1,T,0.0,0.0,0.00722845055154602,0.0,0.03772462280575575,0.0,0.0,0.0,0.008159513155195199,0.0,0.0001894285898010039,0.0,32.05485345215978,0.0,1.217996555359699,0.0,0.0001894285898010039,0.0,0.0,10.0,0.0,-32.05580059510878,10.0,-1.217996555359699,33.57937390413014,0.9546277035012266,-0.2978018598128191,0.0,0.0,-1.0,0.0,72.67437453919577,72.67437453919577,-0.4047970263089712,1.216901960254205,690.6392904734432,-13283.45531522871,-248.9905405525673,0.0,1244.952702762836,-66417.27657614353,0.0,-13274.00428026741,-248.9905405525673,500.9944901096566,1244.066932363512,-66417.27657614353,-46.95423214291645,dt_005
4.224999999999932,1,T,0.0,0.0,0.007264865649577861,0.0,0.03772548840418952,0.0,0.0,0.0,0.006407822528396823,0.0,0.0001568344647398395,0.0,32.05491846556229,0.0,1.216273857729533,0.0,0.0001568344647398395,0.0,0.0,10.0,0.0,-32.05570263788599,10.0,-1.216273857729533,33.57928039146417,0.9546274447868908,-0.297802689141069,0.0,0.0,-1.0,0.0,72.67432476375473,72.67432476375473,-0.4047978828530731,1.216900476194901,690.6354438602494,-13283.36951337569,-248.9906631420062,0.0,1244.953315710031,-66416.84756687845,0.0,-13273.91810579927,-248.9906631420062,501.0027439177216,1244.067504230606,-66416.84756687845,-46.9553321235347,dt_005
4.229999999999932,1,T,0.0,0.0,0.007293044481758972,0.0,0.0377261348871659,0.0,0.0,0.0,0.004864892896784577,0.0,0.000101806267115238,0.0,32.05497587421991,0.0,1.214752748922523,0.0,0.000101806267115238,0.0,0.0,10.0,0.0,-32.05548490555549,10.0,-1.214752748922523,33.57907253826847,0.954626869727369,-0.2978045325285109,0.0,0.0,-1.0,0.0,72.67421412546035,72.67421412546035,-0.4047997867353193,1.216897177504086,690.6268939248062,-13283.17880022525,-248.9909356843681,0.0,1244.954678421841,-66415.89400112625,0.0,-13273.72720445753,-248.9909356843681,501.004132116239,1244.0688356167,-66415.89400112625,-46.9561877896433,dt_005
4.234999999999932,1,T,0.0,0.0,0.007314033437376802,0.0,0.03772645379358723,0.0,0.0,0.0,0.00353174759382514,0.0,2.582738194422026e-05,0.0,32.05502576974069,0.0,1.21343077476769,0.0,2.582738194422026e-05,0.0,0.0,10.0,0.0,-32.05515490665042,10.0,-1.21343077476769,33.57875751259052,0.9546259981368036,-0.2978073264399509,0.0,0.0,-1.0,0.0,72.67404643752698,72.67404643752698,-0.4048026723372806,1.216892177873093,690.6139356047295,-13282.88975492754,-248.9913489102003,0.0,1244.956744551002,-66414.44877463771,0.0,-13273.43820505828,-248.9913489102003,500.9974631255407,1244.070885300997,-66414.44877463771,-46.9566624604185,dt_005
4.239999999999932,1,T,0.0,0.0,0.007328877388767537,0.0,0.03772634488840822,0.0,0.0,0.0,0.002406759171153046,0.0,-6.929556322715932e-05,0.0,32.05506833352363,0.0,1.21230309587687,0.0,-6.929556322715932e-05,0.0,0.0,10.0,0.0,-32.05472185570749,10.0,-1.21230309587687,33.57834411114955,0.9546248543287712,-0.2978109929095504,0.0,0.0,-1.0,0.0,72.67382637924236,72.67382637924236,-0.4048064591369922,1.216885616815311,690.5969308636476,-13282.51045182585,-248.9918914631692,0.0,1244.959457315846,-66412.55225912927,0.0,-13273.05922641243,-248.9918914631692,500.9817112539502,1244.073601249378,-66412.55225912927,-46.95662929308261,dt_005
4.244999999999932,1,T,0.0,0.0,0.007338605816393773,0.0,0.03772571768440429,0.0,0.0,0.0,0.001485400991279032,0.0,-0.0001814704176302615,0.0,32.05510384453287,0.0,1.211362288203992,0.0,-0.0001814704176302615,0.0,0.0,10.0,0.0,-32.05419649244472,10.0,-1.211362288203992,33.57784258668587,0.954623466641502,-0.2978154410660426,0.0,0.0,-1.0,0.0,72.6735594044431,72.6735594044431,-0.4048110532839226,1.216877656937377,690.5763015754563,-13282.05030167939,-248.9925501049896,0.0,1244.962750524948,-66410.25150839695,0.0,-13272.59971789195,-248.9925501049896,500.9560309609078,1244.076921566403,-66410.25150839695,-46.95597321433839,dt_005
4.249999999999932,1,T,0.0,0.0,0.007344225811455867,0.0,0.03772449224776167,0.0,0.0,0.0,0.0007632441131737232,0.0,-0.000308568113125651,0.0,32.05513256549679,0.0,1.210601363629405,0.0,-0.000308568113125651,0.0,0.0,10.0,0.0,-32.05358972493116,10.0,-1.210601363629405,33.57726335266489,0.9546218638567876,-0.297820578615033,0.0,0.0,-1.0,0.0,72.67325105237384,72.67325105237384,-0.4048163594578251,1.216868463392372,690.5524762307055,-13281.51886285815,-248.9933113948443,0.0,1244.966556974221,-66407.59431429073,0.0,-13272.06927106098,-248.9933113948443,500.9197227257017,1244.080782848084,-66407.59431429073,-46.95459223916619,dt_005
4.254999999999932,1,T,0.0,0.0,0.007346719710475666,0.0,0.03772259935952926,0.0,0.0,0.0,0.0002348167982430637,0.0,-0.00044843197970147,0.0,32.05515478589708,0.0,1.210012635459084,0.0,-0.00044843197970147,0.0,0.0,10.0,0.0,-32.05291262599857,10.0,-1.210012635459084,33.5766169798254,0.9546200751927348,-0.2978263118648471,0.0,0.0,-1.0,0.0,72.67290694614977,72.67290694614977,-0.4048222808951948,1.216858203833987,690.5258897835632,-13280.92583788558,-248.9941616768112,0.0,1244.970808384056,-66404.62918942793,0.0,-13271.4776161353,-248.9941616768112,500.8722350427367,1244.085120110977,-66404.62918942793,-46.95239766940538,dt_005
4.259999999999931,1,T,0.0,0.0,0.007347041407246694,0.0,0.03771997994106618,0.0,0.0,0.0,-0.0001057853173985598,0.0,-0.0005991622311804915,0.0,32.05517079977518,0.0,1.209588309750095,0.0,-0.0005991622311804915,0.0,0.0,10.0,0.0,-32.05217498861927,10.0,-1.209588309750095,33.57591281709361,0.9546181264892194,-0.2978325579553258,0.0,0.0,-1.0,0.0,72.67253205880195,72.67253205880195,-0.4048287320192823,1.216847026533598,690.496926919406,-13280.27980795941,-248.9950888813143,0.0,1244.975444406572,-66401.39903979705,0.0,-13270.83335768777,-248.9950888813143,500.8131090297592,1244.089875819534,-66401.39903979705,-46.94931371892272,dt_005
4.264999999999931,1,T,0.0,0.0,0.007346118148149055,0.0,0.03771658385364798,0.0,0.0,0.0,-0.0002633183813110292,0.0,-0.0007590827010814413,0.0,32.05518084765838,0.0,1.209322026552281,0.0,-0.0007590827010814413,0.0,0.0,10.0,0.0,-32.05138543415297,10.0,-1.209322026552281,33.57515909491172,0.9546160404943644,-0.297839243940187,0.0,0.0,-1.0,0.0,72.67213076835675,72.67213076835675,-0.4048356374922787,1.216835062022457,690.4659263022879,-13279.58832768332,-248.9960823851501,0.0,1244.980411925751,-66397.94163841658,0.0,-13270.14406991136,-248.9960823851501,500.741966025795,1244.094999242682,-66397.94163841658,-46.94527599411373,dt_005
4.269999999999931,1,T,0.0,0.0,0.007347490232144554,0.0,0.03771304244741457,0.0,0.0,0.0,0.00153576099194704,0.0,-0.0004713692596536135,0.0,32.05511729748327,0.0,1.211006306260797,0.0,-0.0004713692596536135,0.0,0.0,10.0,0.0,-32.052760451185,10.0,-1.211006306260797,33.57647171072401,0.95461967318465,-0.2978276004147897,0.0,0.0,-1.0,0.0,72.67282960806432,72.67282960806432,-0.4048236117418846,1.216855897991932,690.519914681393,-13280.79256030335,-248.9943528825397,0.0,1244.971764412698,-66403.96280151677,0.0,-13271.34921950628,-248.9943528825397,500.7403755629181,1244.086524122957,-66403.96280151677,-46.94054410130805,dt_005
4.274999999999931,1,T,0.0,0.0,0.007360041873555256,0.0,0.03771139320901435,0.0,0.0,0.0,0.003799642686324845,0.0,-0.0001054188788212193,0.0,32.05503394077937,0.0,1.213215711825183,0.0,-0.0001054188788212193,0.0,0.0,10.0,0.0,-32.05450684638527,10.0,-1.213215711825183,33.57813885796769,0.9546242864136322,-0.2978128133396267,0.0,0.0,-1.0,0.0,72.67371711853033,72.67371711853033,-0.4048083393135712,1.21688235919724,690.5884881135381,-13282.32213045956,-248.992160960306,0.0,1244.96080480153,-66411.61065229782,0.0,-13272.87852797512,-248.992160960306,500.7761564939346,1244.075649718422,-66411.61065229782,-46.93807910172517,dt_005
4.279999999999931,1,T,0.0,0.0,0.007380069121218111,0.0,0.03771043767010671,0.0,0.0,0.0,0.004181153766068514,0.0,-0.0002843707958985742,0.0,32.05502071649941,0.0,1.213566321835316,0.0,-0.0002843707958985742,0.0,0.0,10.0,0.0,-32.05359886251991,10.0,-1.213566321835316,33.57727207560701,0.9546218879944688,-0.2978205012450887,0.0,0.0,-1.0,0.0,72.6732556960672,72.6732556960672,-0.4048162795483743,1.216868601844512,690.5528350240945,-13281.5268659511,-248.9932999255225,0.0,1244.966499627612,-66407.63432975548,0.0,-13272.08430736842,-248.9932999255225,500.7334910766346,1244.081385346336,-66407.63432975548,-46.93710504250448,dt_005
4.284999999999931,1,T,0.0,0.0,0.007402259496866522,0.0,0.03770853859588719,0.0,0.0,0.0,0.004694300450316776,0.0,-0.0004750539796671894,0.0,32.05500367566798,0.0,1.214018228866827,0.0,-0.0004750539796671894,0.0,0.0,10.0,0.0,-32.05262840576965,10.0,-1.214018228866827,33.57634565759578,0.9546193243492108,-0.2978287185263641,0.0,0.0,-1.0,0.0,72.67276249957311,72.67276249957311,-0.4048247665560085,1.21685389714616,690.51472997749,-13280.67691302467,-248.9945188283045,0.0,1244.972594141522,-66403.38456512337,0.0,-13271.23590956496,-248.9945188283045,500.6762435149247,1244.087564662564,-66403.38456512337,-46.93497220028715,dt_005
4.289999999999931,1,T,0.0,0.0,0.007427390926223591,0.0,0.03770568041852337,0.0,0.0,0.0,0.005357413360260091,0.0,-0.0006680002497682376,0.0,32.05498214821716,0.0,1.214589251561862,0.0,-0.0006680002497682376,0.0,0.0,10.0,0.0,-32.05164214696831,10.0,-1.214589251561862,33.57540415717011,0.9546167187424194,-0.2978370700524978,0.0,0.0,-1.0,0.0,72.67226124442271,72.67226124442271,-0.4048333922383461,1.216838952178237,690.4760056443558,-13279.81315084891,-248.9957592430211,0.0,1244.978796215106,-66399.06575424457,0.0,-13270.37419229701,-248.9957592430211,500.6057509429704,1244.093896471262,-66399.06575424457,-46.93165017517564,dt_005
4.294999999999931,1,T,0.0,0.0,0.007456179324156865,0.0,0.03770185621087915,0.0,0.0,0.0,0.006156927885632829,0.0,-0.000861455645960989,0.0,32.05495665678315,0.0,1.215265613010941,0.0,-0.000861455645960989,0.0,0.0,10.0,0.0,-32.05064937855335,10.0,-1.215265613010941,33.57445644514535,0.9546140957164376,-0.2978454771513043,0.0,0.0,-1.0,0.0,72.67175665244159,72.67175665244159,-0.4048420753414242,1.216823907722401,690.4370269220144,-13278.94371875391,-248.9970095393399,0.0,1244.985047696699,-66394.71859376953,0.0,-13269.50729237053,-248.9970095393399,500.522230834056,1244.100322977639,-66394.71859376953,-46.92712813807086,dt_005
4.299999999999931,1,T,0.0,0.0,0.007489735075013024,0.0,0.03769719641546862,0.0,0.0,0.0,0.007434942590744868,0.0,-0.000955034973763522,0.0,32.05491415316278,0.0,1.216393350190793,0.0,-0.000955034973763522,0.0,0.0,10.0,0.0,-32.05013897829397,10.0,-1.216393350190793,33.57396921020745,0.9546127470847208,-0.2978497995691172,0.0,0.0,-1.0,0.0,72.67149722145894,72.67149722145894,-0.4048465396730986,1.216816172764045,690.4169877233743,-13278.4967401102,-248.9976530010562,0.0,1244.988265005281,-66392.483700551,0.0,-13269.06296347224,-248.9976530010562,500.4435517882573,1244.103756657777,-66392.483700551,-46.92145213937616,dt_005
4.30499999999993,1,T,0.0,0.0,0.00753478539837614,0.0,0.03769341395595024,0.0,0.0,0.0,0.0109313749622415,0.0,-0.000461664398946872,0.0,32.05478699262543,0.0,1.219766052578396,0.0,-0.000461664398946872,0.0,0.0,10.0,0.0,-32.0524786706307,10.0,-1.219766052578396,33.57620271756822,0.9546189287765928,-0.2978299864376163,0.0,0.0,-1.0,0.0,72.67268640015133,72.67268640015133,-0.404826076087567,1.216851628234975,690.5088507203819,-13280.54577350059,-248.9947070417053,0.0,1244.973535208527,-66402.72886750294,0.0,-13271.11243422091,-248.9947070417053,500.4705788670852,1244.089214793376,-66402.72886750294,-46.91619128208303,dt_005
4.30999999999993,1,T,0.0,0.0,0.00759647012224365,0.0,0.03769181447986208,0.0,0.0,0.0,0.01328468127608373,0.0,-0.0003040298496803826,0.0,32.05470026418695,0.0,1.22206641658404,0.0,-0.0003040298496803826,0.0,0.0,10.0,0.0,-32.05318011493855,10.0,-1.22206641658404,33.57687233023189,0.9546207818194716,-0.2978240469108915,0.0,0.0,-1.0,0.0,72.67304288740827,72.67304288740827,-0.4048199415953163,1.216862256934981,690.5363927319239,-13281.16011154392,-248.9938256771592,0.0,1244.969128385796,-66405.80055771959,0.0,-13271.72713640295,-248.9938256771592,500.4725020726543,1244.084886140336,-66405.80055771959,-46.91403532925403,dt_005
4.31499999999993,1,T,0.0,0.0,0.007666123521822556,0.0,0.03768992077154246,0.0,0.0,0.0,0.01450763137081103,0.0,-0.0004718451263242478,0.0,32.05465649638658,0.0,1.223227795908095,0.0,-0.0004718451263242478,0.0,0.0,10.0,0.0,-32.05229727075496,10.0,-1.223227795908095,33.57602954985663,0.9546184495448128,-0.2978315224899098,0.0,0.0,-1.0,0.0,72.67259420699135,72.67259420699135,-0.4048276625628603,1.21684887948752,690.5017282038679,-13280.38690263828,-248.9949351087157,0.0,1244.974675543578,-66401.93451319139,0.0,-13270.95542434072,-248.9949351087157,500.4182340083374,1244.090518197901,-66401.93451319139,-46.91188841771272,dt_005
4.31999999999993,1,T,0.0,0.0,0.007741675970715079,0.0,0.03768711264057151,0.0,0.0,0.0,0.0157114533539413,0.0,-0.0006512084203901101,0.0,32.05461457340824,0.0,1.224340749408622,0.0,-0.0006512084203901101,0.0,0.0,10.0,0.0,-32.05135853130629,10.0,-1.224340749408622,33.5751334130237,0.9546159694148426,-0.2978394717598062,0.0,0.0,-1.0,0.0,72.67211709468837,72.67211709468837,-0.4048358727910476,1.21683465434079,690.4648700176836,-13279.56476691147,-248.9961162562026,0.0,1244.980581281013,-66397.82383455736,0.0,-13270.1352775797,-248.9961162562026,500.3499908376666,1244.096551471639,-66397.82383455736,-46.90861736592185,dt_005
4.32499999999993,1,T,0.0,0.0,0.00782331838657267,0.0,0.03768342867384782,0.0,0.0,0.0,0.01694354023447783,0.0,-0.0008221794032641624,0.0,32.05457266535102,0.0,1.22545387344412,0.0,-0.0008221794032641624,0.0,0.0,10.0,0.0,-32.0504617683347,10.0,-1.22545387344412,33.57427734983263,0.9546136000003728,-0.2978470659488328,0.0,0.0,-1.0,0.0,72.67166129305299,72.67166129305299,-0.4048437163017082,1.216821064573553,690.4296609826341,-13278.77941975514,-248.9972460073532,0.0,1244.986230036766,-66393.89709877572,0.0,-13269.35233115256,-248.9972460073532,500.2715165276931,1244.102369018479,-66393.89709877572,-46.90424696941559,dt_005
4.32999999999993,1,T,0.0,0.0,0.007912528660156393,0.0,0.03767931647799332,0.0,0.0,0.0,0.01892974325662377,0.0,-0.000767009986932266,0.0,32.05450288332131,0.0,1.227306852004984,0.0,-0.000767009986932266,0.0,0.0,10.0,0.0,-32.05066783338664,10.0,-1.227306852004984,33.57447406238979,0.954614144478584,-0.2978453208654138,0.0,0.0,-1.0,0.0,72.67176603269455,72.67176603269455,-0.4048419139244647,1.216824187395497,690.4377514967271,-13278.95988057055,-248.9969862817437,0.0,1244.984931408719,-66394.79940285275,0.0,-13269.53472098248,-248.9969862817437,500.223748379162,1244.101264181105,-66394.79940285275,-46.89908205657481,dt_005
4.33499999999993,1,T,0.0,0.0,0.008010577649562865,0.0,0.03767519886407227,0.0,0.0,0.0,0.0202204450049623,0.0,-0.0008993804621558967,0.0,32.05445932068329,0.0,1.22846464975963,0.0,-0.0008993804621558967,0.0,0.0,10.0,0.0,-32.04996241837252,10.0,-1.22846464975963,33.573800663897,0.9546122805463868,-0.2978512948268417,0.0,0.0,-1.0,0.0,72.67140747618987,72.67140747618987,-0.4048480840246762,1.216813497000681,690.4100557491932,-13278.34212120012,-248.9978756947945,0.0,1244.989378473973,-66391.7106060006,0.0,-13268.91945960617,-248.9978756947945,500.1458408524884,1244.10590119237,-66391.7106060006,-46.89412683192737,dt_005
4.33999999999993,1,T,0.0,0.0,0.008114663280164882,0.0,0.03767035153669912,0.0,0.0,0.0,0.02141165846342576,0.0,-0.001039373038472402,0.0,32.05442041225952,0.0,1.229499639646572,0.0,-0.001039373038472402,0.0,0.0,10.0,0.0,-32.04922354706716,10.0,-1.229499639646572,33.57309532899646,0.954610328091698,-0.2978575523646515,0.0,0.0,-1.0,0.0,72.67103189871135,72.67103189871135,-0.404854547024648,1.216802299123982,690.381047106554,-13277.69507978872,-248.998808211109,0.0,1244.994041055545,-66388.47539894358,0.0,-13268.27530144902,-248.998808211109,500.0571535370103,1244.110787762672,-66388.47539894358,-46.88827184233563,dt_005
4.34499999999993,1,T,0.0,0.0,0.00822605805190051,0.0,0.03766527700767305,0.0,0.0,0.0,0.02339897811866806,0.0,-0.0009145357728099092,0.0,32.05435181573048,0.0,1.231322888687377,0.0,-0.0009145357728099092,0.0,0.0,10.0,0.0,-32.04977913686643,10.0,-1.231322888687377,33.57362570116488,0.9546117962396424,-0.2978528470236992,0.0,0.0,-1.0,0.0,72.67131431339143,72.67131431339143,-0.4048496871856698,1.216810719343368,690.4028599171754,-13278.18161703991,-248.9981069232991,0.0,1244.990534616496,-66390.90808519954,0.0,-13268.76403100606,-248.9981069232991,500.0081445100803,1244.107521730451,-66390.90808519954,-46.88182652565506,dt_005
4.349999999999929,1,T,0.0,0.0,0.008348120661543239,0.0,0.03766113123165303,0.0,0.0,0.0,0.02531356738675028,0.0,-0.0007764061783809986,0.0,32.05428483169032,0.0,1.233103230153073,0.0,-0.0007764061783809986,0.0,0.0,10.0,0.0,-32.05040280079842,10.0,-1.233103230153073,33.57422105862513,0.9546134441908296,-0.2978475653251537,0.0,0.0,-1.0,0.0,72.6716313205511,72.6716313205511,-0.4048442320735262,1.216820170940681,690.4273458122241,-13278.72777937035,-248.9973203438678,0.0,1244.986601719339,-66393.63889685174,0.0,-13269.3118788624,-248.9973203438678,499.9736994111951,1244.10378597296,-66393.63889685174,-46.87652065177784,dt_005
4.354999999999929,1,T,0.0,0.0,0.008477340390272536,0.0,0.0376570618314262,0.0,0.0,0.0,0.02632714339265163,0.0,-0.0008645896839508592,0.0,32.0542516901413,0.0,1.23398564586681,0.0,-0.0008645896839508592,0.0,0.0,10.0,0.0,-32.04992874172154,10.0,-1.23398564586681,33.57376851575391,0.9546121915590936,-0.2978515800306323,0.0,0.0,-1.0,0.0,72.67139035827238,72.67139035827238,-0.4048483785926591,1.216812986628414,690.408733564025,-13278.31262964174,-248.9979181770117,0.0,1244.989590885059,-66391.56314820869,0.0,-13268.89905793466,-248.9979181770117,499.9040716418402,1244.106963768552,-66391.56314820869,-46.87157043175763,dt_005
4.359999999999929,1,T,0.0,0.0,0.008612658087018539,0.0,0.03765298763661649,0.0,0.0,0.0,0.02787115279774443,0.0,-0.0007426689432333039,0.0,32.05419859454233,0.0,1.235397965617382,0.0,-0.0007426689432333039,0.0,0.0,10.0,0.0,-32.05048524982616,10.0,-1.235397965617382,33.57429976558446,0.9546136620451487,-0.2978468670923872,0.0,0.0,-1.0,0.0,72.67167322838964,72.67167322838964,-0.404843510916442,1.216821420426701,690.4305829089612,-13278.79998352875,-248.9972164074463,0.0,1244.986082037231,-66393.99991764373,0.0,-13269.38810298656,-248.9972164074463,499.8683575521862,1244.103648361345,-66393.99991764373,-46.86636960984653,dt_005
4.364999999999929,1,T,0.0,0.0,0.008754215825127738,0.0,0.03764920994491289,0.0,0.0,0.0,0.02867514734687686,0.0,-0.0007910231815335666,0.0,32.05417299865722,0.0,1.236080299528642,0.0,-0.0007910231815335666,0.0,0.0,10.0,0.0,-32.05021788274955,10.0,-1.236080299528642,33.57404453341478,0.9546129555779724,-0.2978491313445253,0.0,0.0,-1.0,0.0,72.67153732824026,72.67153732824026,-0.4048458495089077,1.21681736855138,690.4200856281778,-13278.56583946922,-248.9975534968291,0.0,1244.987767484146,-66392.82919734612,0.0,-13269.15601310657,-248.9975534968291,499.8094166348386,1244.105509651689,-66392.82919734612,-46.86173321023605,dt_005
4.369999999999929,1,T,0.0,0.0,0.008899063170000462,0.0,0.03764511984843846,0.0,0.0,0.0,0.02926178978044167,0.0,-0.0008449367061444869,0.0,32.05415597506781,0.0,1.23653542165934,0.0,-0.0008449367061444869,0.0,0.0,10.0,0.0,-32.04993129153709,10.0,-1.23653542165934,33.57377094983893,0.9546121982967436,-0.2978515584365114,0.0,0.0,-1.0,0.0,72.6713916543505,72.6713916543505,-0.4048483562895303,1.216813025271101,690.4088336727523,-13278.31486258324,-248.9979149604197,0.0,1244.989574802099,-66391.57431291619,0.0,-13268.90725819391,-248.9979149604197,499.7456986788798,1244.107507347772,-66391.57431291619,-46.85671271891756,dt_005
4.374999999999929,1,T,0.0,0.0,0.009046453071006553,0.0,0.03764080604122102,0.0,0.0,0.0,0.02969230165867147,0.0,-0.0008805237433568498,0.0,32.0541451079572,0.0,1.236827353131545,0.0,-0.0008805237433568498,0.0,0.0,10.0,0.0,-32.04974248924042,10.0,-1.236827353131545,33.57359071691055,0.9546116994003088,-0.2978531573914475,0.0,0.0,-1.0,0.0,72.67129568512492,72.67129568512492,-0.404850007743991,1.216810163939907,690.4014210963062,-13278.14952393286,-248.9981531650024,0.0,1244.990765825012,-66390.7476196643,0.0,-13268.74419234124,-248.9981531650024,499.6822371557604,1244.108899646296,-66390.7476196643,-46.85139069901403,dt_005
4.379999999999929,1,T,0.0,0.0,0.009195566241370834,0.0,0.03763636205556858,0.0,0.0,0.0,0.02995124680494791,0.0,-0.000897026270155985,0.0,32.05414086063105,0.0,1.236943666728946,0.0,-0.000897026270155985,0.0,0.0,10.0,0.0,-32.04965572928027,10.0,-1.236943666728946,33.5735078948475,0.954611470140685,-0.2978538921616437,0.0,0.0,-1.0,0.0,72.67125158422374,72.67125158422374,-0.4048507666396633,1.216808849067525,690.3980148237999,-13278.07354655685,-248.9982626473242,0.0,1244.991313236621,-66390.36773278425,0.0,-13268.67048921937,-248.9982626473242,499.6204122050117,1244.109654864871,-66390.36773278425,-46.84588249416926,dt_005
4.384999999999929,1,T,0.0,0.0,0.009345508343416312,0.0,0.037631884458485,0.0,0.0,0.0,0.03002404762438164,0.0,-0.0008939875928773502,0.0,32.05414365985963,0.0,1.236872890465672,0.0,-0.0008939875928773502,0.0,0.0,10.0,0.0,-32.04967372189525,10.0,-1.236872890465672,33.57352507080456,0.9546115176855692,-0.2978537397818846,0.0,0.0,-1.0,0.0,72.67126073005652,72.67126073005652,-0.4048506092566455,1.216809121751361,690.3987212289649,-13278.08930301833,-248.998239941389,0.0,1244.991199706945,-66390.44651509164,0.0,-13268.68847149123,-248.998239941389,499.5615932451149,1244.109751160089,-66390.44651509164,-46.84030760061006,dt_005
4.389999999999929,1,T,0.0,0.0,0.009495315074516262,0.0,0.03762747143503076,0.0,0.0,0.0,0.02989729099428556,0.0,-0.0008712174793654383,0.0,32.05415388630266,0.0,1.236604767857874,0.0,-0.0008712174793654383,0.0,0.0,10.0,0.0,-32.04979779890584,10.0,-1.236604767857874,33.57364351616829,0.954611845552938,-0.2978526889756315,0.0,0.0,-1.0,0.0,72.67132379943284,72.67132379943284,-0.4048495239482852,1.216811002170556,690.4035926073338,-13278.19795980188,-248.9980833765602,0.0,1244.990416882801,-66390.98979900939,0.0,-13268.79925581209,-248.9980833765602,499.5071257221433,1244.109175585313,-66390.98979900939,-46.83478786589953,dt_005
4.394999999999929,1,T,0.0,0.0,0.00964396011391722,0.0,0.03762322138452411,0.0,0.0,0.0,0.02955958358419374,0.0,-0.0008288195905196434,0.0,32.05417184428927,0.0,1.236131067649022,0.0,-0.0008288195905196434,0.0,0.0,10.0,0.0,-32.05002774633667,10.0,-1.236131067649022,33.57386302677949,0.9546124531684852,-0.2978507415731013,0.0,0.0,-1.0,0.0,72.67144068244764,72.67144068244764,-0.4048475126058471,1.216814487048278,690.4126206063326,-13278.39933077618,-248.9977932908445,0.0,1244.988966454223,-66391.99665388091,0.0,-13269.00260709289,-248.9977932908445,499.4583070881392,1244.107925222137,-66391.99665388091,-46.8294457817221,dt_005
4.399999999999928,1,T,0.0,0.0,0.009790359551596435,0.0,0.03761923133913034,0.0,0.0,0.0,0.0289992851940167,0.0,-0.000767236864778656,0.0,32.05419784927668,0.0,1.235443268070513,0.0,-0.000767236864778656,0.0,0.0,10.0,0.0,-32.05036166495278,10.0,-1.235443268070513,33.57418178979608,0.9546133354973844,-0.2978479136918004,0.0,0.0,-1.0,0.0,72.67161041162736,72.67161041162736,-0.4048445918777777,1.216819547539217,690.4257307482433,-13278.69175502242,-248.9973722046835,0.0,1244.986861023418,-66393.4587751121,0.0,-13269.29681719887,-248.9973722046835,499.4163613422549,1244.106008122677,-66393.4587751121,-46.82440254824494,dt_005
4.404999999999928,1,T,0.0,0.0,0.009933391494630852,0.0,0.03761559593329859,0.0,0.0,0.0,0.02821283505793921,0.0,-0.000686985341734519,0.0,32.05423191621728,0.0,1.234540844230025,0.0,-0.000686985341734519,0.0,0.0,10.0,0.0,-32.0507969895086,10.0,-1.234540844230025,33.5745973566727,0.9546144857382406,-0.2978442271032202,0.0,0.0,-1.0,0.0,72.6718316801047,72.6718316801047,-0.4048407842528677,1.216826144679005,690.4428224433999,-13279.07298932163,-248.9968235299454,0.0,1244.984117649727,-66395.36494660816,0.0,-13269.67959731284,-248.9968235299454,499.382459033743,1244.103436907088,-66395.36494660816,-46.81977654839568,dt_005
4.409999999999928,1,T,0.0,0.0,0.01007192088125236,0.0,0.03761240664712318,0.0,0.0,0.0,0.02719852117341948,0.0,-0.0005888102109891139,0.0,32.05427399514996,0.0,1.233425017607378,0.0,-0.0005888102109891139,0.0,0.0,10.0,0.0,-32.05132994409501,10.0,-1.233425017607378,33.57510612321637,0.9546158938849127,-0.2978397138433836,0.0,0.0,-1.0,0.0,72.67210256490021,72.67210256490021,-0.4048361228220688,1.216834221133833,690.4637476009605,-13279.53973104471,-248.9961522492541,0.0,1244.980761246271,-66397.69865522353,0.0,-13270.14760153277,-248.9961522492541,499.3576893660695,1244.100232192831,-66397.69865522353,-46.81568253361739,dt_005
4.414999999999928,1,T,0.0,0.0,0.0102048082717437,0.0,0.03760975058235422,0.0,0.0,0.0,0.02595630848213008,0.0,-0.0004737181560280663,0.0,32.05432397938987,0.0,1.232098545131119,0.0,-0.0004737181560280663,0.0,0.0,10.0,0.0,-32.05195538860973,10.0,-1.232098545131119,33.57570318300762,0.9546175463223344,-0.2978344175100081,0.0,0.0,-1.0,0.0,72.67242044907604,72.67242044907604,-0.4048306526180844,1.216843698879463,690.4883045929746,-13280.08748349041,-248.9953650981314,0.0,1244.976825490657,-66400.43741745206,0.0,-13270.6962929076,-248.9953650981314,499.3430389693687,1244.096423561536,-66400.43741745206,-46.81223013476325,dt_005
4.419999999999928,1,T,0.0,0.0,0.01033092055049159,0.0,0.03760770925528184,0.0,0.0,0.0,0.02448875363322572,0.0,-0.0003429355915733422,0.0,32.0543816728063,0.0,1.230566594608622,0.0,-0.0003429355915733422,0.0,0.0,10.0,0.0,-32.05266699484844,10.0,-1.230566594608622,33.57638249547807,0.9546194262936204,-0.2978283917675396,0.0,0.0,-1.0,0.0,72.67278211147503,72.67278211147503,-0.404824429071125,1.2168544818768,690.5162451581209,-13280.71070983905,-248.9944703290457,0.0,1244.972351645229,-66403.55354919523,0.0,-13271.32009787608,-248.9944703290457,499.3393817275168,1244.092048435984,-66403.55354919523,-46.80952231553541,dt_005
4.424999999999928,1,T,0.0,0.0,0.01044914370621026,0.0,0.0376063574237727,0.0,0.0,0.0,0.0228009403613443,0.0,-0.0001979393305230365,0.0,32.05444679384506,0.0,1.228836642556749,0.0,-0.0001979393305230365,0.0,0.0,10.0,0.0,-32.05345709719244,10.0,-1.228836642556749,33.57713674334899,0.9546215135077484,-0.2978217016071454,0.0,0.0,-1.0,0.0,72.67318365110982,72.67318365110982,-0.4048175193100324,1.216866453817552,690.5472685274535,-13281.40270208273,-248.9934778827834,0.0,1244.967389413917,-66407.01351041366,0.0,-13272.01227586711,-248.9934778827834,499.3474583126095,1244.087152990597,-66407.01351041366,-46.80765394519936,dt_005
4.429999999999928,1,T,0.0,0.0,0.01055839543475273,0.0,0.03760576183486101,0.0,0.0,0.0,0.02090046788584558,0.0,-4.045692194332888e-05,0.0,32.05451897759224,0.0,1.226918422467334,0.0,-4.045692194332888e-05,0.0,0.0,10.0,0.0,-32.05431669298252,10.0,-1.226918422467334,33.57795733295904,0.9546237841430288,-0.2978144233385013,0.0,0.0,-1.0,0.0,72.67362048767136,72.67362048767136,-0.4048100021535299,1.216879478139386,690.5810214255862,-13282.15558100319,-248.9923993689666,0.0,1244.961996844833,-66410.77790501593,0.0,-13272.76491989558,-248.9923993689666,499.3678595617737,1244.08179211203,-66410.77790501593,-46.8067102368033,dt_005
4.434999999999928,1,T,0.0,0.0,0.01065763593300612,0.0,0.03760597993163711,0.0,0.0,0.0,0.01879673188724912,0.0,0.0001275182270917325,0.0,32.0545978044125,0.0,1.22482316484261,0.0,0.0001275182270917325,0.0,0.0,10.0,0.0,-32.05523539554796,10.0,-1.22482316484261,33.57883434939323,0.9546262107257216,-0.2978066449820257,0.0,0.0,-1.0,0.0,72.674087338004,72.674087338004,-0.4048019685150417,1.216893397324537,690.6170962116944,-13282.96025465292,-248.9912481043841,0.0,1244.956240521921,-66414.80127326462,0.0,-13273.56891571288,-248.9912481043841,499.40100771817,1244.07602965054,-66414.80127326462,-46.80676514588556,dt_005
4.439999999999928,1,T,0.0,0.0,0.01074587923295216,0.0,0.03760705882585495,0.0,0.0,0.0,0.01650187090463194,0.0,0.000303847090449796,0.0,32.05468276556971,0.0,1.222564509988728,0.0,0.000303847090449796,0.0,0.0,10.0,0.0,-32.05620200102196,10.0,-1.222564509988728,33.57975709754798,0.9546287636298216,-0.2977984614644579,0.0,0.0,-1.0,0.0,72.6745785044794,72.6745785044794,-0.4047935164403083,1.216908041497697,690.6550531223236,-13283.80691444498,-248.9900383824257,0.0,1244.950191912129,-66419.0345722249,0.0,-13274.41443805531,-248.9900383824257,499.4471613745079,1244.069934817219,-66419.0345722249,-46.80787995548343,dt_005
4.444999999999927,1,T,0.0,0.0,0.01082221140991481,0.0,0.03760903473095803,0.0,0.0,0.0,0.01403255948549352,0.0,0.0004863097834367507,0.0,32.05477319636336,0.0,1.220160281718421,0.0,0.0004863097834367507,0.0,0.0,10.0,0.0,-32.05720474528055,10.0,-1.220160281718421,33.58071434738752,0.954631411757758,-0.2977899724392841,0.0,0.0,-1.0,0.0,72.67508800582543,72.67508800582543,-0.404784748856059,1.216923232326694,690.6944303495134,-13284.68525991253,-248.9887851354258,0.0,1244.943925677129,-66423.42629956268,0.0,-13275.29117552671,-248.9887851354258,499.5064162951396,1244.063580522944,-66423.42629956268,-46.81010250802732,dt_005
4.449999999999927,1,T,0.0,0.0,0.01088580787068131,0.0,0.03761193232863726,0.0,0.0,0.0,0.01140785051866336,0.0,0.0006725133967456152,0.0,32.05486835779697,0.0,1.21763031089609,0.0,0.0006725133967456152,0.0,0.0,10.0,0.0,-32.05823092478069,10.0,-1.21763031089609,33.58169397196284,0.9546341215409184,-0.2977812854928921,0.0,0.0,-1.0,0.0,72.67560938470795,72.67560938470795,-0.4047757768811783,1.216938777285522,690.7347291412711,-13285.58416632501,-248.9875043944365,0.0,1244.937521972183,-66427.92083162507,0.0,-13276.18799876745,-248.9875043944365,499.5786843821616,1244.057045704922,-66427.92083162507,-46.8134665046415,dt_005
4.454999999999927,1,T,0.0,0.0,0.01093594460304819,0.0,0.03761576426818234,0.0,0.0,0.0,0.008648920640204142,0.0,0.0008600379318774639,0.0,32.05496744645988,0.0,1.214996164964238,0.0,0.0008600379318774639,0.0,0.0,10.0,0.0,-32.05926763611927,10.0,-1.214996164964238,33.58268365339978,0.9546368588942034,-0.2977725098806283,0.0,0.0,-1.0,0.0,72.67613608369466,72.67613608369466,-0.4047667133570563,1.21695448086374,690.7754428356488,-13286.49233229117,-248.9862123535918,0.0,1244.931061767959,-66432.46166145583,0.0,-13277.09360785379,-248.9862123535918,499.6637112296855,1244.050410675071,-66432.46166145583,-46.8179907074709,dt_005
4.459999999999927,1,T,0.0,0.0,0.01097200968509939,0.0,0.03762053107331498,0.0,0.0,0.0,0.005779428460991186,0.0,0.001046453668030687,0.0,32.05506958080313,0.0,1.212281502917483,0.0,0.001046453668030687,0.0,0.0,10.0,0.0,-32.06030184914328,10.0,-1.212281502917483,33.58367095268443,0.954639589409764,-0.2977637559065197,0.0,0.0,-1.0,0.0,72.6766614824873,72.6766614824873,-0.4047576722068909,1.216970145676554,690.8160597281352,-13287.3983437059,-248.9849252737041,0.0,1244.92462636852,-66436.9917185295,0.0,-13277.99659625281,-248.9849252737041,499.7610771330936,1244.043756642747,-66436.9917185295,-46.82367880678151,dt_005
4.464999999999927,1,T,0.0,0.0,0.01099351217129856,0.0,0.03762622105551001,0.0,0.0,0.0,0.002824101275947491,0.0,0.001229305098336576,0.0,32.05517385398215,0.0,1.209510660217582,0.0,0.001229305098336576,0.0,0.0,10.0,0.0,-32.06132037947383,10.0,-1.209510660217582,33.58464328343035,0.9546422782847276,-0.2977551351552898,0.0,0.0,-1.0,0.0,72.67717888399838,72.67717888399838,-0.4047487686752823,1.21698557204969,690.856061991099,-13288.29064964176,-248.9836595143212,0.0,1244.918297571606,-66441.45324820883,0.0,-13278.88542678335,-248.9836595143212,499.8701948681832,1244.037165879209,-66441.45324820883,-46.83051932032071,dt_005
4.469999999999927,1,T,0.0,0.0,0.01100008781788134,0.0,0.03763281038019167,0.0,0.0,0.0,-0.0001911087597278295,0.0,0.001406189476927587,0.0,32.05527932747378,0.0,1.206708806964994,0.0,0.001406189476927587,0.0,0.0,10.0,0.0,-32.06231027485842,10.0,-1.206708806964994,33.58558828070891,0.9546448913409254,-0.2977467572227657,0.0,0.0,-1.0,0.0,72.67768171058445,72.67768171058445,-0.4047401159514171,1.217000563870111,690.8949408487912,-13289.15790085273,-248.9824310553271,0.0,1244.912155276635,-66445.78950426364,0.0,-13279.74876985859,-248.9824310553271,499.9903231421396,1244.030719324667,-66445.78950426364,-46.83848558684083,dt_005
4.474999999999927,1,T,0.0,0.0,0.01099150393312122,0.0,0.03764026316665466,0.0,0.0,0.0,-0.003239534403532712,0.0,0.001574691325681665,0.0,32.05538504969131,0.0,1.203901441673151,0.0,0.001574691325681665,0.0,0.0,10.0,0.0,-32.06325850631972,10.0,-1.203901441673151,33.58649350621592,0.9546473942087974,-0.2977387323314737,0.0,0.0,-1.0,0.0,72.67816334705842,72.67816334705842,-0.4047318278705398,1.217014923905411,690.9321844513889,-13289.98867930247,-248.981255886396,0.0,1244.90627943198,-66449.94339651233,0.0,-13280.57523316883,-248.981255886396,500.1205575961174,1244.024498530157,-66449.94339651233,-46.84753596472645,dt_005
4.479999999999927,1,T,0.0,0.0,0.0109676609781276,0.0,0.03764853163743059,0.0,0.0,0.0,-0.006294583358180058,0.0,0.001732467262321959,0.0,32.05549008510945,0.0,1.201113606567537,0.0,0.001732467262321959,0.0,0.0,10.0,0.0,-32.06415242142106,10.0,-1.201113606567537,33.58734688099258,0.954649753522702,-0.2977311674968617,0.0,0.0,-1.0,0.0,72.67861737077754,72.67861737077754,-0.4047240149545591,1.217028460663913,690.967295683775,-13290.77189543905,-248.9801494536015,0.0,1244.900747268008,-66453.85947719523,0.0,-13281.35375861483,-248.9801494536015,500.2598475993575,1244.018582886392,-66453.85947719523,-46.85761391468431,dt_005
4.484999999999927,1,T,0.0,0.0,0.01092859380862098,0.0,0.03765755672281765,0.0,0.0,0.0,-0.00932909183162319,0.0,0.001877343609573603,0.0,32.05559348881992,0.0,1.198370552931519,0.0,0.001877343609573603,0.0,0.0,10.0,0.0,-32.06498020686779,10.0,-1.198370552931519,33.58813712706947,0.954651938139965,-0.2977241626163531,0.0,0.0,-1.0,0.0,72.67903778635764,72.67903778635764,-0.4047167803730474,1.217040995392692,690.999810345929,-13291.49719377691,-248.979126101325,0.0,1244.895630506625,-66457.48596888453,0.0,-13282.07402731499,-248.979126101325,500.4070194390857,1244.013046807968,-66457.48596888453,-46.86864864751501,dt_005
4.489999999999926,1,T,0.0,0.0,0.01087447268441136,0.0,0.03766726900327641,0.0,0.0,0.0,-0.01231606310833041,0.0,0.002007354005042337,0.0,32.05569433284406,0.0,1.195697033253998,0.0,0.002007354005042337,0.0,0.0,10.0,0.0,-32.06573110286927,10.0,-1.195697033253998,33.58885397213662,0.9546539197041124,-0.2977178086604391,0.0,0.0,-1.0,0.0,72.67941913422351,72.67941913422351,-0.4047102180752865,1.217052365314015,691.0293055864297,-13292.15514107016,-248.9781988263748,0.0,1244.890994131874,-66460.7757053508,0.0,-13282.72664718824,-248.9781988263748,500.5607958611428,1244.007958461793,-66460.7757053508,-46.88055625062849,dt_005
4.494999999999926,1,T,0.0,0.0,0.01080560181811408,0.0,0.03767758982008627,0.0,0.0,0.0,-0.01522891347995889,0.0,0.002120768918307027,0.0,32.05579171378343,0.0,1.193117091065347,0.0,0.002120768918307027,0.0,0.0,10.0,0.0,-32.06639555837496,10.0,-1.193117091065347,33.58948829777211,0.9546556730517932,-0.2977121863646631,0.0,0.0,-1.0,0.0,72.67975656909563,72.67975656909563,-0.4047044114396554,1.217062425965434,691.055406015029,-13292.73736271882,-248.9773791072478,0.0,1244.886895536239,-66463.68681359409,0.0,-13283.30328872093,-248.9773791072478,500.7198159415447,1244.00337886311,-66463.68681359409,-46.89324103770996,dt_005
4.499999999999926,1,T,0.0,0.0,0.01072242275903002,0.0,0.03768843223597417,0.0,0.0,0.0,-0.01803929376778778,0.0,0.00221600622465173,0.0,32.05588466938149,0.0,1.190656268653778,0.0,0.00221600622465173,0.0,0.0,10.0,0.0,-32.06696470050475,10.0,-1.190656268653778,33.59003163296244,0.9546571748100682,-0.2977073707244395,0.0,0.0,-1.0,0.0,72.68004559020684,72.68004559020684,-0.404699437916107,1.217071043156166,691.0777628758433,-13293.23607823777,-248.9766775790274,0.0,1244.883387895137,-66466.18039118883,0.0,-13283.7962202963,-248.9766775790274,500.8826303674384,1243.999365203728,-66466.18039118883,-46.90659687075269,dt_005
4.504999999999926,1,T,0.0,0.0,0.01062551677122053,0.0,0.03769970046530845,0.0,0.0,0.0,-0.02071966793585056,0.0,0.002291108955128622,0.0,32.05597227612711,0.0,1.18833901200873,0.0,0.002291108955128622,0.0,0.0,10.0,0.0,-32.06742782090276,10.0,-1.18833901200873,33.59047375445616,0.9546583967619284,-0.297703452267427,0.0,0.0,-1.0,0.0,72.68028076458279,72.68028076458279,-0.4046953909961716,1.217078054901586,691.0959553173952,-13293.64189892011,-248.9761071462451,0.0,1244.880535731226,-66468.20949460054,0.0,-13284.19610771925,-248.9761071462451,501.0476108922301,1243.995986433153,-66468.20949460054,-46.9205070376568,dt_005
4.509999999999926,1,T,0.0,0.0,0.01051560070758782,0.0,0.03771128883824174,0.0,0.0,0.0,-0.02324333886569703,0.0,0.002344080764183301,0.0,32.05605365138629,0.0,1.186188611856235,0.0,0.002344080764183301,0.0,0.0,10.0,0.0,-32.06777405520721,10.0,-1.186188611856235,33.5908042901003,0.9546593102761176,-0.2977005228465799,0.0,0.0,-1.0,0.0,72.68045657969238,72.68045657969238,-0.4046923655404048,1.217083296845077,691.1095563741902,-13293.94529972428,-248.9756809256517,0.0,1244.878404628259,-66469.7264986214,0.0,-13284.49348559104,-248.9756809256517,501.2129920008147,1243.993313029509,-66469.7264986214,-46.93484257633219,dt_005
4.514999999999926,1,T,0.0,0.0,0.01039351286348004,0.0,0.03772308244672205,0.0,0.0,0.0,-0.02558842386617064,0.0,0.00237322300018647,0.0,32.05612810256808,0.0,1.184223251685856,0.0,0.00237322300018647,0.0,0.0,10.0,0.0,-32.06799421756902,10.0,-1.184223251685856,33.59101447021271,0.9546598911445722,-0.2976986601243507,0.0,0.0,-1.0,0.0,72.68056837464218,72.68056837464218,-0.4046904417542388,1.217086630021679,691.1182050470494,-13294.13822723587,-248.9754100094284,0.0,1244.877050047142,-66470.69113617936,0.0,-13284.68036381434,-248.9754100094284,501.3769401754376,1243.991405794413,-66470.69113617936,-46.94946265629702,dt_005
4.519999999999926,1,T,0.0,0.0,0.01026019067387712,0.0,0.03773495969341212,0.0,0.0,0.0,-0.02773714696037718,0.0,0.002377558260502465,0.0,32.05619509773357,0.0,1.182456796680606,0.0,0.002377558260502465,0.0,0.0,10.0,0.0,-32.06808288903608,10.0,-1.182456796680606,33.59109912131618,0.9546601250891006,-0.297697909910135,0.0,0.0,-1.0,0.0,72.68061340020931,72.68061340020931,-0.4046896669467603,1.21708797246306,691.1216883590795,-13294.21593016851,-248.9753009202189,0.0,1244.876504601095,-66471.07965084254,0.0,-13284.75205551726,-248.9753009202189,501.5376569871764,1243.990303018563,-66471.07965084254,-46.96421726829173,dt_005
4.524999999999926,1,T,0.0,0.0,0.01011664792548903,0.0,0.03774679627753581,0.0,0.0,0.0,-0.02967674360261199,0.0,0.002356982250611784,0.0,32.05625429541313,0.0,1.180898017430084,0.0,0.002356982250611784,0.0,0.0,10.0,0.0,-32.06803920666619,10.0,-1.180898017430084,33.59105741950199,0.954660009840846,-0.2976982794889419,0.0,0.0,-1.0,0.0,72.68059121921887,72.68059121921887,-0.4046900486409481,1.217087311134812,691.1199723681716,-13294.17765121449,-248.9753546593207,0.0,1244.876773296603,-66470.88825607246,0.0,-13284.70786640703,-248.9753546593207,501.6934584725253,1243.99001553962,-66470.88825607246,-46.97895200085845,dt_005
4.529999999999926,1,T,0.0,0.0,0.009963947722362691,0.0,0.03775846918756099,0.0,0.0,0.0,-0.03140024411027804,0.0,0.002312113973222135,0.0,32.05630556999146,0.0,1.179549935067186,0.0,0.002312113973222135,0.0,0.0,10.0,0.0,-32.06786613985757,10.0,-1.179549935067186,33.59089219958029,0.9546595532302729,-0.2976997437455665,0.0,0.0,-1.0,0.0,72.68050333898518,72.68050333898518,-0.4046915608986855,1.217084690977647,691.1131737428422,-13294.02599299582,-248.9755676026214,0.0,1244.877838013107,-66470.1299649791,0.0,-13284.55045915756,-248.9755676026214,501.8428046163896,1243.990531031398,-66470.1299649791,-46.99351317369442,dt_005
4.534999999999926,1,T,0.0,0.0,0.009803179052427386,0.0,0.0377698597840006,0.0,0.0,0.0,-0.03290426035113093,0.0,0.002244082576345844,0.0,32.05634892511175,0.0,1.17841213184881,0.0,0.002244082576345844,0.0,0.0,10.0,0.0,-32.06756933799348,10.0,-1.17841213184881,33.59060885496152,0.9546587701478032,-0.2977022549123263,0.0,0.0,-1.0,0.0,72.68035262628815,72.68035262628815,-0.4046941543879448,1.21708019746487,691.1015144887996,-13293.76590812253,-248.9759329111961,0.0,1244.87966455598,-66468.82954061266,0.0,-13284.28484262518,-248.9759329111961,501.9843025032375,1243.991820906743,-66468.82954061266,-47.00775193662588,dt_005
4.539999999999925,1,T,0.0,0.0,0.009635441784717364,0.0,0.03778085587319699,0.0,0.0,0.0,-0.03418782557050942,0.0,0.002154336794005207,0.0,32.05638444790548,0.0,1.177481976997361,0.0,0.002154336794005207,0.0,0.0,10.0,0.0,-32.06715613187551,10.0,-1.177481976997361,33.59021438434237,0.9546576799111824,-0.2977057510136454,0.0,0.0,-1.0,0.0,72.68014280056718,72.68014280056718,-0.4046977651039922,1.217073941491905,691.0852827114745,-13293.40382387711,-248.976441745096,0.0,1244.88220872548,-66467.01911938554,0.0,-13283.9174961,-248.976441745096,502.1167010554246,1243.993846284053,-66467.01911938554,-47.02152707684171,dt_005
4.544999999999925,1,T,0.0,0.0,0.009461834460033163,0.0,0.03779135332655564,0.0,0.0,0.0,-0.03525243681379679,0.0,0.002044653662349176,0.0,32.0564123091007,0.0,1.176754636230946,0.0,0.002044653662349176,0.0,0.0,10.0,0.0,-32.06663557741245,10.0,-1.176754636230946,33.58971743338389,0.9546563063832836,-0.2977101554912539,0.0,0.0,-1.0,0.0,72.6798784564313,72.6798784564313,-0.404702313982028,1.217066060047439,691.0648343184264,-13292.94768014058,-248.9770831901122,0.0,1244.885415950561,-66464.73840070289,0.0,-13283.45640637527,-248.9770831901122,502.238914145932,1243.996557544319,-66464.73840070289,-47.03470701815812,dt_005
4.549999999999925,1,T,0.0,0.0,0.009283440835258746,0.0,0.03780125772213079,0.0,0.0,0.0,-0.03610250643317105,0.0,0.001917138238854631,0.0,32.05643277853345,0.0,1.176222673216912,0.0,0.001917138238854631,0.0,0.0,10.0,0.0,-32.06601846972772,10.0,-1.176222673216912,33.58912830814339,0.9546546780123972,-0.2977153770785885,0.0,0.0,-1.0,0.0,72.67956507121635,72.67956507121635,-0.4047077067671422,1.217056716438737,691.0405935568132,-13292.40694132169,-248.9778442169006,0.0,1244.889221084503,-66462.03470660845,0.0,-13282.9110788263,-248.9778442169006,502.3500429883991,1243.99989404858,-66462.03470660845,-47.04717185444618,dt_005
4.554999999999925,1,T,0.0,0.0,0.009101321560906915,0.0,0.03781048530264777,0.0,0.0,0.0,-0.03674285741399937,0.0,0.001773950539875528,0.0,32.05644612969198,0.0,1.175878583179406,0.0,0.001773950539875528,0.0,0.0,10.0,0.0,-32.06531588239135,10.0,-1.175878583179406,33.58845758050731,0.954652823980822,-0.2977213221545305,0.0,0.0,-1.0,0.0,72.6792082635675,72.6792082635675,-0.4047138467727504,1.217046078186217,691.0129956154927,-13291.79131592009,-248.9787114583099,0.0,1244.89355729155,-66458.95657960043,0.0,-13282.29125739043,-248.9787114583099,502.4493405491775,1244.003792971876,-66458.95657960043,-47.05881487665837,dt_005
4.559999999999925,1,T,0.0,0.0,0.008916511408393814,0.0,0.03781896316504751,0.0,0.0,0.0,-0.03717902138659254,0.0,0.001617272600608205,0.0,32.0564526509405,0.0,1.175714501183678,0.0,0.001617272600608205,0.0,0.0,10.0,0.0,-32.06453901394354,10.0,-1.175714501183678,33.5877159416461,0.9546507738022776,-0.2977278960371579,0.0,0.0,-1.0,0.0,72.67881371580673,72.67881371580673,-0.4047206362165073,1.217034314708826,690.9824805832333,-13291.11062170503,-248.9796713802982,0.0,1244.898356901491,-66455.55310852514,0.0,-13281.60678973327,-248.9796713802982,502.5362089554944,1244.008190146984,-66455.55310852514,-47.06954284095368,dt_005
4.564999999999925,1,T,0.0,0.0,0.008730015982771703,0.0,0.03782662877278454,0.0,0.0,0.0,-0.03741713126643551,0.0,0.001449068152136821,0.0,32.05645264217874,0.0,1.17572229379066,0.0,0.001449068152136821,0.0,0.0,10.0,0.0,-32.06369798293942,10.0,-1.17572229379066,33.58691305168062,0.95464855414377,-0.2977350131764974,0.0,0.0,-1.0,0.0,72.67838656220081,72.67838656220081,-0.4047279867470925,1.217021579085194,690.9494461089567,-13290.37372967979,-248.9807117571653,0.0,1244.903558785827,-66451.86864839894,0.0,-13280.86657220189,-248.9807117571653,502.6101530342398,1244.013027456994,-66451.86864839894,-47.07927564120421,dt_005
4.569999999999925,1,T,0.0,0.0,0.008544350802604673,0.0,0.03783382192676508,0.0,0.0,0.0,-0.03641872880104204,0.0,0.001537826221361515,0.0,32.05640641982765,0.0,1.176950568755103,0.0,0.001537826221361515,0.0,0.0,10.0,0.0,-32.06409555093445,10.0,-1.176950568755103,33.58729258960083,0.9546496034295427,-0.2977316487574281,0.0,0.0,-1.0,0.0,72.67858848667491,72.67858848667491,-0.4047245119970209,1.217027599481765,690.9650618934161,-13290.72206681658,-248.980219803309,0.0,1244.901099016545,-66453.6103340829,0.0,-13281.21104436805,-248.980219803309,502.7188601208657,1244.010230767295,-66453.6103340829,-47.08813097697346,dt_005
4.574999999999925,1,T,0.0,0.0,0.008364995111758233,0.0,0.03784165326380698,0.0,0.0,0.0,-0.03466235661614377,0.0,0.001764066752126233,0.0,32.05633075358234,0.0,1.178956728022657,0.0,0.001764066752126233,0.0,0.0,10.0,0.0,-32.06515108734297,10.0,-1.178956728022657,33.58830025848483,0.9546523890932204,-0.2977227166317793,0.0,0.0,-1.0,0.0,72.67912457065088,72.67912457065088,-0.4047152869744363,1.217043582874292,691.0065224806558,-13291.64692045654,-248.9789149970192,0.0,1244.894574985096,-66458.2346022827,0.0,-13282.13129852802,-248.9789149970192,502.8578593840234,1244.003342605292,-66458.2346022827,-47.09762641771159,dt_005
4.579999999999925,1,T,0.0,0.0,0.008196187687373962,0.0,0.03785095107472667,0.0,0.0,0.0,-0.03254532077424754,0.0,0.002037607475245524,0.0,32.0562396777926,0.0,1.181370301163966,0.0,0.002037607475245524,0.0,0.0,10.0,0.0,-32.06642771516882,10.0,-1.181370301163966,33.58951899643916,0.9546557579037734,-0.2977119142748101,0.0,0.0,-1.0,0.0,72.67977289917145,72.67977289917145,-0.4047041304289835,1.217062912848131,691.0566691774402,-13292.76554010252,-248.9773394556851,0.0,1244.886697278426,-66463.82770051261,0.0,-13283.24444089815,-248.9773394556851,503.0236848156828,1243.995032582525,-66463.82770051261,-47.10889481604362,dt_005
4.584999999999924,1,T,0.0,0.0,0.008034805793345519,0.0,0.03786065192418154,0.0,0.0,0.0,-0.03203097371495809,0.0,0.001836383729026027,0.0,32.05620874712581,0.0,1.182195252326914,0.0,0.001836383729026027,0.0,0.0,10.0,0.0,-32.06539066577094,10.0,-1.182195252326914,33.5885289726792,0.9546530213291814,-0.2977206893500447,0.0,0.0,-1.0,0.0,72.67924624284292,72.67924624284292,-0.4047131932190364,1.21704721054177,691.0159331109625,-13291.85684232832,-248.9786191086619,0.0,1244.89309554331,-66459.2842116416,0.0,-13282.33151394095,-248.9786191086619,503.1181478751382,1244.000969207397,-66459.2842116416,-47.12120480697143,dt_005
4.589999999999924,1,T,0.0,0.0,0.007876301337140346,0.0,0.03786930275728429,0.0,0.0,0.0,-0.03136991913248394,0.0,0.001624077434159485,0.0,32.05617349125934,0.0,1.183133145829641,0.0,0.001624077434159485,0.0,0.0,10.0,0.0,-32.06429387843014,10.0,-1.183133145829641,33.58748192291783,0.9546501268543036,-0.2977299704380838,0.0,0.0,-1.0,0.0,72.67868921534897,72.67868921534897,-0.404722778641176,1.217030602716348,690.9728519274285,-13290.89583728726,-248.9799744931983,0.0,1244.899872465991,-66454.4791864363,0.0,-13281.36684501043,-248.9799744931983,503.1966671963178,1244.007333587094,-66454.4791864363,-47.13222302597365,dt_005
4.594999999999924,1,T,0.0,0.0,0.007721502990022784,0.0,0.03787688475789291,0.0,0.0,0.0,-0.03054870703643574,0.0,0.001408864434116024,0.0,32.05613342230274,0.0,1.184196818809608,0.0,0.001408864434116024,0.0,0.0,10.0,0.0,-32.06317774447332,10.0,-1.184196818809608,33.58641640713831,0.954647181044857,-0.2977394158036653,0.0,0.0,-1.0,0.0,72.67812232659725,72.67812232659725,-0.404732533757486,1.217013700876629,690.9290123326348,-13289.91791993778,-248.9813559163102,0.0,1244.906779581551,-66449.58959968889,0.0,-13280.38581344657,-248.9813559163102,503.2603349067061,1244.01387835627,-66449.58959968889,-47.14191664644785,dt_005
4.599999999999924,1,T,0.0,0.0,0.007571177676501117,0.0,0.03788338782489232,0.0,0.0,0.0,-0.02958087794486906,0.0,0.001192516191667025,0.0,32.0560890648381,0.0,1.185372416652096,0.0,0.001192516191667025,0.0,0.0,10.0,0.0,-32.06205164579644,10.0,-1.185372416652096,33.58534138188442,0.954644208651408,-0.2977489460742506,0.0,0.0,-1.0,0.0,72.67755034027279,72.67755034027279,-0.404742376593679,1.216996647052314,690.8847828893523,-13288.93131192053,-248.9827518505534,0.0,1244.913759252767,-66444.65655960262,0.0,-13279.39664029394,-248.9827518505534,503.3093310200442,1244.020546426297,-66444.65655960262,-47.15027090140067,dt_005
4.604999999999924,1,T,0.0,0.0,0.007426396716027117,0.0,0.03788891436866224,0.0,0.0,0.0,-0.02821688465234131,0.0,0.001049844803003777,0.0,32.05603084547516,0.0,1.186912590369138,0.0,0.001049844803003777,0.0,0.0,10.0,0.0,-32.06128006949018,10.0,-1.186912590369138,33.58460480181787,0.9546421718725944,-0.2977554763264244,0.0,0.0,-1.0,0.0,72.6771584075669,72.6771584075669,-0.4047491210371346,1.216984961543022,690.8544788127516,-13288.25533456674,-248.9837095747828,0.0,1244.918547873914,-66441.27667283369,0.0,-13278.71836632461,-248.9837095747828,503.3571142585962,1244.025071013621,-66441.27667283369,-47.15732742693019,dt_005
4.609999999999924,1,T,0.0,0.0,0.007292901282958769,0.0,0.03789488761124364,0.0,0.0,0.0,-0.02482170518250207,0.0,0.001438952501843966,0.0,32.05589512603293,0.0,1.190496810780883,0.0,0.001438952501843966,0.0,0.0,10.0,0.0,-32.06308988854215,10.0,-1.190496810780883,33.58633253573147,0.9546469491550236,-0.2977401593151413,0.0,0.0,-1.0,0.0,72.67807770270308,72.67807770270308,-0.4047333016529091,1.217012370411163,690.9255615854496,-13289.84094533697,-248.9814647455875,0.0,1244.907323727937,-66449.20472668484,0.0,-13280.29983183366,-248.9814647455875,503.496503417616,1244.013573221393,-66449.20472668484,-47.16433305365685,dt_005
4.614999999999924,1,T,0.0,0.0,0.007175995958558447,0.0,0.0379026417610851,0.0,0.0,0.0,-0.02235577296151297,0.0,0.001548064057478688,0.0,32.05579245081025,0.0,1.193209538100478,0.0,0.001548064057478688,0.0,0.0,10.0,0.0,-32.06353277109765,10.0,-1.193209538100478,33.58675533247076,0.9546481180961084,-0.2977364113029481,0.0,0.0,-1.0,0.0,72.67830264989318,72.67830264989318,-0.4047294307240956,1.217019077232107,690.9429569299925,-13290.22897750146,-248.9809162718359,0.0,1244.904581359179,-66451.14488750728,0.0,-13280.68368071944,-248.9809162718359,503.6141847602115,1244.010467065552,-66451.14488750728,-47.17387540175559,dt_005
4.619999999999924,1,T,0.0,0.0,0.007067954187475465,0.0,0.03790994234169488,0.0,0.0,0.0,-0.02077444131865964,0.0,0.001397332073830934,0.0,32.05572380500036,0.0,1.195023759428172,0.0,0.001397332073830934,0.0,0.0,10.0,0.0,-32.06271046536952,10.0,-1.195023759428172,33.58597032074726,0.9546459476730744,-0.2977433703567183,0.0,0.0,-1.0,0.0,72.67788498305225,72.67788498305225,-0.4047366180048447,1.217006624457236,690.9106589614961,-13289.50851814995,-248.9819348992123,0.0,1244.909674496062,-66447.54259074977,0.0,-13279.96006198509,-248.9819348992123,503.683835417715,1244.015212113205,-66447.54259074977,-47.1831504334734,dt_005
4.624999999999924,1,T,0.0,0.0,0.006967647214679019,0.0,0.0379164176995257,0.0,0.0,0.0,-0.01934876876495332,0.0,0.001192952473073241,0.0,32.05566202267728,0.0,1.196655979549311,0.0,0.001192952473073241,0.0,0.0,10.0,0.0,-32.06162678504264,10.0,-1.196655979549311,33.58493579126457,0.9546430871361636,-0.2977525418583946,0.0,0.0,-1.0,0.0,72.67733452858646,72.67733452858646,-0.404746090317218,1.216990212607247,690.8680961633105,-13288.55908943336,-248.9832790847366,0.0,1244.916395423683,-66442.7954471668,0.0,-13279.0080538506,-248.9832790847366,503.733837589794,1244.021622656355,-66442.7954471668,-47.19146064857253,dt_005
4.629999999999924,1,T,0.0,0.0,0.006874565002213866,0.0,0.03792189103736557,0.0,0.0,0.0,-0.01788462830538648,0.0,0.0009965260939166158,0.0,32.05559996282639,0.0,1.198294518816937,0.0,0.0009965260939166158,0.0,0.0,10.0,0.0,-32.06058259329598,10.0,-1.198294518816937,33.58393896227113,0.9546403305852084,-0.2977613796652679,0.0,0.0,-1.0,0.0,72.67680410022858,72.67680410022858,-0.4047552180169818,1.216974397837488,690.8270856857013,-13287.64429251909,-248.9845762055405,0.0,1244.922881027702,-66438.22146259544,0.0,-13278.09115732404,-248.9845762055405,503.7718355646423,1244.027845284116,-66438.22146259544,-47.19851548591171,dt_005
4.634999999999923,1,T,0.0,0.0,0.006789310921746335,0.0,0.03792653926719216,0.0,0.0,0.0,-0.01604569563216841,0.0,0.0009128011792970368,0.0,32.05552466489863,0.0,1.200281130850637,0.0,0.0009128011792970368,0.0,0.0,10.0,0.0,-32.06008867079512,10.0,-1.200281130850637,33.58346744425366,0.9546390265988094,-0.2977655602894294,0.0,0.0,-1.0,0.0,72.67655318658488,72.67655318658488,-0.4047595357808652,1.216966916824368,690.8076874172878,-13287.21158828422,-248.9851904235589,0.0,1244.925952117794,-66436.05794142112,0.0,-13277.65642246689,-248.9851904235589,503.8171481384387,1244.030694762724,-66436.05794142112,-47.20441446063477,dt_005
4.639999999999923,1,T,0.0,0.0,0.006713157499037627,0.0,0.03793076917344158,0.0,0.0,0.0,-0.0144920902864684,0.0,0.0007573171520695266,0.0,32.05546067221917,0.0,1.201969210564096,0.0,0.0007573171520695266,0.0,0.0,10.0,0.0,-32.05924725797951,10.0,-1.201969210564096,33.582664199677,0.9546368050896886,-0.2977726823739071,0.0,0.0,-1.0,0.0,72.67612573092327,72.67612573092327,-0.4047668915092752,1.216954172194919,690.7746425333137,-13286.47448057774,-248.9862377327588,0.0,1244.931188663794,-66432.37240288871,0.0,-13276.91771373312,-248.9862377327588,503.8453590173762,1244.035727860776,-66432.37240288871,-47.209875172015,dt_005
4.644999999999923,1,T,0.0,0.0,0.006644338018494791,0.0,0.0379341407230753,0.0,0.0,0.0,-0.01303642877427442,0.0,0.0005914367410822241,0.0,32.05540141351192,0.0,1.203531901423981,0.0,0.0005914367410822241,0.0,0.0,10.0,0.0,-32.05835859721734,10.0,-1.203531901423981,33.58181585244876,0.9546344586628324,-0.2977802047375234,0.0,0.0,-1.0,0.0,72.67567425009354,72.67567425009354,-0.4047746606667907,1.216940711252896,690.7397430180145,-13285.69600637929,-248.9873451777145,0.0,1244.936725888572,-66428.48003189646,0.0,-13276.13810076422,-248.9873451777145,503.8605991337178,1244.041101924493,-66428.48003189646,-47.21427949943995,dt_005
4.649999999999923,1,T,0.0,0.0,0.006583231785388403,0.0,0.0379368748406524,0.0,0.0,0.0,-0.01121459428476318,0.0,0.0005594562281308643,0.0,32.05532902466457,0.0,1.20544006830467,0.0,0.0005594562281308643,0.0,0.0,10.0,0.0,-32.05812630580522,10.0,-1.20544006830467,33.58159409913355,0.954633845289446,-0.2977821711047962,0.0,0.0,-1.0,0.0,72.6755562315359,72.6755562315359,-0.4047766915498397,1.21693719251886,690.7306206213636,-13285.49252130778,-248.9876348827899,0.0,1244.93817441395,-66427.4626065389,0.0,-13275.93338443992,-248.9876348827899,503.8891799182286,1244.042420313591,-66427.4626065389,-47.21773579325242,dt_005
4.654999999999923,1,T,0.0,0.0,0.006536334246270108,0.0,0.03794104366115676,0.0,0.0,0.0,-0.007700438963009861,0.0,0.001062049658817512,0.0,32.05519070038873,0.0,1.209085327478924,0.0,0.001062049658817512,0.0,0.0,10.0,0.0,-32.06050094868282,10.0,-1.209085327478924,33.58386102103943,0.954640115042095,-0.2977620707081671,0.0,0.0,-1.0,0.0,72.67676262508367,72.67676262508367,-0.4047559317282018,1.216973161252269,690.8238791618013,-13287.57276665492,-248.9846777057808,0.0,1244.923388528904,-66437.86383327462,0.0,-13278.01003194746,-248.9846777057808,504.0234326419366,1244.027448216502,-66437.86383327462,-47.22236112506587,dt_005
4.659999999999923,1,T,0.0,0.0,0.006501178751062353,0.0,0.03794608931694413,0.0,0.0,0.0,-0.00640311145472135,0.0,0.0009442747532698352,0.0,32.05513538266002,0.0,1.210543460527729,0.0,0.0009442747532698352,0.0,0.0,10.0,0.0,-32.05985675642637,10.0,-1.210543460527729,33.58324604981743,0.9546384143113724,-0.297767523281281,0.0,0.0,-1.0,0.0,72.676435371179,72.676435371179,-0.4047615631680448,1.216963404147321,690.7985793360789,-13287.00842076324,-248.9854789661898,0.0,1244.927394830949,-66435.04210381622,0.0,-13277.44354901169,-248.9854789661898,504.0690193228976,1244.03121335093,-66435.04210381622,-47.22879004577309,dt_005
4.664999999999923,1,T,0.0,0.0,0.006472059026561401,0.0,0.0379505241948234,0.0,0.0,0.0,-0.005245649617346519,0.0,0.0008297463790653472,0.0,32.05508609799223,0.0,1.211842249551316,0.0,0.0008297463790653472,0.0,0.0,10.0,0.0,-32.05923482988756,10.0,-1.211842249551316,33.5826523353632,0.9546367722756832,-0.2977727875731185,0.0,0.0,-1.0,0.0,72.67611941703417,72.67611941703417,-0.4047670001597333,1.216953983945741,690.7741544501987,-13286.46359329329,-248.9862532111959,0.0,1244.931266055979,-66432.31796646645,0.0,-13276.89687822132,-248.9862532111959,504.1072316333835,1244.034872322393,-66432.31796646645,-47.23445405157402,dt_005
4.669999999999923,1,T,0.0,0.0,0.006448433006316612,0.0,0.03795442670133272,0.0,0.0,0.0,-0.004205567086839898,0.0,0.0007313154906047376,0.0,32.05504190226674,0.0,1.213006678205208,0.0,0.0007313154906047376,0.0,0.0,10.0,0.0,-32.05869847971977,10.0,-1.213006678205208,33.58214031614999,0.9546353561122612,-0.2977773276467104,0.0,0.0,-1.0,0.0,72.6758469288418,72.6758469288418,-0.4047716891820531,1.216945859685489,690.7530907808217,-13285.99374331054,-248.9869214568249,0.0,1244.934607284124,-66429.9687165527,0.0,-13276.42539923359,-248.9869214568249,504.1412162004895,1244.038026802006,-66429.9687165527,-47.23943568935546,dt_005
4.674999999999923,1,T,0.0,0.0,0.006429672513007322,0.0,0.037957879525676,0.0,0.0,0.0,-0.003299354698838603,0.0,0.0006498611908456685,0.0,32.05500332413551,0.0,1.214022918257679,0.0,0.0006498611908456685,0.0,0.0,10.0,0.0,-32.05825263008974,10.0,-1.214022918257679,33.58171469259209,0.9546341788545294,-0.2977811017555317,0.0,0.0,-1.0,0.0,72.67562041236216,72.67562041236216,-0.404775587115463,1.216939106076036,690.7355815379766,-13285.6031799692,-248.9874773243656,0.0,1244.937386621828,-66428.01589984598,0.0,-13276.03337643021,-248.9874773243656,504.1722359657478,1244.040641020825,-66428.01589984598,-47.24383660629076,dt_005
4.679999999999922,1,T,0.0,0.0,0.00641570135330312,0.0,0.03796116571791431,0.0,0.0,0.0,-0.002290103630445925,0.0,0.0006645308573473436,0.0,32.05496103130369,0.0,1.215136781119283,0.0,0.0006645308573473436,0.0,0.0,10.0,0.0,-32.05828368559042,10.0,-1.215136781119283,33.58174433923576,0.9546342608574572,-0.2977808388683473,0.0,0.0,-1.0,0.0,72.67563619047469,72.67563619047469,-0.4047753156030677,1.216939576501896,690.7368011302983,-13285.63038431827,-248.9874385944977,0.0,1244.937192972489,-66428.15192159136,0.0,-13276.05890430165,-248.9874385944977,504.216896021653,1244.040292251952,-66428.15192159136,-47.2479174133451,dt_005
4.684999999999922,1,T,0.0,0.0,0.006405736730684231,0.0,0.03796437644273228,0.0,0.0,0.0,-0.001696259513042077,0.0,0.0006197720123714773,0.0,32.05493459016228,0.0,1.215833116988798,0.0,0.0006197720123714773,0.0,0.0,10.0,0.0,-32.05803345022413,10.0,-1.215833116988798,33.58150545606449,0.9546336000977216,-0.2977829571423844,0.0,0.0,-1.0,0.0,72.67550905466032,72.67550905466032,-0.404777503377393,1.216935785936022,690.7269740761096,-13285.41118117948,-248.9877507148059,0.0,1244.93875357403,-66427.05590589742,0.0,-13275.83824014183,-248.9877507148059,504.2512018792937,1244.041700022512,-66427.05590589742,-47.25197091717573,dt_005
4.689999999999922,1,T,0.0,0.0,0.006398295281648488,0.0,0.03796741203968138,0.0,0.0,0.0,-0.001280687578648344,0.0,0.0005944622921336394,0.0,32.05491512483492,0.0,1.216345695286678,0.0,0.0005944622921336394,0.0,0.0,10.0,0.0,-32.05788743629559,10.0,-1.216345695286678,33.58136606629037,0.954633214533697,-0.2977841931820098,0.0,0.0,-1.0,0.0,72.675434869268,72.675434869268,-0.4047787799720131,1.216933574091799,690.7212399628967,-13285.28327567132,-248.9879328888974,0.0,1244.939664444487,-66426.4163783566,0.0,-13275.70889604747,-248.9879328888974,504.2866468965459,1244.042466792856,-66426.4163783566,-47.25578190123292,dt_005
4.694999999999922,1,T,0.0,0.0,0.006392451897359577,0.0,0.03797037030492333,0.0,0.0,0.0,-0.001056865991238524,0.0,0.0005888207810422204,0.0,32.05490302987491,0.0,1.21666418248212,0.0,0.0005888207810422204,0.0,0.0,10.0,0.0,-32.05784713378012,10.0,-1.21666418248212,33.58132759217263,0.954633108110127,-0.2977845343532776,0.0,0.0,-1.0,0.0,72.67541439263412,72.67541439263412,-0.4047791323373484,1.216932963579096,690.719657247349,-13285.24797153032,-248.9879831787528,0.0,1244.939915893764,-66426.23985765161,0.0,-13275.67212548152,-248.9879831787528,504.3245797733119,1244.042578260311,-66426.23985765161,-47.25947165394329,dt_005
4.699999999999922,1,T,0.0,0.0,0.006387218646916128,0.0,0.03797334939264969,0.0,0.0,0.0,-0.001036446511628834,0.0,0.0006027719345050885,0.0,32.05489862997363,0.0,1.216780081604093,0.0,0.0006027719345050885,0.0,0.0,10.0,0.0,-32.05791248964616,10.0,-1.216780081604093,33.58138998305179,0.9546332806898546,-0.2977839810992608,0.0,0.0,-1.0,0.0,72.67544759818401,72.67544759818401,-0.4047785609307007,1.216933953605588,690.7222238312094,-13285.30522189621,-248.9879016285013,0.0,1244.939508142506,-66426.52610948107,0.0,-13275.72783208949,-248.9879016285013,504.3663026286737,1244.042030007369,-66426.52610948107,-47.26316228574947,dt_005
4.704999999999922,1,T,0.0,0.0,0.006381547948600862,0.0,0.03797644620434162,0.0,0.0,0.0,-0.001231636596257744,0.0,0.0006358905926623463,0.0,32.05490227252525,0.0,1.216684300234167,0.0,0.0006358905926623463,0.0,0.0,10.0,0.0,-32.05808172548856,10.0,-1.216684300234167,33.58155154125705,0.9546337275722117,-0.2977825484839309,0.0,0.0,-1.0,0.0,72.67553358177008,72.67553358177008,-0.4047770813107923,1.216936517214031,690.7288698998385,-13285.45346956953,-248.9876904923243,0.0,1244.938452461621,-66427.26734784764,0.0,-13275.87441088235,-248.9876904923243,504.4130436220577,1244.040828716571,-66427.26734784764,-47.2669747680542,dt_005
4.709999999999922,1,T,0.0,0.0,0.006374351062626154,0.0,0.03797975529626368,0.0,0.0,0.0,-0.001646699196789683,0.0,0.0006876639633070314,0.0,32.05491400641602,0.0,1.216375609565139,0.0,0.0006876639633070314,0.0,0.0,10.0,0.0,-32.05835232623256,10.0,-1.216375609565139,33.58180986595065,0.9546344421042428,-0.2977802578216376,0.0,0.0,-1.0,0.0,72.67567106406176,72.67567106406176,-0.4047747154925575,1.216940616261068,690.7394967471272,-13285.69051303368,-248.9873529974229,0.0,1244.936764987114,-66428.45256516838,0.0,-13276.10961418217,-248.9873529974229,504.4659753966077,1244.038986041401,-66428.45256516838,-47.27102733879032,dt_005
4.714999999999922,1,T,0.0,0.0,0.006364523927959045,0.0,0.03798336812743836,0.0,0.0,0.0,-0.002283502018841285,0.0,0.000757366179680343,0.0,32.0549337937474,0.0,1.215855075041805,0.0,0.000757366179680343,0.0,0.0,10.0,0.0,-32.0587206246458,10.0,-1.215855075041805,33.58216145647999,0.9546354145843634,-0.2977771401926962,0.0,0.0,-1.0,0.0,72.6758581795497,72.6758581795497,-0.4047714955779926,1.216946195126369,690.7539604545677,-13286.0131423838,-248.9868938563522,0.0,1244.934469281761,-66430.06571191899,0.0,-13276.43018818869,-248.9868938563522,504.5261913389144,1244.036521201537,-66430.06571191899,-47.27543466365747,dt_005
4.719999999999922,1,T,0.0,0.0,0.006350957081981711,0.0,0.03798737185303033,0.0,0.0,0.0,-0.003142339360523883,0.0,0.0008440018820626863,0.0,32.0549615426679,0.0,1.215125196443142,0.0,0.0008440018820626863,0.0,0.0,10.0,0.0,-32.05918155207821,10.0,-1.215125196443142,33.58260147441101,0.9546366316053986,-0.2977732385509121,0.0,0.0,-1.0,0.0,72.67609235006286,72.67609235006286,-0.4047674659326959,1.216953176941528,690.7720620958314,-13286.41692080512,-248.986319568511,0.0,1244.931597842555,-66432.08460402561,0.0,-13276.83165521992,-248.986319568511,504.5946813104803,1244.033462546045,-66432.08460402561,-47.28030639193917,dt_005
4.724999999999921,1,T,0.0,0.0,0.006332546086341192,0.0,0.03799184810784583,0.0,0.0,0.0,-0.004220909678020576,0.0,0.0009463585435781153,0.0,32.0549970701596,0.0,1.214190890589509,0.0,0.0009463585435781153,0.0,0.0,10.0,0.0,-32.05972886287749,10.0,-1.214190890589509,33.58312395774431,0.9546380766487472,-0.2977686058206621,0.0,0.0,-1.0,0.0,72.67637039898877,72.67637039898877,-0.4047626812203446,1.216961466995556,690.7935565412473,-13286.89638093554,-248.9856381281513,0.0,1244.928190640756,-66434.48190467768,0.0,-13277.30851054287,-248.9856381281513,504.6723229818195,1244.029846151732,-66434.48190467768,-47.28574558748733,dt_005
4.729999999999921,1,T,0.0,0.0,0.006308204365852455,0.0,0.0379968718191746,0.0,0.0,0.0,-0.005514371713072399,0.0,0.001062965991198344,0.0,32.05504010569635,0.0,1.213059397204566,0.0,0.001062965991198344,0.0,0.0,10.0,0.0,-32.06035493565234,10.0,-1.213059397204566,33.58372163117136,0.9546397295615658,-0.29776330657524,0.0,0.0,-1.0,0.0,72.67668845055393,72.67668845055393,-0.4047572081358968,1.216970949731914,690.8181446425046,-13287.44485049841,-248.9848592572355,0.0,1244.924296286177,-66437.22425249204,0.0,-13277.85404872793,-248.9848592572355,504.7598594539716,1244.025717042442,-66437.22425249204,-47.29184729603411,dt_005
4.734999999999921,1,T,0.0,0.0,0.006276875829786496,0.0,0.03800250993304714,0.0,0.0,0.0,-0.007015375436988195,0.0,0.001192102206882175,0.0,32.05509029399987,0.0,1.211740207165093,0.0,0.001192102206882175,0.0,0.0,10.0,0.0,-32.06105080503428,10.0,-1.211740207165093,33.58438593636914,0.954641566642872,-0.2977574167634496,0.0,0.0,-1.0,0.0,72.67704194624719,72.67704194624719,-0.4047511251229734,1.216981489238177,690.845474467831,-13288.05447981084,-248.9839943487315,0.0,1244.919971743657,-66440.27239905421,0.0,-13278.46039177822,-248.9839943487315,504.857883367094,1244.021128965685,-66440.27239905421,-47.29869695001973,dt_005
4.739999999999921,1,T,0.0,0.0,0.006237546805756702,0.0,0.03800882015804255,0.0,0.0,0.0,-0.00871430568134591,0.0,0.001331794549710621,0.0,32.05514720579546,0.0,1.210244778778004,0.0,0.001331794549710621,0.0,0.0,10.0,0.0,-32.06180617854402,10.0,-1.210244778778004,33.58510704807301,0.9546435606904996,-0.2977510235619083,0.0,0.0,-1.0,0.0,72.6774256536994,72.6774256536994,-0.4047445222210565,1.216992929510782,690.8751419511957,-13288.71625621746,-248.983056427026,0.0,1244.91528213513,-66443.5812810873,0.0,-13279.11850418679,-248.983056427026,504.9668207141871,1244.016144254032,-66443.5812810873,-47.30636879872848,dt_005
4.744999999999921,1,T,0.0,0.0,0.006189255880986198,0.0,0.03801584986247502,0.0,0.0,0.0,-0.01059987611031774,0.0,0.001479879787268364,0.0,32.05521036163817,0.0,1.208585908883194,0.0,0.001479879787268364,0.0,0.0,10.0,0.0,-32.06260976057451,10.0,-1.208585908883194,33.58587418333618,0.9546456818587904,-0.2977442226280225,0.0,0.0,-1.0,0.0,72.6778338315697,72.6778338315697,-0.4047374982280987,1.217005099371129,690.9067036035688,-13289.42028758576,-248.9820597269838,0.0,1244.910298634919,-66447.10143792878,0.0,-13279.81847678598,-248.9820597269838,505.0869268845174,1244.010831773949,-66447.10143792878,-47.3149244569966,dt_005
4.749999999999921,1,T,0.0,0.0,0.006131110861866316,0.0,0.03802363543608984,0.0,0.0,0.0,-0.01265569070526937,0.0,0.001634129877776894,0.0,32.05527910184193,0.0,1.206781148417707,0.0,0.001634129877776894,0.0,0.0,10.0,0.0,-32.06344975123081,10.0,-1.206781148417707,33.58667607772021,0.9546478989774212,-0.2977371138739602,0.0,0.0,-1.0,0.0,72.67826048319569,72.67826048319569,-0.4047301563356679,1.217017820028183,690.9396960941933,-13290.15623905602,-248.981019059366,0.0,1244.90509529683,-66450.78119528008,0.0,-13280.54996350824,-248.981019059366,505.2182946813539,1244.005263785361,-66450.78119528008,-47.32441199131203,dt_005
4.754999999999921,1,T,0.0,0.0,0.006062307461297299,0.0,0.03803220170400613,0.0,0.0,0.0,-0.01486298684460427,0.0,0.001792147412593476,0.0,32.0553526911508,0.0,1.204850042520544,0.0,0.001792147412593476,0.0,0.0,10.0,0.0,-32.06431342821377,10.0,-1.204850042520544,33.58750058612177,0.9546501784494982,-0.2977298050016846,0.0,0.0,-1.0,0.0,72.67869914443915,72.67869914443915,-0.404722607779734,1.217030898753076,690.9736198189224,-13290.912966473,-248.979950315859,0.0,1244.899751579295,-66454.56483236502,0.0,-13281.30181538509,-248.979950315859,505.3608324840054,1243.999518492831,-66454.56483236502,-47.33486528760213,dt_005
4.759999999999921,1,T,0.0,0.0,0.005982140497727655,0.0,0.03804156139799891,0.0,0.0,0.0,-0.01720088452170401,0.0,0.001951492131674996,0.0,32.0554303285475,0.0,1.202813864535148,0.0,0.001951492131674996,0.0,0.0,10.0,0.0,-32.06518778920588,10.0,-1.202813864535148,33.58833529600772,0.9546524859485108,-0.2977224060636489,0.0,0.0,-1.0,0.0,72.67914321014986,72.67914321014986,-0.4047149662228251,1.21704413861265,691.0079641236858,-13291.67907900903,-248.9788696624159,0.0,1244.89434831208,-66458.39539504517,0.0,-13282.06264303961,-248.9788696624159,505.5142784709028,1243.993676040497,-66458.39539504517,-47.34630324120075,dt_005
4.764999999999921,1,T,0.0,0.0,0.005890015756686217,0.0,0.03805171502302303,0.0,0.0,0.0,-0.01964588354023056,0.0,0.00210971406873781,0.0,32.05551112792991,0.0,1.200696114157986,0.0,0.00210971406873781,0.0,0.0,10.0,0.0,-32.0660596982736,10.0,-1.200696114157986,33.58916766716982,0.9546547868054228,-0.297715028222448,0.0,0.0,-1.0,0.0,72.67958600861269,72.67958600861269,-0.4047073464729294,1.217057340689114,691.0422130511134,-13292.44306733865,-248.9777933527392,0.0,1244.888966763696,-66462.21533669325,0.0,-13282.82094484691,-248.9777933527392,505.678203579681,1243.987817586969,-66462.21533669325,-47.35872955634702,dt_005
4.769999999999921,1,T,0.0,0.0,0.005785459167170826,0.0,0.03806265081726692,0.0,0.0,0.0,-0.02217342594301733,0.0,0.002264356965662284,0.0,32.05559417718333,0.0,1.198520954844412,0.0,0.002264356965662284,0.0,0.0,10.0,0.0,-32.06691596201164,10.0,-1.198520954844412,33.58998510441344,0.9546570462098336,-0.297707783106045,0.0,0.0,-1.0,0.0,72.68002084024658,72.68002084024658,-0.4046998638175565,1.217070305233849,691.0758483302643,-13293.19337032582,-248.9767376325276,0.0,1244.883688162638,-66465.96685162911,0.0,-13283.56517360615,-248.9767376325276,505.8520133716134,1243.98202482947,-66465.96685162911,-47.3721326792913,dt_005
4.77499999999992,1,T,0.0,0.0,0.00566812289265865,0.0,0.03807434479618139,0.0,0.0,0.0,-0.02475758249574271,0.0,0.002412986507688025,0.0,32.05567852581013,0.0,1.196313528494543,0.0,0.002412986507688025,0.0,0.0,10.0,0.0,-32.06774345834857,10.0,-1.196313528494543,33.59077508052557,0.9546592295496036,-0.2977007817184175,0.0,0.0,-1.0,0.0,72.6804410429829,72.6804410429829,-0.4046926328986959,1.21708283361667,691.1083544376555,-13293.91848792528,-248.9757185825961,0.0,1244.87859291298,-66469.5924396264,0.0,-13284.28384935262,-248.9757185825961,506.034952775614,1243.976379218768,-66469.5924396264,-47.38648582419633,dt_005
4.77999999999992,1,T,0.0,0.0,0.005537790746366587,0.0,0.03808676092462363,0.0,0.0,0.0,-0.02737162002037044,0.0,0.002553218478758899,0.0,32.05576320591047,0.0,1.194099394033584,0.0,0.002553218478758899,0.0,0.0,10.0,0.0,-32.06852929830427,10.0,-1.194099394033584,33.59152529070687,0.9546613028368812,-0.2976941330725018,0.0,0.0,-1.0,0.0,72.68084007430737,72.68084007430737,-0.4046857663010264,1.217094730771921,691.139224955672,-13294.60712303543,-248.9747519255305,0.0,1244.873759627653,-66473.03561517713,0.0,-13284.96570103671,-248.9747519255305,506.2261136513725,1243.970960986021,-66473.03561517713,-47.40174715136636,dt_005
4.78499999999992,1,T,0.0,0.0,0.005394379929844237,0.0,0.0380998512991464,0.0,0.0,0.0,-0.02998891874315337,0.0,0.002682689272789287,0.0,32.05584726652432,0.0,1.191903616558349,0.0,0.002682689272789287,0.0,0.0,10.0,0.0,-32.06926071288827,10.0,-1.191903616558349,33.59222354461222,0.9546632324084956,-0.2976879451495517,0.0,0.0,-1.0,0.0,72.68121145367473,72.68121145367473,-0.4046793755428524,1.217105803481555,691.1679581361097,-13295.24808255696,-248.973853174054,0.0,1244.86926587027,-66476.2404127848,0.0,-13285.59956757885,-248.973853174054,506.4244333393127,1243.965849876605,-66476.2404127848,-47.41786002300997,dt_005
4.78999999999992,1,T,0.0,0.0,0.00523794208409656,0.0,0.03811355660170248,0.0,0.0,0.0,-0.0325823245233199,0.0,0.002799196470375539,0.0,32.05592974810294,0.0,1.189751429170328,0.0,0.002799196470375539,0.0,0.0,10.0,0.0,-32.06992573045482,10.0,-1.189751429170328,33.59285841301523,0.954664986711272,-0.2976823191719106,0.0,0.0,-1.0,0.0,72.68154910622839,72.68154910622839,-0.4046735651613211,1.217115870623168,691.194083518594,-13295.83087121,-248.9730368113205,0.0,1244.865184056602,-66479.15435605,0.0,-13286.17499104332,-248.9730368113205,506.6287232244416,1243.961121034339,-66479.15435605,-47.43475341212428,dt_005
4.79499999999992,1,T,0.0,0.0,0.005068664157845941,0.0,0.03812780702402056,0.0,0.0,0.0,-0.03512486971052019,0.0,0.002900746308452213,0.0,32.05600970857387,0.0,1.187667542261829,0.0,0.002900746308452213,0.0,0.0,10.0,0.0,-32.07051344011614,10.0,-1.187667542261829,33.5934194793068,0.9546665369945814,-0.2976773473792954,0.0,0.0,-1.0,0.0,72.68184749624596,72.68184749624596,-0.4046684304160675,1.217124767148696,691.2171722915102,-13296.34592270486,-248.9723159853732,0.0,1244.861579926866,-66481.72961352431,0.0,-13286.6824471884,-248.9723159853732,506.8376898039522,1243.956843432423,-66481.72961352431,-47.45234299435845,dt_005
4.79999999999992,1,T,0.0,0.0,0.004886867107184768,0.0,0.03814252334986177,0.0,0.0,0.0,-0.03758991968574635,0.0,0.002985569140869602,0.0,32.05608622742972,0.0,1.185676031766185,0.0,0.002985569140869602,0.0,0.0,10.0,0.0,-32.07101407313407,10.0,-1.185676031766185,33.59389741722689,0.9546678575224832,-0.2976731123454588,0.0,0.0,-1.0,0.0,72.682101668135,72.682101668135,-0.4046640565837543,1.217132345306697,691.2368405034878,-13296.78467143222,-248.9717024289434,0.0,1244.858512144717,-66483.92335716113,0.0,-13287.11341656986,-248.9717024289434,507.049951823356,1243.953079422745,-66483.92335716113,-47.47053247887823,dt_005
4.80499999999992,1,T,0.0,0.0,0.004693010106801125,0.0,0.0381576178029609,0.0,0.0,0.0,-0.03994882187165587,0.0,0.003052010250175063,0.0,32.05615831489373,0.0,1.183802715612199,0.0,0.003052010250175063,0.0,0.0,10.0,0.0,-32.07141836614461,10.0,-1.183802715612199,33.59428338298464,0.9546689238916358,-0.2976696923698917,0.0,0.0,-1.0,0.0,72.68230692282653,72.68230692282653,-0.404660524526745,1.217138464994003,691.2527240599701,-13297.13899474716,-248.9712072586895,0.0,1244.856036293447,-66485.6949737358,0.0,-13287.45982681265,-248.9712072586895,507.2640303288483,1243.949888690242,-66485.6949737358,-47.48921481522172,dt_005
4.80999999999992,1,T,0.0,0.0,0.004487693361687084,0.0,0.03817299337664006,0.0,0.0,0.0,-0.04217381942836209,0.0,0.003098032476077951,0.0,32.05622502364967,0.0,1.182072220650844,0.0,0.003098032476077951,0.0,0.0,10.0,0.0,-32.07171518603006,10.0,-1.182072220650844,33.59456674782146,0.9546697067647062,-0.2976671815732965,0.0,0.0,-1.0,0.0,72.68245761170466,72.68245761170466,-0.404657931447365,1.217142957796617,691.2643854214717,-13297.39913167308,-248.9708438989562,0.0,1244.854219494781,-66486.99565836537,0.0,-13287.71197318265,-248.9708438989562,507.4782603801029,1243.947342894153,-66486.99565836537,-47.50827191697278,dt_005
4.81499999999992,1,T,0.0,0.0,0.004271653153389562,0.0,0.03818854288106531,0.0,0.0,0.0,-0.04423824107553633,0.0,0.003121600433198397,0.0,32.0562854572308,0.0,1.18050776243061,0.0,0.003121600433198397,0.0,0.0,10.0,0.0,-32.07189345939679,10.0,-1.18050776243061,33.59473694004611,0.9546701769575686,-0.2976656735799484,0.0,0.0,-1.0,0.0,72.6825481159204,72.6825481159204,-0.4046563740357064,1.217145656188045,691.2713894184255,-13297.55537418517,-248.9706257340709,0.0,1244.853128670354,-66487.77687092582,0.0,-13287.86020913744,-248.9706257340709,507.6908428785862,1243.94551398457,-66487.77687092582,-47.52757302907073,dt_005
4.819999999999919,1,T,0.0,0.0,0.004045746676185644,0.0,0.03820414982139914,0.0,0.0,0.0,-0.04612039057662273,0.0,0.003121027686009526,0.0,32.05633891764351,0.0,1.179127286705429,0.0,0.003121027686009526,0.0,0.0,10.0,0.0,-32.07194405607355,10.0,-1.179127286705429,33.59478524318785,0.95467031040411,-0.2976652455912853,0.0,0.0,-1.0,0.0,72.68257380221809,72.68257380221809,-0.4046559320216062,1.217146422027348,691.2733772657463,-13297.59971835607,-248.9705638255668,0.0,1244.852819127834,-66487.99859178037,0.0,-13287.89659583186,-248.9705638255668,507.8999193774608,1243.944462756425,-66487.99859178037,-47.54697538376462,dt_005
4.824999999999919,1,T,0.0,0.0,0.003810928958958161,0.0,0.03821969119944946,0.0,0.0,0.0,-0.04780283214918519,0.0,0.003095399493152787,0.0,32.05638487525284,0.0,1.177944273331786,0.0,0.003095399493152787,0.0,0.0,10.0,0.0,-32.0718618727186,10.0,-1.177944273331786,33.59470678518777,0.9546700936487826,-0.297665940766868,0.0,0.0,-1.0,0.0,72.6825320803472,72.6825320803472,-0.404656649978528,1.217145178085971,691.2701484394289,-13297.52769088537,-248.9706643847776,0.0,1244.853321923888,-66487.63845442684,0.0,-13287.81672589222,-248.9706643847776,508.1036793430732,1243.944226089548,-66487.63845442684,-47.56632720122283,dt_005
4.829999999999919,1,T,0.0,0.0,0.00356822807203459,0.0,0.03823504178555302,0.0,0.0,0.0,-0.04927377811864207,0.0,0.003044736706809492,0.0,32.0564230173191,0.0,1.176966486590243,0.0,0.003044736706809492,0.0,0.0,10.0,0.0,-32.07164670085315,10.0,-1.176966486590243,33.59450136710388,0.9546695261343594,-0.297667760885182,0.0,0.0,-1.0,0.0,72.68242284352361,72.68242284352361,-0.4046585297440308,1.217141921180135,691.2616947889111,-13297.33911009796,-248.9709277233681,0.0,1244.854638616841,-66486.69555048978,0.0,-13287.62048167803,-248.9709277233681,508.3004464203991,1243.944811502606,-66486.69555048978,-47.58547280011297,dt_005
4.834999999999919,1,T,0.0,0.0,0.003318717612837568,0.0,0.03825007811817877,0.0,0.0,0.0,-0.05052680226290967,0.0,0.002969725346244337,0.0,32.05645323302088,0.0,1.176196389870497,0.0,0.002969725346244337,0.0,0.0,10.0,0.0,-32.0713018597521,10.0,-1.176196389870497,33.59417215797018,0.9546686165964422,-0.2976706779073736,0.0,0.0,-1.0,0.0,72.68224777441817,72.68224777441817,-0.4046615423624337,1.217136701478825,691.248146824845,-13297.03688774742,-248.9713499245404,0.0,1244.856749622702,-66485.18443873711,0.0,-13287.31083590985,-248.9713499245404,508.4886862344266,1243.946205312763,-66485.18443873711,-47.60425788913779,dt_005
4.839999999999919,1,T,0.0,0.0,0.003063494742532742,0.0,0.03826468140792062,0.0,0.0,0.0,-0.0515588996932387,0.0,0.002871547427794955,0.0,32.05647553650866,0.0,1.175633177488428,0.0,0.002871547427794955,0.0,0.0,10.0,0.0,-32.07083327364764,10.0,-1.175633177488428,33.59372481381165,0.9546673806312216,-0.2976746417797833,0.0,0.0,-1.0,0.0,72.68200987688736,72.68200987688736,-0.4046656361428728,1.217129608542296,691.2297374554889,-13296.6262200294,-248.9719239599083,0.0,1244.859619799541,-66483.13110014699,0.0,-13286.89304177765,-248.9719239599083,508.6670143952717,1243.948378077212,-66483.13110014699,-47.62253339052391,dt_005
4.844999999999919,1,T,0.0,0.0,0.002803665513239501,0.0,0.03827873955980507,0.0,0.0,0.0,-0.05236951469403693,0.0,0.002751697790767668,0.0,32.05649002785458,0.0,1.175273810982542,0.0,0.002751697790767668,0.0,0.0,10.0,0.0,-32.07024851680842,10.0,-1.175273810982542,33.59316656598262,0.954665838179234,-0.2976795885067375,0.0,0.0,-1.0,0.0,72.68171299148875,72.68171299148875,-0.404670744996392,1.217120756877119,691.2067644570348,-13296.1137503378,-248.9726408400659,0.0,1244.86320420033,-66480.56875168899,0.0,-13286.37379526027,-248.9726408400659,508.834191601846,1243.951290244549,-66480.56875168899,-47.6401581738924,dt_005
4.849999999999919,1,T,0.0,0.0,0.002540331239213356,0.0,0.03829214889386922,0.0,0.0,0.0,-0.05296110103457317,0.0,0.002612048264074162,0.0,32.05649691291003,0.0,1.175112514385217,0.0,0.002612048264074162,0.0,0.0,10.0,0.0,-32.0695571542304,10.0,-1.175112514385217,33.59250654637803,0.9546640144269964,-0.2976854372624423,0.0,0.0,-1.0,0.0,72.68136196883351,72.68136196883351,-0.4046767854528641,1.21711029110471,691.179603841926,-13295.50786741994,-248.973489174133,0.0,1244.867445870665,-66477.5393370997,0.0,-13285.76153216559,-248.973489174133,508.9891580912832,1243.954889870874,-66477.5393370997,-47.6570011110011,dt_005
4.854999999999919,1,T,0.0,0.0,0.002274577561835005,0.0,0.03830481555018186,0.0,0.0,0.0,-0.05333745821167486,0.0,0.002454652460964698,0.0,32.05649643835915,0.0,1.175142481815767,0.0,0.002454652460964698,0.0,0.0,10.0,0.0,-32.06876970066398,10.0,-1.175142481815767,33.59175479361303,0.95466193706443,-0.2976920991904046,0.0,0.0,-1.0,0.0,72.68096214149617,72.68096214149617,-0.4046836657484563,1.217098370216263,691.1486689449624,-13294.81779262654,-248.9744564208252,0.0,1244.872282104126,-66474.08896313269,0.0,-13285.06551531294,-248.9744564208252,509.1310175015299,1243.959118802119,-66474.08896313269,-47.67294306196809,dt_005
4.859999999999919,1,T,0.0,0.0,0.002007469947175633,0.0,0.03831665611652201,0.0,0.0,0.0,-0.0535028619754733,0.0,0.002281637018381219,0.0,32.05648885792793,0.0,1.175356766447542,0.0,0.002281637018381219,0.0,0.0,10.0,0.0,-32.06789704301984,10.0,-1.175356766447542,33.59092170158063,0.954659634764082,-0.2976994822839126,0.0,0.0,-1.0,0.0,72.6805190311223,72.6805190311223,-0.4046912908657692,1.217085158840143,691.114387716554,-13294.05307332689,-248.9755295752439,0.0,1244.87764787622,-66470.26536663444,0.0,-13284.29532798123,-248.9755295752439,509.2590258483553,1243.963916073927,-66470.26536663444,-47.68787778723553,dt_005
4.864999999999919,1,T,0.0,0.0,0.001740048869684308,0.0,0.03832759794825603,0.0,0.0,0.0,-0.05346303246674628,0.0,0.002095181705705813,0.0,32.05647446925735,0.0,1.175747323341682,0.0,0.002095181705705813,0.0,0.0,10.0,0.0,-32.06695037778587,10.0,-1.175747323341682,33.59001795967637,0.9546571370185366,-0.2977074919103838,0.0,0.0,-1.0,0.0,72.68003831697466,72.68003831697466,-0.4046995630751011,1.217070826304086,691.0772002504712,-13293.22352771027,-248.976695226451,0.0,1244.883476132255,-66466.11763855135,0.0,-13283.46081857147,-248.976695226451,509.3725936349823,1243.969218182418,-66466.11763855135,-47.70171235659974,dt_005
4.869999999999918,1,T,0.0,0.0,0.001473327884535561,0.0,0.03833757840688191,0.0,0.0,0.0,-0.05322301105308308,0.0,0.001897108806962909,0.0,32.05645353357743,0.0,1.17630710664739,0.0,0.001897108806962909,0.0,0.0,10.0,0.0,-32.06593907761224,10.0,-1.17630710664739,33.58905251609726,0.9546544685130643,-0.2977160488587044,0.0,0.0,-1.0,0.0,72.67952475279492,72.67952475279492,-0.4047084005732713,1.217055514341333,691.0374749690982,-13292.33737508829,-248.9779421721891,0.0,1244.889710860946,-66461.68687544146,0.0,-13282.57023265629,-248.9779421721891,509.471204016551,1243.974972182939,-66461.68687544146,-47.7143667033902,dt_005
4.874999999999918,1,T,0.0,0.0,0.001208297333242604,0.0,0.03834654345627154,0.0,0.0,0.0,-0.05278704304534048,0.0,0.001689037191712833,0.0,32.05642627286859,0.0,1.177030141800128,0.0,0.001689037191712833,0.0,0.0,10.0,0.0,-32.06487145882716,10.0,-1.177030141800128,33.58803331055732,0.9546516511506672,-0.2977250828454079,0.0,0.0,-1.0,0.0,72.67898255654366,72.67898255654366,-0.4047177307769098,1.217039348710762,690.9955387735539,-13291.40190845796,-248.9792604739766,0.0,1244.896302369883,-66457.00954228983,0.0,-13281.63088575532,-248.9792604739766,509.5544197731476,1243.981131034559,-66457.00954228983,-47.72577169818028,dt_005
4.879999999999918,1,T,0.0,0.0,0.0009480657108495944,0.0,0.03835498926899495,0.0,0.0,0.0,-0.05066825779141599,0.0,0.0018523804775243,0.0,32.05633508468712,0.0,1.179418111297996,0.0,0.0018523804775243,0.0,0.0,10.0,0.0,-32.06559698707474,10.0,-1.179418111297996,33.58872593799141,0.954653565790839,-0.2977189435068521,0.0,0.0,-1.0,0.0,72.679351023759,72.679351023759,-0.4047113901315342,1.217050334594318,691.0240374592166,-13292.03762531627,-248.9783643734546,0.0,1244.891821867273,-66460.18812658133,0.0,-13282.26183099285,-248.9783643734546,509.690970857508,1243.976250699892,-66460.18812658133,-47.73610632064434,dt_005
4.884999999999918,1,T,0.0,0.0,0.0007012303412568953,0.0,0.03836484818064532,0.0,0.0,0.0,-0.04798645559552606,0.0,0.002113293344938174,0.0,32.05622059365352,0.0,1.182413980633256,0.0,0.002113293344938174,0.0,0.0,10.0,0.0,-32.06678706037821,10.0,-1.182413980633256,33.58986204758274,0.9546567060904576,-0.2977088737617974,0.0,0.0,-1.0,0.0,72.67995538220288,72.67995538220288,-0.404700990230504,1.217068353596319,691.0707848300792,-13293.08041849762,-248.9768964793934,0.0,1244.884482396967,-66465.40209248809,0.0,-13283.29883120096,-248.9768964793934,509.8619162674227,1243.968445943756,-66465.40209248809,-47.74808906167982,dt_005
4.889999999999918,1,T,0.0,0.0,0.0004693335440122081,0.0,0.03837628399126142,0.0,0.0,0.0,-0.0450958687550933,0.0,0.002375832700808064,0.0,32.05609616694004,0.0,1.185669027985124,0.0,0.002375832700808064,0.0,0.0,10.0,0.0,-32.06797533044409,10.0,-1.185669027985124,33.59099643943255,0.9546598413138888,-0.2976988199213101,0.0,0.0,-1.0,0.0,72.68055878411505,72.68055878411505,-0.4046906067896313,1.21708634407924,691.117463098807,-13294.12167645369,-248.9754332473065,0.0,1244.877166236533,-66470.60838226844,0.0,-13284.33349094755,-248.9754332473065,510.053771327276,1243.960589050612,-66470.60838226844,-47.762034147978,dt_005
4.894999999999918,1,T,0.0,0.0,0.0002469983467642865,0.0,0.03838762181635931,0.0,0.0,0.0,-0.04389045622471378,0.0,0.002145435921108577,0.0,32.05603646041515,0.0,1.187236998806328,0.0,0.002145435921108577,0.0,0.0,10.0,0.0,-32.0667636400207,10.0,-1.187236998806328,33.58983968918211,0.954656644293187,-0.2977090719257164,0.0,0.0,-1.0,0.0,72.67994348896784,72.67994348896784,-0.4047011948912788,1.217067998998434,691.0698648362841,-13293.05989614401,-248.9769253436307,0.0,1244.884626718154,-66465.29948072006,0.0,-13283.26670911231,-248.9769253436307,510.1636375329641,1243.967502438448,-66465.29948072006,-47.77642427230955,dt_005
4.899999999999918,1,T,0.0,0.0,3.082946673676118e-05,0.0,0.03839773026344984,0.0,0.0,0.0,-0.04257624791891514,0.0,0.001898092896933448,0.0,32.05597400743829,0.0,1.188874275094027,0.0,0.001898092896933448,0.0,0.0,10.0,0.0,-32.06546447192296,10.0,-1.188874275094027,33.5885994319524,0.9546532160974684,-0.2977200648172049,0.0,0.0,-1.0,0.0,72.67928372566804,72.67928372566804,-0.4047125482083221,1.217048328095612,691.0188322275939,-13291.92151264797,-248.97852797524,0.0,1244.8926398762,-66459.60756323984,0.0,-13282.12400708055,-248.97852797524,510.2542101036362,1243.975026680965,-66459.60756323984,-47.78930646102771,dt_005
4.904999999999918,1,T,0.0,0.0,-0.0001783966660294429,0.0,0.0384065990801609,0.0,0.0,0.0,-0.04111355469727888,0.0,0.0016495976850398,0.0,32.05590729900722,0.0,1.190620188174327,0.0,0.0016495976850398,0.0,0.0,10.0,0.0,-32.06415528743241,10.0,-1.190620188174327,33.58734961702962,0.9546497610866886,-0.2977311432435786,0.0,0.0,-1.0,0.0,72.67861882640119,72.67861882640119,-0.4047239899059443,1.217028504063465,690.9674082566553,-13290.77440657549,-248.9801459084482,0.0,1244.900729542241,-66453.87203287747,0.0,-13280.97322105973,-248.9801459084482,510.3279611941262,1243.982686497818,-66453.87203287747,-47.80064966583583,dt_005
4.909999999999918,1,T,0.0,0.0,-0.0003799755243002938,0.0,0.03841422692845959,0.0,0.0,0.0,-0.03951752863361801,0.0,0.001401717805046024,0.0,32.0558369211747,0.0,1.192459554355914,0.0,0.001401717805046024,0.0,0.0,10.0,0.0,-32.06284551019994,10.0,-1.192459554355914,33.58609924077145,0.9546463041256552,-0.2977422274707215,0.0,0.0,-1.0,0.0,72.67795357657847,72.67795357657847,-0.4047354376359903,1.217008669579463,690.915963104206,-13289.62683557921,-248.9817675330063,0.0,1244.908837665031,-66448.13417789605,0.0,-13279.82260357688,-248.9817675330063,510.3851942166805,1243.990423986662,-66448.13417789605,-47.81044996633547,dt_005
4.914999999999917,1,T,0.0,0.0,-0.0005713298867910643,0.0,0.03842116064719878,0.0,0.0,0.0,-0.03671763605725648,0.0,0.001456621415962385,0.0,32.05572110356736,0.0,1.195479646734448,0.0,0.001456621415962385,0.0,0.0,10.0,0.0,-32.06300421064718,10.0,-1.195479646734448,33.5862507436001,0.9546467230122976,-0.2977408843976284,0.0,0.0,-1.0,0.0,72.67803418486513,72.67803418486513,-0.404734050515132,1.217011072922865,690.9221963948369,-13289.76587924926,-248.9815708897014,0.0,1244.907854448507,-66448.8293962463,0.0,-13279.95800544582,-248.9815708897014,510.4826136641803,1243.989109961637,-66448.8293962463,-47.81903767787371,dt_005
4.919999999999917,1,T,0.0,0.0,-0.0007495343455565642,0.0,0.03842807523062075,0.0,0.0,0.0,-0.03432906071882285,0.0,0.001374366578100488,0.0,32.05562107079373,0.0,1.198088110594181,0.0,0.001374366578100488,0.0,0.0,10.0,0.0,-32.06249290368424,10.0,-1.198088110594181,33.58576262642851,0.9546453734075516,-0.2977452116013896,0.0,0.0,-1.0,0.0,72.67777447550681,72.67777447550681,-0.4047385196371414,1.217003329664713,690.9021138592664,-13289.31790607822,-248.9822045978714,0.0,1244.911022989357,-66446.58953039112,0.0,-13279.50683290679,-248.9822045978714,510.5572285192992,1243.991945484792,-66446.58953039112,-47.82776107416797,dt_005
4.924999999999917,1,T,0.0,0.0,-0.0009162201442067386,0.0,0.03843442118673562,0.0,0.0,0.0,-0.03223604912341763,0.0,0.001195182492730538,0.0,32.05553304324833,0.0,1.200383000016986,0.0,0.001195182492730538,0.0,0.0,10.0,0.0,-32.06150895571199,10.0,-1.200383000016986,33.58482330632692,0.9546427760920224,-0.2977535391146792,0.0,0.0,-1.0,0.0,72.67727467523784,72.67727467523784,-0.4047471202836365,1.216988428074212,690.8634683667848,-13288.45585962219,-248.983425361095,0.0,1244.917126805475,-66442.27929811097,0.0,-13278.64218284077,-248.983425361095,510.6083755766185,1243.997741255251,-66442.27929811097,-47.83588993038411,dt_005
4.929999999999917,1,T,0.0,0.0,-0.001068001455740331,0.0,0.03844110328367203,0.0,0.0,0.0,-0.0284813336190868,0.0,0.00147653960692665,0.0,32.05538072159584,0.0,1.204349139809133,0.0,0.00147653960692665,0.0,0.0,10.0,0.0,-32.06276341963047,10.0,-1.204349139809133,33.58602087332159,0.954646087447022,-0.2977429222031868,0.0,0.0,-1.0,0.0,72.67791188025336,72.67791188025336,-0.4047361551533161,1.217007426399735,690.9127388382062,-13289.55491313367,-248.9818692672284,0.0,1244.909346336142,-66447.77456566834,0.0,-13279.73701217532,-248.9818692672284,510.7393431644735,1243.989646862056,-66447.77456566834,-47.84390342664292,dt_005
4.934999999999917,1,T,0.0,0.0,-0.00120494343140507,0.0,0.03844806938926522,0.0,0.0,0.0,-0.02640380817870047,0.0,0.001279521845288656,0.0,32.05529247403076,0.0,1.206648431021197,0.0,0.001279521845288656,0.0,0.0,10.0,0.0,-32.0616900832572,10.0,-1.206648431021197,33.58499621847282,0.9546432542285728,-0.2977520061324194,0.0,0.0,-1.0,0.0,72.67736668179123,72.67736668179123,-0.4047455370195007,1.216991171257974,690.8705822343355,-13288.61454493105,-248.9832005145983,0.0,1244.916002572991,-66443.07272465524,0.0,-13278.79378075223,-248.9832005145983,510.7957047675897,1243.99596486384,-66443.07272465524,-47.85282504512746,dt_005
4.939999999999917,1,T,0.0,0.0,-0.001331988192963683,0.0,0.0384539212677216,0.0,0.0,0.0,-0.02441476043876099,0.0,0.001061393100931914,0.0,32.05520894448556,0.0,1.208823591990639,0.0,0.001061393100931914,0.0,0.0,10.0,0.0,-32.06051590999022,10.0,-1.208823591990639,33.58387530370395,0.9546401545403034,-0.2977619440749027,0.0,0.0,-1.0,0.0,72.67677022538386,72.67677022538386,-0.4047558009409669,1.21697338785591,690.8244667540258,-13287.58587369416,-248.9846591050837,0.0,1244.923295525419,-66437.92936847081,0.0,-13277.76288063005,-248.9846591050837,510.8338639513332,1244.002972374657,-66437.92936847081,-47.86038513100296,dt_005
4.944999999999917,1,T,0.0,0.0,-0.001449090338789866,0.0,0.03845870922812229,0.0,0.0,0.0,-0.02242684945091468,0.0,0.0008539547877376851,0.0,32.05512672267304,0.0,1.210963512084831,0.0,0.0008539547877376851,0.0,0.0,10.0,0.0,-32.05939649661173,10.0,-1.210963512084831,33.58280666839746,0.9546371991231064,-0.2977714191294897,0.0,0.0,-1.0,0.0,72.67620154882417,72.67620154882417,-0.4047655868221751,1.216956432712534,690.7805035327636,-13286.60521731547,-248.9860518858612,0.0,1244.930259429306,-66433.02608657735,0.0,-13276.78050338832,-248.9860518858612,510.8597318662991,1244.009701961232,-66433.02608657735,-47.86660912416248,dt_005
4.949999999999917,1,T,0.0,0.0,-0.00155630618029203,0.0,0.03846248964006322,0.0,0.0,0.0,-0.02046030753007624,0.0,0.0006583719310160471,0.0,32.0550465250528,0.0,1.213049781145377,0.0,0.0006583719310160471,0.0,0.0,10.0,0.0,-32.05833838470788,10.0,-1.213049781145377,33.58179655689128,0.954634405291495,-0.2977803758372157,0.0,0.0,-1.0,0.0,72.67566398093719,72.67566398093719,-0.4047748373801481,1.216940405077064,690.7389492429163,-13285.67830034489,-248.9873703822942,0.0,1244.936851911471,-66428.39150172446,0.0,-13275.8523406015,-248.9873703822942,510.8742808174331,1244.016108603271,-66428.39150172446,-47.87156549371525,dt_005
4.954999999999917,1,T,0.0,0.0,-0.001653402594725218,0.0,0.03846544029689519,0.0,0.0,0.0,-0.01824265238798233,0.0,0.0005626022128032605,0.0,32.05495766357221,0.0,1.215360379316201,0.0,0.0005626022128032605,0.0,0.0,10.0,0.0,-32.05777067463622,10.0,-1.215360379316201,33.58125460175016,0.9546329062096884,-0.297785181601846,0.0,0.0,-1.0,0.0,72.6753755456521,72.6753755456521,-0.4047798008227025,1.216931805352792,690.7166546343844,-13285.18099509831,-248.9880785928926,0.0,1244.940392964463,-66425.90497549155,0.0,-13275.35389574104,-248.9880785928926,510.8943289511934,1244.019505778955,-66425.90497549155,-47.87537233271301,dt_005
4.959999999999916,1,T,0.0,0.0,-0.001734800928229962,0.0,0.03846936162802598,0.0,0.0,0.0,-0.01442066372996857,0.0,0.0009754422211650408,0.0,32.05480590429338,0.0,1.219305238352197,0.0,0.0009754422211650408,0.0,0.0,10.0,0.0,-32.05968311539921,10.0,-1.219305238352197,33.5830802854624,0.9546379558660484,-0.2977689930464433,0.0,0.0,-1.0,0.0,72.67634715834403,72.67634715834403,-0.4047630811492405,1.216960774073619,690.7917598941357,-13286.85630445391,-248.9856950671831,0.0,1244.928475335915,-66434.28152226954,0.0,-13277.02596212333,-248.9856950671831,511.0108181923534,1244.007409222968,-66434.28152226954,-47.87979219426894,dt_005
4.964999999999916,1,T,0.0,0.0,-0.001802291401087415,0.0,0.03847389773331466,0.0,0.0,0.0,-0.01261298251261274,0.0,0.0008282984116841979,0.0,32.0547308416812,0.0,1.221256985794873,0.0,0.0008282984116841979,0.0,0.0,10.0,0.0,-32.05887233373962,10.0,-1.221256985794873,33.58230628338405,0.9546358151584664,-0.2977758560003316,0.0,0.0,-1.0,0.0,72.67593525482474,72.67593525482474,-0.4047701692537884,1.216948493132708,690.7599183779972,-13286.14604077724,-248.9867047954901,0.0,1244.93352397745,-66430.73020388621,0.0,-13276.31390592699,-248.9867047954901,511.043724303883,1244.012236927784,-66430.73020388621,-47.88562933536556,dt_005
4.969999999999916,1,T,0.0,0.0,-0.001860974280974854,0.0,0.03847774368971926,0.0,0.0,0.0,-0.0107007071466831,0.0,0.0007589925422815004,0.0,32.05465258265659,0.0,1.223291126826807,0.0,0.0007589925422815004,0.0,0.0,10.0,0.0,-32.058447545368,10.0,-1.223291126826807,33.58190076542886,0.9546346935302368,-0.2977794517901314,0.0,0.0,-1.0,0.0,72.67571944090146,72.67571944090146,-0.404773883015821,1.216942058620946,690.7432361492059,-13285.7739245682,-248.9872342695822,0.0,1244.936171347911,-66428.869622841,0.0,-13275.94009959976,-248.9872342695822,511.0804697653251,1244.014698163479,-66428.869622841,-47.89051559154953,dt_005
4.974999999999916,1,T,0.0,0.0,-0.001910276571069687,0.0,0.03848131853847024,0.0,0.0,0.0,-0.00894953698204849,0.0,0.0006928394806851066,0.0,32.05458083866419,0.0,1.225155591101575,0.0,0.0006928394806851066,0.0,0.0,10.0,0.0,-32.05804503606761,10.0,-1.225155591101575,33.58151651630014,0.9546336306910662,-0.2977828590661204,0.0,0.0,-1.0,0.0,72.67551494106104,72.67551494106104,-0.4047774020832265,1.216935961439594,690.7274290649053,-13285.42133019365,-248.9877362613195,0.0,1244.938681306598,-66427.10665096823,0.0,-13275.58593913575,-248.9877362613195,511.1143642919347,1244.017035054707,-66427.10665096823,-47.89505931831719,dt_005
4.979999999999916,1,T,0.0,0.0,-0.001951478244830792,0.0,0.03848450910752784,0.0,0.0,0.0,-0.007532107453658892,0.0,0.0005834672480421054,0.0,32.05452239394198,0.0,1.226674243459774,0.0,0.0005834672480421054,0.0,0.0,10.0,0.0,-32.05743973018219,10.0,-1.226674243459774,33.58093867142882,0.9546320322920918,-0.2977879831723749,0.0,0.0,-1.0,0.0,72.67520739909048,72.67520739909048,-0.4047826943168154,1.216926792047756,690.7036582582365,-13284.89109759224,-248.988491698119,0.0,1244.942458490595,-66424.45548796118,0.0,-13275.0544683251,-248.988491698119,511.1363202583136,1244.020656623111,-66424.45548796118,-47.89917376752535,dt_005
4.984999999999916,1,T,0.0,0.0,-0.00198545500860517,0.0,0.03848735794611045,0.0,0.0,0.0,-0.006059797180520538,0.0,0.0005560381587047433,0.0,32.05446224787097,0.0,1.228236781573208,0.0,0.0005560381587047433,0.0,0.0,10.0,0.0,-32.05724243866449,10.0,-1.228236781573208,33.58075033067772,0.9546315112970712,-0.297789653343883,0.0,0.0,-1.0,0.0,72.67510715753002,72.67510715753002,-0.404784419290328,1.216923803336509,690.6959105724284,-13284.71827774008,-248.9887380594121,0.0,1244.943690297061,-66423.59138870041,0.0,-13274.88032025542,-248.9887380594121,511.1674890060522,1244.021751055303,-66423.59138870041,-47.90276517864805,dt_005
4.989999999999916,1,T,0.0,0.0,-0.002012995882933117,0.0,0.03848995839104054,0.0,0.0,0.0,-0.004957360871301472,0.0,0.0004841871046396552,0.0,32.05441663154922,0.0,1.229421757225964,0.0,0.0004841871046396552,0.0,0.0,10.0,0.0,-32.05683756707241,10.0,-1.229421757225964,33.58036382771434,0.9546304421102032,-0.2977930808405019,0.0,0.0,-1.0,0.0,72.67490144338984,72.67490144338984,-0.4047879592536066,1.2169176699507,690.6800113160201,-13284.36362952107,-248.989243839779,0.0,1244.946219198895,-66421.81814760534,0.0,-13274.52460539776,-248.989243839779,511.1883625745648,1244.024153511405,-66421.81814760534,-47.90609750183586,dt_005
4.994999999999916,1,T,0.0,0.0,-0.002035474729461491,0.0,0.03849224931470864,0.0,0.0,0.0,-0.004034861763121318,0.0,0.0004322130667094694,0.0,32.05437831465607,0.0,1.23041700722512,0.0,0.0004322130667094694,0.0,0.0,10.0,0.0,-32.05653937998962,10.0,-1.23041700722512,33.58007916936506,0.954629654632698,-0.2977956052326092,0.0,0.0,-1.0,0.0,72.67474993232663,72.67474993232663,-0.4047905664812846,1.216913152634562,690.6683016752553,-13284.10243517463,-248.9896165267852,0.0,1244.948082633926,-66420.51217587317,0.0,-13274.26243339881,-248.9896165267852,511.2087220204847,1244.025905813647,-66420.51217587317,-47.9090191761816,dt_005
4.999999999999916,1,T,0.0,0.0,-0.002053825177870707,0.0,0.03849433066192517,0.0,0.0,0.0,-0.003305857204276282,0.0,0.00040033843978859,0.0,32.05434769804914,0.0,1.23121218801468,0.0,0.00040033843978859,0.0,0.0,10.0,0.0,-32.05634939024809,10.0,-1.23121218801468,33.57989779957138,0.9546291528813782,-0.2977972136689362,0.0,0.0,-1.0,0.0,72.67465339579341,72.67465339579341,-0.4047922276980698,1.21691027438904,690.6608409406663,-13283.93601680731,-248.9898540641051,0.0,1244.949270320526,-66419.68008403655,0.0,-13274.09507428515,-248.9898540641051,511.2299457868908,1244.026992902392,-66419.68008403655,-47.91165413384448,dt_005
5.004999999999916,1,T,0.0,0.0,-0.002069044211430089,0.0,0.03849630275700804,0.0,0.0,0.0,-0.002782130526635,0.0,0.0003884934267223945,0.0,32.05432511335798,0.0,1.231798740886942,0.0,0.0003884934267223945,0.0,0.0,10.0,0.0,-32.05626758049159,10.0,-1.231798740886942,33.57981970160167,0.9546289368242968,-0.2977979062681813,0.0,0.0,-1.0,0.0,72.67461182675271,72.67461182675271,-0.4047929430250643,1.216909035004308,690.6576283551465,-13283.86435725897,-248.9899563670683,0.0,1244.949781835342,-66419.32178629484,0.0,-13274.02245960886,-248.9899563670683,511.2533656171684,1244.027409549475,-66419.32178629484,-47.91412715983289,dt_005
5.009999999999915,1,T,0.0,0.0,-0.002082187289204011,0.0,0.03849826475393615,0.0,0.0,0.0,-0.002475288964436708,0.0,0.0003962799040123716,0.0,32.05431088656103,0.0,1.232168245574804,0.0,0.0003962799040123716,0.0,0.0,10.0,0.0,-32.0562922860811,10.0,-1.232168245574804,33.57984328627312,0.9546290020711672,-0.2977976971109877,0.0,0.0,-1.0,0.0,72.67462438013713,72.67462438013713,-0.4047927270043287,1.216909409284607,690.6585985175307,-13283.88599758196,-248.9899254715545,0.0,1244.949627357772,-66419.4299879098,0.0,-13274.04308079401,-248.9899254715545,511.2802421165773,1244.027161176603,-66419.4299879098,-47.91656199204727,dt_005
5.014999999999915,1,T,0.0,0.0,-0.002094357001535164,0.0,0.03850031329221696,0.0,0.0,0.0,-0.002392581819075545,0.0,0.0004230904431316234,0.0,32.05430517888554,0.0,1.232316555910736,0.0,0.0004230904431316234,0.0,0.0,10.0,0.0,-32.0564206311012,10.0,-1.232316555910736,33.57996580817334,0.9546293410250788,-0.2977966105482456,0.0,0.0,-1.0,0.0,72.67468959442259,72.67468959442259,-0.4047916047860138,1.216911353654463,690.6636385028306,-13283.99841891839,-248.9897649869387,0.0,1244.948824934693,-66419.99209459197,0.0,-13274.15437141611,-248.9897649869387,511.3117616883723,1244.026261186635,-66419.99209459197,-47.91907954330038,dt_005
5.019999999999915,1,T,0.0,0.0,-0.002106677654327567,0.0,0.03850254166801702,0.0,0.0,0.0,-0.002535450964807499,0.0,0.0004681953124812979,0.0,32.05430793220779,0.0,1.232245221684688,0.0,0.0004681953124812979,0.0,0.0,10.0,0.0,-32.0566489087702,10.0,-1.232245221684688,33.58018372880288,0.9546299438878324,-0.2977946779791635,0.0,0.0,-1.0,0.0,72.674805585009,72.674805585009,-0.4047896088006325,1.216914811924352,690.6726027968466,-13284.19837561649,-248.9894796151917,0.0,1244.947398075958,-66420.99187808247,0.0,-13274.35304049233,-248.9894796151917,511.3490384305259,1244.024728600583,-66420.99187808247,-47.92179677708125,dt_005
5.024999999999915,1,T,0.0,0.0,-0.002120276289883905,0.0,0.03850503892308801,0.0,0.0,0.0,-0.002903550797581045,0.0,0.0005306227655393566,0.0,32.05431902507345,0.0,1.231957442476793,0.0,0.0005306227655393566,0.0,0.0,10.0,0.0,-32.05697213890115,10.0,-1.231957442476793,33.58049229410261,0.9546307974922388,-0.2977919415956923,0.0,0.0,-1.0,0.0,72.67496981949057,72.67496981949057,-0.4047867826262464,1.216919708590365,690.6852959124996,-13284.48150745228,-248.9890756963677,0.0,1244.945378481838,-66422.4075372614,0.0,-13274.63468545267,-248.9890756963677,511.3930871829791,1244.022590826613,-66422.4075372614,-47.92482567865824,dt_005
5.029999999999915,1,T,0.0,0.0,-0.002136274397274482,0.0,0.03850788860060055,0.0,0.0,0.0,-0.003495007073018051,0.0,0.0006091454203860295,0.0,32.05433828436581,0.0,1.231457769136956,0.0,0.0006091454203860295,0.0,0.0,10.0,0.0,-32.05738401146773,10.0,-1.231457769136956,33.5808854805633,0.9546318851545064,-0.2977884548573928,0.0,0.0,-1.0,0.0,72.67517908916378,72.67517908916378,-0.4047831814787618,1.216925947984715,690.701470165958,-13284.84228999622,-248.9885612682262,0.0,1244.942806341131,-66424.21144998111,0.0,-13274.99374317584,-248.9885612682262,511.4448051495686,1244.01988401738,-66424.21144998111,-47.92827171843513,dt_005
5.034999999999915,1,T,0.0,0.0,-0.002155776725390188,0.0,0.03851116742377263,0.0,0.0,0.0,-0.004305000853651227,0.0,0.0007022630048293961,0.0,32.05436543255726,0.0,1.230753476437547,0.0,0.0007022630048293961,0.0,0.0,10.0,0.0,-32.05787674758141,10.0,-1.230753476437547,33.58135586248895,0.9546331863089156,-0.2977842836646808,0.0,0.0,-1.0,0.0,72.67542943862179,72.67542943862179,-0.40477887342348,1.216933412176588,690.7208202074115,-13285.27391258144,-248.987946226103,0.0,1244.939731130515,-66426.36956290717,0.0,-13275.42336872028,-248.987946226103,511.5049496850807,1244.016653931905,-66426.36956290717,-47.93223223872078,dt_005
5.039999999999915,1,T,0.0,0.0,-0.002179858144138067,0.0,0.03851494403557069,0.0,0.0,0.0,-0.005326401819312543,0.0,0.0008082439855727039,0.0,32.05440011372635,0.0,1.229853889837699,0.0,0.0008082439855727039,0.0,0.0,10.0,0.0,-32.05844133365422,10.0,-1.229853889837699,33.58189483551143,0.9546346771282772,-0.2977795043722615,0.0,0.0,-1.0,0.0,72.67571628499881,72.67571628499881,-0.4047739373231208,1.216941964527422,690.7429922053013,-13285.76848312608,-248.9872420144326,0.0,1244.936210072163,-66428.84241563038,0.0,-13275.91564063677,-248.9872420144326,511.5741294497575,1244.012954454495,-66428.84241563038,-47.93679482651145,dt_005
5.044999999999915,1,T,0.0,0.0,-0.002209550438150841,0.0,0.03851927788055133,0.0,0.0,0.0,-0.006549110190948871,0.0,0.0009251409563608218,0.0,32.05444186962683,0.0,1.228771007230864,0.0,0.0009251409563608218,0.0,0.0,10.0,0.0,-32.05906757440863,10.0,-1.228771007230864,33.58249266716958,0.9546363306661192,-0.2977742033358963,0.0,0.0,-1.0,0.0,72.67603444518616,72.67603444518616,-0.4047684623694842,1.21695145050236,690.7675859160555,-13286.31707425768,-248.9864615437192,0.0,1244.932307718596,-66431.58537128841,0.0,-13276.46160762917,-248.9864615437192,511.6527913143952,1244.008847233279,-66431.58537128841,-47.94203590668707,dt_005
5.049999999999915,1,T,0.0,0.0,-0.002245834257183165,0.0,0.03852421796474575,0.0,0.0,0.0,-0.007962769318293327,0.0,0.001050725850415542,0.0,32.05449024564597,0.0,1.227516748617053,0.0,0.001050725850415542,0.0,0.0,10.0,0.0,-32.05974387489804,10.0,-1.227516748617053,33.58313828879103,0.9546381162834487,-0.2977684787528531,0.0,0.0,-1.0,0.0,72.67637802538582,72.67637802538582,-0.4047625499840306,1.216961694377279,690.7941461109882,-13286.9095320348,-248.9856194444139,0.0,1244.928097222069,-66434.54766017401,0.0,-13277.05109805295,-248.9856194444139,511.7411964736889,1244.004403007923,-66434.54766017401,-47.94801924857916,dt_005
5.054999999999914,1,T,0.0,0.0,-0.002289624121239202,0.0,0.03852980209832164,0.0,0.0,0.0,-0.00955129319357249,0.0,0.001182748905868421,0.0,32.05454458089665,0.0,1.226108400250113,0.0,0.001182748905868421,0.0,0.0,10.0,0.0,-32.06045832542599,10.0,-1.226108400250113,33.58382033117103,0.954640002515404,-0.2977624314741357,0.0,0.0,-1.0,0.0,72.67674097255902,72.67674097255902,-0.404756304328462,1.216972515680276,690.8222051722809,-13287.53542606015,-248.984730699406,0.0,1244.92365349703,-66437.67713030074,0.0,-13277.67366971344,-248.984730699406,511.839446899131,1243.999694813393,-66437.67713030074,-47.95479476110042,dt_005
5.059999999999914,1,T,0.0,0.0,-0.002341748168166313,0.0,0.03853605643234154,0.0,0.0,0.0,-0.01129621679527567,0.0,0.001318796353827351,0.0,32.05460413761103,0.0,1.224565251922657,0.0,0.001318796353827351,0.0,0.0,10.0,0.0,-32.06119811938017,10.0,-1.224565251922657,33.58452656879573,0.9546419555358292,-0.2977561699289,0.0,0.0,-1.0,0.0,72.6771167788811,72.6771167788811,-0.404749837390512,1.216983720379967,690.8512602207146,-13288.1835392542,-248.9838113562373,0.0,1244.919056781186,-66440.91769627098,0.0,-13278.31810025947,-248.9838113562373,511.9474594407292,1243.994801560617,-66440.91769627098,-47.96239805431283,dt_005
5.064999999999914,1,T,0.0,0.0,-0.002402936907685412,0.0,0.0385429949093179,0.0,0.0,0.0,-0.01317695663749816,0.0,0.001456398666060333,0.0,32.05466811162121,0.0,1.222908318989069,0.0,0.001456398666060333,0.0,0.0,10.0,0.0,-32.06195010495151,10.0,-1.222908318989069,33.58524444651848,0.95464394061527,-0.2977498054517397,0.0,0.0,-1.0,0.0,72.67749876219835,72.67749876219835,-0.4047432641577974,1.216995109247331,690.8807947760954,-13288.8423509919,-248.9828778301197,0.0,1244.914389150599,-66444.21175495948,0.0,-13278.97287024947,-248.9828778301197,512.0649770237048,1243.989804580689,-66444.21175495948,-47.97084962252553,dt_005
5.069999999999914,1,T,0.0,0.0,-0.002473810888704242,0.0,0.03855061909139774,0.0,0.0,0.0,-0.01517011547497752,0.0,0.001593073317353676,0.0,32.05473560549042,0.0,1.221161031625556,0.0,0.001593073317353676,0.0,0.0,10.0,0.0,-32.06270097207719,10.0,-1.221161031625556,33.58596125801433,0.9546459226152516,-0.2977434506988775,0.0,0.0,-1.0,0.0,72.67788016109002,72.67788016109002,-0.4047367009819761,1.217006480689994,690.9102860952141,-13289.5002007712,-248.9819466657961,0.0,1244.909733328981,-66447.50100385601,0.0,-13279.62632679495,-248.9819466657961,512.1915725509559,1243.98478644362,-66447.50100385601,-47.98015458555464,dt_005
5.074999999999914,1,T,0.0,0.0,-0.002554870888100024,0.0,0.03855891814799749,0.0,0.0,0.0,-0.01725118367992699,0.0,0.001726345829806695,0.0,32.05480569375781,0.0,1.219347534307834,0.0,0.001726345829806695,0.0,0.0,10.0,0.0,-32.06343742290684,10.0,-1.219347534307834,33.58666430851184,0.9546478664384968,-0.2977372182049561,0.0,0.0,-1.0,0.0,72.67825422148826,72.67825422148826,-0.404730264088175,1.217017633334807,690.9392118657563,-13290.14543752615,-248.9810343241729,0.0,1244.905171620864,-66450.72718763073,0.0,-13280.26683277933,-248.9810343241729,512.3266543703722,1243.979829893378,-66450.72718763073,-47.9903026331074,dt_005
5.079999999999914,1,T,0.0,0.0,-0.002646491563204372,0.0,0.03856786890818695,0.0,0.0,0.0,-0.01939422532841809,0.0,0.00185375460670682,0.0,32.0548774104466,0.0,1.217493001157963,0.0,0.00185375460670682,0.0,0.0,10.0,0.0,-32.06414618348013,10.0,-1.217493001157963,33.58734092594386,0.9546497370595012,-0.2977312202847145,0.0,0.0,-1.0,0.0,72.6786142025777,72.6786142025777,-0.404724069473471,1.217028366203747,690.967050666295,-13290.76642989255,-248.9801571697598,0.0,1244.900785848799,-66453.83214946276,0.0,-13280.88277710096,-248.9801571697598,512.4694672485284,1243.975017783262,-66453.83214946276,-48.0012680883721,dt_005
5.084999999999914,1,T,0.0,0.0,-0.002748915527705805,0.0,0.03857743609958853,0.0,0.0,0.0,-0.02157236101013712,0.0,0.001972920728282361,0.0,32.05494976704092,0.0,1.215623161138056,0.0,0.001972920728282361,0.0,0.0,10.0,0.0,-32.06481437068233,10.0,-1.215623161138056,33.58797881126991,0.9546515004922982,-0.2977255659291014,0.0,0.0,-1.0,0.0,72.67895356307893,72.67895356307893,-0.4047182297012927,1.217038484267973,690.9932963836187,-13291.35188782571,-248.9793310221279,0.0,1244.89665511064,-66456.75943912855,0.0,-13281.46289594217,-248.9793310221279,512.6191078369874,1243.970430824191,-66456.75943912855,-48.01301011950411,dt_005
5.089999999999914,1,T,0.0,0.0,-0.002862251420699599,0.0,0.03858757259114946,0.0,0.0,0.0,-0.0237588809867855,0.0,0.002081479774474629,0.0,32.05502179480164,0.0,1.213763193489721,0.0,0.002081479774474629,0.0,0.0,10.0,0.0,-32.06542919367401,10.0,-1.213763193489721,33.58856575346024,0.9546531230012608,-0.2977203633343534,0.0,0.0,-1.0,0.0,72.67926580945169,72.67926580945169,-0.4047128565135651,1.217047793921991,691.0174464918947,-13291.8906011702,-248.9785715344932,0.0,1244.892857672466,-66459.45300585098,0.0,-13281.99601142254,-248.9785715344932,512.7745177290794,1243.966149465481,-66459.45300585098,-48.02547311525232,dt_005
5.094999999999914,1,T,0.0,0.0,-0.002986473036640588,0.0,0.03859821979360139,0.0,0.0,0.0,-0.02592655927093033,0.0,0.002177212712919221,0.0,32.05509251755145,0.0,1.211938425970978,0.0,0.002177212712919221,0.0,0.0,10.0,0.0,-32.06597858111605,10.0,-1.211938425970978,33.58909022829575,0.954654572754798,-0.2977157145975901,0.0,0.0,-1.0,0.0,72.67954481424196,72.67954481424196,-0.4047080553525403,1.217056112475202,691.0390266983134,-13292.37198945729,-248.9778934307601,0.0,1244.889467153801,-66461.85994728644,0.0,-13282.47158079564,-248.9778934307601,512.9345099181007,1243.962250064692,-66461.85994728644,-48.03858703647455,dt_005
5.099999999999913,1,T,0.0,0.0,-0.003121418339490011,0.0,0.03860930857097204,0.0,0.0,0.0,-0.02804829093938304,0.0,0.002258119768446266,0.0,32.05516097490712,0.0,1.210173727226204,0.0,0.002258119768446266,0.0,0.0,10.0,0.0,-32.06645157374935,10.0,-1.210173727226204,33.58954177317119,0.9546558208591472,-0.2977117123993412,0.0,0.0,-1.0,0.0,72.6797850151744,72.6797850151744,-0.4047039219347813,1.217063274087861,691.0576063756126,-13292.7864461998,-248.9773100375465,0.0,1244.886550187732,-66463.932230999,0.0,-13282.8800400324,-248.9773100375465,513.0977941697987,1243.958802506808,-66463.932230999,-48.05226845990475,dt_005
5.104999999999913,1,T,0.0,0.0,-0.003266790677571533,0.0,0.03862076030634132,0.0,0.0,0.0,-0.0300973354764945,0.0,0.002322408183837129,0.0,32.05522623020271,0.0,1.208493297780141,0.0,0.002322408183837129,0.0,0.0,10.0,0.0,-32.0668382711219,10.0,-1.208493297780141,33.58991093626608,0.9546568412153852,-0.2977084404592238,0.0,0.0,-1.0,0.0,72.67998138778877,72.67998138778877,-0.404700542722039,1.217069128955229,691.0727964826011,-13293.12529255258,-248.9768333684124,0.0,1244.884166842062,-66465.6264627629,0.0,-13283.2127569801,-248.9768333684124,513.262989414101,1243.955870574941,-66465.6264627629,-48.06642192002884,dt_005
5.109999999999913,1,T,0.0,0.0,-0.003422153360616959,0.0,0.0386324875999705,0.0,0.0,0.0,-0.03204441850033952,0.0,0.002368357198011517,0.0,32.05528725759411,0.0,1.206923588523457,0.0,0.002368357198011517,0.0,0.0,10.0,0.0,-32.06712904358417,10.0,-1.206923588523457,33.59018852429797,0.9546576084378904,-0.2977059802080703,0.0,0.0,-1.0,0.0,72.68012904498339,72.68012904498339,-0.4046980018123753,1.217073531367923,691.084218622451,-13293.38008713921,-248.9764751126822,0.0,1244.882375563411,-66466.90043569606,0.0,-13283.46134135465,-248.9764751126822,513.4286064155519,1243.953516858254,-66466.90043569606,-48.08094096814118,dt_005
5.114999999999913,1,T,0.0,0.0,-0.003586926506276734,0.0,0.03864439347765132,0.0,0.0,0.0,-0.03386154032847076,0.0,0.0023938583078073,0.0,32.05534308993178,0.0,1.205489469605049,0.0,0.0023938583078073,0.0,0.0,10.0,0.0,-32.06731238147082,10.0,-1.205489469605049,33.59036354925072,0.954658092177336,-0.2977044289901132,0.0,0.0,-1.0,0.0,72.68022214456037,72.68022214456037,-0.4046963997393069,1.217076307140283,691.0914205646345,-13293.54074163094,-248.9762493002185,0.0,1244.881246501093,-66467.70370815472,0.0,-13283.61576214182,-248.9762493002185,513.5929644953164,1243.951816104929,-66467.70370815472,-48.09570770207603,dt_005
5.119999999999913,1,T,0.0,0.0,-0.003760393440974893,0.0,0.0386563706962098,0.0,0.0,0.0,-0.03552198588119687,0.0,0.002396912890264915,0.0,32.05539282003582,0.0,1.204214198275866,0.0,0.002396912890264915,0.0,0.0,10.0,0.0,-32.06737738448714,10.0,-1.204214198275866,33.59042560491185,0.9546582636868408,-0.2977038790046686,0.0,0.0,-1.0,0.0,72.68025515307117,72.68025515307117,-0.4046958317233407,1.217077291292036,691.0939740454596,-13293.59770243543,-248.9761692516318,0.0,1244.880846258159,-66467.98851217717,0.0,-13283.66652802494,-248.9761692516318,513.7542665773306,1243.950840018975,-66467.98851217717,-48.11059131331746,dt_005
5.124999999999913,1,T,0.0,0.0,-0.003941716662112509,0.0,0.03866830286674762,0.0,0.0,0.0,-0.03700413597817158,0.0,0.002375861372359917,0.0,32.05543574681202,0.0,1.203115646452189,0.0,0.002375861372359917,0.0,0.0,10.0,0.0,-32.06731505367382,10.0,-1.203115646452189,33.59036610029096,0.9546580992279228,-0.2977044063807742,0.0,0.0,-1.0,0.0,72.68022350150662,72.68022350150662,-0.4046963763887494,1.217076347597758,691.0915255353403,-13293.54308322476,-248.9762460093624,0.0,1244.881230046812,-66467.71541612381,0.0,-13283.60581849437,-248.9762460093624,513.9106580092451,1243.950649368401,-66467.71541612381,-48.12544918021378,dt_005
5.129999999999913,1,T,0.0,0.0,-0.00412996412877588,0.0,0.03868006760509608,0.0,0.0,0.0,-0.03829179631648232,0.0,0.002329965273126139,0.0,32.055471384623,0.0,1.202206072989705,0.0,0.002329965273126139,0.0,0.0,10.0,0.0,-32.06712121098864,10.0,-1.202206072989705,33.59018104685114,0.9546575877713144,-0.2977060464798368,0.0,0.0,-1.0,0.0,72.68012506754421,72.68012506754421,-0.4046980702568129,1.217073412780212,691.0839109406456,-13293.37322365169,-248.9764847611767,0.0,1244.882423805884,-66466.86611825846,0.0,-13283.43003902924,-248.9764847611767,514.0603675788894,1243.95127596516,-66466.86611825846,-48.14013009395958,dt_005
5.134999999999913,1,T,0.0,0.0,-0.004324135601691862,0.0,0.0386915409736347,0.0,0.0,0.0,-0.03937387361568658,0.0,0.002259340372843496,0.0,32.05549944595263,0.0,1.20149258970118,0.0,0.002259340372843496,0.0,0.0,10.0,0.0,-32.06679614781685,10.0,-1.20149258970118,33.58987072296708,0.954656730068662,-0.2977087968713883,0.0,0.0,-1.0,0.0,72.67995999694642,72.67995999694642,-0.4047009108192264,1.217068491185317,691.0711418012054,-13293.08838147336,-248.9768852799064,0.0,1244.884426399532,-66465.44190736678,0.0,-13283.13951115536,-248.9768852799064,514.201755000126,1243.952724648688,-66465.44190736678,-48.15447986632703,dt_005
5.139999999999913,1,T,0.0,0.0,-0.004523188459673852,0.0,0.03870260124196979,0.0,0.0,0.0,-0.04024450396288371,0.0,0.002164753121678328,0.0,32.05551984240923,0.0,1.200977153679416,0.0,0.002164753121678328,0.0,0.0,10.0,0.0,-32.06634360801763,10.0,-1.200977153679416,33.58943870307233,0.9546555359701384,-0.2977126259357626,0.0,0.0,-1.0,0.0,72.67973018725836,72.67973018725836,-0.4047048654227169,1.217061639388555,691.0533653373151,-13292.6918412987,-248.9774431694238,0.0,1244.887215847119,-66463.45920649351,0.0,-13282.73757990884,-248.9774431694238,514.3333267508453,1243.954979329837,-66463.45920649351,-48.16834624624007,dt_005
5.144999999999913,1,T,0.0,0.0,-0.004726058657561452,0.0,0.03871313164336179,0.0,0.0,0.0,-0.04090097700999782,0.0,0.002047421810300679,0.0,32.05553260164034,0.0,1.200658729925274,0.0,0.002047421810300679,0.0,0.0,10.0,0.0,-32.06576971069185,10.0,-1.200658729925274,33.58889082924774,0.9546540215841356,-0.2977174819744997,0.0,0.0,-1.0,0.0,72.67943874104034,72.67943874104034,-0.404709880677908,1.217052949893043,691.0308221227128,-13292.18897035614,-248.9781511762062,0.0,1244.890755881031,-66460.94485178072,0.0,-13282.22966887437,-248.9781511762062,514.453736433994,1243.958009410352,-66460.94485178072,-48.18158260038458,dt_005
5.149999999999912,1,T,0.0,0.0,-0.004931675455075048,0.0,0.03872302234462472,0.0,0.0,0.0,-0.04134332507155745,0.0,0.001908901367126743,0.0,32.05553784948903,0.0,1.200533765104697,0.0,0.001908901367126743,0.0,0.0,10.0,0.0,-32.06508235632467,10.0,-1.200533765104697,33.58823464426023,0.9546522077129812,-0.2977232982296336,0.0,0.0,-1.0,0.0,72.67908966464115,72.67908966464115,-0.404715887642881,1.217042542148436,691.0038227422035,-13291.5866977413,-248.9789999006865,0.0,1244.894999503433,-66457.93348870652,0.0,-13281.62275879082,-248.9789999006865,514.5617909866332,1243.961773241069,-66457.93348870652,-48.19405049990352,dt_005
5.154999999999912,1,T,0.0,0.0,-0.005138975377344641,0.0,0.03873217220862064,0.0,0.0,0.0,-0.04157441389030026,0.0,0.001751114309551423,0.0,32.05553581176069,0.0,1.200596153363213,0.0,0.001751114309551423,0.0,0.0,10.0,0.0,-32.06429138330845,10.0,-1.200596153363213,33.58747954094961,0.954650120269248,-0.2977299915525984,0.0,0.0,-1.0,0.0,72.67868794810713,72.67868794810713,-0.4047228004480852,1.217030564933417,690.9727539221465,-13290.89365110523,-248.9799775789804,0.0,1244.899887894902,-66454.46825552614,0.0,-13280.92552321114,-248.9799775789804,514.6564795164306,1243.96621694518,-66454.46825552614,-48.20562186961078,dt_005
5.159999999999912,1,T,0.0,0.0,-0.00534690827297861,0.0,0.03874048971966287,0.0,0.0,0.0,-0.0415967042584969,0.0,0.001575986300320748,0.0,32.05552668800391,0.0,1.200840501951448,0.0,0.001575986300320748,0.0,0.0,10.0,0.0,-32.06340661950551,10.0,-1.200840501951448,33.58663490211173,0.9546477851369848,-0.2977374788854259,0.0,0.0,-1.0,0.0,72.67823857604255,72.67823857604255,-0.4047305333176177,1.217017166864419,690.9380019792469,-13290.11844897518,-248.9810724657827,0.0,1244.905362328914,-66450.5922448759,0.0,-13280.14662160957,-248.9810724657827,514.7369195446636,1243.971286277799,-66450.5922448759,-48.2161805998976,dt_005
5.164999999999912,1,T,0.0,0.0,-0.005554440790461791,0.0,0.03874789348677157,0.0,0.0,0.0,-0.04141445721590621,0.0,0.001385641646415301,0.0,32.05551073645987,0.0,1.201259943819599,0.0,0.001385641646415301,0.0,0.0,10.0,0.0,-32.06243894469194,10.0,-1.201259943819599,33.58571111473,0.9546452309783018,-0.2977456682646867,0.0,0.0,-1.0,0.0,72.6777470675475,72.6777470675475,-0.4047389912778823,1.217002512493912,690.8999945377853,-13289.27063128021,-248.9822715003612,0.0,1244.911357501806,-66446.35315640103,0.0,-13279.29562893514,-248.9822715003612,514.8023997134011,1243.976919935214,-66446.35315640103,-48.2256229144653,dt_005
5.169999999999912,1,T,0.0,0.0,-0.005760563856189169,0.0,0.03875431276812596,0.0,0.0,0.0,-0.04103311970212702,0.0,0.001182215144416317,0.0,32.05548824979958,0.0,1.201846768322054,0.0,0.001182215144416317,0.0,0.0,10.0,0.0,-32.06139932552166,10.0,-1.201846768322054,33.58471864867355,0.9546424866890452,-0.2977544669827078,0.0,0.0,-1.0,0.0,72.6772189864175,72.6772189864175,-0.4047480785861569,1.216986767706966,690.8591626102186,-13288.35981344122,-248.9835614803387,0.0,1244.917807401694,-66441.79906720608,0.0,-13278.38219005268,-248.9835614803387,514.852353953242,1243.983055392693,-66441.79906720608,-48.23385825019194,dt_005
5.174999999999912,1,T,0.0,0.0,-0.005964291943201548,0.0,0.03875968636290664,0.0,0.0,0.0,-0.04045666286347673,0.0,0.0009673885432858824,0.0,32.055459453407,0.0,1.202595045392525,0.0,0.0009673885432858824,0.0,0.0,10.0,0.0,-32.06029639612343,10.0,-1.202595045392525,33.58366574701584,0.9546395750134044,-0.2977638020616786,0.0,0.0,-1.0,0.0,72.67665871233629,72.67665871233629,-0.4047577198761121,1.216970063084249,690.8158455669623,-13287.39356655634,-248.984932055158,0.0,1244.92466027579,-66436.96783278171,0.0,-13277.41390208008,-248.984932055158,514.8862645414251,1243.989643912683,-66436.96783278171,-48.24080845909866,dt_005
5.179999999999912,1,T,0.0,0.0,-0.006164655910995691,0.0,0.03876396076768632,0.0,0.0,0.0,-0.03968766666003734,0.0,0.0007425587559305025,0.0,32.0554245108624,0.0,1.203500481902408,0.0,0.0007425587559305025,0.0,0.0,10.0,0.0,-32.05913730464206,10.0,-1.203500481902408,33.58255923419018,0.9546365147776726,-0.2977736130907816,0.0,0.0,-1.0,0.0,72.67606987077139,72.67606987077139,-0.4047678527600976,1.216952506719407,690.7703243897089,-13286.37815918339,-248.9863746822511,0.0,1244.931873411255,-66431.89079591696,0.0,-13276.39705655623,-248.9863746822511,514.9036662235097,1243.996645417331,-66431.89079591696,-48.24640531361754,dt_005
5.184999999999912,1,T,0.0,0.0,-0.006358595653800959,0.0,0.03876762364181374,0.0,0.0,0.0,-0.03728209983374881,0.0,0.0008778401453327794,0.0,32.05532686762552,0.0,1.206021656234456,0.0,0.0008778401453327794,0.0,0.0,10.0,0.0,-32.05971606835218,10.0,-1.206021656234456,33.5831117436035,0.9546380428686312,-0.2977687141187766,0.0,0.0,-1.0,0.0,72.67636389911708,72.67636389911708,-0.4047627930712221,1.216961273201291,690.7930540598076,-13286.88517245184,-248.9856540523356,0.0,1244.928270261678,-66434.42586225919,0.0,-13276.90180275363,-248.9856540523356,514.9719467677628,1243.992868246198,-66434.42586225919,-48.25082226586118,dt_005
5.189999999999912,1,T,0.0,0.0,-0.006539120973739172,0.0,0.03877219813471713,0.0,0.0,0.0,-0.03462044781520592,0.0,0.001032735228909,0.0,32.05521817810723,0.0,1.208827944747684,0.0,0.001032735228909,0.0,0.0,10.0,0.0,-32.06038185425178,10.0,-1.208827944747684,33.58374732873681,0.954639800628159,-0.2977630787331239,0.0,0.0,-1.0,0.0,72.67670212523218,72.67670212523218,-0.4047569728197496,1.216971357443691,690.8192018422677,-13287.46843275226,-248.9848257840971,0.0,1244.924128920485,-66437.3421637613,0.0,-13277.48226883179,-248.9848257840971,515.0552904738622,1243.98850928136,-66437.3421637613,-48.25635237322979,dt_005
5.194999999999911,1,T,0.0,0.0,-0.006703573843843902,0.0,0.03877813935429842,0.0,0.0,0.0,-0.03146766886288896,0.0,0.001263234899896705,0.0,32.05508876736639,0.0,1.212168800579262,0.0,0.001263234899896705,0.0,0.0,10.0,0.0,-32.06140494186587,10.0,-1.212168800579262,33.58472401027439,0.9546425015151976,-0.2977544194479834,0.0,0.0,-1.0,0.0,72.6772218393589,72.6772218393589,-0.404748029492265,1.216986852767673,690.8593831933596,-13288.36473386865,-248.9835545064605,0.0,1244.917772532302,-66441.82366934323,0.0,-13278.37483583796,-248.9835545064605,515.1689230817556,1243.981870948228,-66441.82366934323,-48.26349675413295,dt_005
5.199999999999911,1,T,0.0,0.0,-0.00685697447862855,0.0,0.03878387318771884,0.0,0.0,0.0,-0.02994400344069466,0.0,0.001016970400333735,0.0,32.05502273763251,0.0,1.213875118724186,0.0,0.001016970400333735,0.0,0.0,10.0,0.0,-32.06010758963417,10.0,-1.213875118724186,33.58348550491623,0.9546390765467432,-0.2977654001558628,0.0,0.0,-1.0,0.0,72.6765627975237,72.6765627975237,-0.4047593703942249,1.216967203375384,690.8084304285877,-13287.22816212187,-248.9851668892599,0.0,1244.925834446299,-66436.14081060936,0.0,-13277.23616468223,-248.9851668892599,515.2009894583002,1243.989650044364,-66436.14081060936,-48.27094213203522,dt_005
5.204999999999911,1,T,0.0,0.0,-0.007002619930709746,0.0,0.03878830143705427,0.0,0.0,0.0,-0.02831428493113839,0.0,0.0007545482242653751,0.0,32.05495416381378,0.0,1.215645559026587,0.0,0.0007545482242653751,0.0,0.0,10.0,0.0,-32.05872690493511,10.0,-1.215645559026587,33.58216745186662,0.9546354311670006,-0.2977770870308778,0.0,0.0,-1.0,0.0,72.67586137024193,72.67586137024193,-0.404771440672028,1.216946290257148,690.7542070936912,-13286.01864395354,-248.9868860290273,0.0,1244.934430145137,-66430.09321976767,0.0,-13276.0252747108,-248.9868860290273,515.2128809735073,1243.998025509795,-66430.09321976767,-48.27678415686186,dt_005
5.209999999999911,1,T,0.0,0.0,-0.007139756649050352,0.0,0.03879141558407079,0.0,0.0,0.0,-0.02654071842035975,0.0,0.0004913436959476282,0.0,32.05488159605701,0.0,1.21751761513035,0.0,0.0004913436959476282,0.0,0.0,10.0,0.0,-32.05733831453674,10.0,-1.21751761513035,33.58084185681868,0.9546317644811342,-0.2977888417043801,0.0,0.0,-1.0,0.0,72.67515587110303,72.67515587110303,-0.4047835810190286,1.216925255736121,690.6996756352577,-13284.80226119674,-248.9886183291858,0.0,1244.943091645929,-66424.01130598367,0.0,-13274.80820251674,-248.9886183291858,515.2070510894362,1244.006530147568,-66424.01130598367,-48.28099405698532,dt_005
5.214999999999911,1,T,0.0,0.0,-0.007267703320185889,0.0,0.03879321615373683,0.0,0.0,0.0,-0.02463846738139421,0.0,0.0002291297594621233,0.0,32.05480562785168,0.0,1.219476152032541,0.0,0.0002291297594621233,0.0,0.0,10.0,0.0,-32.05595127664899,10.0,-1.219476152032541,33.57951774893282,0.9546281014612772,-0.297800584117019,0.0,0.0,-1.0,0.0,72.67445110513847,72.67445110513847,-0.4047957087494426,1.216904243074754,690.6452075036726,-13283.58729950958,-248.9903520131182,0.0,1244.951760065591,-66417.9364975479,0.0,-13273.59322723342,-248.9903520131182,515.1838328550012,1244.015105110127,-66417.9364975479,-48.28357016886924,dt_005
5.219999999999911,1,T,0.0,0.0,-0.007384925511156082,0.0,0.03879397016963944,0.0,0.0,0.0,-0.02195341076888191,0.0,0.0001550204828549432,0.0,32.05470057045738,0.0,1.222183358263615,0.0,0.0001550204828549432,0.0,0.0,10.0,0.0,-32.05547567287165,10.0,-1.222183358263615,33.57906372450051,0.954626845342409,-0.2978046106956709,0.0,0.0,-1.0,0.0,72.6742094339431,72.6742094339431,-0.4047998674677316,1.216897037626072,690.6265313761157,-13283.17071329127,-248.9909472430152,0.0,1244.954736215076,-66415.85356645635,0.0,-13273.17656599055,-248.9909472430152,515.1776843752526,1244.018042613449,-66415.85356645635,-48.28462360372455,dt_005
5.224999999999911,1,T,0.0,0.0,-0.007488180388182255,0.0,0.03879444887440891,0.0,0.0,0.0,-0.01913115784209388,0.0,9.706593171257694e-05,0.0,32.0545905251031,0.0,1.225018832436254,0.0,9.706593171257694e-05,0.0,0.0,10.0,0.0,-32.05507585476166,10.0,-1.225018832436254,33.57868204761056,0.954625789341922,-0.297807995734353,0.0,0.0,-1.0,0.0,72.67400626708458,72.67400626708458,-0.404803363596962,1.216890980187697,690.6108314333959,-13282.82051406939,-248.991447927152,0.0,1244.95723963576,-66414.10257034693,0.0,-13272.82638364262,-248.991447927152,515.170455929845,1244.020521036311,-66414.10257034693,-48.28531621555609,dt_005
5.229999999999911,1,T,0.0,0.0,-0.007577500409037125,0.0,0.03879455134764533,0.0,0.0,0.0,-0.01668006628827768,0.0,-7.783993083251815e-05,0.0,32.05449533442411,0.0,1.227471364491524,0.0,-7.783993083251815e-05,0.0,0.0,10.0,0.0,-32.05410613476995,10.0,-1.227471364491524,33.57775632913992,0.9546232279657202,-0.2978162061210045,0.0,0.0,-1.0,0.0,72.67351348641633,72.67351348641633,-0.4048118434489956,1.21687628788723,690.5727535606965,-13281.9711609469,-248.9926634333414,0.0,1244.963317166707,-66409.85580473448,0.0,-13271.97761679425,-248.9926634333414,515.1388740304949,1244.026589046478,-66409.85580473448,-48.28567941031471,dt_005
5.234999999999911,1,T,0.0,0.0,-0.007651025238076739,0.0,0.03879476701907149,0.0,0.0,0.0,-0.01264281310795728,0.0,0.0001893913885510595,0.0,32.05433848468086,0.0,1.231512493190011,0.0,0.0001893913885510595,0.0,0.0,10.0,0.0,-32.05528544162362,10.0,-1.231512493190011,33.57888212469211,0.9546263429077017,-0.2978062212692464,0.0,0.0,-1.0,0.0,72.67411276885015,72.67411276885015,-0.4048015308967942,1.216894155547529,690.6190614056799,-13283.00408980338,-248.9911854313714,0.0,1244.955927156857,-66415.02044901691,0.0,-13273.00965735068,-248.9911854313714,515.1817986002358,1244.019194183168,-66415.02044901691,-48.28566108950039,dt_005
5.239999999999911,1,T,0.0,0.0,-0.00770766023242074,0.0,0.03879538105054552,0.0,0.0,0.0,-0.01020076916737203,0.0,3.182349033147996e-06,0.0,32.05424301222563,0.0,1.233972381995867,0.0,3.182349033147996e-06,0.0,0.0,10.0,0.0,-32.05425892397079,10.0,-1.233972381995867,33.57790218529087,0.9546236315505284,-0.2978149124628935,0.0,0.0,-1.0,0.0,72.67359113080215,72.67359113080215,-0.4048105073314378,1.216878602861659,690.5787530385388,-13282.10498314829,-248.9924718103832,0.0,1244.962359051916,-66410.52491574144,0.0,-13272.11091088482,-248.9924718103832,515.1550762097138,1244.025591589421,-66410.52491574144,-48.28667442166192,dt_005
5.24499999999991,1,T,0.0,0.0,-0.007752988086571578,0.0,0.03879482242028482,0.0,0.0,0.0,-0.007932062661176669,0.0,-0.0002264000979390273,0.0,32.05415570956468,0.0,1.23622147500082,0.0,-0.0002264000979390273,0.0,0.0,10.0,0.0,-32.05302370907498,10.0,-1.23622147500082,33.57672302197644,0.9546203686433552,-0.2978253712685082,0.0,0.0,-1.0,0.0,72.67296340022355,72.67296340022355,-0.4048213094240653,1.216859887017335,690.5302514478952,-13281.02312701066,-248.9940221275539,0.0,1244.970110637769,-66405.11563505328,0.0,-13271.03015654166,-248.9940221275539,515.1057021171663,1244.033364316993,-66405.11563505328,-48.28628011728331,dt_005
5.24999999999991,1,T,0.0,0.0,-0.007786986784425874,0.0,0.03879314378317785,0.0,0.0,0.0,-0.005669202839159231,0.0,-0.0004448205046109725,0.0,32.05407002325633,0.0,1.238428825041483,0.0,-0.0004448205046109725,0.0,0.0,10.0,0.0,-32.05184592073328,10.0,-1.238428825041483,33.57559868306783,0.9546172571122916,-0.2978353444831647,0.0,0.0,-1.0,0.0,72.6723648124938,72.6723648124938,-0.4048316100216831,1.216842040069701,690.4840064924362,-13279.99161270372,-248.9955028198483,0.0,1244.977514099241,-66399.95806351858,0.0,-13270.00028296131,-248.9955028198483,515.0434192258471,1244.040843261788,-66399.95806351858,-48.2844789681626,dt_005
5.25499999999991,1,T,0.0,0.0,-0.007809736325525418,0.0,0.03879040388584334,0.0,0.0,0.0,-0.003432476454229901,0.0,-0.0006509061613764427,0.0,32.05398667454114,0.0,1.240576043975755,0.0,-0.0006509061613764427,0.0,0.0,10.0,0.0,-32.05073214373425,10.0,-1.240576043975755,33.57453545396272,0.954614314401523,-0.2978447762504998,0.0,0.0,-1.0,0.0,72.67179872038668,72.67179872038668,-0.4048413514291997,1.216825161982012,690.4402764565075,-13279.01620042935,-248.9969052395984,0.0,1244.984526197992,-66395.08100214675,0.0,-13269.02701556041,-248.9969052395984,514.9692336374868,1244.047982375509,-66395.08100214675,-48.28134235772527,dt_005
5.25999999999991,1,T,0.0,0.0,-0.007821106289985686,0.0,0.03878675949431085,0.0,0.0,0.0,-0.0009935925215278348,0.0,-0.0007698239950480567,0.0,32.05389662278546,0.0,1.242896276308585,0.0,-0.0007698239950480567,0.0,0.0,10.0,0.0,-32.05004750281022,10.0,-1.242896276308585,33.57388188655568,0.954612505372646,-0.2978505742585697,0.0,0.0,-1.0,0.0,72.67145072465505,72.67145072465505,-0.404847339797865,1.216814786457606,690.4133962710897,-13278.41663211463,-248.9977683717047,0.0,1244.988841858523,-66392.08316057318,0.0,-13268.42977484965,-248.9977683717047,514.8976266228364,1244.052470738034,-66392.08316057318,-48.27697590799117,dt_005
5.26499999999991,1,T,0.0,0.0,-0.007815864346320698,0.0,0.03878391777434922,0.0,0.0,0.0,0.002996099920605932,0.0,-0.0003940819138191494,0.0,32.05374545750475,0.0,1.246791880291646,0.0,-0.0003940819138191494,0.0,0.0,10.0,0.0,-32.05177504793565,10.0,-1.246791880291646,33.5755310266788,0.9546170698675656,-0.2978359446364108,0.0,0.0,-1.0,0.0,72.67232879151136,72.67232879151136,-0.4048322298767643,1.216840966100831,690.4812237806258,-13279.92954327402,-248.9955919960615,0.0,1244.977959980308,-66399.64771637009,0.0,-13269.9430114383,-248.9955919960615,514.9185833719649,1244.041734227634,-66399.64771637009,-48.27301872298428,dt_005
5.26999999999991,1,T,0.0,0.0,-0.007795637571739612,0.0,0.0387815810741241,0.0,0.0,0.0,0.005058150727008906,0.0,-0.0005506183368519711,0.0,32.05366842124993,0.0,1.248777480621183,0.0,-0.0005506183368519711,0.0,0.0,10.0,0.0,-32.05091532956567,10.0,-1.248777480621183,33.57471032582392,0.9546147984161094,-0.2978432249438804,0.0,0.0,-1.0,0.0,72.67189182950744,72.67189182950744,-0.4048397491919004,1.216827938038921,690.4474687460798,-13279.17662634545,-248.996674432911,0.0,1244.983372164555,-66395.88313172723,0.0,-13269.1918638106,-248.996674432911,514.8583835016262,1244.047255138576,-66395.88313172723,-48.27032161070463,dt_005
5.27499999999991,1,T,0.0,0.0,-0.007765373295898352,0.0,0.03877849944595277,0.0,0.0,0.0,0.007133826156424944,0.0,-0.0006549862008271475,0.0,32.05359179795909,0.0,1.250752818081317,0.0,-0.0006549862008271475,0.0,0.0,10.0,0.0,-32.05031686695495,10.0,-1.250752818081317,33.5741390250326,0.9546132171269828,-0.2978482930729536,0.0,0.0,-1.0,0.0,72.67158764121399,72.67158764121399,-0.4048449837148536,1.216818868637271,690.4239719042329,-13278.65252363863,-248.9974286857715,0.0,1244.987143428858,-66393.26261819317,0.0,-13268.66974165899,-248.9974286857715,514.7971739605707,1244.051172312949,-66393.26261819317,-48.26663412672802,dt_005
5.27999999999991,1,T,0.0,0.0,-0.007725198439127898,0.0,0.03877488932158053,0.0,0.0,0.0,0.008934030024187795,0.0,-0.0007888995038995011,0.0,32.05352652790769,0.0,1.252435951361415,0.0,-0.0007888995038995011,0.0,0.0,10.0,0.0,-32.04958203038819,10.0,-1.252435951361415,33.57343754104696,0.9546112753930632,-0.2978545163203493,0.0,0.0,-1.0,0.0,72.67121412221502,72.67121412221502,-0.4048514112921655,1.216807732134326,690.3951213475813,-13278.00900719856,-248.9983556580893,0.0,1244.991778290447,-66390.04503599282,0.0,-13268.0285673146,-248.9983556580893,514.7243263825765,1244.055977931182,-66390.04503599282,-48.2623226181709,dt_005
5.28499999999991,1,T,0.0,0.0,-0.007676372828810373,0.0,0.03877065410641607,0.0,0.0,0.0,0.01059418122642138,0.0,-0.0009050347223214146,0.0,32.05346748293194,0.0,1.253959101387633,0.0,-0.0009050347223214146,0.0,0.0,10.0,0.0,-32.04894230932034,10.0,-1.253959101387633,33.5728268566432,0.9546095848934648,-0.2978599342468314,0.0,0.0,-1.0,0.0,72.67088893791853,72.67088893791853,-0.4048570071178452,1.216798036734934,690.3700056770127,-13277.44879995163,-248.9991634036891,0.0,1244.995817018445,-66387.24399975815,0.0,-13267.47096090578,-248.9991634036891,514.6464192617142,1244.060218014289,-66387.24399975815,-48.25721031789551,dt_005
5.289999999999909,1,T,0.0,0.0,-0.007619212993812083,0.0,0.03876601660560879,0.0,0.0,0.0,0.01226754476221522,0.0,-0.000949906856502824,0.0,32.0534084444315,0.0,1.255482559717329,0.0,-0.000949906856502824,0.0,0.0,10.0,0.0,-32.04865891014899,10.0,-1.255482559717329,33.572556321184,0.9546088359654208,-0.2978623344713874,0.0,0.0,-1.0,0.0,72.670744876102,72.670744876102,-0.4048594861576423,1.216793741518765,690.3588794876815,-13277.2006298949,-248.9995214640655,0.0,1244.997607320327,-66386.0031494745,0.0,-13267.22536383169,-248.9995214640655,514.5752731938045,1244.062230750577,-66386.0031494745,-48.25151037260191,dt_005
5.294999999999909,1,T,0.0,0.0,-0.007554536686722917,0.0,0.03876107272174303,0.0,0.0,0.0,0.01360110602693186,0.0,-0.001027527758580387,0.0,32.05336297367704,0.0,1.256656650978208,0.0,-0.001027527758580387,0.0,0.0,10.0,0.0,-32.04822533488414,10.0,-1.256656650978208,33.57214242665352,0.9546076901377756,-0.2978660066704835,0.0,0.0,-1.0,0.0,72.67052446997533,72.67052446997533,-0.4048632789430779,1.216787170090041,690.3418576082495,-13276.82095694277,-249.0000695323698,0.0,1245.000347661849,-66384.10478471383,0.0,-13266.84851989637,-249.0000695323698,514.4949687199818,1244.065207568444,-66384.10478471383,-48.24546606480316,dt_005
5.299999999999909,1,T,0.0,0.0,-0.007483656833922066,0.0,0.03875579180125042,0.0,0.0,0.0,0.01474908269283486,0.0,-0.001084739165371534,0.0,32.05332512992605,0.0,1.257634494336092,0.0,-0.001084739165371534,0.0,0.0,10.0,0.0,-32.0479014340992,10.0,-1.257634494336092,33.57183322861201,0.9546068341238504,-0.2978687500293364,0.0,0.0,-1.0,0.0,72.67035981285382,72.67035981285382,-0.4048661123903228,1.21678226082298,690.3291416269642,-13276.53732757304,-249.0004791763465,0.0,1245.002395881732,-66382.68663786522,0.0,-13266.56782032929,-249.0004791763465,514.4139180113337,1244.067509013418,-66382.68663786522,-48.2389756151948,dt_005
5.304999999999909,1,T,0.0,0.0,-0.007407535782287803,0.0,0.0387502764559724,0.0,0.0,0.0,0.01569772690066499,0.0,-0.001121316492361692,0.0,32.05329531470076,0.0,1.258405641224066,0.0,-0.001121316492361692,0.0,0.0,10.0,0.0,-32.04768873223895,10.0,-1.258405641224066,33.57163018202237,0.9546062719766436,-0.2978705515871852,0.0,0.0,-1.0,0.0,72.67025168279652,72.67025168279652,-0.4048679731104065,1.216779036915481,690.3207912605665,-13276.35107329181,-249.0007482831905,0.0,1245.003741415952,-66381.75536645908,0.0,-13266.38454283738,-249.0007482831905,514.333532702559,1244.069119573233,-66381.75536645908,-48.23216627937503,dt_005
5.309999999999909,1,T,0.0,0.0,-0.007327200127684742,0.0,0.03874462969997074,0.0,0.0,0.0,0.01643508583786211,0.0,-0.001137323109390209,0.0,32.05327385854747,0.0,1.258961449630909,0.0,-0.001137323109390209,0.0,0.0,10.0,0.0,-32.04758724300052,10.0,-1.258961449630909,33.57153329977244,0.9546060037483528,-0.2978714111955019,0.0,0.0,-1.0,0.0,72.67020008881798,72.67020008881798,-0.4048688609482054,1.216777498636316,690.3168069598596,-13276.26220384092,-249.0008767131863,0.0,1245.004383565931,-66381.31101920457,0.0,-13266.29864418562,-249.0008767131863,514.2551783052517,1244.070033576732,-66381.31101920457,-48.22516619747757,dt_005
5.314999999999909,1,T,0.0,0.0,-0.00724373400699999,0.0,0.03873895340732248,0.0,0.0,0.0,0.01695009468146661,0.0,-0.001133151313093433,0.0,32.05326105835081,0.0,1.259294128301239,0.0,-0.001133151313093433,0.0,0.0,10.0,0.0,-32.04759530178534,10.0,-1.259294128301239,33.5715409927369,0.9546060250471892,-0.2978713429378613,0.0,0.0,-1.0,0.0,72.67020418566491,72.67020418566491,-0.4048687904489792,1.21677762078418,690.3171233340462,-13276.2692605356,-249.000866514514,0.0,1245.00433257257,-66381.34630267798,0.0,-13266.30861443511,-249.000866514514,514.180148204101,1244.070256341743,-66381.34630267798,-48.2181025161798,dt_005
5.319999999999909,1,T,0.0,0.0,-0.007158271283916721,0.0,0.03873334684376043,0.0,0.0,0.0,0.01723392852970454,0.0,-0.001109451755801903,0.0,32.05325712707347,0.0,1.259398040596799,0.0,-0.001109451755801903,0.0,0.0,10.0,0.0,-32.04770986829446,10.0,-1.259398040596799,33.57165035863412,0.9546063278373288,-0.2978703725665412,0.0,0.0,-1.0,0.0,72.67026242767359,72.67026242767359,-0.4048677882107674,1.216779357274969,690.3216210289567,-13276.3695812031,-249.0007215387143,0.0,1245.003607693572,-66381.84790601548,0.0,-13266.41174243305,-249.0007215387143,514.1096545772072,1244.069802324738,-66381.84790601548,-48.21109948648449,dt_005
5.324999999999909,1,T,0.0,0.0,-0.007071971108864848,0.0,0.03872790585589779,0.0,0.0,0.0,0.01728528880970425,0.0,-0.001066941352063074,0.0,32.05326199038956,0.0,1.259274960963609,0.0,-0.001066941352063074,0.0,0.0,10.0,0.0,-32.04792728362924,10.0,-1.259274960963609,33.57185790475094,0.9546069024405696,-0.2978685310884998,0.0,0.0,-1.0,0.0,72.67037295374597,72.67037295374597,-0.4048658862596561,1.216782652619875,690.3301564457826,-13276.55996304246,-249.0004464772704,0.0,1245.002232386352,-66382.79981521232,0.0,-13266.60477858611,-249.0004464772704,514.0448434313271,1244.06869034636,-66382.79981521232,-48.20427726762102,dt_005
5.329999999999909,1,T,0.0,0.0,-0.006985996074371358,0.0,0.03872272201006951,0.0,0.0,0.0,0.01710409571557149,0.0,-0.001006614985130719,0.0,32.05327553238266,0.0,1.258927744512052,0.0,-0.001006614985130719,0.0,0.0,10.0,0.0,-32.048242457457,10.0,-1.258927744512052,33.57215877199364,0.954607735389125,-0.2978658616479003,0.0,0.0,-1.0,0.0,72.6705331742649,72.6705331742649,-0.4048631291582094,1.216787429609227,690.3425298248192,-13276.8359507149,-249.0000478821348,0.0,1245.000239410674,-66384.17975357448,0.0,-13266.88322392061,-249.0000478821348,513.9867557139344,1244.066948731504,-66384.17975357448,-48.19775105252449,dt_005
5.334999999999908,1,T,0.0,0.0,-0.006901503719935797,0.0,0.0387178812975314,0.0,0.0,0.0,0.01669244836484939,0.0,-0.0009297074991446932,0.0,32.05329756024592,0.0,1.25836124496027,0.0,-0.0009297074991446932,0.0,0.0,10.0,0.0,-32.04864902275019,10.0,-1.25836124496027,33.57254688258588,0.9546088098360468,-0.2978624182125132,0.0,0.0,-1.0,0.0,72.67073984994576,72.67073984994576,-0.4048595726485784,1.216793591663459,690.3584913123489,-13277.19197163642,-248.9995339587939,0.0,1244.99766979397,-66385.95985818209,0.0,-13267.24146593125,-248.9995339587939,513.9363154720186,1244.064614337464,-66385.95985818209,-48.19162941622362,dt_005
5.339999999999908,1,T,0.0,0.0,-0.006819634501677403,0.0,0.03871346290883478,0.0,0.0,0.0,0.01605507868874768,0.0,-0.0008377040035846407,0.0,32.05332778848643,0.0,1.257582728907838,0.0,-0.0008377040035846407,0.0,0.0,10.0,0.0,-32.04913926846851,10.0,-1.257582728907838,33.57301487578513,0.9546101053791348,-0.2978582661401851,0.0,0.0,-1.0,0.0,72.67098905784827,72.67098905784827,-0.4048552842373742,1.216801021819751,690.3777383079351,-13277.62127677378,-248.9989146374554,0.0,1244.994573187277,-66388.1063838689,0.0,-13267.67272004298,-248.9989146374554,513.8943113746365,1244.061732968181,-66388.1063838689,-48.18601280429756,dt_005
5.344999999999908,1,T,0.0,0.0,-0.006741499686184749,0.0,0.03870953797818873,0.0,0.0,0.0,0.01519892721195529,0.0,-0.0007323417165055227,0.0,32.05336585711664,0.0,1.256601411693537,0.0,-0.0007323417165055227,0.0,0.0,10.0,0.0,-32.04970414853411,10.0,-1.256601411693537,33.5735541164257,0.9546115980867796,-0.2978534820985053,0.0,0.0,-1.0,0.0,72.67127619621125,72.67127619621125,-0.404850343112472,1.216809582876172,690.3999158052461,-13278.11594820495,-248.9982015455085,0.0,1244.991007727542,-66390.57974102475,0.0,-13268.16903780291,-248.9982015455085,513.8613803962176,1244.058359296582,-66390.57974102475,-48.18099196507169,dt_005
5.349999999999908,1,T,0.0,0.0,-0.006668167614152894,0.0,0.03870616844094435,0.0,0.0,0.0,0.0141342216545918,0.0,-0.0006155625634257476,0.0,32.05341129148326,0.0,1.255429498573028,0.0,-0.0006155625634257476,0.0,0.0,10.0,0.0,-32.05033347866613,10.0,-1.255429498573028,33.57415488279202,0.9546132610204018,-0.2978481523931185,0.0,0.0,-1.0,0.0,72.67159608480192,72.67159608480192,-0.4048448384161824,1.216819120383613,690.4246241073955,-13278.66707116565,-248.9974077414054,0.0,1244.987038707027,-66393.33535582825,0.0,-13268.72147937764,-248.9974077414054,513.8379993356612,1244.054555589409,-66393.33535582825,-48.17664647660234,dt_005
5.354999999999908,1,T,0.0,0.0,-0.006600655490051855,0.0,0.03870340579367195,0.0,0.0,0.0,0.01287118755112232,0.0,-0.0004895998269898942,0.0,32.05346363118792,0.0,1.254078858060665,0.0,-0.0004895998269898942,0.0,0.0,10.0,0.0,-32.05101563205297,10.0,-1.254078858060665,33.57480607607591,0.954615063432675,-0.2978423755402003,0.0,0.0,-1.0,0.0,72.67194281053068,72.67194281053068,-0.4048388719019387,1.216829458042768,690.4514068657386,-13279.264467206,-248.9965480803845,0.0,1244.982740401922,-66396.32233602999,0.0,-13269.31984754057,-248.9965480803845,513.824458025869,1244.050393593566,-66396.32233602999,-48.173043274977,dt_005
5.359999999999908,1,T,0.0,0.0,-0.006539916296289537,0.0,0.03870129026559857,0.0,0.0,0.0,0.01142528431356335,0.0,-0.0003567269828378152,0.0,32.0535222285082,0.0,1.252566227512601,0.0,-0.0003567269828378152,0.0,0.0,10.0,0.0,-32.05173859359401,10.0,-1.252566227512601,33.57549622674375,0.9546169735553744,-0.2978362533339043,0.0,0.0,-1.0,0.0,72.67231026359586,72.67231026359586,-0.4048325487082284,1.216840413689345,690.4797924591514,-13279.89761712082,-248.9956378683716,0.0,1244.978189341858,-66399.48808560408,0.0,-13269.95361033218,-248.9956378683716,513.8208840082566,1244.045947849984,-66399.48808560408,-48.1702353634051,dt_005
5.364999999999908,1,T,0.0,0.0,-0.006486818749945571,0.0,0.03869985038682967,0.0,0.0,0.0,0.009814754587441256,0.0,-0.0002193500392830897,0.0,32.0535863437214,0.0,1.250910750476351,0.0,-0.0002193500392830897,0.0,0.0,10.0,0.0,-32.05248959352498,10.0,-1.250910750476351,33.57621314477002,0.9546189576330354,-0.2978298939455489,0.0,0.0,-1.0,0.0,72.67269195148167,72.67269195148167,-0.4048259805593475,1.216851793748394,690.5092796001043,-13280.55533985599,-248.9946933105881,0.0,1244.973466552941,-66402.77669927993,0.0,-13270.61158042627,-248.9946933105881,513.827224301585,1244.041297955245,-66402.77669927993,-48.16826136240147,dt_005
5.369999999999908,1,T,0.0,0.0,-0.006442134731938574,0.0,0.03869910242675511,0.0,0.0,0.0,0.008060087146611213,0.0,-7.99670891729975e-05,0.0,32.05365516645093,0.0,1.249133421981359,0.0,-7.99670891729975e-05,0.0,0.0,10.0,0.0,-32.05325533100507,10.0,-1.249133421981359,33.57694413305959,0.954620980515189,-0.2978234100271823,0.0,0.0,-1.0,0.0,72.67308111279104,72.67308111279104,-0.404819283806546,1.216863396628246,690.5393461051955,-13281.22598810872,-248.9937312185794,0.0,1244.968656092897,-66406.12994054359,0.0,-13271.28211087191,-248.9937312185794,513.8432454216452,1244.036527124462,-66406.12994054359,-48.1671447551429,dt_005
5.374999999999908,1,T,0.0,0.0,-0.006406527166031174,0.0,0.03869905014517157,0.0,0.0,0.0,0.006184372773493797,0.0,5.891621471651893e-05,0.0,32.05372780200525,0.0,1.247257436167489,0.0,5.891621471651893e-05,0.0,0.0,10.0,0.0,-32.05402238307883,10.0,-1.247257436167489,33.57767637783947,0.954623006737708,-0.2978169152466958,0.0,0.0,-1.0,0.0,72.6734709252123,72.6734709252123,-0.4048125758493022,1.216875018921059,690.5694649476379,-13281.897806367,-248.9927684889185,0.0,1244.963842444593,-66409.48903183502,0.0,-13271.95345299445,-248.9927684889185,513.868543817598,1244.03171959846,-66409.48903183502,-48.16689347781953,dt_005
5.379999999999908,1,T,0.0,0.0,-0.0063805398037354,0.0,0.03869968486046965,0.0,0.0,0.0,0.004212186139121106,0.0,0.0001948288451017778,0.0,32.05380331429702,0.0,1.245307071178001,0.0,0.0001948288451017778,0.0,0.0,10.0,0.0,-32.05477745852253,10.0,-1.245307071178001,33.57839719098284,0.9546250011936404,-0.2978105221378883,0.0,0.0,-1.0,0.0,72.67385463455874,72.67385463455874,-0.4048059729147893,1.21688645925014,690.5991142231852,-13282.55915319996,-248.9918217824247,0.0,1244.959108912123,-66412.79576599979,0.0,-13272.61397848811,-248.9918217824247,513.9025552553628,1244.026959037658,-66412.79576599979,-48.16749994328055,dt_005
5.384999999999907,1,T,0.0,0.0,-0.006364590346284121,0.0,0.03870098551580699,0.0,0.0,0.0,0.002169373064357715,0.0,0.0003252922742823262,0.0,32.05388073370003,0.0,1.243307478689882,0.0,0.0003252922742823262,0.0,0.0,10.0,0.0,-32.05550719507143,10.0,-1.243307478689882,33.57909381643996,0.9546269285973824,-0.2978043438177628,0.0,0.0,-1.0,0.0,72.67422545169622,72.67422545169622,-0.4047995918315611,1.216897515196839,690.6277691891321,-13283.19832368668,-248.9909077801254,0.0,1244.954538900627,-66415.99161843339,0.0,-13273.25200194924,-248.9909077801254,513.9445487044278,1244.022329797771,-66415.99161843339,-48.168941173742,dt_005
5.389999999999907,1,T,0.0,0.0,-0.006358964644718204,0.0,0.03870291886682785,0.0,0.0,0.0,8.282310423943733e-05,0.0,0.000447909590468169,0.0,32.05395906530482,0.0,1.241284462673629,0.0,0.000447909590468169,0.0,0.0,10.0,0.0,-32.05619861325717,10.0,-1.241284462673629,33.57975386349028,0.9546287546827552,-0.2977984901453533,0.0,0.0,-1.0,0.0,72.67457678308325,72.67457678308325,-0.4047935460623806,1.216907990174114,690.6549200887117,-13283.80394701476,-248.9900426194546,0.0,1244.950213097273,-66419.0197350738,0.0,-13273.8561780875,-248.9900426194546,513.9936440980383,1244.017914104061,-66419.0197350738,-48.17117892607104,dt_005
5.394999999999907,1,T,0.0,0.0,-0.006363814280598094,0.0,0.03870543977508231,0.0,0.0,0.0,-0.002020645682862584,0.0,0.0005603202898704295,0.0,32.05403733139642,0.0,1.23926337439082,0.0,0.0005603202898704295,0.0,0.0,10.0,0.0,-32.05683893284576,10.0,-1.23926337439082,33.58036513152315,0.9546304457170064,-0.297793069278232,0.0,0.0,-1.0,0.0,72.67490213734347,72.67490213734347,-0.4047879473119367,1.21691769064099,690.6800649494298,-13284.36482586468,-248.9892421331326,0.0,1244.946210665663,-66421.82412932342,0.0,-13274.41534108747,-248.9892421331326,514.0488099125346,1244.013793231044,-66421.82412932342,-48.17416010374799,dt_005
5.399999999999907,1,T,0.0,0.0,-0.006379155655134664,0.0,0.0387084916412022,0.0,0.0,0.0,-0.004113780978699972,0.0,0.000660300404473077,0.0,32.05411455105964,0.0,1.237269631645795,0.0,0.000660300404473077,0.0,0.0,10.0,0.0,-32.05741605308201,10.0,-1.237269631645795,33.58091606851129,0.9546319697675588,-0.2977881836099452,0.0,0.0,-1.0,0.0,72.67519536908644,72.67519536908644,-0.4047829013311339,1.216926433372091,690.702728450245,-13284.8703572894,-248.9885212605727,0.0,1244.942606302863,-66424.35178644702,0.0,-13274.91892495868,-248.9885212605727,514.108885121176,1244.010044541321,-66424.35178644702,-48.1778171824634,dt_005
5.404999999999907,1,T,0.0,0.0,-0.006404869020958919,0.0,0.03871200728649094,0.0,0.0,0.0,-0.00616937686596942,0.0,0.0007458420393828028,0.0,32.0541897574291,0.0,1.235328266733386,0.0,0.0007458420393828028,0.0,0.0,10.0,0.0,-32.05791896762602,10.0,-1.235328266733386,33.58139616714701,0.9546332977956578,-0.2977839262616214,0.0,0.0,-1.0,0.0,72.67545088946385,72.67545088946385,-0.4047785042938076,1.216934051735395,690.7224782276116,-13285.31089647789,-248.9878935457588,0.0,1244.939467728794,-66426.55448238946,0.0,-13275.35732658156,-248.9878935457588,514.1726049211544,1244.006738934918,-66426.55448238946,-48.18206921006054,dt_005
5.409999999999907,1,T,0.0,0.0,-0.006440699584072866,0.0,0.03871590999396907,0.0,0.0,0.0,-0.008160621536457562,0.0,0.0008151376504687338,0.0,32.05426200965165,0.0,1.23346361235307,0.0,0.0008151376504687338,0.0,0.0,10.0,0.0,-32.05833769790399,10.0,-1.23346361235307,33.58179590124465,0.9546344034779808,-0.2977803816510411,0.0,0.0,-1.0,0.0,72.67566363199977,72.67566363199977,-0.4047748433847214,1.216940394673464,690.738922271122,-13285.67769870912,-248.9873712387383,0.0,1244.936856193692,-66428.38849354559,0.0,-13275.72184717685,-248.9873712387383,514.2386122882691,1244.003941306819,-66428.38849354559,-48.18682312139545,dt_005
5.414999999999907,1,T,0.0,0.0,-0.006486251992822581,0.0,0.0387201142489126,0.0,0.0,0.0,-0.01005810649947887,0.0,0.0008664755387957717,0.0,32.05433027605031,0.0,1.231702313890515,0.0,0.0008664755387957717,0.0,0.0,10.0,0.0,-32.05866265374429,10.0,-1.231702313890515,33.58210611540882,0.954635261516087,-0.2977776309095634,0.0,0.0,-1.0,0.0,72.6758287274602,72.6758287274602,-0.4047720023944674,1.21694531700964,690.7516838272793,-13285.962359598,-248.9869661105505,0.0,1244.934830552753,-66429.81179799,0.0,-13276.0041325963,-248.9869661105505,514.3054461511324,1244.001714583475,-66429.81179799,-48.19197481723793,dt_005
5.419999999999907,1,T,0.0,0.0,-0.006540986909261812,0.0,0.03872452501665262,0.0,0.0,0.0,-0.0118336465204266,0.0,0.0008977598834536208,0.0,32.0543935827464,0.0,1.230069489187136,0.0,0.0008977598834536208,0.0,0.0,10.0,0.0,-32.05888238216367,10.0,-1.230069489187136,33.58231587596966,0.9546358416902356,-0.2977757709424576,0.0,0.0,-1.0,0.0,72.675940359868,72.675940359868,-0.4047700814053515,1.216948645340037,690.76031300096,-13286.15484330379,-248.9866922744793,0.0,1244.933461372396,-66430.77421651897,0.0,-13276.19420338591,-248.9866922744793,514.3714554941446,1244.000133853885,-66430.77421651897,-48.19740881179197,dt_005
5.424999999999907,1,T,0.0,0.0,-0.006604226984110044,0.0,0.0387290371112523,0.0,0.0,0.0,-0.01346022311503732,0.0,0.000907026148929094,0.0,32.05445101222839,0.0,1.228588764765991,0.0,0.000907026148929094,0.0,0.0,10.0,0.0,-32.05898614297303,10.0,-1.228588764765991,33.58241492977146,0.9546361156580232,-0.2977748926309289,0.0,0.0,-1.0,0.0,72.6759930747717,72.6759930747717,-0.4047691742784851,1.216950217039688,690.764387915644,-13286.24573906593,-248.9865629917456,0.0,1244.932814958728,-66431.22869532966,0.0,-13276.28270995974,-248.9865629917456,514.4348783584486,1243.999270441016,-66431.22869532966,-48.20299682886637,dt_005
5.429999999999906,1,T,0.0,0.0,-0.006675172640651109,0.0,0.03873353628742422,0.0,0.0,0.0,-0.01491596062673865,0.0,0.0008926151060222291,0.0,32.05450185603029,0.0,1.227278337739443,0.0,0.0008926151060222291,0.0,0.0,10.0,0.0,-32.0589649315604,10.0,-1.227278337739443,33.58239468059149,0.9546360596520672,-0.2977750721802865,0.0,0.0,-1.0,0.0,72.67598229849733,72.67598229849733,-0.404769359718414,1.216949895744087,690.7635548958497,-13286.22715757633,-248.9865894189937,0.0,1244.932947094969,-66431.13578788166,0.0,-13276.26182773966,-248.9865894189937,514.493891141213,1243.999185591782,-66431.13578788166,-48.20859891707813,dt_005
5.434999999999906,1,T,0.0,0.0,-0.0067529290501195,0.0,0.0387379022954262,0.0,0.0,0.0,-0.01618463184111257,0.0,0.0008537837715267429,0.0,32.05454563078867,0.0,1.22615056850586,0.0,0.0008537837715267429,0.0,0.0,10.0,0.0,-32.05881454964631,10.0,-1.22615056850586,33.58225112062343,0.9546356625854198,-0.2977763451318732,0.0,0.0,-1.0,0.0,72.67590589789641,72.67590589789641,-0.4047706744327135,1.216947617853218,690.757649076276,-13286.09542135792,-248.9867768017224,0.0,1244.933884008612,-66430.47710678962,0.0,-13276.12794394125,-248.9867768017224,514.54675349316,1243.99991131155,-66430.47710678962,-48.21406651200994,dt_005
5.439999999999906,1,T,0.0,0.0,-0.00683653273543892,0.0,0.03874201326933688,0.0,0.0,0.0,-0.01725499919140224,0.0,0.0007906276995536479,0.0,32.05458204765811,0.0,1.225212779726056,0.0,0.0007906276995536479,0.0,0.0,10.0,0.0,-32.05853518615588,10.0,-1.225212779726056,33.58198443037568,0.9546349249438096,-0.2977787099131273,0.0,0.0,-1.0,0.0,72.6757639672699,72.6757639672699,-0.404773116798637,1.216943386178673,690.7466779477219,-13285.85069775865,-248.9871250049339,0.0,1244.93562502467,-66429.25348879327,0.0,-13275.8812885767,-248.9871250049339,514.5918525910784,1244.001452803906,-66429.25348879327,-48.21924799637805,dt_005
5.444999999999906,1,T,0.0,0.0,-0.006924976843810326,0.0,0.03874574941515543,0.0,0.0,0.0,-0.01812094569147302,0.0,0.0007038794896233054,0.0,32.05461101321268,0.0,1.224467243722578,0.0,0.0007038794896233054,0.0,0.0,10.0,0.0,-32.05813041066079,10.0,-1.224467243722578,33.58159801776763,0.9546338561285624,-0.2977821363566177,0.0,0.0,-1.0,0.0,72.67555831707264,72.67555831707264,-0.404776655661575,1.216937254699328,690.7307818239974,-13285.49611710742,-248.9876297625593,0.0,1244.938148812796,-66427.48058553711,0.0,-13275.52505136342,-248.9876297625593,514.6277181599793,1244.003794535048,-66427.48058553711,-48.22399352846522,dt_005
5.449999999999906,1,T,0.0,0.0,-0.007017232148989457,0.0,0.03874899577176151,0.0,0.0,0.0,-0.01877963516989713,0.0,0.00059473909448846,0.0,32.05463255515554,0.0,1.223913109380126,0.0,0.00059473909448846,0.0,0.0,10.0,0.0,-32.05760625062798,10.0,-1.223913109380126,33.58109763721701,0.9546324720219808,-0.2977865735072719,0.0,0.0,-1.0,0.0,72.6752920053467,72.6752920053467,-0.404781238398229,1.216929314590985,690.710197593685,-13285.03696411926,-248.9882838134401,0.0,1244.941419067201,-66425.18482059627,0.0,-13275.06457230267,-248.9882838134401,514.6530279805177,1244.006905775806,-66425.18482059627,-48.22815869551282,dt_005
5.454999999999906,1,T,0.0,0.0,-0.007112262078053047,0.0,0.03875164423703791,0.0,0.0,0.0,-0.01923096417757163,0.0,0.0004647498879003843,0.0,32.05464679891585,0.0,1.223547014785137,0.0,0.0004647498879003843,0.0,0.0,10.0,0.0,-32.05697054835536,10.0,-1.223547014785137,33.58049077571862,0.954630793291893,-0.2977919550607283,0.0,0.0,-1.0,0.0,72.67496901133549,72.67496901133549,-0.4047867965331139,1.216919684495148,690.6852334521003,-13284.48011421344,-248.9890776835217,0.0,1244.945388417608,-66422.40057106719,0.0,-13274.50677736525,-248.9890776835217,514.6666130772153,1244.010744411254,-66422.40057106719,-48.23160718479693,dt_005
5.459999999999906,1,T,0.0,0.0,-0.007209036367072396,0.0,0.03875359528794514,0.0,0.0,0.0,-0.01947755291068005,0.0,0.0003157992971885754,0.0,32.05465396546049,0.0,1.223363151442797,0.0,0.0003157992971885754,0.0,0.0,10.0,0.0,-32.05623296194643,10.0,-1.223363151442797,33.5797866537383,0.9546288453973172,-0.2977981993487961,0.0,0.0,-1.0,0.0,72.6745942363755,72.6745942363755,-0.404793245723213,1.216908510545611,690.6562689227306,-13283.834033931,-248.9899996609804,0.0,1244.949998304902,-66419.170169655,0.0,-13273.86017801104,-248.9899996609804,514.6674806476335,1244.015256732632,-66419.170169655,-48.23421291798921,dt_005
5.464999999999906,1,T,0.0,0.0,-0.007306536528319601,0.0,0.03875475884711372,0.0,0.0,0.0,-0.01952149281692123,0.0,0.0001497781367529344,0.0,32.05465424443761,0.0,1.223356542015476,0.0,0.0001497781367529344,0.0,0.0,10.0,0.0,-32.05540313512138,10.0,-1.223356542015476,33.57899447802375,0.9546266537582146,-0.2978052248272247,0.0,0.0,-1.0,0.0,72.67417257435783,72.67417257435783,-0.4048005017536306,1.216895938654183,690.6236829700292,-13283.10717736407,-248.9910380600943,0.0,1244.955190300472,-66415.53588682038,0.0,-13273.13326836508,-248.9910380600943,514.6547634688557,1244.020388705477,-66415.53588682038,-48.23586156748601,dt_005
5.469999999999906,1,T,0.0,0.0,-0.007403759300071751,0.0,0.03875505479536909,0.0,0.0,0.0,-0.01936678158458835,0.0,-3.122134996114194e-05,0.0,32.05464788804449,0.0,1.223520623596699,0.0,-3.122134996114194e-05,0.0,0.0,10.0,0.0,-32.05449178129468,10.0,-1.223520623596699,33.57812447646664,0.9546242466210462,-0.297812940892769,0.0,0.0,-1.0,0.0,72.67370946289348,72.67370946289348,-0.4048084710530486,1.21688213094373,690.5878965562165,-13282.30893537301,-248.9921798461918,0.0,1244.960899230959,-66411.54467686504,0.0,-13272.33547344871,-248.9921798461918,514.6277634608363,1244.026079073851,-66411.54467686504,-48.23645092768106,dt_005
5.474999999999905,1,T,0.0,0.0,-0.007499724788909788,0.0,0.03875441360026938,0.0,0.0,0.0,-0.01901876415754206,0.0,-0.0002250574582936857,0.0,32.05463518871785,0.0,1.22384782642857,0.0,-0.0002250574582936857,0.0,0.0,10.0,0.0,-32.05350990142638,10.0,-1.22384782642857,33.57718715141039,0.9546216529957302,-0.2978212544995734,0.0,0.0,-1.0,0.0,72.67321048622158,72.67321048622158,-0.4048170575269479,1.216867253908851,690.5493419130139,-13281.4489501146,-248.9934115938584,0.0,1244.967057969292,-66407.24475057302,0.0,-13271.47646389145,-248.9934115938584,514.5859334218776,1244.032264116564,-66407.24475057302,-48.23589188279708,dt_005
5.479999999999905,1,T,0.0,0.0,-0.007593476094328598,0.0,0.0387527752691021,0.0,0.0,0.0,-0.01848130194909032,0.0,-0.0004300544088396931,0.0,32.0546163708035,0.0,1.224332369003648,0.0,-0.0004300544088396931,0.0,0.0,10.0,0.0,-32.0524660987593,10.0,-1.224332369003648,33.57619071622203,0.9546188955637974,-0.2978300928928365,0.0,0.0,-1.0,0.0,72.67268001075894,72.67268001075894,-0.4048261860372984,1.216851437734659,690.5083570949201,-13280.53476296295,-248.9947228459986,0.0,1244.973614229993,-66402.67381481476,0.0,-13270.56380615114,-248.9947228459986,514.5287719250709,1244.038894479554,-66402.67381481476,-48.23410775560968,dt_005
5.484999999999905,1,T,0.0,0.0,-0.007684072358630884,0.0,0.03875008752017427,0.0,0.0,0.0,-0.01775694214142962,0.0,-0.0006448047256071293,0.0,32.05459159940386,0.0,1.224970030275933,0.0,-0.0006448047256071293,0.0,0.0,10.0,0.0,-32.05136757577583,10.0,-1.224970030275933,33.57514204701886,0.9546159933110892,-0.2978393951690786,0.0,0.0,-1.0,0.0,72.67212169164205,72.67212169164205,-0.4048357936859011,1.216834791399382,690.4652251299652,-13279.57268780612,-248.9961048689524,0.0,1244.980524344762,-66397.8634390306,0.0,-13269.60383609141,-248.9961048689524,514.455832812217,1244.045929043642,-66397.8634390306,-48.23103179177583,dt_005
5.489999999999905,1,T,0.0,0.0,-0.007768509384281855,0.0,0.03874683207831656,0.0,0.0,0.0,-0.01542399389309931,0.0,-0.0005049822600222767,0.0,32.05450521531542,0.0,1.227196875630207,0.0,-0.0005049822600222767,0.0,0.0,10.0,0.0,-32.05198030401531,10.0,-1.227196875630207,33.57572696769179,0.9546176121475284,-0.2978342065273074,0.0,0.0,-1.0,0.0,72.67243311217649,72.67243311217649,-0.4048304347093372,1.216844076430955,690.4892828630036,-13280.1093041873,-248.9953337549061,0.0,1244.97666877453,-66400.5465209365,0.0,-13270.14172441807,-248.9953337549061,514.4334213683202,1244.042233373993,-66400.5465209365,-48.22683251857538,dt_005
5.494999999999905,1,T,0.0,0.0,-0.00784006355387099,0.0,0.03874447049954229,0.0,0.0,0.0,-0.01290158559001164,0.0,-0.000361574242570758,0.0,32.05441040842302,0.0,1.229641691691132,0.0,-0.000361574242570758,0.0,0.0,10.0,0.0,-32.05260253721017,10.0,-1.229641691691132,33.5763209629699,0.9546192560096092,-0.2978289375726613,0.0,0.0,-1.0,0.0,72.67274935252226,72.67274935252226,-0.404824992792655,1.216853505165642,690.5137142626279,-13280.65425703213,-248.994551341686,0.0,1244.97275670843,-66403.27128516062,0.0,-13270.68748312848,-248.994551341686,514.4231915092062,1244.038438131788,-66403.27128516062,-48.22374308169718,dt_005
5.499999999999905,1,T,0.0,0.0,-0.00789997815474734,0.0,0.03874244086152662,0.0,0.0,0.0,-0.01135707003489114,0.0,-0.0005267722003225306,0.0,32.05435308075016,0.0,1.231119989397816,0.0,-0.0005267722003225306,0.0,0.0,10.0,0.0,-32.05171921974855,10.0,-1.231119989397816,33.57547773214252,0.954616922369648,-0.2978364173930066,0.0,0.0,-1.0,0.0,72.6723004168252,72.6723004168252,-0.4048327181531024,1.216840120106981,690.4790317767291,-13279.88064982131,-248.9956622483811,0.0,1244.978311241906,-66399.40324910656,0.0,-13269.91550049379,-248.9956622483811,514.3662928818961,1244.044086371352,-66399.40324910656,-48.22143327624553,dt_005
5.504999999999905,1,T,0.0,0.0,-0.00795321849355026,0.0,0.03873919113445534,0.0,0.0,0.0,-0.009939833201127098,0.0,-0.0007728421270432729,0.0,32.05430219250754,0.0,1.232431995017784,0.0,-0.0007728421270432729,0.0,0.0,10.0,0.0,-32.05043798187232,10.0,-1.232431995017784,33.57425464295289,0.95461353714965,-0.2978472673882266,0.0,0.0,-1.0,0.0,72.67164920268733,72.67164920268733,-0.4048439243547395,1.2168207040982,690.4287270832795,-13278.75858892295,-248.9972759926685,0.0,1244.986379963343,-66393.79294461476,0.0,-13268.79595292252,-248.9972759926685,514.2797124153076,1244.052305739008,-66393.79294461476,-48.21770296981168,dt_005
5.509999999999905,1,T,0.0,0.0,-0.007998988473655395,0.0,0.03873470527384221,0.0,0.0,0.0,-0.008369134145904575,0.0,-0.001021210788031962,0.0,32.05424689535101,0.0,1.233857724755564,0.0,-0.001021210788031962,0.0,0.0,10.0,0.0,-32.04914084141085,10.0,-1.233857724755564,33.5730163773318,0.9546101095357684,-0.2978582528185317,0.0,0.0,-1.0,0.0,72.67098985741502,72.67098985741502,-0.4048552704782961,1.216801045658906,690.3778000619609,-13277.62265420192,-248.9989126510475,0.0,1244.994563255238,-66388.1132710096,0.0,-13267.66317711394,-248.9989126510475,514.1762013463212,1244.060699178036,-66388.1132710096,-48.21243922222895,dt_005
5.514999999999905,1,T,0.0,0.0,-0.008036554652997152,0.0,0.03872897637358776,0.0,0.0,0.0,-0.006658514651850686,0.0,-0.001270044875402286,0.0,32.05418772949152,0.0,1.235383425898687,0.0,-0.001270044875402286,0.0,0.0,10.0,0.0,-32.04783750511452,10.0,-1.235383425898687,33.57177220157173,0.9546066651677724,-0.2978692914975704,0.0,0.0,-1.0,0.0,72.67032731377023,72.67032731377023,-0.4048666716399805,1.216781291859845,690.3266318619626,-13276.48134743643,-249.0005600500305,0.0,1245.002800250152,-66382.40673718213,0.0,-13266.5256716301,-249.0005600500305,514.0560016252697,1244.06920618009,-66382.40673718213,-48.2056310524201,dt_005
5.519999999999905,1,T,0.0,0.0,-0.00806525496007053,0.0,0.03872200654762226,0.0,0.0,0.0,-0.004763945752461968,0.0,-0.001501251210185907,0.0,32.05412299594269,0.0,1.237053162483172,0.0,-0.001501251210185907,0.0,0.0,10.0,0.0,-32.04661673989176,10.0,-1.237053162483172,33.57060685292285,0.9546034386656194,-0.2978796315422979,0.0,0.0,-1.0,0.0,72.66970670012309,72.66970670012309,-0.404877351263263,1.21676278820748,690.2787072400253,-13275.4123954857,-249.002105737743,0.0,1245.010528688715,-66377.06197742847,0.0,-13265.46110352783,-249.002105737743,513.9221546162846,1244.077264780032,-66377.06197742847,-48.19725929126248,dt_005
5.524999999999904,1,T,0.0,0.0,-0.008080627136075987,0.0,0.03871487879193573,0.0,0.0,0.0,-0.001035874431213626,0.0,-0.001252616503130437,0.0,32.05398751676422,0.0,1.240549966269848,0.0,-0.001252616503130437,0.0,0.0,10.0,0.0,-32.04772443424856,10.0,-1.240549966269848,33.57166426338635,0.9546063663337712,-0.2978702491942324,0.0,0.0,-1.0,0.0,72.67026983251918,72.67026983251918,-0.4048676607869479,1.216779578051114,690.3221928657886,-13276.38233597471,-249.0007031081556,0.0,1245.003515540778,-66381.91167987355,0.0,-13266.43397998852,-249.0007031081556,513.8651433860523,1244.070600393924,-66381.91167987355,-48.18812036588818,dt_005
5.529999999999904,1,T,0.0,0.0,-0.008077246937021845,0.0,0.03870897371828346,0.0,0.0,0.0,0.002030246648988874,0.0,-0.001207478273978796,0.0,32.05387618498139,0.0,1.243424509343728,0.0,-0.001207478273978796,0.0,0.0,10.0,0.0,-32.0478387936115,10.0,-1.243424509343728,33.57177343157954,0.954606668573113,-0.2978692805841893,0.0,0.0,-1.0,0.0,72.67032796879464,72.67032796879464,-0.4048666603682111,1.216781311389457,690.3266824465526,-13276.48247572206,-249.0005584199423,0.0,1245.002792099712,-66382.41237861032,0.0,-13266.53707890153,-249.0005584199423,513.7906794462266,1244.070162027496,-66382.41237861032,-48.18074603985576,dt_005
5.534999999999904,1,T,0.0,0.0,-0.008061580376451702,0.0,0.03870241833288042,0.0,0.0,0.0,0.004263884029603274,0.0,-0.001405596280089281,0.0,32.05379790983083,0.0,1.245446348537138,0.0,-0.001405596280089281,0.0,0.0,10.0,0.0,-32.04676992843038,10.0,-1.245446348537138,33.5707530872596,0.9546038435638317,-0.2978783339774135,0.0,0.0,-1.0,0.0,72.66978458060491,72.66978458060491,-0.4048760110829257,1.216765110221132,690.2847209930218,-13275.54653103929,-249.0019116350466,0.0,1245.009558175233,-66377.73265519647,0.0,-13265.60520290723,-249.0019116350466,513.6674978913603,1244.077238852903,-66377.73265519647,-48.17285247755702,dt_005
5.539999999999904,1,T,0.0,0.0,-0.008030822044629633,0.0,0.0386959677554804,0.0,0.0,0.0,0.007975851689674466,0.0,-0.001191730160209189,0.0,32.05366234067522,0.0,1.248948771904473,0.0,-0.001191730160209189,0.0,0.0,10.0,0.0,-32.04770368987418,10.0,-1.248948771904473,33.57164446067507,0.9546063115083327,-0.2978704248972294,0.0,0.0,-1.0,0.0,72.67025928676878,72.67025928676878,-0.4048678422599819,1.216779263628606,690.3213784738097,-13276.36417103158,-249.0007293564927,0.0,1245.003646782463,-66381.82085515789,0.0,-13266.42554399383,-249.0007293564927,513.6135585429068,1244.071642602207,-66381.82085515789,-48.16459877005255,dt_005
5.544999999999904,1,T,0.0,0.0,-0.007985390108136528,0.0,0.03868948471237749,0.0,0.0,0.0,0.01016656699763783,0.0,-0.001409108902203711,0.0,32.05358570048762,0.0,1.250930042501313,0.0,-0.001409108902203711,0.0,0.0,10.0,0.0,-32.04654015597661,10.0,-1.250930042501313,33.57053374566186,0.9546032362418968,-0.2978802802410685,0.0,0.0,-1.0,0.0,72.6696677648918,72.6696677648918,-0.4048780212672252,1.216761627350016,690.2757007807807,-13275.3453370545,-249.0022027911455,0.0,1245.011013955728,-66376.72668527249,0.0,-13265.41080195586,-249.0022027911455,513.4881433951922,1244.079316489311,-66376.72668527249,-48.15681835999141,dt_005
5.549999999999904,1,T,0.0,0.0,-0.007929115625877515,0.0,0.03868190050987871,0.0,0.0,0.0,0.01234066606387915,0.0,-0.001624287215488953,0.0,32.05351110955974,0.0,1.252859414308896,0.0,-0.001624287215488953,0.0,0.0,10.0,0.0,-32.04538967348229,10.0,-1.252859414308896,33.56943549309886,0.9546001951706968,-0.2978900256471629,0.0,0.0,-1.0,0.0,72.66908283965056,72.66908283965056,-0.404888086758459,1.21674418775072,690.2305370867618,-13274.33797362405,-249.0036619941791,0.0,1245.018309970895,-66371.68986812026,0.0,-13264.40808610161,-249.0036619941791,513.3485788035376,1244.086972241967,-66371.68986812026,-48.1476651625024,dt_005
5.554999999999904,1,T,0.0,0.0,-0.007861993472575386,0.0,0.0386732688361858,0.0,0.0,0.0,0.01450554734338261,0.0,-0.001828098799530638,0.0,32.05343822047168,0.0,1.254746001373152,0.0,-0.001828098799530638,0.0,0.0,10.0,0.0,-32.04429772647402,10.0,-1.254746001373152,33.56839312184764,0.9545973085502958,-0.2978992757771179,0.0,0.0,-1.0,0.0,72.6685276394627,72.6685276394627,-0.4048976407360101,1.216727634406596,690.1876727795312,-13273.38190277173,-249.0050490660041,0.0,1245.025245330021,-66366.90951385864,0.0,-13263.45716068364,-249.0050490660041,513.1971195729146,1244.09431796399,-66366.90951385864,-48.1371947540743,dt_005
5.559999999999904,1,T,0.0,0.0,-0.007784120402924985,0.0,0.03866364942447469,0.0,0.0,0.0,0.01664096431823152,0.0,-0.002019385711103131,0.0,32.0533677464625,0.0,1.256571487176073,0.0,-0.002019385711103131,0.0,0.0,10.0,0.0,-32.04327081790699,10.0,-1.256571487176073,33.5674128390874,0.9545945936171276,-0.2979079754503914,0.0,0.0,-1.0,0.0,72.66800547659248,72.66800547659248,-0.4049066262018819,1.216712066073103,690.1473628847093,-13272.48281184781,-249.0063553976531,0.0,1245.031776988265,-66362.41405923905,0.0,-13262.56367773226,-249.0063553976531,513.0347794179585,1244.101307734763,-66362.41405923905,-48.12547977122578,dt_005
5.564999999999904,1,T,0.0,0.0,-0.007695693390773381,0.0,0.03865310763765902,0.0,0.0,0.0,0.01884507342259602,0.0,-0.002161990479525714,0.0,32.05329581673677,0.0,1.258436050107475,0.0,-0.002161990479525714,0.0,0.0,10.0,0.0,-32.04248586433914,10.0,-1.258436050107475,33.56666352746984,0.954592518202372,-0.297914625676643,0.0,0.0,-1.0,0.0,72.66760632252878,72.66760632252878,-0.4049134949116688,1.216700165258371,690.116551474404,-13271.79558274666,-249.0073551645591,0.0,1245.036775822796,-66358.97791373328,0.0,-13261.88236951523,-249.0073551645591,512.8684113442212,1244.106810094892,-66358.97791373328,-48.11255789016754,dt_005
5.569999999999903,1,T,0.0,0.0,-0.00759161634597739,0.0,0.03864331596100496,0.0,0.0,0.0,0.02269601507885689,0.0,-0.001780255077410792,0.0,32.0531593612784,0.0,1.261970261235984,0.0,-0.001780255077410792,0.0,0.0,10.0,0.0,-32.04425808589134,10.0,-1.261970261235984,33.56835528105618,0.954597203753234,-0.2978996115917349,0.0,0.0,-1.0,0.0,72.6685074835696,72.6685074835696,-0.4048979875819846,1.216727033456809,690.1861167185679,-13273.347195567,-249.0050994590868,0.0,1245.025497295434,-66366.73597783502,0.0,-13263.43784516937,-249.0050994590868,512.7984997982607,1244.096011030597,-66366.73597783502,-48.09994026502289,dt_005
5.574999999999903,1,T,0.0,0.0,-0.007473167141030209,0.0,0.03863408619856831,0.0,0.0,0.0,0.02464716257931541,0.0,-0.001921394409035564,0.0,32.05309564554885,0.0,1.263624109683378,0.0,-0.001921394409035564,0.0,0.0,10.0,0.0,-32.04348867350367,10.0,-1.263624109683378,33.56762080292493,0.954595169601998,-0.2979061298001986,0.0,0.0,-1.0,0.0,72.66811625444028,72.66811625444028,-0.4049047199181772,1.216715368924716,690.1559144009871,-13272.67354851479,-249.0060781112794,0.0,1245.030390556397,-66363.36774257396,0.0,-13262.76943323832,-249.0060781112794,512.6500621315545,1244.101344538222,-66363.36774257396,-48.08864655198515,dt_005
5.579999999999903,1,T,0.0,0.0,-0.007345398276640579,0.0,0.03862414162544973,0.0,0.0,0.0,0.02645746754089221,0.0,-0.002056213360468746,0.0,32.05303830607484,0.0,1.265114310068535,0.0,-0.002056213360468746,0.0,0.0,10.0,0.0,-32.0427572392725,10.0,-1.265114310068535,33.56692258004821,0.9545932357325584,-0.2979123265218208,0.0,0.0,-1.0,0.0,72.6677443204868,72.6677443204868,-0.4049111202197616,1.216704279680047,690.127203540657,-13272.03317006781,-249.0070094039501,0.0,1245.035047019751,-66360.16585033906,0.0,-13262.13462982825,-249.0070094039501,512.4934416073489,1244.106475688239,-66360.16585033906,-48.07645430000529,dt_005
5.584999999999903,1,T,0.0,0.0,-0.007208891996984513,0.0,0.03861356583723455,0.0,0.0,0.0,0.02814216808147128,0.0,-0.002173892445697278,0.0,32.05298664773246,0.0,1.266458768599095,0.0,-0.002173892445697278,0.0,0.0,10.0,0.0,-32.04211718550398,10.0,-1.266458768599095,33.56631158959186,0.9545915433687238,-0.2979177492680122,0.0,0.0,-1.0,0.0,72.66741884076002,72.66741884076002,-0.4049167211292551,1.216694575472375,690.1020801593611,-13271.47281011803,-249.0078251042141,0.0,1245.03912552107,-66357.36405059013,0.0,-13261.58010685743,-249.0078251042141,512.3315519322949,1244.111059526223,-66357.36405059013,-48.06345433705972,dt_005
5.589999999999903,1,T,0.0,0.0,-0.007064320122169698,0.0,0.03860244651347969,0.0,0.0,0.0,0.0296837679158791,0.0,-0.002273641237265792,0.0,32.05294123316945,0.0,1.267642812355367,0.0,-0.002273641237265792,0.0,0.0,10.0,0.0,-32.04157302698312,10.0,-1.267642812355367,33.56579214086109,0.954590104488478,-0.2979223597058079,0.0,0.0,-1.0,0.0,72.66714211630303,72.66714211630303,-0.4049214830499241,1.216686324907507,690.080721251639,-13270.9964156163,-249.00851914893,0.0,1245.04259574465,-66354.9820780815,0.0,-13261.10976322156,-249.00851914893,512.1657066716089,1244.115061520748,-66354.9820780815,-48.04975458628363,dt_005
5.594999999999903,1,T,0.0,0.0,-0.006912436941841786,0.0,0.03859087595317536,0.0,0.0,0.0,0.0310667764985488,0.0,-0.002354402639078045,0.0,32.05290254009513,0.0,1.268653920664808,0.0,-0.002354402639078045,0.0,0.0,10.0,0.0,-32.04113052689974,10.0,-1.268653920664808,33.56536973491914,0.9545889343672656,-0.2979261089323463,0.0,0.0,-1.0,0.0,72.66691708255533,72.66691708255533,-0.4049253554682351,1.216679615505842,690.0633528331185,-13270.60902696305,-249.0090839103186,0.0,1245.045419551593,-66353.04513481523,0.0,-13260.7285881494,-249.0090839103186,511.9973222100173,1244.11843910457,-66353.04513481523,-48.03546842086001,dt_005
5.599999999999903,1,T,0.0,0.0,-0.006754072639747385,0.0,0.03857895167382702,0.0,0.0,0.0,0.03227632434104043,0.0,-0.00241514652485481,0.0,32.05287101408653,0.0,1.269480360658431,0.0,-0.00241514652485481,0.0,0.0,10.0,0.0,-32.04079528146225,10.0,-1.269480360658431,33.56504971348283,0.954588047834522,-0.2979289494686217,0.0,0.0,-1.0,0.0,72.66674658946677,72.66674658946677,-0.4049282893417754,1.216674532238891,690.0501943895015,-13270.31553900115,-249.0095120078158,0.0,1245.047560039079,-66351.57769500573,0.0,-13260.44142282103,-249.0095120078158,511.8278778920682,1244.121150699266,-66351.57769500573,-48.02071575891591,dt_005
5.604999999999903,1,T,0.0,0.0,-0.006590132382141656,0.0,0.0385667751263413,0.0,0.0,0.0,0.03329728857427769,0.0,-0.002455328994048427,0.0,32.05284710406059,0.0,1.270110272296586,0.0,-0.002455328994048427,0.0,0.0,10.0,0.0,-32.04057045909035,10.0,-1.270110272296586,33.56483510080056,0.9545874532935258,-0.2979308544185724,0.0,0.0,-1.0,0.0,72.66663225153158,72.66663225153158,-0.4049302568880586,1.216671123242949,690.0413701481592,-13270.11872203526,-249.0097992072391,0.0,1245.048996036195,-66350.59361017629,0.0,-13260.2509835228,-249.0097992072391,511.6588227453609,1244.12317026286,-66350.59361017629,-48.00562202313661,dt_005
5.609999999999903,1,T,0.0,0.0,-0.006421593657517878,0.0,0.0385544497398513,0.0,0.0,0.0,0.0341158625986597,0.0,-0.002474702396969223,0.0,32.05283120437289,0.0,1.270533174188322,0.0,-0.002474702396969223,0.0,0.0,10.0,0.0,-32.04045769238804,10.0,-1.270533174188322,33.5647274551382,0.9545871550785728,-0.2979318099146123,0.0,0.0,-1.0,0.0,72.66657490120838,72.66657490120838,-0.4049312437819977,1.216669413337844,690.0369440968461,-13270.02000292562,-249.0099432939338,0.0,1245.049716469669,-66350.1000146281,0.0,-13260.1586431599,-249.0099432939338,511.4915798700704,1244.124481754302,-66350.1000146281,-47.99031548961138,dt_005
5.614999999999903,1,T,0.0,0.0,-0.006249498659876125,0.0,0.03854207943874755,0.0,0.0,0.0,0.03471997042520068,0.0,-0.002473315898158628,0.0,32.05282364099071,0.0,1.270740330101341,0.0,-0.002473315898158628,0.0,0.0,10.0,0.0,-32.04045706149991,10.0,-1.270740330101341,33.5647268529005,0.954587153410162,-0.2979318152602767,0.0,0.0,-1.0,0.0,72.66657458035343,72.66657458035343,-0.4049312493033233,1.216669403771524,690.0369193347647,-13270.01945062973,-249.0099441001094,0.0,1245.049720500547,-66350.09725314865,0.0,-13260.16441756446,-249.0099441001094,511.3275263944776,1244.125079341648,-66350.09725314865,-47.97492544681003,dt_005
5.619999999999902,1,T,0.0,0.0,-0.006074947173171955,0.0,0.03852976710427837,0.0,0.0,0.0,0.03509864911381038,0.0,-0.002451537301331211,0.0,32.05282469754924,0.0,1.270724082560675,0.0,-0.002451537301331211,0.0,0.0,10.0,0.0,-32.04056701104258,10.0,-1.270724082560675,33.56483180933743,0.954587444175102,-0.2979308836345216,0.0,0.0,-1.0,0.0,72.66663049794622,72.66663049794622,-0.4049302870640484,1.216671070959642,690.04123481333,-13270.1157035123,-249.009803612628,0.0,1245.04901806314,-66350.57851756149,0.0,-13260.26689364055,-249.009803612628,511.1679704599197,1244.124968014604,-66350.57851756149,-47.95958030102201,dt_005
5.624999999999902,1,T,0.0,0.0,-0.00589908971282039,0.0,0.03851761309034083,0.0,0.0,0.0,0.03524257337596673,0.0,-0.002410009280568245,0.0,32.05283459733164,0.0,1.270478329500586,0.0,-0.002410009280568245,0.0,0.0,10.0,0.0,-32.0407845509288,10.0,-1.270478329500586,33.565039470244,0.9545880194579698,-0.2979290403893366,0.0,0.0,-1.0,0.0,72.66674113227158,72.66674113227158,-0.4049283832501015,1.21667436953212,690.0497732164104,-13270.30614509957,-249.0095257135567,0.0,1245.047628567783,-66351.53072549785,0.0,-13260.46340573833,-249.0095257135567,511.0141384952407,1244.124162359368,-66351.53072549785,-47.94440567846707,dt_005
5.629999999999902,1,T,0.0,0.0,-0.005723103681516283,0.0,0.0385057143888193,0.0,0.0,0.0,0.03515030270261432,0.0,-0.002349433914340162,0.0,32.05285326417534,0.0,1.270004740021466,0.0,-0.002349433914340162,0.0,0.0,10.0,0.0,-32.04110609460364,10.0,-1.270004740021466,33.56534641212044,0.954588869758651,-0.297926315945573,0.0,0.0,-1.0,0.0,72.6669046573279,72.6669046573279,-0.4049255692836236,1.216679245046555,690.0623938564585,-13270.58763778251,-249.009115103018,0.0,1245.04557551509,-66352.93818891254,0.0,-13260.75076922985,-249.009115103018,510.8671925615195,1244.122681216609,-66352.93818891254,-47.92952317828322,dt_005
5.634999999999902,1,T,0.0,0.0,-0.005548170614880834,0.0,0.03849416378306025,0.0,0.0,0.0,0.03482162240198706,0.0,-0.002270792240376014,0.0,32.05288058051008,0.0,1.269306073253892,0.0,-0.002270792240376014,0.0,0.0,10.0,0.0,-32.0415266193082,10.0,-1.269306073253892,33.56574784055669,0.9545899817728236,-0.2979227529057833,0.0,0.0,-1.0,0.0,72.66711851591116,72.66711851591116,-0.4049218891694086,1.216685621259676,690.0788997086996,-13270.95578752052,-249.0085783630388,0.0,1245.042891815194,-66354.77893760262,0.0,-13261.12454618023,-249.0085783630388,510.7281909398923,1244.120553036855,-66354.77893760262,-47.91504952320772,dt_005
5.639999999999902,1,T,0.0,0.0,-0.005375467978778614,0.0,0.03848304857095821,0.0,0.0,0.0,0.03425837374142226,0.0,-0.002175297088299474,0.0,32.05291635731218,0.0,1.268386966967473,0.0,-0.002175297088299474,0.0,0.0,10.0,0.0,-32.04203987187068,10.0,-1.268386966967473,33.56623778665924,0.954591338937772,-0.2979184043072726,0.0,0.0,-1.0,0.0,72.66737952447934,72.66737952447934,-0.4049173976903788,1.216693403253889,690.0990454797125,-13271.40512377283,-249.0079236824363,0.0,1245.039618412181,-66357.02561886412,0.0,-13261.57922578542,-249.0079236824363,510.5980782574,1244.117814566492,-66357.02561886412,-47.90109491698374,dt_005
5.644999999999902,1,T,0.0,0.0,-0.005206157270265651,0.0,0.03847244937174996,0.0,0.0,0.0,0.03346509966840761,0.0,-0.00206440684382682,0.0,32.05296031106631,0.0,1.267254544579256,0.0,-0.00206440684382682,0.0,0.0,10.0,0.0,-32.04263827684717,10.0,-1.267254544579256,33.56680901934039,0.9545929211914356,-0.2979133343964343,0.0,0.0,-1.0,0.0,72.667683826688,72.667683826688,-0.4049121612071537,1.216702476051931,690.1225339912837,-13271.92901880489,-249.0071609591288,0.0,1245.035804795644,-66359.64509402444,0.0,-13262.10814433492,-249.0071609591288,510.4776666620259,1244.114511415293,-66359.64509402444,-47.88776157876025,dt_005
5.649999999999902,1,T,0.0,0.0,-0.005041371889193925,0.0,0.03846243885515848,0.0,0.0,0.0,0.0324484945646759,0.0,-0.001939842552243047,0.0,32.05301208680451,0.0,1.265917824590394,0.0,-0.001939842552243047,0.0,0.0,10.0,0.0,-32.0433128740433,10.0,-1.265917824590394,33.56745298565009,0.9545947048094964,-0.2979076191534385,0.0,0.0,-1.0,0.0,72.66802686191208,72.66802686191208,-0.4049062581997309,1.216712703678353,690.1490137155955,-13272.51963266779,-249.0063018622687,0.0,1245.031509311344,-66362.59816333895,0.0,-13262.7034308673,-249.0063018622687,510.367616931872,1244.110698426778,-66362.59816333895,-47.87514217333288,dt_005
5.654999999999902,1,T,0.0,0.0,-0.004882203481606505,0.0,0.0384530805945183,0.0,0.0,0.0,0.03121856204984097,0.0,-0.001803521497426906,0.0,32.05307121522959,0.0,1.264388840780022,0.0,-0.001803521497426906,0.0,0.0,10.0,0.0,-32.04405360774246,10.0,-1.264388840780022,33.5681600868423,0.9545966631725744,-0.2979013438368252,0.0,0.0,-1.0,0.0,72.6684035126377,72.6684035126377,-0.4048997767311439,1.216723933554013,690.1780901147218,-13273.16816607006,-249.0053594449456,0.0,1245.026797224728,-66365.84083035032,0.0,-13263.35626042755,-249.0053594449456,510.2684330359216,1244.106437797052,-66365.84083035032,-47.86331830945933,dt_005
5.659999999999902,1,T,0.0,0.0,-0.004729693243679813,0.0,0.03844442782380948,0.0,0.0,0.0,0.02978547687086684,0.0,-0.001657661741732983,0.0,32.05313723506585,0.0,1.26267946657889,0.0,-0.001657661741732983,0.0,0.0,10.0,0.0,-32.04484892635718,10.0,-1.26267946657889,33.56891929617418,0.954598765710319,-0.2978946063699969,0.0,0.0,-1.0,0.0,72.66880790121735,72.66880790121735,-0.4048928179449324,1.216735990436314,690.2093099117463,-13273.86450950374,-249.0043486341091,0.0,1245.021743170546,-66369.3225475187,0.0,-13264.05650407509,-249.0043486341091,510.1804321672772,1244.101801581036,-66369.3225475187,-47.85235908756108,dt_005
5.664999999999901,1,T,0.0,0.0,-0.004584819343420542,0.0,0.03843652257016837,0.0,0.0,0.0,0.02816427380853869,0.0,-0.001504527775247068,0.0,32.0532095139317,0.0,1.260806072705204,0.0,-0.001504527775247068,0.0,0.0,10.0,0.0,-32.04568687505546,10.0,-1.260806072705204,33.56971920189535,0.9546009807924206,-0.2978875080800616,0.0,0.0,-1.0,0.0,72.66923394574809,72.66923394574809,-0.4048854864994979,1.216748692992768,690.2422039676372,-13274.59819954471,-249.003284822814,0.0,1245.01642411407,-66372.99099772354,0.0,-13264.79368490958,-249.003284822814,510.1037699709513,1244.096864699336,-66372.99099772354,-47.8423197500714,dt_005
5.669999999999901,1,T,0.0,0.0,-0.004448477030158194,0.0,0.03842939522586523,0.0,0.0,0.0,0.02637308046109255,0.0,-0.001346508919457379,0.0,32.05328731685219,0.0,1.258787747536406,0.0,-0.001346508919457379,0.0,0.0,10.0,0.0,-32.04655477225491,10.0,-1.258787747536406,33.5705476984087,0.9546032748751956,-0.2978801564346839,0.0,0.0,-1.0,0.0,72.66967519581483,72.66967519581483,-0.4048778933946606,1.216761848903662,690.2762745723195,-13275.35813535019,-249.0021842674209,0.0,1245.010921337104,-66376.79067675097,0.0,-13265.5566949888,-249.0021842674209,510.038423892103,1244.091706942257,-66376.79067675097,-47.8332412258105,dt_005
5.674999999999901,1,T,0.0,0.0,-0.004321465614955953,0.0,0.03842306400247225,0.0,0.0,0.0,0.0244321404906035,0.0,-0.001186088087596837,0.0,32.05336984438824,0.0,1.256645303577695,0.0,-0.001186088087596837,0.0,0.0,10.0,0.0,-32.04743940395026,10.0,-1.256645303577695,33.57139217175635,0.9546056130169008,-0.2978726633926433,0.0,0.0,-1.0,0.0,72.67012493150101,72.67012493150101,-0.4048701542678671,1.216775257814071,690.3110030642915,-13276.13274857989,-249.0010638285365,0.0,1245.005319142683,-66380.66374289946,0.0,-13266.33396539708,-249.0010638285365,509.9841923699079,1244.086411700677,-66380.66374289946,-47.82514940181939,dt_005
5.679999999999901,1,T,0.0,0.0,-0.004204476656824795,0.0,0.03841753462281984,0.0,0.0,0.0,0.02236431058510863,0.0,-0.001025777341839737,0.0,32.05345621375442,0.0,1.254401764176591,0.0,-0.001025777341839737,0.0,0.0,10.0,0.0,-32.04832732704521,10.0,-1.254401764176591,33.57223978916856,0.9546079596805748,-0.2978651428322726,0.0,0.0,-1.0,0.0,72.6705763177419,72.6705763177419,-0.4048623867380522,1.21678871593592,690.3458617326277,-13276.91026884623,-248.9999405782497,0.0,1244.999702891248,-66384.55134423116,0.0,-13267.11373165361,-248.9999405782497,509.9407008296579,1244.081064017655,-66384.55134423116,-47.81805466553402,dt_005
5.684999999999901,1,T,0.0,0.0,-0.004098083175727065,0.0,0.03841280036107386,0.0,0.0,0.0,0.020194144023498,0.0,-0.0008680444867376128,0.0,32.05354549373713,0.0,1.252081449039772,0.0,-0.0008680444867376128,0.0,0.0,10.0,0.0,-32.04920527130344,10.0,-1.252081449039772,33.5730778827641,0.9546102797967476,-0.2978577071461728,0.0,0.0,-1.0,0.0,72.67102260871324,72.67102260871324,-0.4048547068884868,1.216802022141843,690.3803295948134,-13277.67907562992,-248.9988312885591,0.0,1244.994156442795,-66388.3953781496,0.0,-13267.88438534729,-248.9988312885591,509.9074155943289,1244.075748029956,-66388.3953781496,-47.81195185738211,dt_005
5.689999999999901,1,T,0.0,0.0,-0.004002732710255062,0.0,0.03840884212111881,0.0,0.0,0.0,0.01794727883065794,0.0,-0.0007153695879690057,0.0,32.05363672779814,0.0,1.249709365340665,0.0,-0.0007153695879690057,0.0,0.0,10.0,0.0,-32.05005987985829,10.0,-1.249709365340665,33.57389370184075,0.9546125380774968,-0.2978504694393469,0.0,0.0,-1.0,0.0,72.67145701589777,72.67145701589777,-0.4048472315371094,1.216814974031581,690.4138822102826,-13278.42747107444,-248.9977527606862,0.0,1244.988763803431,-66392.13735537218,0.0,-13268.63424706051,-248.9977527606862,509.8836360556099,1244.070548609252,-66392.13735537218,-47.80682043256338,dt_005
5.694999999999901,1,T,0.0,0.0,-0.003918741624371423,0.0,0.03840562857981655,0.0,0.0,0.0,0.01565054473173566,0.0,-0.0005701634104698539,0.0,32.0537289294594,0.0,1.247311319174151,0.0,-0.0005701634104698539,0.0,0.0,10.0,0.0,-32.05087811240706,10.0,-1.247311319174151,33.57467479777539,0.9546147000813452,-0.2978435401156168,0.0,0.0,-1.0,0.0,72.67187291296511,72.67187291296511,-0.4048400747109199,1.21682737404049,690.4460075130289,-13279.14403314481,-248.9967213203297,0.0,1244.983606601648,-66395.72016572405,0.0,-13269.35191919768,-248.9967213203297,509.8685100007255,1244.065548833186,-66395.72016572405,-47.80262454333674,dt_005
5.699999999999901,1,T,0.0,0.0,-0.0038462924204761,0.0,0.0384031164296276,0.0,0.0,0.0,0.01333065539793839,0.0,-0.0004348088943912415,0.0,32.05382113187488,0.0,1.244912616530642,0.0,-0.0004348088943912415,0.0,0.0,10.0,0.0,-32.05164708740293,10.0,-1.244912616530642,33.57540887339162,0.9546167317951484,-0.2978370282163552,0.0,0.0,-1.0,0.0,72.67226375541414,72.67226375541414,-0.4048333490287864,1.216839027043674,690.4761996219474,-13279.81747758817,-248.995753025269,0.0,1244.978765126345,-66399.08738794083,0.0,-13270.02614792875,-248.995753025269,509.8610314030549,1244.060831010993,-66399.08738794083,-47.79931338164024,dt_005
5.704999999999901,1,T,0.0,0.0,-0.003785432652609375,0.0,0.03840125082726641,0.0,0.0,0.0,0.01101487499916594,0.0,-0.0003115374906179318,0.0,32.05391236134,0.0,1.242538743725299,0.0,-0.0003115374906179318,0.0,0.0,10.0,0.0,-32.05235467388692,10.0,-1.242538743725299,33.57608434794982,0.9546186011962428,-0.2978310364118027,0.0,0.0,-1.0,0.0,72.67262338118326,72.67262338118326,-0.4048271605284938,1.216849749318706,690.5039820861424,-13280.43717645764,-248.9948629318493,0.0,1244.974314659246,-66402.18588228819,0.0,-13270.64634110787,-248.9948629318493,509.8600661734245,1244.056472997292,-66402.18588228819,-47.79682159723079,dt_005
5.7099999999999,1,T,0.0,0.0,-0.003736073534014069,0.0,0.03839996628884036,0.0,0.0,0.0,0.00873047434853841,0.0,-0.0002023741227505316,0.0,32.05400165675363,0.0,1.240214852624519,0.0,-0.0002023741227505316,0.0,0.0,10.0,0.0,-32.05298978613988,10.0,-1.240214852624519,33.57669063845314,0.954620279028682,-0.2978256585104807,0.0,0.0,-1.0,0.0,72.67294616012053,72.67294616012053,-0.4048216060946371,1.216859373002094,690.528919466112,-13280.99341647871,-248.9940647413336,0.0,1244.970323706668,-66404.96708239353,0.0,-13271.20282599931,-248.9940647413336,509.864373866959,1244.052546382624,-66404.96708239353,-47.79507034406362,dt_005
5.7149999999999,1,T,0.0,0.0,-0.003697991027009418,0.0,0.03839918775777321,0.0,0.0,0.0,0.006504282165573511,0.0,-0.0001091230668173882,0.0,32.05408808525522,0.0,1.237965346460941,0.0,-0.0001091230668173882,0.0,0.0,10.0,0.0,-32.05354246992113,10.0,-1.237965346460941,33.57721824200209,0.9546217390285484,-0.2978209787340542,0.0,0.0,-1.0,0.0,72.67322703749048,72.67322703749048,-0.4048167727099486,1.216867747386439,690.5506207335109,-13281.47747493167,-248.9933707106989,0.0,1244.966853553494,-66407.38737465837,0.0,-13271.68692456584,-248.9933707106989,509.8726247070052,1244.049115997073,-66407.38737465837,-47.79396859217332,dt_005
5.7199999999999,1,T,0.0,0.0,-0.003670821883976797,0.0,0.0383988315638188,0.0,0.0,0.0,0.004365150144892264,0.0,-3.3425583532679e-05,0.0,32.05417064619507,0.0,1.235816373817305,0.0,-3.3425583532679e-05,0.0,0.0,10.0,0.0,-32.0540035182774,10.0,-1.235816373817305,33.57765836906648,0.9546229569065856,-0.2978170749754405,0.0,0.0,-1.0,0.0,72.67346133840881,72.67346133840881,-0.4048127408206176,1.216874733089641,690.5687241992161,-13281.88128351246,-248.9927921540199,0.0,1244.963960770099,-66409.40641756228,0.0,-13272.09061709403,-248.9927921540199,509.8833993798159,1244.046242369921,-66409.40641756228,-47.79341441718908,dt_005
5.7249999999999,1,T,0.0,0.0,-0.003654059915403954,0.0,0.03839880494532517,0.0,0.0,0.0,0.002341403265459525,0.0,2.272343987690939e-05,0.0,32.05424836945702,0.0,1.233793265496051,0.0,2.272343987690939e-05,0.0,0.0,10.0,0.0,-32.0543619866564,10.0,-1.233793265496051,33.57800057138011,0.9546239037823364,-0.2978140398426047,0.0,0.0,-1.0,0.0,72.67364350479635,72.67364350479635,-0.4048096060709992,1.216880164397062,690.5827999526069,-13282.1952522205,-248.9923425754514,0.0,1244.961712877257,-66410.97626110249,0.0,-13272.40436793439,-248.9923425754514,509.8950991574497,1244.043997406286,-66410.97626110249,-47.79329500736351,dt_005
5.7299999999999,1,T,0.0,0.0,-0.003647059422974464,0.0,0.03839900525545152,0.0,0.0,0.0,0.0004605194245236111,0.0,5.736482440834443e-05,0.0,32.05432032863603,0.0,1.231920188941448,0.0,5.736482440834443e-05,0.0,0.0,10.0,0.0,-32.05460715275807,10.0,-1.231920188941448,33.57823461288054,0.95462455135929,-0.2978119640680579,0.0,0.0,-1.0,0.0,72.67376809111767,72.67376809111767,-0.404807462168776,1.21688387894957,690.59242682706,-13282.40998615681,-248.9920352242962,0.0,1244.960176121481,-66412.04993078404,0.0,-13272.6188414419,-248.9920352242962,509.9060012978075,1244.042452209826,-66412.04993078404,-47.7934852065802,dt_005
5.7349999999999,1,T,0.0,0.0,-0.003649049597137389,0.0,0.03839932072570474,0.0,0.0,0.0,-0.001254931246319169,0.0,6.880901190667524e-05,0.0,32.05438579595379,0.0,1.230216115022424,0.0,6.880901190667524e-05,0.0,0.0,10.0,0.0,-32.05472984101333,10.0,-1.230216115022424,33.57835173412105,0.9546248754205682,-0.2978109253003738,0.0,0.0,-1.0,0.0,72.67383043708813,72.67383043708813,-0.4048063893089045,1.216885737800352,690.5972444229644,-13282.51744598668,-248.9918814557584,0.0,1244.959407278792,-66412.58722993343,0.0,-13272.7260611955,-248.9918814557584,509.9143137846919,1244.041668856415,-66412.58722993343,-47.79384814918304,dt_005
5.7399999999999,1,T,0.0,0.0,-0.003659158505906519,0.0,0.03839963294212437,0.0,0.0,0.0,-0.002787066788080126,0.0,5.608687470901743e-05,0.0,32.05444423084341,0.0,1.228695116838672,0.0,5.608687470901743e-05,0.0,0.0,10.0,0.0,-32.05472466521695,10.0,-1.228695116838672,33.57834679317712,0.9546248617496036,-0.2978109691222776,0.0,0.0,-1.0,0.0,72.67382780693443,72.67382780693443,-0.4048064345690287,1.21688565938208,690.5970411847568,-13282.51291261566,-248.9918879421986,0.0,1244.959439710993,-66412.5645630783,0.0,-13272.72137196209,-248.9918879421986,509.9182837106711,1244.041686342623,-66412.5645630783,-47.794237804495,dt_005
5.7449999999999,1,T,0.0,0.0,-0.003676439163649257,0.0,0.03839982097047111,0.0,0.0,0.0,-0.004123743383193559,0.0,1.915862646233561e-05,0.0,32.05449531534193,0.0,1.227365452762331,0.0,1.915862646233561e-05,0.0,0.0,10.0,0.0,-32.05459110847424,10.0,-1.227365452762331,33.57821929661363,0.954624508980646,-0.2978120999111022,0.0,0.0,-1.0,0.0,72.67375993792982,72.67375993792982,-0.4048076024701941,1.216883635861532,690.5917968180291,-13282.39593337177,-248.992055334956,0.0,1244.96027667478,-66411.97966685884,0.0,-13272.60438307393,-248.992055334956,509.9162884803537,1244.042513702722,-66411.97966685884,-47.79450385095742,dt_005
5.7499999999999,1,T,0.0,0.0,-0.003699896867387966,0.0,0.03839976531871007,0.0,0.0,0.0,-0.005258013597487707,0.0,-4.135967694204397e-05,0.0,32.05453892865363,0.0,1.22623023482069,0.0,-4.135967694204397e-05,0.0,0.0,10.0,0.0,-32.05433213026892,10.0,-1.22623023482069,33.57797206976011,0.9546238249193324,-0.2978142926328142,0.0,0.0,-1.0,0.0,72.6736283325252,72.6736283325252,-0.4048098671579748,1.216879712034417,690.5816275945242,-13282.16910199981,-248.9923800118345,0.0,1244.961900059172,-66410.84550999907,0.0,-13272.37774729533,-248.9923800118345,509.9068417055477,1244.044138550233,-66410.84550999907,-47.79449694006156,dt_005
5.7549999999999,1,T,0.0,0.0,-0.003728511093058054,0.0,0.03839935083717948,0.0,0.0,0.0,-0.006186493196327959,0.0,-0.0001243476673061217,0.0,32.05457508115338,0.0,1.225289153649573,0.0,-0.0001243476673061217,0.0,0.0,10.0,0.0,-32.05395334281685,10.0,-1.225289153649573,33.57761047042329,0.9546228243683824,-0.297817499813111,0.0,0.0,-1.0,0.0,72.67343583995729,72.67343583995729,-0.4048131796022296,1.216873972850988,690.5667540033813,-13281.83733707587,-248.9928551000215,0.0,1244.964275500108,-66409.18668537933,0.0,-13272.04643828253,-248.9928551000215,509.8886041228874,1244.046532049907,-66409.18668537933,-47.79407249971396,dt_005
5.759999999999899,1,T,0.0,0.0,-0.003761250590473953,0.0,0.03839846878284431,0.0,0.0,0.0,-0.006908273754471875,0.0,-0.0002283634415398619,0.0,32.05460387037049,0.0,1.224539631260593,0.0,-0.0002283634415398619,0.0,0.0,10.0,0.0,-32.0534620531628,10.0,-1.224539631260593,33.57714147442494,0.9546215265994962,-0.2978216596435646,0.0,0.0,-1.0,0.0,72.67318616973739,72.67318616973739,-0.4048174759690686,1.216866528910662,690.547463126048,-13281.40704271338,-248.9934716609939,0.0,1244.967358304969,-66407.03521356691,0.0,-13271.61691084749,-248.9934716609939,509.8603788719283,1244.049654738824,-66407.03521356691,-47.7930935289575,dt_005
5.764999999999899,1,T,0.0,0.0,-0.003797087249224596,0.0,0.0383970186355478,0.0,0.0,0.0,-0.007425516749862532,0.0,-0.0003515602134240384,0.0,32.05462550180874,0.0,1.22397628561363,0.0,-0.0003515602134240384,0.0,0.0,10.0,0.0,-32.05286770074162,10.0,-1.22397628561363,33.57657409327589,0.9546199565119002,-0.2978266922712231,0.0,0.0,-1.0,0.0,72.67288411436384,72.67288411436384,-0.4048226737883799,1.216857523102212,690.5241258027629,-13280.8864914187,-248.9942181206741,0.0,1244.97109060337,-66404.43245709348,0.0,-13271.09748259683,-248.9942181206741,509.8211503652781,1244.053453591958,-66404.43245709348,-47.79143274758338,dt_005
5.769999999999899,1,T,0.0,0.0,-0.003835004897494018,0.0,0.03839490932938541,0.0,0.0,0.0,-0.007740834308619869,0.0,-0.0004920033755767013,0.0,32.05464018709292,0.0,1.22359358742019,0.0,-0.0004920033755767013,0.0,0.0,10.0,0.0,-32.05218017021504,10.0,-1.22359358742019,33.57591776353889,0.9546181401784788,-0.2978325140782691,0.0,0.0,-1.0,0.0,72.67253469228447,72.67253469228447,-0.4048286867018752,1.216847105051118,690.4971303691549,-13280.28434599069,-248.9950823648149,0.0,1244.975411824075,-66401.42172995346,0.0,-13270.49685628576,-248.9950823648149,509.7700439172098,1244.057872431945,-66401.42172995346,-47.78897452997725,dt_005
5.774999999999899,1,T,0.0,0.0,-0.003874003382487119,0.0,0.03839205977429283,0.0,0.0,0.0,-0.007858021245656068,0.0,-0.000647637358602872,0.0,32.05464817160286,0.0,1.223385145368251,0.0,-0.000647637358602872,0.0,0.0,10.0,0.0,-32.05140998480985,10.0,-1.223385145368251,33.57518253136338,0.9546161053590658,-0.2978390360397523,0.0,0.0,-1.0,0.0,72.67214324648046,72.67214324648046,-0.4048354227666421,1.21683543405885,690.466890233801,-13279.60982849218,-248.9960514766337,0.0,1244.980257383168,-66398.04914246092,0.0,-13269.82428839275,-248.9960514766337,509.7063391482497,1244.062850592686,-66398.04914246092,-47.78561550363505,dt_005
5.779999999999899,1,T,0.0,0.0,-0.003913105357832112,0.0,0.03838839944369681,0.0,0.0,0.0,-0.007782403740136497,0.0,-0.0008162925704698451,0.0,32.05464974726012,0.0,1.223343376545375,0.0,-0.0008162925704698451,0.0,0.0,10.0,0.0,-32.05056828440777,10.0,-1.223343376545375,33.57437903153959,0.9546138814451234,-0.2978461639039118,0.0,0.0,-1.0,0.0,72.67171543365949,72.67171543365949,-0.4048427846411101,1.216822678780662,690.43384300401,-13278.8727006999,-248.9971117447233,0.0,1244.985558723616,-66394.3635034995,0.0,-13269.08956927985,-248.9971117447233,509.6294769944533,1244.068322930219,-66394.3635034995,-47.78126528199354,dt_005
5.784999999999899,1,T,0.0,0.0,-0.003951358230378858,0.0,0.03838386776553671,0.0,0.0,0.0,-0.007518557539792899,0.0,-0.0009961565584742191,0.0,32.05464516577842,0.0,1.223461767035717,0.0,-0.0009961565584742191,0.0,0.0,10.0,0.0,-32.04966438298605,10.0,-1.223461767035717,33.5735161557744,0.9546114930078226,-0.2978538188732452,0.0,0.0,-1.0,0.0,72.6712559829933,72.6712559829933,-0.4048506909449021,1.21680898021724,690.3983545755025,-13278.08112476374,-248.9982517266353,0.0,1244.991258633177,-66390.40562381872,0.0,-13268.30088573547,-248.9982517266353,509.5389694600423,1244.074235157938,-66390.40562381872,-47.7758462951097,dt_005
5.789999999999899,1,T,0.0,0.0,-0.003987830459143745,0.0,0.03837841264225778,0.0,0.0,0.0,-0.007070328346676523,0.0,-0.001185651743317482,0.0,32.05463464133388,0.0,1.223734804111141,0.0,-0.001185651743317482,0.0,0.0,10.0,0.0,-32.0487063826173,10.0,-1.223734804111141,33.57260163882469,0.9546089614203416,-0.297861932404893,0.0,0.0,-1.0,0.0,72.67076900819761,72.67076900819761,-0.4048590708885111,1.216794461019391,690.360743239519,-13277.24220092254,-248.9994614753678,0.0,1244.997307376839,-66386.21100461268,0.0,-13267.46535904545,-248.9994614753678,509.4344005732261,1244.080540052162,-66386.21100461268,-47.7692918002755,dt_005
5.794999999999899,1,T,0.0,0.0,-0.004019561535299433,0.0,0.03837250904011302,0.0,0.0,0.0,-0.005039279262609532,0.0,-0.001026196313936521,0.0,32.05456394789421,0.0,1.225575120238984,0.0,-0.001026196313936521,0.0,0.0,10.0,0.0,-32.04943296632452,10.0,-1.225575120238984,33.57329524284039,0.9546108814909722,-0.2978557787571517,0.0,0.0,-1.0,0.0,72.67113835072827,72.67113835072827,-0.4048527151805633,1.216805473000553,690.389268996044,-13277.87846981997,-248.9985438111687,0.0,1244.992719055843,-66389.39234909983,0.0,-13268.10416683028,-248.9985438111687,509.3804839701601,1244.076237098001,-66389.39234909983,-47.76177122071442,dt_005
5.799999999999899,1,T,0.0,0.0,-0.004039542157786449,0.0,0.03836769367684972,0.0,0.0,0.0,-0.002768607011259626,0.0,-0.0008504490664716604,0.0,32.05448275002774,0.0,1.227689767005973,0.0,-0.0008504490664716604,0.0,0.0,10.0,0.0,-32.05023050469538,10.0,-1.227689767005973,33.57405658248801,0.9546129889294508,-0.2978490244522889,0.0,0.0,-1.0,0.0,72.67154374390209,72.67154374390209,-0.4048457391071276,1.216817559834922,690.4205811850151,-13278.57689296179,-248.9975375806382,0.0,1244.987687903191,-66392.88446480893,0.0,-13268.80452866606,-248.9975375806382,509.343383533996,1244.071439623879,-66392.88446480893,-47.75558755478472,dt_005
5.804999999999898,1,T,0.0,0.0,-0.004045909969299928,0.0,0.03836422453097256,0.0,0.0,0.0,-5.984425779774081e-05,0.0,-0.0006106258403119746,0.0,32.0543831147771,0.0,1.230285334922754,0.0,-0.0006106258403119746,0.0,0.0,10.0,0.0,-32.05132998557554,10.0,-1.230285334922754,33.57510616281435,0.9546158939945082,-0.2978397134921159,0.0,0.0,-1.0,0.0,72.6721025859832,72.6721025859832,-0.4048361224592693,1.216834221762424,690.4637492296057,-13279.53976737216,-248.9961521970293,0.0,1244.980760985147,-66397.69883686079,0.0,-13269.7684614841,-248.9961521970293,509.3342829816976,1244.064683466389,-66397.69883686079,-47.7510060085358,dt_005
5.809999999999898,1,T,0.0,0.0,-0.004043148893406516,0.0,0.03836067637031594,0.0,0.0,0.0,0.001114620116969943,0.0,-0.0008211443856999103,0.0,32.05434243762638,0.0,1.231345201158171,0.0,-0.0008211443856999103,0.0,0.0,10.0,0.0,-32.05023671569788,10.0,-1.231345201158171,33.57406251159172,0.9546130053410212,-0.2978489718528229,0.0,0.0,-1.0,0.0,72.67154690091694,72.67154690091694,-0.4048456847806889,1.216817653961606,690.4208250385145,-13278.58233216223,-248.9975297487064,0.0,1244.987648743532,-66392.91166081117,0.0,-13268.81353775695,-248.9975297487064,509.2504808529802,1244.071735577995,-66392.91166081117,-47.74685602114461,dt_005
5.814999999999898,1,T,0.0,0.0,-0.00403437612977749,0.0,0.03835600534751066,0.0,0.0,0.0,0.002393228280080122,0.0,-0.001046996292332259,0.0,32.05429915864081,0.0,1.232473142325227,0.0,-0.001046996292332259,0.0,0.0,10.0,0.0,-32.04906417717915,10.0,-1.232473142325227,33.57294319288894,0.9546099069433818,-0.2978589021089487,0.0,0.0,-1.0,0.0,72.67095088694515,72.67095088694515,-0.4048559410886498,1.216799883750801,690.3747902126804,-13277.55551930233,-248.9990094724667,0.0,1244.995047362333,-66387.77759651165,0.0,-13267.78985869519,-248.9990094724667,509.1491271334893,1244.079351768183,-66387.77759651165,-47.74132864506048,dt_005
5.819999999999898,1,T,0.0,0.0,-0.004018861010489941,0.0,0.03835020311614699,0.0,0.0,0.0,0.003811374168601376,0.0,-0.001273615713649511,0.0,32.05425193634302,0.0,1.233704259000313,0.0,-0.001273615713649511,0.0,0.0,10.0,0.0,-32.04788385777477,10.0,-1.233704259000313,33.571816450133,0.9546067876719792,-0.2978688988977951,0.0,0.0,-1.0,0.0,72.67035087772547,72.67035087772547,-0.4048662661475035,1.216781994421315,690.3284516038702,-13276.52193665336,-249.00050141066,0.0,1245.0025070533,-66382.60968326678,0.0,-13266.75998999545,-249.00050141066,509.0325159494462,1244.087082959489,-66382.60968326678,-47.73439621856713,dt_005
5.824999999999898,1,T,0.0,0.0,-0.003995942622622921,0.0,0.03834327023385257,0.0,0.0,0.0,0.005408352500237045,0.0,-0.001484320104472675,0.0,32.05419927033054,0.0,1.235077835146552,0.0,-0.001484320104472675,0.0,0.0,10.0,0.0,-32.04677766980818,10.0,-1.235077835146552,33.57076047720867,0.9546038640252094,-0.2978782684053,0.0,0.0,-1.0,0.0,72.66978851627451,72.66978851627451,-0.404875943357266,1.216765227563479,690.285024898596,-13275.55330959489,-249.0019018271479,0.0,1245.009509135739,-66377.76654797443,0.0,-13265.79560363426,-249.0019018271479,508.9034078227052,1244.094410802358,-66377.76654797443,-47.72603952506636,dt_005
5.829999999999898,1,T,0.0,0.0,-0.003961417245474958,0.0,0.03833621652704505,0.0,0.0,0.0,0.008736004091262408,0.0,-0.001243991233617169,0.0,32.05408044308327,0.0,1.238176940815348,0.0,-0.001243991233617169,0.0,0.0,10.0,0.0,-32.04786048691518,10.0,-1.238176940815348,33.57179414015253,0.9546067259058196,-0.2978690968451937,0.0,0.0,-1.0,0.0,72.67033899686413,72.67033899686413,-0.4048664705953495,1.216781640192353,690.3275340956275,-13276.5014716945,-249.0005309759744,0.0,1245.002654879872,-66382.50735847252,0.0,-13266.74665840406,-249.0005309759744,508.8461748220313,1244.087898197146,-66382.50735847252,-47.71700134478575,dt_005
5.834999999999898,1,T,0.0,0.0,-0.003911721354662572,0.0,0.03832990623899226,0.0,0.0,0.0,0.01080336985833607,0.0,-0.001372972442563778,0.0,32.05400903316426,0.0,1.240040517594843,0.0,-0.001372972442563778,0.0,0.0,10.0,0.0,-32.04714417095143,10.0,-1.240040517594843,33.57111034079371,0.9546048327156328,-0.2978751640468849,0.0,0.0,-1.0,0.0,72.66997484125362,72.66997484125362,-0.4048727370459092,1.216770782859687,690.2994128271697,-13275.87422988701,-249.0014376086944,0.0,1245.007188043472,-66379.37114943503,0.0,-13266.12308800805,-249.0014376086944,508.7384215859003,1244.092729114387,-66379.37114943503,-47.70932450402756,dt_005
5.839999999999898,1,T,0.0,0.0,-0.00385319231540895,0.0,0.03832249970853398,0.0,0.0,0.0,0.01266679901974323,0.0,-0.001572132547177398,0.0,32.05394682289742,0.0,1.241665169566418,0.0,-0.001572132547177398,0.0,0.0,10.0,0.0,-32.04608616016154,10.0,-1.241665169566418,33.57010036005994,0.9546020362300852,-0.2978841258364991,0.0,0.0,-1.0,0.0,72.66943695012183,72.66943695012183,-0.4048819931663328,1.216754745586645,690.2578783880041,-13274.94781292271,-249.0027783395292,0.0,1245.013891697646,-66374.73906461355,0.0,-13265.2011188577,-249.0027783395292,508.6046717026896,1244.099781173064,-66374.73906461355,-47.70036692993634,dt_005
5.844999999999898,1,T,0.0,0.0,-0.003781394566238458,0.0,0.03831519735018832,0.0,0.0,0.0,0.01641804304201477,0.0,-0.001244234902850086,0.0,32.05381219463636,0.0,1.245179590971286,0.0,-0.001244234902850086,0.0,0.0,10.0,0.0,-32.04759102012211,10.0,-1.245179590971286,33.57153690543539,0.954606013731038,-0.2978713792034035,0.0,0.0,-1.0,0.0,72.67020200899469,72.67020200899469,-0.4048688279054838,1.21677755588656,690.316955243219,-13276.26551128643,-249.0008719330911,0.0,1245.004359665456,-66381.32755643215,0.0,-13266.52156377323,-249.0008719330911,508.5582799576366,1244.090604428791,-66381.32755643215,-47.69091693390455,dt_005
5.849999999999898,1,T,0.0,0.0,-0.003690965797967393,0.0,0.03830949673854063,0.0,0.0,0.0,0.01937642121448439,0.0,-0.001141841883869927,0.0,32.05370598614165,0.0,1.247953072170016,0.0,-0.001141841883869927,0.0,0.0,10.0,0.0,-32.0479967767223,10.0,-1.247953072170016,33.57192424334362,0.95460708610042,-0.2978679424961089,0.0,0.0,-1.0,0.0,72.67040828122634,72.67040828122634,-0.4048652783384741,1.216783705911917,690.3328846579918,-13276.6208156575,-249.0003585757781,0.0,1245.001792878891,-66383.10407828752,0.0,-13266.87950632842,-249.0003585757781,508.4962608644917,1244.088311372708,-66383.10407828752,-47.68372654748836,dt_005
5.854999999999897,1,T,0.0,0.0,-0.003589074116461934,0.0,0.03830338048834502,0.0,0.0,0.0,0.02131814224745169,0.0,-0.001321222780198666,0.0,32.05363926204087,0.0,1.249697320471282,0.0,-0.001321222780198666,0.0,0.0,10.0,0.0,-32.04703314813988,10.0,-1.249697320471282,33.57100435789755,0.9546045392770872,-0.2978761044319935,0.0,0.0,-1.0,0.0,72.66991839893919,72.66991839893919,-0.4048737083146818,1.216769100026946,690.2950543287606,-13275.77701426097,-249.0015782081831,0.0,1245.007891040916,-66378.88507130486,0.0,-13266.03943368959,-249.0015782081831,508.3828047572293,1244.094696684156,-66378.88507130486,-47.67635091432708,dt_005
5.859999999999897,1,T,0.0,0.0,-0.003477791461567991,0.0,0.03829631059647803,0.0,0.0,0.0,0.023192069524504,0.0,-0.0015064888378256,0.0,32.05357634950413,0.0,1.251343257963705,0.0,-0.0015064888378256,0.0,0.0,10.0,0.0,-32.046043905315,10.0,-1.251343257963705,33.57006002349976,0.954601924538773,-0.2978844837632041,0.0,0.0,-1.0,0.0,72.66941546714779,72.66941546714779,-0.4048823628489379,1.216754105069819,690.2562196135931,-13274.91081440961,-249.0028319257467,0.0,1245.014159628734,-66374.55407204803,0.0,-13265.17746282807,-249.0028319257467,508.2558511295307,1244.101297711311,-66374.55407204803,-47.66779530326827,dt_005
5.864999999999897,1,T,0.0,0.0,-0.003357210753540371,0.0,0.03828834460574849,0.0,0.0,0.0,0.02503730788515562,0.0,-0.001679666191845899,0.0,32.0535156828148,0.0,1.252931805400579,0.0,-0.001679666191845899,0.0,0.0,10.0,0.0,-32.04511735185557,10.0,-1.252931805400579,33.56917553491886,0.9545994752990596,-0.2978923324940745,0.0,0.0,-1.0,0.0,72.66894438101362,72.66894438101362,-0.404890469377806,1.21674005959386,690.2198469826942,-13274.09953472955,-249.0040077247522,0.0,1245.020038623761,-66370.49767364775,0.0,-13264.37082608281,-249.0040077247522,508.1191258657972,1244.107552079311,-66370.49767364775,-47.65810984434474,dt_005
5.869999999999897,1,T,0.0,0.0,-0.003227524940853765,0.0,0.03827954568122241,0.0,0.0,0.0,0.02693611226988182,0.0,-0.001809347719605123,0.0,32.05345403840716,0.0,1.254547182259933,0.0,-0.001809347719605123,0.0,0.0,10.0,0.0,-32.04440729980914,10.0,-1.254547182259933,33.5684977202743,0.954597598225414,-0.2978983475319576,0.0,0.0,-1.0,0.0,72.66858335355438,72.66858335355438,-0.4048966819986161,1.216729295527309,690.1919740075874,-13273.47783966778,-249.0049097850219,0.0,1245.02454892511,-66367.38919833892,0.0,-13263.75405684602,-249.0049097850219,507.9786212554138,1244.112478368489,-66367.38919833892,-47.64733564417131,dt_005
5.874999999999897,1,T,0.0,0.0,-0.003084044315827621,0.0,0.03827146208148603,0.0,0.0,0.0,0.03037976194007858,0.0,-0.001445689606702476,0.0,32.05333241728015,0.0,1.257729202939224,0.0,-0.001445689606702476,0.0,0.0,10.0,0.0,-32.04610396924663,10.0,-1.257729202939224,33.57011736064926,0.9546020833043298,-0.2978839749819271,0.0,0.0,-1.0,0.0,72.66944600450236,72.66944600450236,-0.4048818373570406,1.216755015543824,690.2585775097558,-13274.96340664602,-249.0027557555493,0.0,1245.013778777746,-66374.8170332301,0.0,-13265.24264186098,-249.0027557555493,507.9282433020595,1244.102101229048,-66374.8170332301,-47.63686664664131,dt_005
5.879999999999897,1,T,0.0,0.0,-0.002927905993840723,0.0,0.03826394388123554,0.0,0.0,0.0,0.03204155208761923,0.0,-0.001570590985267244,0.0,32.0532783011047,0.0,1.259148793289929,0.0,-0.001570590985267244,0.0,0.0,10.0,0.0,-32.04542534617836,10.0,-1.259148793289929,33.56946954626317,0.954600289468844,-0.2978897234649084,0.0,0.0,-1.0,0.0,72.66910097684251,72.66910097684251,-0.4048877746506309,1.216744728512749,690.231937440713,-13274.36920803536,-249.0036167147709,0.0,1245.018083573855,-66371.84604017678,0.0,-13264.65269652042,-249.0036167147709,507.8057817026215,1244.106760982494,-66371.84604017678,-47.6276779148508,dt_005
5.884999999999897,1,T,0.0,0.0,-0.002763879036071478,0.0,0.0382557948602984,0.0,0.0,0.0,0.03366950243339374,0.0,-0.001657419792042303,0.0,32.05322629752555,0.0,1.260514349645777,0.0,-0.001657419792042303,0.0,0.0,10.0,0.0,-32.04493919856534,10.0,-1.260514349645777,33.56900546992344,0.9545990043487108,-0.2978938416557983,0.0,0.0,-1.0,0.0,72.6688537999679,72.6688537999679,-0.4048920281115677,1.216737358911739,690.2128535468468,-13273.9435488563,-249.0042339715197,0.0,1245.021169857598,-66369.71774428149,0.0,-13264.23148646024,-249.0042339715197,507.6814077946268,1244.110233085752,-66369.71774428149,-47.6176577006672,dt_005
5.889999999999897,1,T,0.0,0.0,-0.002591668103810702,0.0,0.0382473616090514,0.0,0.0,0.0,0.0353452449005246,0.0,-0.001675157407394106,0.0,32.05317284951716,0.0,1.26191855361798,0.0,-0.001675157407394106,0.0,0.0,10.0,0.0,-32.04479706248019,10.0,-1.26191855361798,33.56886978698478,0.9545986286051402,-0.2978950457211154,0.0,0.0,-1.0,0.0,72.6687815310108,72.6687815310108,-0.4048932717278506,1.216735204206206,690.207274000018,-13273.81909932954,-249.0044145172934,0.0,1245.022072586467,-66369.09549664771,0.0,-13264.11140888174,-249.0044145172934,507.5647884742181,1244.111536681849,-66369.09549664771,-47.60720032337952,dt_005
5.894999999999897,1,T,0.0,0.0,-0.002411536952552614,0.0,0.03823885196067782,0.0,0.0,0.0,0.03665247127942604,0.0,-0.00174430054254889,0.0,32.05313361218478,0.0,1.262952063117826,0.0,-0.00174430054254889,0.0,0.0,10.0,0.0,-32.04441210947203,10.0,-1.262952063117826,33.56850231156698,0.9545976109404865,-0.2978983067872592,0.0,0.0,-1.0,0.0,72.66858579908667,72.66858579908667,-0.4048966399154881,1.216729368441077,690.1921628080277,-13273.48205077522,-249.0049036718301,0.0,1245.024518359151,-66367.41025387609,0.0,-13263.77892543287,-249.0049036718301,507.4390303226743,1244.114385742123,-66367.41025387609,-47.59670687069066,dt_005
5.899999999999896,1,T,0.0,0.0,-0.002225522543848834,0.0,0.03822996400081452,0.0,0.0,0.0,0.03778476538182431,0.0,-0.001800074995755785,0.0,32.05310155896679,0.0,1.263798642865095,0.0,-0.001800074995755785,0.0,0.0,10.0,0.0,-32.04410118398802,10.0,-1.263798642865095,33.56820550297055,0.9545967889511504,-0.2979009407909836,0.0,0.0,-1.0,0.0,72.66842770382236,72.66842770382236,-0.4048993604451983,1.216724654816385,690.1799576724183,-13273.20982102015,-249.0052989471965,0.0,1245.026494735983,-66366.04910510077,0.0,-13263.51140416342,-249.0052989471965,507.3107375690922,1244.116783663344,-66366.04910510077,-47.58572476849672,dt_005
5.904999999999896,1,T,0.0,0.0,-0.00203427767996501,0.0,0.03822084583239013,0.0,0.0,0.0,0.03871044911508,0.0,-0.001847075310110702,0.0,32.05307770936147,0.0,1.264431384914887,0.0,-0.001847075310110702,0.0,0.0,10.0,0.0,-32.04384233281092,10.0,-1.264431384914887,33.56795840455665,0.9545961046132956,-0.2979031336812715,0.0,0.0,-1.0,0.0,72.66829608447802,72.66829608447802,-0.4049016253728562,1.216720730573656,690.1697967631528,-13272.98318708876,-249.0056281483928,0.0,1245.028140741964,-66364.9159354438,0.0,-13263.28956094242,-249.0056281483928,507.1811385854066,1244.118862310136,-66364.9159354438,-47.57444359657037,dt_005
5.909999999999896,1,T,0.0,0.0,-0.001838872948665705,0.0,0.03821154291499197,0.0,0.0,0.0,0.03944885496891944,0.0,-0.001873993712462587,0.0,32.05306126211411,0.0,1.264871064563999,0.0,-0.001873993712462587,0.0,0.0,10.0,0.0,-32.0436912935518,10.0,-1.264871064563999,33.5678142230984,0.9545957052962408,-0.2979044132435316,0.0,0.0,-1.0,0.0,72.66821928390016,72.66821928390016,-0.4049029469700257,1.216718440757438,690.1638679263237,-13272.85094752484,-249.0058202901681,0.0,1245.029101450841,-66364.25473762423,0.0,-13263.16213560001,-249.0058202901681,507.0526994280719,1244.120264845006,-66364.25473762423,-47.56290636073791,dt_005
5.914999999999896,1,T,0.0,0.0,-0.001640279608286775,0.0,0.03820215638105183,0.0,0.0,0.0,0.03998605695243339,0.0,-0.001880542224336285,0.0,32.0530526161744,0.0,1.265107007394481,0.0,-0.001880542224336285,0.0,0.0,10.0,0.0,-32.04364990505272,10.0,-1.265107007394481,33.5677747138172,0.954595595872576,-0.2979047638771178,0.0,0.0,-1.0,0.0,72.66819823852389,72.66819823852389,-0.4049033091223752,1.21671781328763,690.1622432830212,-13272.81471073442,-249.0058729486436,0.0,1245.029364743218,-66364.07355367212,0.0,-13263.13068413153,-249.0058729486436,506.9268202973527,1244.120974341308,-66364.07355367212,-47.5512384374414,dt_005
5.919999999999896,1,T,0.0,0.0,-0.001439534057798233,0.0,0.03819278805809483,0.0,0.0,0.0,0.0403099241806797,0.0,-0.001866730431179679,0.0,32.0530521003134,0.0,1.265130355036469,0.0,-0.001866730431179679,0.0,0.0,10.0,0.0,-32.04371844815751,10.0,-1.265130355036469,33.56784014476936,0.95459577708787,-0.2979041831965537,0.0,0.0,-1.0,0.0,72.66823309154705,72.66823309154705,-0.404902709365732,1.216718852433687,690.1649338406837,-13272.87472217241,-249.0057857430419,0.0,1245.02892871521,-66364.37361086205,0.0,-13263.19540027797,-249.0057857430419,506.8048584303918,1244.120984052039,-66364.37361086205,-47.5395664591927,dt_005
5.924999999999896,1,T,0.0,0.0,-0.001237731047259029,0.0,0.03818353893619031,0.0,0.0,0.0,0.04040924463946167,0.0,-0.001832883398335665,0.0,32.05306000880213,0.0,1.264933140459898,0.0,-0.001832883398335665,0.0,0.0,10.0,0.0,-32.04389559181045,10.0,-1.264933140459898,33.56800924539389,0.954596245418022,-0.2979026824884521,0.0,0.0,-1.0,0.0,72.6683231655045,72.6683231655045,-0.4049011593580298,1.216721537996925,690.1718873780454,-13273.0298171702,-249.0055604053329,0.0,1245.027802026664,-66365.149085851,0.0,-13263.35506915919,-249.0055604053329,506.6881061345597,1244.120297830771,-66365.149085851,-47.52801642001124,dt_005
5.929999999999896,1,T,0.0,0.0,-0.001036016395847119,0.0,0.03817450766543167,0.0,0.0,0.0,0.04027480726629838,0.0,-0.0017796115996684,0.0,32.05307656228278,0.0,1.264509321116998,0.0,-0.0017796115996684,0.0,0.0,10.0,0.0,-32.04417850428443,10.0,-1.264509321116998,33.56827931268513,0.954596993363769,-0.2979002857683294,0.0,0.0,-1.0,0.0,72.66846701888186,72.66846701888186,-0.4048986839050889,1.216725826998461,690.1829928088472,-13273.27751825732,-249.0052006353726,0.0,1245.026003176863,-66366.38759128659,0.0,-13263.60716527827,-249.0052006353726,506.5777747336549,1244.118929479183,-66366.38759128659,-47.51671177727911,dt_005
5.934999999999896,1,T,0.0,0.0,-0.0008355631872292262,0.0,0.03816578973204501,0.0,0.0,0.0,0.03990490623250426,0.0,-0.001707570072438054,0.0,32.05310169911073,0.0,1.263860252820157,0.0,-0.001707570072438054,0.0,0.0,10.0,0.0,-32.04456384874855,10.0,-1.263860252820157,33.56864716154826,0.954598012083564,-0.2978970213448059,0.0,0.0,-1.0,0.0,72.66866295244537,72.66866295244537,-0.4048953122476069,1.216731668775488,690.19811925712,-13273.61490669923,-249.0047108282857,0.0,1245.023554141429,-66368.07453349617,0.0,-13263.94872383263,-249.0047108282857,506.4750170411403,1244.116896427449,-66368.07453349617,-47.50577218283987,dt_005
5.939999999999896,1,T,0.0,0.0,-0.0006375497345795472,0.0,0.03815747661801229,0.0,0.0,0.0,0.03929915333367642,0.0,-0.001617705174568979,0.0,32.05313531301108,0.0,1.262988479720627,0.0,-0.001617705174568979,0.0,0.0,10.0,0.0,-32.04504678713824,10.0,-1.262988479720627,33.5691081738833,0.9545992887612432,-0.2978929302560376,0.0,0.0,-1.0,0.0,72.66890850288684,72.66890850288684,-0.4048910867746033,1.216738989884245,690.2170769488007,-13274.03775018151,-249.0040973322673,0.0,1245.020486661337,-66370.18875090758,0.0,-13264.37546944993,-249.0040973322673,506.380883030628,1244.114226058113,-66370.18875090758,-47.49531267666983,dt_005
5.944999999999895,1,T,0.0,0.0,-0.0004431515590879244,0.0,0.03814965452505944,0.0,0.0,0.0,0.03845905252604252,0.0,-0.00151118236091972,0.0,32.05317723302579,0.0,1.261898267536104,0.0,-0.00151118236091972,0.0,0.0,10.0,0.0,-32.04562132122119,10.0,-1.261898267536104,33.56965662414655,0.9546008075093292,-0.2978880633770628,0.0,0.0,-1.0,0.0,72.66920061645337,72.66920061645337,-0.4048860600355675,1.216747699276813,690.2396305911526,-13274.54080119949,-249.0033680025117,0.0,1245.016840012559,-66372.70400599747,0.0,-13264.88211499559,-249.0033680025117,506.2963144049987,1244.110953537362,-66372.70400599747,-47.48544201344862,dt_005
5.949999999999895,1,T,0.0,0.0,-0.000253529613243225,0.0,0.03814240318965118,0.0,0.0,0.0,0.03738892386508267,0.0,-0.001389422007072572,0.0,32.05322719001312,0.0,1.260596488843136,0.0,-0.001389422007072572,0.0,0.0,10.0,0.0,-32.04628007997776,10.0,-1.260596488843136,33.57028547636108,0.954602548808932,-0.2978824832169396,0.0,0.0,-1.0,0.0,72.66953554109405,72.66953554109405,-0.4048802965964182,1.216757685085453,690.2654910156825,-13275.11761061834,-249.0025324562448,0.0,1245.012662281224,-66375.58805309169,0.0,-13265.4621758574,-249.0025324562448,506.2221218454853,1244.107123144789,-66375.58805309169,-47.47626123631317,dt_005
5.954999999999895,1,T,0.0,0.0,-6.981819309010448e-05,0.0,0.03813579459481491,0.0,0.0,0.0,0.03609510852180156,0.0,-0.001254104760090686,0.0,32.053284848802,0.0,1.259091787389564,0.0,-0.001254104760090686,0.0,0.0,10.0,0.0,-32.04701432500155,10.0,-1.259091787389564,33.57098638924472,0.9546044895263662,-0.2978762638682473,0.0,0.0,-1.0,0.0,72.66990882950567,72.66990882950567,-0.4048738729870918,1.216768814713415,690.2943153774484,-13275.76053207281,-249.0016020479441,0.0,1245.00801023972,-66378.80266036403,0.0,-13266.10797498294,-249.0016020479441,506.1589681475648,1244.102788209905,-66378.80266036403,-47.46786206906656,dt_005
5.959999999999895,1,T,0.0,0.0,0.0001068886549967056,0.0,0.0381298918393217,0.0,0.0,0.0,0.03458736150494043,0.0,-0.001107103434515315,0.0,32.05334975665551,0.0,1.257395933562903,0.0,-0.001107103434515315,0.0,0.0,10.0,0.0,-32.04781423948294,10.0,-1.257395933562903,33.57174999204548,0.954606603679474,-0.2978694885541984,0.0,0.0,-1.0,0.0,72.6703154863717,72.6703154863717,-0.4048668751678294,1.216780939224882,690.3257184861484,-13276.46097465587,-249.00058948408,0.0,1245.0029474204,-66382.30487327937,0.0,-13266.81089594645,-249.00058948408,506.1073628757326,1244.098009240036,-66382.30487327937,-47.46032543569356,dt_005
5.964999999999895,1,T,0.0,0.0,0.0002755461112691875,0.0,0.03812474786439252,0.0,0.0,0.0,0.03287561680686205,0.0,-0.0009506078849894336,0.0,32.05342146827162,0.0,1.255520551077351,0.0,-0.0009506078849894336,0.0,0.0,10.0,0.0,-32.04866842884667,10.0,-1.255520551077351,33.57256540781704,0.9546088611204092,-0.2978622538530106,0.0,0.0,-1.0,0.0,72.67074971483018,72.67074971483018,-0.4048594028919999,1.216793885785886,690.3592531880688,-13277.20896528984,-248.9995094354314,0.0,1244.997547177157,-66386.0448264492,0.0,-13267.56094627347,-248.9995094354314,506.0676287730097,1244.0928570392,-66386.0448264492,-47.45371999305602,dt_005
5.969999999999895,1,T,0.0,0.0,0.0004351715881038601,0.0,0.03812040459025072,0.0,0.0,0.0,0.03097483205939384,0.0,-0.0007868364038118781,0.0,32.05349936217504,0.0,1.253481930431353,0.0,-0.0007868364038118781,0.0,0.0,10.0,0.0,-32.04956518015598,10.0,-1.253481930431353,33.57342145562568,0.9546112308665414,-0.297854659025953,0.0,0.0,-1.0,0.0,72.67120555702287,72.67120555702287,-0.4048515586834224,1.216807476762343,690.3944597952034,-13277.99425119126,-248.9983769250307,0.0,1244.991884625154,-66389.9712559563,0.0,-13268.3478595342,-248.9983769250307,506.0399322804776,1244.08740469379,-66389.9712559563,-47.44810074977506,dt_005
5.974999999999895,1,T,0.0,0.0,0.0005848647555986696,0.0,0.03811689247461957,0.0,0.0,0.0,0.02890294726504798,0.0,-0.0006181555796423925,0.0,32.05358271903867,0.0,1.251298974969021,0.0,-0.0006181555796423925,0.0,0.0,10.0,0.0,-32.05049194114046,10.0,-1.251298974969021,33.57430615320455,0.9546136797254808,-0.2978468104260595,0.0,0.0,-1.0,0.0,72.67167662949473,72.67167662949473,-0.4048434523896576,1.216821521830959,690.4308456223293,-13278.80584340982,-248.9972079727958,0.0,1244.986039863979,-66394.02921704912,0.0,-13269.16063943291,-248.9972079727958,506.0242601883243,1244.081730813565,-66394.02921704912,-47.44350864047183,dt_005
5.979999999999895,1,T,0.0,0.0,0.0007238204394736997,0.0,0.03811422991183738,0.0,0.0,0.0,0.02668008572024253,0.0,-0.0004470248756491615,0.0,32.05367075273191,0.0,1.248992383117344,0.0,-0.0004470248756491615,0.0,0.0,10.0,0.0,-32.05143562835367,10.0,-1.248992383117344,33.57520701110417,0.9546161731111128,-0.2978388188848023,0.0,0.0,-1.0,0.0,72.67215628005661,72.67215628005661,-0.4048351984826871,1.216835822656109,690.4678970760804,-13279.63228644264,-248.9960191933078,0.0,1244.980095966539,-66398.16143221318,0.0,-13269.98782952809,-248.9960191933078,506.0204218271146,1244.075917549846,-66398.16143221318,-47.43996970236222,dt_005
5.984999999999895,1,T,0.0,0.0,0.000851340631922227,0.0,0.03811242294844083,0.0,0.0,0.0,0.02432897510968897,0.0,-0.000275921229249335,0.0,32.05376259439358,0.0,1.246585060049125,0.0,-0.000275921229249335,0.0,0.0,10.0,0.0,-32.05238298824733,10.0,-1.246585060049125,33.576111377366,0.954618675998739,-0.2978307966520835,0.0,0.0,-1.0,0.0,72.67263777145331,72.67263777145331,-0.4048269128983236,1.216850178365918,690.5050938254882,-13280.46197429014,-248.994827332371,0.0,1244.974136661855,-66402.30987145069,0.0,-13270.81782920289,-248.994827332371,506.0280572034064,1244.07004829301,-66402.30987145069,-47.43749463407961,dt_005
5.989999999999895,1,T,0.0,0.0,0.0009668453921013348,0.0,0.03811146530057248,0.0,0.0,0.0,0.02187412263143745,0.0,-0.0001073025092091254,0.0,32.0538573235465,0.0,1.244101293953811,0.0,-0.0001073025092091254,0.0,0.0,10.0,0.0,-32.05332081100045,10.0,-1.244101293953811,33.57700664164265,0.9546211534904214,-0.2978228555846865,0.0,0.0,-1.0,0.0,72.67311439009455,72.67311439009455,-0.4048187111651498,1.216864388794079,690.5419171954104,-13281.28333766654,-248.9936489947937,0.0,1244.968244973968,-66406.41668833268,0.0,-13271.6390807336,-248.9936489947937,506.0466442172005,1244.064206311241,-66406.41668833268,-47.43607876652262,dt_005
5.994999999999894,1,T,0.0,0.0,0.001069879453423813,0.0,0.03811133838978786,0.0,0.0,0.0,0.01934088853356737,0.0,5.637242611926167e-05,0.0,32.05395400300824,0.0,1.241565831381555,0.0,5.637242611926167e-05,0.0,0.0,10.0,0.0,-32.05423586513884,10.0,-1.241565831381555,33.57788017278567,0.954623570642148,-0.2978151077001233,0.0,0.0,-1.0,0.0,72.67357941281271,72.67357941281271,-0.4048107089765569,1.216878253488738,690.5778475999962,-13282.08478675423,-248.9925007273968,0.0,1244.962503636984,-66410.42393377116,0.0,-13272.44001207238,-248.9925007273968,506.0754968068543,1244.058475163464,-66410.42393377116,-47.43570212428656,dt_005
5.999999999999894,1,T,0.0,0.0,0.001160117824751116,0.0,0.0381120114663639,0.0,0.0,0.0,0.01675601671174148,0.0,0.0002126938682295736,0.0,32.05405165814916,0.0,1.239004411393844,0.0,0.0002126938682295736,0.0,0.0,10.0,0.0,-32.05511512749031,10.0,-1.239004411393844,33.57871953837219,0.9546258930707356,-0.2978076632306502,0.0,0.0,-1.0,0.0,72.67402622365606,72.67402622365606,-0.4048030201809472,1.216891575194692,690.6123735749533,-13282.85491268424,-248.9913987344952,0.0,1244.956993672476,-66414.27456342119,0.0,-13273.20923812577,-248.9913987344952,506.1137741184857,1244.052937272012,-66414.27456342119,-47.43632952589784,dt_005
6.004999999999894,1,T,0.0,0.0,0.001237369500481575,0.0,0.03811344176828789,0.0,0.0,0.0,0.01414635746372328,0.0,0.0003592666363327848,0.0,32.05414932498293,0.0,1.236442494327334,0.0,0.0003592666363327848,0.0,0.0,10.0,0.0,-32.0559456581646,10.0,-1.236442494327334,33.57951238536977,0.9546280866225748,-0.2978006316838863,0.0,0.0,-1.0,0.0,72.67444825022487,72.67444825022487,-0.4047957578772726,1.216904157955245,690.6449868740111,-13283.58237817967,-248.9903590425114,0.0,1244.951795212557,-66417.91189089834,0.0,-13273.93545140536,-248.9903590425114,506.1604783162892,1244.047674737821,-66417.91189089834,-47.43791081392486,dt_005
6.009999999999894,1,T,0.0,0.0,0.001301578154359475,0.0,0.03811557492654787,0.0,0.0,0.0,0.0115389303250527,0.0,0.000493843005860374,0.0,32.05424604690467,0.0,1.233905337561187,0.0,0.000493843005860374,0.0,0.0,10.0,0.0,-32.05671526193397,10.0,-1.233905337561187,33.5802470715257,0.9546301191189388,-0.2977941162463774,0.0,0.0,-1.0,0.0,72.67483929955472,72.67483929955472,-0.4047890286350994,1.2169158171266,690.6752084481353,-13284.25649707189,-248.9893966834347,0.0,1244.946983417174,-66421.28248535946,0.0,-13274.60800092729,-248.9893966834347,506.214481928321,1244.042765241894,-66421.28248535946,-47.44038120444763,dt_005
6.014999999999894,1,T,0.0,0.0,0.00135282335456529,0.0,0.03811834586603115,0.0,0.0,0.0,0.008961072360449341,0.0,0.0006143880642061516,0.0,32.05434086759148,0.0,1.231418172565565,0.0,0.0006143880642061516,0.0,0.0,10.0,0.0,-32.05741280791251,10.0,-1.231418172565565,33.58091297056876,0.9546319611979732,-0.2977882110818213,0.0,0.0,-1.0,0.0,72.67519372025986,72.67519372025986,-0.4047829297044171,1.216926384212176,690.7026010113594,-13284.86751463702,-248.9885253124622,0.0,1244.942626562311,-66424.33757318511,0.0,-13275.21717189872,-248.9885253124622,506.2745504007692,1244.03828009272,-66424.33757318511,-47.44366233559746,dt_005
6.019999999999894,1,T,0.0,0.0,0.001391320149490407,0.0,0.03812167989332289,0.0,0.0,0.0,0.006439637643381007,0.0,0.0007190892627378822,0.0,32.05443285987879,0.0,1.229005439820283,0.0,0.0007190892627378822,0.0,0.0,10.0,0.0,-32.05802830619248,10.0,-1.229005439820283,33.58150054539908,0.9546335865144856,-0.2977830006875639,0.0,0.0,-1.0,0.0,72.67550644113928,72.67550644113928,-0.4047775483512996,1.216935708013654,690.7267720643913,-13285.40667509115,-248.9877571321219,0.0,1244.938785660609,-66427.03337545575,0.0,-13275.75425262251,-248.9877571321219,506.3393590585945,1244.03428379622,-66427.03337545575,-47.44766360674865,dt_005
6.024999999999894,1,T,0.0,0.0,0.001417420750987058,0.0,0.03812549373793758,0.0,0.0,0.0,0.004002634835697937,0.0,0.0008063281617535731,0.0,32.05452106183808,0.0,1.226692458571976,0.0,0.0008063281617535731,0.0,0.0,10.0,0.0,-32.05855270264685,10.0,-1.226692458571976,33.58200115223013,0.9546349711955118,-0.2977785616369058,0.0,0.0,-1.0,0.0,72.67577286658971,72.67577286658971,-0.4047729636576555,1.216943651512703,690.7473658503862,-13285.86604220605,-248.9871031681363,0.0,1244.935515840682,-66429.33021103026,0.0,-13276.21135472437,-248.9871031681363,506.4075000743206,1244.030835385369,-66429.33021103026,-47.45228352655677,dt_005
6.029999999999894,1,T,0.0,0.0,0.001431618992049911,0.0,0.03812969535776997,0.0,0.0,0.0,0.001678702997327906,0.0,0.0008742148675600986,0.0,32.05460449680287,0.0,1.224504896781177,0.0,0.0008742148675600986,0.0,0.0,10.0,0.0,-32.05897557114067,10.0,-1.224504896781177,33.58240483751862,0.9546360877444976,-0.2977749821188473,0.0,0.0,-1.0,0.0,72.67598770384551,72.67598770384551,-0.40476926670228,1.216950056905035,690.7639727359841,-13286.2364779934,-248.9865761630686,0.0,1244.932880815343,-66431.18238996698,0.0,-13276.57939341194,-248.9865761630686,506.4774028441825,1244.028002887859,-66431.18238996698,-47.45741002239856,dt_005
6.034999999999894,1,T,0.0,0.0,0.001434549050000703,0.0,0.03813418299270687,0.0,0.0,0.0,-0.0005046605168394448,0.0,0.0009207521831831195,0.0,32.05468224195454,0.0,1.222466969966314,0.0,0.0009207521831831195,0.0,0.0,10.0,0.0,-32.05928600287046,10.0,-1.222466969966314,33.58270118697788,0.9546369073879576,-0.2977723544131592,0.0,0.0,-1.0,0.0,72.67614541460361,72.67614541460361,-0.4047665527892168,1.216954759065639,690.7761641459804,-13286.50842199379,-248.9861894800428,0.0,1244.930947400214,-66432.54210996896,0.0,-13276.84886668427,-248.9861894800428,506.5473511296107,1244.025857894303,-66432.54210996896,-47.46291905411097,dt_005
6.039999999999893,1,T,0.0,0.0,0.001426972113510192,0.0,0.0381388454478799,0.0,0.0,0.0,-0.002524145973526033,0.0,0.000944163363315093,0.0,32.05475354408171,0.0,1.220598406580381,0.0,0.000944163363315093,0.0,0.0,10.0,0.0,-32.05947436089828,10.0,-1.220598406580381,33.58288100054988,0.9546374047054909,-0.2977707600439718,0.0,0.0,-1.0,0.0,72.67624110606589,72.67624110606589,-0.4047649061145535,1.216957612115295,690.7835614819703,-13286.67342863942,-248.9859549367038,0.0,1244.929774683519,-66433.3671431971,0.0,-13277.01139143884,-248.9859549367038,506.6155454742085,1244.024464723151,-66433.3671431971,-47.4686745531729,dt_005
6.044999999999893,1,T,0.0,0.0,0.001409755598701146,0.0,0.0381435641701471,0.0,0.0,0.0,-0.004360568882848007,0.0,0.0009432817241916672,0.0,32.05481781479051,0.0,1.218914576909579,0.0,0.0009432817241916672,0.0,0.0,10.0,0.0,-32.05953422341147,10.0,-1.218914576909579,33.58293814754884,0.9546375627574872,-0.2977702533371065,0.0,0.0,-1.0,0.0,72.67627151778272,72.67627151778272,-0.4047643827846514,1.2169585188434,690.7859124560312,-13286.72587003006,-248.9858804087408,0.0,1244.929402043704,-66433.62935015028,0.0,-13277.06140395891,-248.9858804087408,506.6801958143966,1244.023868349044,-66433.62935015028,-47.47453054822277,dt_005
6.049999999999893,1,T,0.0,0.0,0.001383848648072643,0.0,0.03814821713562911,0.0,0.0,0.0,-0.006000419686762301,0.0,0.0009178849337701972,0.0,32.05487468508855,0.0,1.217425069134938,0.0,0.0009178849337701972,0.0,0.0,10.0,0.0,-32.0594641097574,10.0,-1.217425069134938,33.58287121442749,0.954637377639836,-0.297770846815025,0.0,0.0,-1.0,0.0,72.67623589820877,72.67623589820877,-0.4047649957322284,1.216957456842561,690.7831588904538,-13286.66444833819,-248.9859676998465,0.0,1244.929838499233,-66433.32224169096,0.0,-13276.99766924552,-248.9859676998465,506.7396309575676,1244.024083576209,-66433.32224169096,-47.4803355937892,dt_005
6.054999999999893,1,T,0.0,0.0,0.001350253188050893,0.0,0.03815268290933653,0.0,0.0,0.0,-0.00743608909217493,0.0,0.000868430201895747,0.0,32.05492400937602,0.0,1.216133594306934,0.0,0.000868430201895747,0.0,0.0,10.0,0.0,-32.0592661603855,10.0,-1.216133594306934,33.58268224460993,0.9546368549978184,-0.2977725223721525,0.0,0.0,-1.0,0.0,72.67613533397332,72.67613533397332,-0.4047667262583863,1.21695445851073,690.7753848797441,-13286.49103951441,-248.9862141914641,0.0,1244.93107095732,-66432.45519757207,0.0,-13276.82212349882,-248.9862141914641,506.7923086127096,1244.025103088567,-66432.45519757207,-47.48593813353537,dt_005
6.059999999999893,1,T,0.0,0.0,0.00131000129723653,0.0,0.03815684386415167,0.0,0.0,0.0,-0.008663122644125753,0.0,0.000795982829938597,0.0,32.05496575718893,0.0,1.215040832973008,0.0,0.000795982829938597,0.0,0.0,10.0,0.0,-32.05894567133863,10.0,-1.215040832973008,33.58237629408976,0.9546360087978872,-0.2977752352134749,0.0,0.0,-1.0,0.0,72.6759725134973,72.6759725134973,-0.4047695281003287,1.216949604003421,690.762798504178,-13286.21028536916,-248.9866134159341,0.0,1244.933067079671,-66431.05142684578,0.0,-13276.5394648552,-248.9866134159341,506.8368427725074,1244.026900160359,-66431.05142684578,-47.49119061261514,dt_005
6.064999999999893,1,T,0.0,0.0,0.001264139412460282,0.0,0.03816058844239808,0.0,0.0,0.0,-0.009680228491923903,0.0,0.0007019049223217846,0.0,32.05500001108687,0.0,1.214144499924573,0.0,0.0007019049223217846,0.0,0.0,10.0,0.0,-32.05850953569848,10.0,-1.214144499924573,33.58195994355408,0.95463485721452,-0.2977789270432222,0.0,0.0,-1.0,0.0,72.67575093544154,72.67575093544154,-0.4047733410525157,1.216942997633525,690.7456706109132,-13285.82822797363,-248.9871569828315,0.0,1244.935784914158,-66429.14113986814,0.0,-13276.15578762444,-248.9871569828315,506.8719818130591,1244.029438172988,-66429.14113986814,-47.49595265734365,dt_005
6.069999999999893,1,T,0.0,0.0,0.001213714774089709,0.0,0.03816381279658098,0.0,0.0,0.0,-0.01048837574056674,0.0,0.0005879181029121587,0.0,32.05502693058243,0.0,1.213440297795341,0.0,0.0005879181029121587,0.0,0.0,10.0,0.0,-32.05796652109699,10.0,-1.213440297795341,33.58144156327681,0.9546334233654272,-0.2977835237107737,0.0,0.0,-1.0,0.0,72.6754750500113,72.6754750500113,-0.4047780885350722,1.216934772084316,690.7243456990125,-13285.35255241462,-248.9878342142815,0.0,1244.939171071408,-66426.76276207311,0.0,-13275.67882402474,-248.9878342142815,506.896639652278,1244.032668714368,-66426.76276207311,-47.50009304592329,dt_005
6.074999999999893,1,T,0.0,0.0,0.001159762705858777,0.0,0.03816642248553185,0.0,0.0,0.0,-0.01109135679877416,0.0,0.0004560626368586618,0.0,32.05504677181452,0.0,1.212921409503253,0.0,0.0004560626368586618,0.0,0.0,10.0,0.0,-32.05732708499882,10.0,-1.212921409503253,33.58083113674524,0.9546317348268564,-0.2977889367680859,0.0,0.0,-1.0,0.0,72.67515016550071,72.67515016550071,-0.4047836792019861,1.216925085623069,690.6992346486917,-13284.79242455238,-248.9886323518643,0.0,1244.943161759321,-66423.96212276189,0.0,-13275.11778118756,-248.9886323518643,506.9099121560344,1244.036532531361,-66423.96212276189,-47.50349185737744,dt_005
6.079999999999893,1,T,0.0,0.0,0.001103300096040553,0.0,0.03816833324180772,0.0,0.0,0.0,-0.01149275352134084,0.0,0.0003083676730532862,0.0,32.05505977108304,0.0,1.212581554506491,0.0,0.0003083676730532862,0.0,0.0,10.0,0.0,-32.05660160944831,10.0,-1.212581554506491,33.58013857545683,0.9546298189751352,-0.2977950784071164,0.0,0.0,-1.0,0.0,72.67478155178718,72.67478155178718,-0.4047900223683271,1.216914095371656,690.6707453824664,-13284.15694428736,-248.9895387370702,0.0,1244.947693685351,-66420.78472143681,0.0,-13274.48179515153,-248.9895387370702,506.9110283360253,1244.040970386821,-66420.78472143681,-47.50604184196943,dt_005
6.084999999999892,1,T,0.0,0.0,0.001045321899563409,0.0,0.03816947130732616,0.0,0.0,0.0,-0.01169775650590847,0.0,0.0001470076094711764,0.0,32.05506621402069,0.0,1.212413181596525,0.0,0.0001470076094711764,0.0,0.0,10.0,0.0,-32.05580125206804,10.0,-1.212413181596525,33.57937453128166,0.9546277052363112,-0.2978018542508665,0.0,0.0,-1.0,0.0,72.67437487301848,72.67437487301848,-0.4047970205644942,1.21690197020716,690.6393162711536,-13283.45589066788,-248.9905397304645,0.0,1244.952698652322,-66417.2794533394,0.0,-13273.780675249,-248.9905397304645,506.8993832167481,1244.045917642552,-66417.2794533394,-47.50764863262996,dt_005
6.089999999999892,1,T,0.0,0.0,0.0009867967871631494,0.0,0.03816977329029141,0.0,0.0,0.0,-0.01171168738551624,0.0,-2.604552634227741e-05,0.0,32.05506637950052,0.0,1.212408940947746,0.0,-2.604552634227741e-05,0.0,0.0,10.0,0.0,-32.0549361518688,10.0,-1.212408940947746,33.57854868365197,0.9546254203498392,-0.2978091785386958,0.0,0.0,-1.0,0.0,72.6739352762202,72.6739352762202,-0.4048045852196115,1.216888863588616,690.6053456664863,-13282.69815001203,-248.9916229392697,0.0,1244.958114696349,-66413.49075006014,0.0,-13273.0233334387,-248.9916229392697,506.8744759059026,1244.051315395097,-66413.49075006014,-47.5082309922808,dt_005
6.094999999999892,1,T,0.0,0.0,0.00092866900992412,0.0,0.03816918481666972,0.0,0.0,0.0,-0.01153899335310715,0.0,-0.0002091562971557272,0.0,32.05506050297562,0.0,1.212562645636394,0.0,-0.0002091562971557272,0.0,0.0,10.0,0.0,-32.05401472148984,10.0,-1.212562645636394,33.57766906391043,0.954622986499732,-0.2978169801175414,0.0,0.0,-1.0,0.0,72.67346703171123,72.67346703171123,-0.4048126428493189,1.21687490283597,690.5691641063614,-13281.89109591492,-248.9927780999855,0.0,1244.963890499928,-66409.45547957458,0.0,-13272.21716544335,-248.9927780999855,506.8358679639696,1244.057114948967,-66409.45547957458,-47.50771930507729,dt_005
6.099999999999892,1,T,0.0,0.0,0.000875772705491889,0.0,0.03816865706122734,0.0,0.0,0.0,-0.009607473697136649,0.0,1.364837382369025e-06,0.0,32.05498743729567,0.0,1.214475841266651,0.0,1.364837382369025e-06,0.0,0.0,10.0,0.0,-32.05499426148258,10.0,-1.214475841266651,33.5786041565709,0.9546255738331464,-0.2978086865484886,0.0,0.0,-1.0,0.0,72.67396480503808,72.67396480503808,-0.4048040770827822,1.216889743993008,690.6076274760046,-13282.74904743767,-248.9915501386443,0.0,1244.957750693221,-66413.74523718836,0.0,-13273.07475957373,-248.9915501386443,506.8616023858938,1244.051004686379,-66413.74523718836,-47.50682845587844,dt_005
6.104999999999892,1,T,0.0,0.0,0.000832276858538185,0.0,0.03816899353193357,0.0,0.0,0.0,-0.007723123400398703,0.0,0.0001526474232943223,0.0,32.0549151223667,0.0,1.216369604665562,0.0,0.0001526474232943223,0.0,0.0,10.0,0.0,-32.05567835948317,10.0,-1.216369604665562,33.57925721463532,0.9546273806649868,-0.2978028946882589,0.0,0.0,-1.0,0.0,72.6743124270186,72.6743124270186,-0.4047980951456885,1.216900108373991,690.6344904905659,-13283.34824769179,-248.9906935279932,0.0,1244.953467639966,-66416.74123845894,0.0,-13273.67335285694,-248.9906935279932,506.8889337044094,1244.046708767949,-66416.74123845894,-47.50708360245587,dt_005
6.109999999999892,1,T,0.0,0.0,0.0008020806308486076,0.0,0.03817097953203963,0.0,0.0,0.0,-0.00460399745604115,0.0,0.0005767314248704355,0.0,32.05479367541086,0.0,1.219550119628064,0.0,0.0005767314248704355,0.0,0.0,10.0,0.0,-32.05767733253521,10.0,-1.219550119628064,33.5811654943205,0.9546326597257933,-0.2977859717731142,0.0,0.0,-1.0,0.0,72.67532812063217,72.67532812063217,-0.4047806169203654,1.216930391371507,690.712989023627,-13285.09922983999,-248.9881950891164,0.0,1244.940975445582,-66425.49614919996,0.0,-13275.42205284114,-248.9881950891164,506.9821156945753,1244.034131321645,-66425.49614919996,-47.5090775557475,dt_005
6.114999999999892,1,T,0.0,0.0,0.0007814198596893489,0.0,0.03817337246242504,0.0,0.0,0.0,-0.003705637861955814,0.0,0.0003688954486832503,0.0,32.05475647193332,0.0,1.220524529640262,0.0,0.0003688954486832503,0.0,0.0,10.0,0.0,-32.05660094917673,10.0,-1.220524529640262,33.5801379451419,0.9546298172314216,-0.2977950839968696,0.0,0.0,-1.0,0.0,72.67478121629664,72.67478121629664,-0.4047900281415043,1.216914085368975,690.6707194540398,-13284.15636593013,-248.9895395624061,0.0,1244.94769781203,-66420.78182965063,0.0,-13274.47866261059,-248.9895395624061,506.9778992994506,1244.040735101273,-66420.78182965063,-47.512310995764,dt_005
6.119999999999892,1,T,0.0,0.0,0.0007654179471225642,0.0,0.03817465960650913,0.0,0.0,0.0,-0.002695943882700251,0.0,0.0001461680547413257,0.0,32.05471636555309,0.0,1.221574747082151,0.0,0.0001461680547413257,0.0,0.0,10.0,0.0,-32.05544720582679,10.0,-1.221574747082151,33.57903654909636,0.9546267701563772,-0.2978048517079657,0.0,0.0,-1.0,0.0,72.67419496861783,72.67419496861783,-0.4048001163894647,1.216896606341083,690.6254135338988,-13283.14577894292,-248.9909828826004,0.0,1244.954914413002,-66415.72889471462,0.0,-13273.46815933591,-248.9909828826004,506.9564160209694,1244.04788528827,-66415.72889471462,-47.51418767977523,dt_005
6.124999999999892,1,T,0.0,0.0,0.0007548227056336432,0.0,0.03817482968493081,0.0,0.0,0.0,-0.001543148341137951,0.0,-7.791835124269585e-05,0.0,32.05467216070377,0.0,1.222732154546641,0.0,-7.791835124269585e-05,0.0,0.0,10.0,0.0,-32.05428256894756,10.0,-1.222732154546641,33.57792475734519,0.9546236940070472,-0.2978147122630768,0.0,0.0,-1.0,0.0,72.67360314664148,72.67360314664148,-0.4048103005608679,1.216878961115002,690.5796814935854,-13282.12569294282,-248.9924421592658,0.0,1244.962210796329,-66410.6284647141,0.0,-13272.44873031766,-248.9924421592658,506.919741399852,1244.055168274512,-66410.6284647141,-47.51467773601802,dt_005
6.129999999999892,1,T,0.0,0.0,0.0007503134643229599,0.0,0.03817388028102986,0.0,0.0,0.0,-0.0002617155415877845,0.0,-0.0003016141056683432,0.0,32.05462441617359,0.0,1.223982220947368,0.0,-0.0003016141056683432,0.0,0.0,10.0,0.0,-32.05311634564524,10.0,-1.223982220947368,33.57681145474463,0.954620613361306,-0.2978245868723468,0.0,0.0,-1.0,0.0,72.67301047923551,72.67301047923551,-0.4048204992805652,1.216861290682361,690.5338888238256,-13281.1042605589,-248.9939057681848,0.0,1244.969528840924,-66405.52130279451,0.0,-13271.42852334765,-248.9939057681848,506.8681579169545,1244.062526097722,-66405.52130279451,-47.51377591548116,dt_005
6.134999999999891,1,T,0.0,0.0,0.0007540411855692129,0.0,0.03817224531366085,0.0,0.0,0.0,0.002008950169466678,0.0,-0.0002809661418767217,0.0,32.05453976194132,0.0,1.226198824276143,0.0,-0.0002809661418767217,0.0,0.0,10.0,0.0,-32.05313493123194,10.0,-1.226198824276143,33.57682919692926,0.954620662458602,-0.2978244295001668,0.0,0.0,-1.0,0.0,72.67301992462289,72.67301992462289,-0.4048203367427619,1.216861572297445,690.5346185883539,-13281.12053833807,-248.9938824248983,0.0,1244.969412124491,-66405.60269169035,0.0,-13271.44561796408,-248.9938824248983,506.8470807721925,1244.062487148125,-66405.60269169035,-47.51173745953609,dt_005
6.139999999999891,1,T,0.0,0.0,0.0007742045923039071,0.0,0.03817206159831871,0.0,0.0,0.0,0.005836598374472534,0.0,0.0001473642051553461,0.0,32.05439391346945,0.0,1.230017795263854,0.0,0.0001473642051553461,0.0,0.0,10.0,0.0,-32.05513073449522,10.0,-1.230017795263854,33.57873443722351,0.9546259342925292,-0.2978075310936841,0.0,0.0,-1.0,0.0,72.67403415439665,72.67403415439665,-0.4048028837074387,1.216891811650444,690.6129864234179,-13282.86858272712,-248.9913791860432,0.0,1244.956895930216,-66414.34291363558,0.0,-13273.19248207989,-248.9913791860432,506.9113528586973,1244.049988800069,-66414.34291363558,-47.51103125324921,dt_005
6.144999999999891,1,T,0.0,0.0,0.000807476368301131,0.0,0.03817231249561632,0.0,0.0,0.0,0.007468505129040444,0.0,-4.70003910737626e-05,0.0,32.05433132633288,0.0,1.231656555577131,0.0,-4.70003910737626e-05,0.0,0.0,10.0,0.0,-32.05409632437751,10.0,-1.231656555577131,33.57774696391156,0.954623202051894,-0.2978162891854455,0.0,0.0,-1.0,0.0,72.67350850094999,72.67350850094999,-0.4048119292397329,1.216876139245098,690.572368343139,-13281.96256842572,-248.9926757385744,0.0,1244.963378692872,-66409.81284212858,0.0,-13272.28700060348,-248.9926757385744,506.8801068041867,1244.056454919771,-66409.81284212858,-47.51159078397711,dt_005
6.149999999999891,1,T,0.0,0.0,0.0008505834802123544,0.0,0.03817204375845402,0.0,0.0,0.0,0.009771345569645968,0.0,-6.058179771512041e-05,0.0,32.05424377454357,0.0,1.233949104291289,0.0,-6.058179771512041e-05,0.0,0.0,10.0,0.0,-32.053940865555,10.0,-1.233949104291289,33.57759855934454,0.954622791409676,-0.2978176054587748,0.0,0.0,-1.0,0.0,72.67342949917996,72.67342949917996,-0.4048132887153849,1.216873783800135,690.5662640701543,-13281.82640881396,-248.9928707536401,0.0,1244.964353768201,-66409.1320440698,0.0,-13272.15107639614,-248.9928707536401,506.8713438188875,1244.057442052877,-66409.1320440698,-47.51129367135367,dt_005
6.154999999999891,1,T,0.0,0.0,0.0009037219815468104,0.0,0.03817128025728846,0.0,0.0,0.0,0.01144483867224055,0.0,-0.000255128750869445,0.0,32.054180852793,0.0,1.235596904910319,0.0,-0.000255128750869445,0.0,0.0,10.0,0.0,-32.05290520903865,10.0,-1.235596904910319,33.57660989944662,0.9546200555990888,-0.2978263746681826,0.0,0.0,-1.0,0.0,72.67290317672757,72.67290317672757,-0.4048223457600414,1.216858091448322,690.5255985580154,-13280.91934195465,-248.9941709952012,0.0,1244.970854976006,-66404.59670977324,0.0,-13271.24505726894,-248.9941709952012,506.826595020119,1244.063974799542,-66404.59670977324,-47.51059193119903,dt_005
6.159999999999891,1,T,0.0,0.0,0.0009650851988310012,0.0,0.03816951449295822,0.0,0.0,0.0,0.01315355099558053,0.0,-0.0004349224316743872,0.0,32.05411782963183,0.0,1.237247772532057,0.0,-0.0004349224316743872,0.0,0.0,10.0,0.0,-32.05194321747346,10.0,-1.237247772532057,33.57569156422758,0.95461751416678,-0.2978345205748275,0.0,0.0,-1.0,0.0,72.67241426316495,72.67241426316495,-0.4048307590662755,1.216843514445961,690.4878267098875,-13280.07682412162,-248.9953804096367,0.0,1244.976902048183,-66400.3841206081,0.0,-13270.40404801414,-248.9953804096367,506.7710104396642,1244.070101357797,-66400.3841206081,-47.50862596510101,dt_005
6.164999999999891,1,T,0.0,0.0,0.001038452899239015,0.0,0.03816788274200297,0.0,0.0,0.0,0.01615634755601627,0.0,-0.0002277164696364212,0.0,32.0540052659075,0.0,1.240196077801063,0.0,-0.0002277164696364212,0.0,0.0,10.0,0.0,-32.05286668355932,10.0,-1.240196077801063,33.57657312225336,0.954619953824764,-0.2978267008842649,0.0,0.0,-1.0,0.0,72.67288359741367,72.67288359741367,-0.4048226826841447,1.216857507689296,690.5240858633413,-13280.88560055018,-248.9942193986964,0.0,1244.971096993482,-66404.42800275092,0.0,-13271.21306231303,-248.9942193986964,506.7802182339467,1244.064378051537,-66404.42800275092,-47.5063744396063,dt_005
6.169999999999891,1,T,0.0,0.0,0.001123396622568333,0.0,0.03816633530203381,0.0,0.0,0.0,0.01779643961621391,0.0,-0.0003975491293485412,0.0,32.05394460389051,0.0,1.241785373820099,0.0,-0.0003975491293485412,0.0,0.0,10.0,0.0,-32.05195685824377,10.0,-1.241785373820099,33.57570458594607,0.9546175502050342,-0.2978344050651954,0.0,0.0,-1.0,0.0,72.67242119600894,72.67242119600894,-0.4048306397647384,1.216843721149335,690.4883622961661,-13280.08877058267,-248.9953632493216,0.0,1244.976816246608,-66400.44385291333,0.0,-13270.41759682996,-248.9953632493216,506.7292771309412,1244.070166651412,-66400.44385291333,-47.50466755454865,dt_005
6.174999999999891,1,T,0.0,0.0,0.001216319754894681,0.0,0.0381639379139343,0.0,0.0,0.0,0.01937037468773904,0.0,-0.0005612293418411175,0.0,32.05388752785973,0.0,1.243281317074511,0.0,-0.0005612293418411175,0.0,0.0,10.0,0.0,-32.05108138115052,10.0,-1.243281317074511,33.57486884116055,0.9546152371519628,-0.297841818751669,0.0,0.0,-1.0,0.0,72.67197622884895,72.67197622884895,-0.4048382968339371,1.216830454412968,690.4539883419444,-13279.32204777895,-248.9964652646946,0.0,1244.982326323473,-66396.61023889476,0.0,-13269.65264710766,-248.9964652646946,506.6682087293469,1244.075786599638,-66396.61023889476,-47.50189527058825,dt_005
6.17999999999989,1,T,0.0,0.0,0.001317978339739126,0.0,0.03816106043623551,0.0,0.0,0.0,0.02160762352920082,0.0,-0.0004954006975970783,0.0,32.05380575017318,0.0,1.245424702746678,0.0,-0.0004954006975970783,0.0,0.0,10.0,0.0,-32.0513287466852,10.0,-1.245424702746678,33.57510498014994,0.9546158907212468,-0.2978397239833542,0.0,0.0,-1.0,0.0,72.672101956302,72.672101956302,-0.4048361332949285,1.216834202988422,690.4637005872047,-13279.53868238781,-248.9961537568996,0.0,1244.980768784498,-66397.69341193905,0.0,-13269.87058186832,-248.9961537568996,506.6382905977397,1244.074366875115,-66397.69341193905,-47.49825604714614,dt_005
6.18499999999989,1,T,0.0,0.0,0.001430115262132757,0.0,0.03815839920107749,0.0,0.0,0.0,0.0231379670591674,0.0,-0.0006006462858864045,0.0,32.05375068313857,0.0,1.24686862955398,0.0,-0.0006006462858864045,0.0,0.0,10.0,0.0,-32.05074745170914,10.0,-1.24686862955398,33.57455006717499,0.954614354848626,-0.2978446466145425,0.0,0.0,-1.0,0.0,72.67180650111335,72.67180650111335,-0.4048412175371557,1.216825393965086,690.4408774806096,-13279.02960642481,-248.9968859499583,0.0,1244.984429749792,-66395.14803212407,0.0,-13269.36322472044,-248.9968859499583,506.5835555397804,1244.078151575057,-66395.14803212407,-47.49508493521006,dt_005
6.18999999999989,1,T,0.0,0.0,0.001549117578630942,0.0,0.03815509179708235,0.0,0.0,0.0,0.02452123777088563,0.0,-0.0007037081068951078,0.0,32.05370204084561,0.0,1.248144878787578,0.0,-0.0007037081068951078,0.0,0.0,10.0,0.0,-32.05018350031114,10.0,-1.248144878787578,33.57401171149519,0.954612864727681,-0.2978494225215322,0.0,0.0,-1.0,0.0,72.67151985182295,72.67151985182295,-0.4048461502460154,1.216816847490408,690.4187357222148,-13278.53572955521,-248.9975968542524,0.0,1244.987984271262,-66392.67864777605,0.0,-13268.87138270683,-248.9975968542524,506.5208290466355,1244.081860588115,-66392.67864777605,-47.49110585608997,dt_005
6.19499999999989,1,T,0.0,0.0,0.001678741220980737,0.0,0.03815252710026622,0.0,0.0,0.0,0.02728936411284904,0.0,-0.0003331343746980506,0.0,32.05359965645776,0.0,1.250828782678675,0.0,-0.0003331343746980506,0.0,0.0,10.0,0.0,-32.05193398458427,10.0,-1.250828782678675,33.57568275034996,0.9546174897739104,-0.2978345987587034,0.0,0.0,-1.0,0.0,72.67240957059845,72.67240957059845,-0.4048308398167436,1.216843374536664,690.4874641931907,-13280.06873804563,-248.9953920249466,0.0,1244.976960124733,-66400.34369022815,0.0,-13270.40457462597,-248.9953920249466,506.5452723724151,1244.070966260267,-66400.34369022815,-47.4874946661287,dt_005
6.19999999999989,1,T,0.0,0.0,0.001817966835192067,0.0,0.03815067330427755,0.0,0.0,0.0,0.02837190810412607,0.0,-0.0004163609751163609,0.0,32.05356068541964,0.0,1.251851118121638,0.0,-0.0004163609751163609,0.0,0.0,10.0,0.0,-32.05147888054406,10.0,-1.251851118121638,33.57524830034712,0.9546162873861068,-0.2978384526167931,0.0,0.0,-1.0,0.0,72.67217826335255,72.67217826335255,-0.4048348201904594,1.216836478090078,690.4695952883519,-13279.67016563627,-248.9959647445729,0.0,1244.979823722865,-66398.35082818136,0.0,-13270.00723124609,-248.9959647445729,506.5054696313392,1244.073915804695,-66398.35082818136,-47.48529763397764,dt_005
6.20499999999989,1,T,0.0,0.0,0.001962091359000487,0.0,0.03814840804041515,0.0,0.0,0.0,0.02927557507095382,0.0,-0.0004896650190649365,0.0,32.05352905601525,0.0,1.252681517838577,0.0,-0.0004896650190649365,0.0,0.0,10.0,0.0,-32.05108073091993,10.0,-1.252681517838577,33.57486822044052,0.9546152354339577,-0.2978418242580609,0.0,0.0,-1.0,0.0,72.67197589835662,72.67197589835662,-0.4048383025211042,1.216830444559309,690.4539628122175,-13279.32147833092,-248.9964660836681,0.0,1244.982330418341,-66396.60739165459,0.0,-13269.65994496696,-248.9964660836681,506.4621109227369,1244.076528239931,-66396.60739165459,-47.48257508142151,dt_005
6.20999999999989,1,T,0.0,0.0,0.002110316221367874,0.0,0.03814582390932521,0.0,0.0,0.0,0.03001216875056261,0.0,-0.0005439240894606014,0.0,32.05350420184244,0.0,1.253334745147846,0.0,-0.0005439240894606014,0.0,0.0,10.0,0.0,-32.05078458139514,10.0,-1.253334745147846,33.57458551170806,0.9546144529533644,-0.2978443321813406,0.0,0.0,-1.0,0.0,72.67182537333582,72.67182537333582,-0.4048408927807998,1.216825956642116,690.4423352733355,-13279.06212286664,-248.9968391643714,0.0,1244.984195821857,-66395.3106143332,0.0,-13269.40208689455,-248.9968391643714,506.4179294514876,1244.078514983479,-66395.3106143332,-47.47943136452651,dt_005
6.21499999999989,1,T,0.0,0.0,0.00226176776835402,0.0,0.03814301764330481,0.0,0.0,0.0,0.03056639582513487,0.0,-0.0005785368110210235,0.0,32.05348658413951,0.0,1.253798618437028,0.0,-0.0005785368110210235,0.0,0.0,10.0,0.0,-32.05059390008441,10.0,-1.253798618437028,33.57440348462096,0.9546139491284024,-0.2978459469750694,0.0,0.0,-1.0,0.0,72.67172845369505,72.67172845369505,-0.4048425605901638,1.216823066974207,690.4348487257284,-13278.89513356068,-248.9970794592905,0.0,1244.985397296452,-66394.4756678034,0.0,-13269.23664014056,-248.9970794592905,506.3743240456313,1244.07984881919,-66394.4756678034,-47.47598596583133,dt_005
6.21999999999989,1,T,0.0,0.0,0.002415498829779855,0.0,0.03814008826007751,0.0,0.0,0.0,0.03092414353770801,0.0,-0.0005931899981407681,0.0,32.05347661563709,0.0,1.25406220902801,0.0,-0.0005931899981407681,0.0,0.0,10.0,0.0,-32.05051066564639,10.0,-1.25406220902801,33.57432402787452,0.9546137292008317,-0.2978466518550802,0.0,0.0,-1.0,0.0,72.67168614690247,72.67168614690247,-0.4048432886125157,1.216821805593337,690.4315807813365,-13278.82224129875,-248.9971843702669,0.0,1244.985921851335,-66394.11120649373,0.0,-13269.16528419668,-248.9971843702669,506.3326739208772,1244.080512062611,-66394.11120649373,-47.47236158070446,dt_005
6.22499999999989,1,T,0.0,0.0,0.002570496279579828,0.0,0.03813713565553189,0.0,0.0,0.0,0.03107314011301738,0.0,-0.000587845249915343,0.0,32.05347463732188,0.0,1.254116456016854,0.0,-0.000587845249915343,0.0,0.0,10.0,0.0,-32.0505354110723,10.0,-1.254116456016854,33.57434765019865,0.9546137945850056,-0.2978464422953824,0.0,0.0,-1.0,0.0,72.67169872464514,72.67169872464514,-0.4048430721726194,1.216822180599879,690.432552333545,-13278.84391199418,-248.9971531792028,0.0,1244.985765896014,-66394.21955997091,0.0,-13269.18843407697,-248.9971531792028,506.2943215788624,1244.080496382378,-66394.21955997091,-47.46868235647494,dt_005
6.229999999999889,1,T,0.0,0.0,0.002725688001009995,0.0,0.03813425911681085,0.0,0.0,0.0,0.03100206645786432,0.0,-0.0005627836647435326,0.0,32.05348095438814,0.0,1.253953230967739,0.0,-0.0005627836647435326,0.0,0.0,10.0,0.0,-32.05066703606442,10.0,-1.253953230967739,33.57447330125472,0.9546141423718668,-0.2978453276175828,0.0,0.0,-1.0,0.0,72.6717656274305,72.6717656274305,-0.4048419208983161,1.216824175312513,690.437720192208,-13278.95918231554,-248.9969872865535,0.0,1244.984936432768,-66394.79591157772,0.0,-13269.30507691451,-248.9969872865535,506.2605469254224,1244.079804062526,-66394.79591157772,-47.4650720872581,dt_005
6.234999999999889,1,T,0.0,0.0,0.002879950405570918,0.0,0.03813155581164128,0.0,0.0,0.0,0.03070163749011516,0.0,-0.0005185728529341606,0.0,32.05349579713726,0.0,1.253566370042373,0.0,-0.0005185728529341606,0.0,0.0,10.0,0.0,-32.05090293287259,10.0,-1.253566370042373,33.57469849175746,0.954614765661739,-0.2978433299246153,0.0,0.0,-1.0,0.0,72.67188552858569,72.67188552858569,-0.4048398576192141,1.216827750176366,690.4469820226076,-13279.16576984533,-248.9966900504164,0.0,1244.983450252082,-66395.82884922667,0.0,-13269.51288280002,-248.9966900504164,506.2325515376203,1244.078447270203,-66395.82884922667,-47.46165230306949,dt_005
6.239999999999889,1,T,0.0,0.0,0.003032131906468576,0.0,0.03812911994459903,0.0,0.0,0.0,0.03016994274133331,0.0,-0.0004558292420409167,0.0,32.05351911870412,0.0,1.25295698368588,0.0,-0.0004558292420409167,0.0,0.0,10.0,0.0,-32.05123997249391,10.0,-1.25295698368588,33.57502023490665,0.954615656170818,-0.2978404757476031,0.0,0.0,-1.0,0.0,72.6720568356159,72.6720568356159,-0.4048369097392299,1.21683285771106,690.4602150618147,-13279.46093664405,-248.9962655382328,0.0,1244.981327691164,-66397.30468322025,0.0,-13269.80906813941,-248.9962655382328,506.2114804904815,1244.076441858603,-66397.30468322025,-47.45854098146983,dt_005
6.244999999999889,1,T,0.0,0.0,0.003181074592704613,0.0,0.03812704192371989,0.0,0.0,0.0,0.02940636971440942,0.0,-0.0003754543613515206,0.0,32.05355082803361,0.0,1.252127357699151,0.0,-0.0003754543613515206,0.0,0.0,10.0,0.0,-32.05167355622685,10.0,-1.252127357699151,33.57543414097474,0.9546168017262264,-0.2978368040756386,0.0,0.0,-1.0,0.0,72.67227720826509,72.67227720826509,-0.4048331175298806,1.216839428141649,690.4772388748958,-13279.84065849707,-248.9957197138237,0.0,1244.978598569118,-66399.20329248534,0.0,-13270.18956591985,-248.9957197138237,506.198379712718,1244.073813337094,-66399.20329248534,-47.45585173640336,dt_005
6.249999999999889,1,T,0.0,0.0,0.003325622158955401,0.0,0.03812540709010116,0.0,0.0,0.0,0.02841215570071019,0.0,-0.0002785744112872764,0.0,32.05359077064261,0.0,1.251081463941998,0.0,-0.0002785744112872764,0.0,0.0,10.0,0.0,-32.05219789858617,10.0,-1.251081463941998,33.57593468736398,0.9546181870150212,-0.2978323639568972,0.0,0.0,-1.0,0.0,72.67254370250589,72.67254370250589,-0.4048285316524803,1.21684737369169,690.4978264547058,-13280.29987246938,-248.9950600695394,0.0,1244.975300347697,-66401.49936234689,0.0,-13270.64927372051,-248.9950600695394,506.194188638575,1244.070595093201,-66401.49936234689,-47.4536921670721,dt_005
6.254999999999889,1,T,0.0,0.0,0.003464631545510389,0.0,0.038124294511664,0.0,0.0,0.0,0.02719136524232765,0.0,-0.0001665713428833181,0.0,32.05363869305037,0.0,1.249825898427632,0.0,-0.0001665713428833181,0.0,0.0,10.0,0.0,-32.05280583633596,10.0,-1.249825898427632,33.5765150362847,0.9546197930814996,-0.2978272161120185,0.0,0.0,-1.0,0.0,72.67285267371662,72.67285267371662,-0.4048232148242879,1.216856585696454,690.5216967138846,-13280.83230940073,-248.9942958524931,0.0,1244.971479262466,-66404.16154700366,0.0,-13271.18188693288,-248.9942958524931,506.1997178655189,1244.066829579719,-66404.16154700366,-47.45216240003217,dt_005
6.259999999999889,1,T,0.0,0.0,0.003596985224246886,0.0,0.03812377570561694,0.0,0.0,0.0,0.02575014410465958,0.0,-4.108338031866389e-05,0.0,32.05369427294599,0.0,1.248369094892816,0.0,-4.108338031866389e-05,0.0,0.0,10.0,0.0,-32.0534888560444,10.0,-1.248369094892816,33.57716706103364,0.954621597402198,-0.2978214326962985,0.0,0.0,-1.0,0.0,72.67319979096808,72.67319979096808,-0.4048172415726561,1.216866935028895,690.5485155547947,-13281.43051772796,-248.9934380130517,0.0,1244.967190065259,-66407.15258863979,0.0,-13271.77992320579,-248.9934380130517,506.2156331320816,1244.062568117443,-66407.15258863979,-47.45135348984719,dt_005
6.264999999999889,1,T,0.0,0.0,0.003721604576794481,0.0,0.03812391348643275,0.0,0.0,0.0,0.02409790743762494,0.0,9.604700178391078e-05,0.0,32.05375707541468,0.0,1.24672247517196,0.0,9.604700178391078e-05,0.0,0.0,10.0,0.0,-32.0542373104236,10.0,-1.24672247517196,33.57788155248858,0.9546235744597756,-0.2978150954630092,0.0,0.0,-1.0,0.0,72.67358014727498,72.67358014727498,-0.4048106963378076,1.216878275386797,690.5779043511836,-13282.08605262621,-248.9924989149073,0.0,1244.962494574537,-66410.43026313107,0.0,-13272.43491202686,-248.9924989149073,506.2424472310059,1244.0578695007,-66410.43026313107,-47.45134593068037,dt_005
6.269999999999889,1,T,0.0,0.0,0.003837459119083716,0.0,0.03812476067426213,0.0,0.0,0.0,0.02224449065539621,0.0,0.0002426645083787923,0.0,32.05382666314995,0.0,1.244897560747236,0.0,0.0002426645083787923,0.0,0.0,10.0,0.0,-32.05503998569184,10.0,-1.244897560747236,33.57864780607318,0.9546256946026942,-0.297808299421496,0.0,0.0,-1.0,0.0,72.67398804005504,72.67398804005504,-0.4048036772507302,1.216890436747153,690.6094229466356,-13282.78909673017,-248.9914928587444,0.0,1244.957464293722,-66413.94548365087,0.0,-13273.13701636912,-248.9914928587444,506.2804883717177,1244.052802674543,-66413.94548365087,-47.45220814955206,dt_005
6.274999999999888,1,T,0.0,0.0,0.003943579712200014,0.0,0.03812635926320738,0.0,0.0,0.0,0.02020459600780312,0.0,0.0003965946112697652,0.0,32.05390242794484,0.0,1.242910389426506,0.0,0.0003965946112697652,0.0,0.0,10.0,0.0,-32.05588540100119,10.0,-1.242910389426506,33.57945486219396,0.9546279274799035,-0.2978011418302887,0.0,0.0,-1.0,0.0,72.67441763176869,72.67441763176869,-0.4047962847647799,1.216903245063188,690.6426206657993,-13283.52959792683,-248.9904344348425,0.0,1244.952172174212,-66417.64798963415,0.0,-13273.87617007621,-248.9904344348425,506.3299324364173,1244.047438542766,-66417.64798963415,-47.45399515817846,dt_005
6.279999999999888,1,T,0.0,0.0,0.004039078619377042,0.0,0.0381287399660496,0.0,0.0,0.0,0.01799607656832702,0.0,0.0005554993702960149,0.0,32.05398365651498,0.0,1.240779785979317,0.0,0.0005554993702960149,0.0,0.0,10.0,0.0,-32.05676115336646,10.0,-1.240779785979317,33.58029088087214,0.954630240312376,-0.2977937277397485,0.0,0.0,-1.0,0.0,72.6748626172652,72.6748626172652,-0.4047886273800433,1.21691651234626,690.6770105819406,-13284.29669534005,-248.989339330291,0.0,1244.946696651455,-66421.48347670023,0.0,-13274.64150449483,-248.989339330291,506.390774961115,1244.0418540223,-66421.48347670023,-47.45674814111587,dt_005
6.284999999999888,1,T,0.0,0.0,0.004123163000086997,0.0,0.0381319215480761,0.0,0.0,0.0,0.01563903443472481,0.0,0.000716937862404445,0.0,32.05406956547617,0.0,1.238526439630911,0.0,0.000716937862404445,0.0,0.0,10.0,0.0,-32.05765425478819,10.0,-1.238526439630911,33.58114346355018,0.9546325987852192,-0.2977861671343697,0.0,0.0,-1.0,0.0,72.67531639530971,72.67531639530971,-0.4047808186916725,1.216930041779951,690.7120827457179,-13285.07901437509,-248.9882238937662,0.0,1244.941119468831,-66425.39507187545,0.0,-13275.42164364488,-248.9882238937662,506.4628334186251,1244.036129900084,-66425.39507187545,-47.46049354492288,dt_005
6.289999999999888,1,T,0.0,0.0,0.004195146492174096,0.0,0.03813591055676992,0.0,0.0,0.0,0.01315595608001079,0.0,0.0008784640145113047,0.0,32.05415929623101,0.0,1.236173030639302,0.0,0.0008784640145113047,0.0,0.0,10.0,0.0,-32.05855161630357,10.0,-1.236173030639302,33.58200011516884,0.9546349683270612,-0.2977785708327434,0.0,0.0,-1.0,0.0,72.67577231466915,72.67577231466915,-0.4047729731551968,1.216943635057141,690.74732318781,-13285.86509056897,-248.9871045223995,0.0,1244.935522611998,-66429.32545284486,0.0,-13276.20512790373,-248.9871045223995,506.5457596525545,1244.030347782426,-66429.32545284486,-47.46524262598378,dt_005
6.294999999999888,1,T,0.0,0.0,0.00425446023554284,0.0,0.03814070129507361,0.0,0.0,0.0,0.01057135237247969,0.0,0.001037626090954655,0.0,32.0542519283808,0.0,1.233743869706862,0.0,0.001037626090954655,0.0,0.0,10.0,0.0,-32.05944005883558,10.0,-1.233743869706862,33.58284825451932,0.9546373141391088,-0.2977710503948776,0.0,0.0,-1.0,0.0,72.67622367967742,72.67622367967742,-0.4047652059907564,1.216957092545937,690.7822143427187,-13286.64337903566,-248.9859976450594,0.0,1244.929988225297,-66433.21689517831,0.0,-13276.9804234653,-248.9859976450594,506.6390397425641,1244.024590012878,-66433.21689517831,-47.47099141506154,dt_005
6.299999999999888,1,T,0.0,0.0,0.004300659876795244,0.0,0.03814627583073422,0.0,0.0,0.0,0.00791051356535678,0.0,0.001191981870891869,0.0,32.05434652681006,0.0,1.231263654160583,0.0,0.001191981870891869,0.0,0.0,10.0,0.0,-32.06030643616452,10.0,-1.231263654160583,33.58367533163653,0.9546396015198204,-0.2977637170813103,0.0,0.0,-1.0,0.0,72.67666381270767,72.67666381270767,-0.4047576321080696,1.216970215152286,690.8162398782231,-13287.40236219311,-248.9849195692603,0.0,1244.924597846302,-66437.01181096557,0.0,-13277.73602999327,-248.9849195692603,506.7419980952935,1244.018938907217,-66437.01181096557,-47.47772070074429,dt_005
6.304999999999888,1,T,0.0,0.0,0.004333430844269496,0.0,0.0381526041558144,0.0,0.0,0.0,0.005200059602263075,0.0,0.001339143285585221,0.0,32.05444212012267,0.0,1.228758022955738,0.0,0.001339143285585221,0.0,0.0,10.0,0.0,-32.06113783655059,10.0,-1.228758022955738,33.58446902028221,0.954641796396672,-0.2977566801476252,0.0,0.0,-1.0,0.0,72.67708615652909,72.67708615652909,-0.4047503643450593,1.216982807371755,690.8488926167562,-13288.13072647044,-248.9838862344747,0.0,1244.919431172373,-66440.6536323522,0.0,-13278.46065712969,-248.9838862344747,506.8538061678091,1244.013475513832,-66440.6536323522,-47.48539618179869,dt_005
6.309999999999888,1,T,0.0,0.0,0.004352592291605106,0.0,0.03815964434389393,0.0,0.0,0.0,0.002466859608339375,0.0,0.001476731239141721,0.0,32.05453774126985,0.0,1.226252481977347,0.0,0.001476731239141721,0.0,0.0,10.0,0.0,-32.06192139746556,10.0,-1.226252481977347,33.58521704109205,0.9546438648360464,-0.2977500484145998,0.0,0.0,-1.0,0.0,72.67748418006316,72.67748418006316,-0.404743515089615,1.216994674479644,690.8796672645717,-13288.81720014166,-248.9829134501103,0.0,1244.914567250552,-66444.08600070828,0.0,-13279.14306237914,-248.9829134501103,506.9734782497997,1244.008280795952,-66444.08600070828,-47.493968708978,dt_005
6.314999999999888,1,T,0.0,0.0,0.004358098097513056,0.0,0.0381673428622268,0.0,0.0,0.0,-0.0002620673688984147,0.0,0.001602482048478679,0.0,32.05463243059806,0.0,1.223772314845751,0.0,0.001602482048478679,0.0,0.0,10.0,0.0,-32.06264484084046,10.0,-1.223772314845751,33.58590767256221,0.9546457744547968,-0.2977439257408975,0.0,0.0,-1.0,0.0,72.6778516500952,72.6778516500952,-0.4047371916039361,1.217005630632089,690.9080814412972,-13289.45102244776,-248.9820162415526,0.0,1244.910081207763,-66447.2551122388,0.0,-13279.77251974408,-248.9820162415526,507.0998934013508,1244.003432350225,-66447.2551122388,-47.50337454936094,dt_005
6.319999999999887,1,T,0.0,0.0,0.004350037531661001,0.0,0.03817563532293331,0.0,0.0,0.0,-0.002959585388901922,0.0,0.0017143171657092,0.0,32.05472523586479,0.0,1.221342573978082,0.0,0.0017143171657092,0.0,0.0,10.0,0.0,-32.06329682169333,10.0,-1.221342573978082,33.58653008388943,0.954647495338414,-0.2977384080767765,0.0,0.0,-1.0,0.0,72.67818280809163,72.67818280809163,-0.4047314929818302,1.217015504137888,690.9336893840559,-13290.02224932919,-248.9812084337224,0.0,1244.906042168612,-66450.11124664595,0.0,-13280.33912486646,-248.9812084337224,507.2318170283916,1243.999002291284,-66450.11124664595,-47.51353624187357,dt_005
6.324999999999887,1,T,0.0,0.0,0.004328634810002395,0.0,0.03818444753556726,0.0,0.0,0.0,-0.005598852870044252,0.0,0.001810393964121704,0.0,32.05481522637201,0.0,1.2189877033651,0.0,0.001810393964121704,0.0,0.0,10.0,0.0,-32.06386719619262,10.0,-1.2189877033651,33.58707459090591,0.9546490007460872,-0.2977335812005377,0.0,0.0,-1.0,0.0,72.67847250603774,72.67847250603774,-0.4047265078111941,1.217024141508513,690.9560924897348,-13290.52198863693,-248.9805023379874,0.0,1244.902511689937,-66452.60994318464,0.0,-13280.83402954524,-248.9805023379874,507.3679238134737,1243.995055638421,-66452.60994318464,-47.52436384713292,dt_005
6.329999999999887,1,T,0.0,0.0,0.004294249681351943,0.0,0.0381936965483428,0.0,0.0,0.0,-0.008152499614208178,0.0,0.001889050352342276,0.0,32.05490146006578,0.0,1.216732394314821,0.0,0.001889050352342276,0.0,0.0,10.0,0.0,-32.06434671182749,10.0,-1.216732394314821,33.587532360331,0.954650266290402,-0.2977295233457112,0.0,0.0,-1.0,0.0,72.67871604874416,72.67871604874416,-0.4047223168876303,1.217031402756468,690.9749271594729,-13290.94212903344,-248.9799091553285,0.0,1244.899545776642,-66454.7106451672,0.0,-13281.24917031687,-248.9799091553285,507.5068012090963,1243.991652281483,-66454.7106451672,-47.53575631960914,dt_005
6.334999999999887,1,T,0.0,0.0,0.004247383074369725,0.0,0.03820329064035544,0.0,0.0,0.0,-0.01059142625594185,0.0,0.001948440803647113,0.0,32.05498293750827,0.0,1.214602784870941,0.0,0.001948440803647113,0.0,0.0,10.0,0.0,-32.06472514152651,10.0,-1.214602784870941,33.58789362853292,0.9546512650107812,-0.2977263209951636,0.0,0.0,-1.0,0.0,72.67890824590934,72.67890824590934,-0.404719009526715,1.217037133132437,690.9897915210058,-13291.27370544694,-248.9794413006258,0.0,1244.897206503129,-66456.36852723468,0.0,-13281.57563511513,-248.9794413006258,507.6468869413341,1243.988858595163,-66456.36852723468,-47.54760194158725,dt_005
6.339999999999887,1,T,0.0,0.0,0.004188676446391724,0.0,0.03821312825936175,0.0,0.0,0.0,-0.01288852119601245,0.0,0.001986478692252967,0.0,32.05505874497968,0.0,1.212622711536006,0.0,0.001986478692252967,0.0,0.0,10.0,0.0,-32.06499113844094,10.0,-1.212622711536006,33.58814756291714,0.9546519669885628,-0.2977240701133653,0.0,0.0,-1.0,0.0,72.67904333815144,72.67904333815144,-0.4047166848368525,1.217041160919929,691.0002397338316,-13291.50677207079,-248.979112595043,0.0,1244.895562975215,-66457.53386035396,0.0,-13281.80353691337,-248.979112595043,507.7864500350802,1243.986748451691,-66457.53386035396,-47.55977703866607,dt_005
6.344999999999887,1,T,0.0,0.0,0.004118899520053052,0.0,0.03822309796083644,0.0,0.0,0.0,-0.01501958959558256,0.0,0.002001293916068153,0.0,32.05512809010322,0.0,1.210812779004107,0.0,0.002001293916068153,0.0,0.0,10.0,0.0,-32.06513455968356,10.0,-1.210812779004107,33.58828448031565,0.9546523454770448,-0.2977228564876685,0.0,0.0,-1.0,0.0,72.67911617686016,72.67911617686016,-0.4047154314161888,1.217043332612658,691.0058732775007,-13291.63243876412,-248.9789354129487,0.0,1244.894677064744,-66458.1621938206,0.0,-13281.92404867863,-248.9789354129487,507.9236678269409,1243.985388969698,-66458.1621938206,-47.57214535882495,dt_005
6.349999999999887,1,T,0.0,0.0,0.004038929374607362,0.0,0.03823308036654204,0.0,0.0,0.0,-0.01696587886039147,0.0,0.001991583082899147,0.0,32.0551903961879,0.0,1.209187899311338,0.0,0.001991583082899147,0.0,0.0,10.0,0.0,-32.0651483116024,10.0,-1.209187899311338,33.58829760861747,0.9546523817680984,-0.2977227401198917,0.0,0.0,-1.0,0.0,72.67912316095483,72.67912316095483,-0.4047153112327214,1.217043540844076,691.0064134500982,-13291.64448832564,-248.9789184257412,0.0,1244.894592128706,-66458.2224416282,0.0,-13281.93101847251,-248.9789184257412,508.0567139356615,1243.984829149296,-66458.2224416282,-47.58456007672379,dt_005
6.354999999999887,1,T,0.0,0.0,0.003949726961874179,0.0,0.03824295206412551,0.0,0.0,0.0,-0.01871259283425105,0.0,0.001957035434473275,0.0,32.05524524110607,0.0,1.207758901573475,0.0,0.001957035434473275,0.0,0.0,10.0,0.0,-32.06503041827844,10.0,-1.207758901573475,33.5881850614933,0.9546520706484656,-0.297723737727775,0.0,0.0,-1.0,0.0,72.67906328708689,72.67906328708689,-0.4047163415522398,1.217041755699255,691.001782631637,-13291.54118927352,-248.9790640653428,0.0,1244.895320326714,-66457.70594636758,0.0,-13281.82277892042,-248.9790640653428,508.1838796194141,1243.985087013865,-66457.70594636758,-47.59686815809064,dt_005
6.359999999999887,1,T,0.0,0.0,0.003852310353166823,0.0,0.0382525898281283,0.0,0.0,0.0,-0.02025167241999891,0.0,0.001898035603962104,0.0,32.05529245894526,0.0,1.206529888720296,0.0,0.001898035603962104,0.0,0.0,10.0,0.0,-32.06478263696507,10.0,-1.206529888720296,33.58794851663043,0.9546514167451698,-0.2977258344625808,0.0,0.0,-1.0,0.0,72.6789374463749,72.6789374463749,-0.4047185070402271,1.217038003746975,690.9920499029378,-13291.32408278751,-248.9793702403156,0.0,1244.896851201578,-66456.62041393755,0.0,-13281.60093288358,-248.9793702403156,508.3035838091428,1243.986157983674,-66456.62041393755,-47.60891593621943,dt_005
6.364999999999887,1,T,0.0,0.0,0.003747729788236962,0.0,0.03826187395445274,0.0,0.0,0.0,-0.02157830617474742,0.0,0.001815606805033953,0.0,32.0553320030972,0.0,1.205501831256309,0.0,0.001815606805033953,0.0,0.0,10.0,0.0,-32.06441003712237,10.0,-1.205501831256309,33.58759281384592,0.9546504334155308,-0.297728987469375,0.0,0.0,-1.0,0.0,72.67874821073144,72.67874821073144,-0.4047217634387821,1.217032361669045,690.9774145050872,-13290.99761372288,-248.9798308487079,0.0,1244.899154243539,-66454.98806861442,0.0,-13281.26998303334,-248.9798308487079,508.4144035774835,1243.988017279245,-66454.98806861442,-47.62055335600628,dt_005
6.369999999999886,1,T,0.0,0.0,0.003637051352583711,0.0,0.03827069063922971,0.0,0.0,0.0,-0.02269096366947847,0.0,0.001711085459624972,0.0,32.05536394509856,0.0,1.204672610197507,0.0,0.001711085459624972,0.0,0.0,10.0,0.0,-32.06391937239669,10.0,-1.204672610197507,33.58712440087058,0.9546491384527576,-0.2977331396593392,0.0,0.0,-1.0,0.0,72.67849900629626,72.67849900629626,-0.4047260517903198,1.217024931616133,690.958141880728,-13290.56770385412,-248.9804377744165,0.0,1244.902188872082,-66452.8385192706,0.0,-13280.83590491325,-248.9804377744165,508.5150513970054,1243.990629781974,-66452.8385192706,-47.6316373133522,dt_005
6.374999999999886,1,T,0.0,0.0,0.003521343384974437,0.0,0.03827893363847614,0.0,0.0,0.0,-0.02359027307389055,0.0,0.001586158786758108,0.0,32.05538843009281,0.0,1.204038191881146,0.0,0.001586158786758108,0.0,0.0,10.0,0.0,-32.0633192240266,10.0,-1.204038191881146,33.58655147022144,0.9546475544669906,-0.2977382184909998,0.0,0.0,-1.0,0.0,72.67819418660001,72.67819418660001,-0.4047312971785579,1.21701584338915,690.9345692928732,-13290.04187716216,-248.9811806901408,0.0,1244.905903450704,-66450.20938581081,0.0,-13280.30627127469,-248.9811806901408,508.6044021302133,1243.993948969671,-66450.20938581081,-47.64203368094417,dt_005
6.379999999999886,1,T,0.0,0.0,0.003401663358604951,0.0,0.03828650600071957,0.0,0.0,0.0,-0.02427994330549579,0.0,0.001442855396146658,0.0,32.05540571037335,0.0,1.203591762045131,0.0,0.001442855396146658,0.0,0.0,10.0,0.0,-32.06261998735408,10.0,-1.203591762045131,33.58588394628728,0.9546457088528832,-0.2977441360779025,0.0,0.0,-1.0,0.0,72.67783902612159,72.67783902612159,-0.4047374088393823,1.217005254247167,690.9071052777549,-13289.42924756679,-248.9820470496659,0.0,1244.910235248329,-66447.14623783393,0.0,-13279.69023892049,-248.9820470496659,508.6815156887073,1243.997916794385,-66447.14623783393,-47.65161946126857,dt_005
6.384999999999886,1,T,0.0,0.0,0.003279049994359734,0.0,0.0382933209686016,0.0,0.0,0.0,-0.02476377554998536,0.0,0.001283225554592483,0.0,32.05541603020546,0.0,1.203326741030289,0.0,0.001283225554592483,0.0,0.0,10.0,0.0,-32.06183215797843,10.0,-1.203326741030289,33.58513184917367,0.9546436292691608,-0.2977508036862461,0.0,0.0,-1.0,0.0,72.67743885019235,72.67743885019235,-0.4047442951336021,1.21699332296542,690.8761623124076,-13288.73901690454,-248.9830241867508,0.0,1244.915120933754,-66443.69508452268,0.0,-13278.99704730951,-248.9830241867508,508.7455915742864,1244.002474124971,-66443.69508452268,-47.66028430940978,dt_005
6.389999999999886,1,T,0.0,0.0,0.003154519906213312,0.0,0.03829930235964523,0.0,0.0,0.0,-0.02504680011808413,0.0,0.001109447297585249,0.0,32.05541966905795,0.0,1.203235659969026,0.0,0.001109447297585249,0.0,0.0,10.0,0.0,-32.06096690554588,10.0,-1.203235659969026,33.58430584243938,0.9546413451556736,-0.2977581268737533,0.0,0.0,-1.0,0.0,72.67699932676618,72.67699932676618,-0.40475185852612,1.216980218534472,690.8421793375863,-13287.98097728904,-248.984098584622,0.0,1244.92049292311,-66439.9048864452,0.0,-13278.23652034231,-248.984098584622,508.7959931478655,1244.007557077843,-66439.9048864452,-47.6679308669638,dt_005
6.394999999999886,1,T,0.0,0.0,0.003029063366777383,0.0,0.03830438451808903,0.0,0.0,0.0,-0.02513452434321311,0.0,0.000923553430352504,0.0,32.05541691301053,0.0,1.203310910797857,0.0,0.000923553430352504,0.0,0.0,10.0,0.0,-32.06003468016229,10.0,-1.203310910797857,33.58341590269234,0.9546388840568204,-0.2977660172799252,0.0,0.0,-1.0,0.0,72.67652575880545,72.67652575880545,-0.404760007762674,1.216966099062629,690.8055670120904,-13287.16428988508,-248.9852575892056,0.0,1244.926287946028,-66435.82144942538,0.0,-13277.4178460442,-248.9852575892056,508.8322001840313,1244.013105577934,-66435.82144942538,-47.67447503036746,dt_005
6.399999999999886,1,T,0.0,0.0,0.002903645434481686,0.0,0.0383085110326028,0.0,0.0,0.0,-0.02503152738754123,0.0,0.0007272093522881395,0.0,32.05540800256265,0.0,1.203546109319481,0.0,0.0007272093522881395,0.0,0.0,10.0,0.0,-32.05904404932409,10.0,-1.203546109319481,33.58247020926994,0.9546362685516409,-0.2977744024690492,0.0,0.0,-1.0,0.0,72.67602249352538,72.67602249352538,-0.4047686680356588,1.216951094162506,690.766662030858,-13286.29646589969,-248.9864908503088,0.0,1244.932454251544,-66431.48232949845,0.0,-13276.54855894852,-248.9864908503088,508.8537527232475,1244.019070619342,-66431.48232949845,-47.67984463230653,dt_005
6.404999999999886,1,T,0.0,0.0,0.002779214017689199,0.0,0.03831163291260226,0.0,0.0,0.0,-0.02474008835992864,0.0,0.0005217176701692611,0.0,32.0553930823061,0.0,1.203937407620141,0.0,0.0005217176701692611,0.0,0.0,10.0,0.0,-32.05800167065694,10.0,-1.203937407620141,33.58147511822319,0.9546335161810828,-0.2977832261624934,0.0,0.0,-1.0,0.0,72.67549290844725,72.67549290844725,-0.4047777812241239,1.21693530453521,690.725726058454,-13285.3833428072,-248.9877903614084,0.0,1244.938951807042,-66426.91671403598,0.0,-13275.63451726147,-248.9877903614084,508.8602258327802,1244.025414550113,-66426.91671403598,-47.68397718139896,dt_005
6.409999999999886,1,T,0.0,0.0,0.002657239997387146,0.0,0.03831384569714245,0.0,0.0,0.0,-0.02385618624411022,0.0,0.0004141542017056085,0.0,32.05535656076918,0.0,1.204891592728217,0.0,0.0004141542017056085,0.0,0.0,10.0,0.0,-32.0574273317777,10.0,-1.204891592728217,33.58092683551495,0.9546319995514236,-0.2977880881305536,0.0,0.0,-1.0,0.0,72.67520109963627,72.67520109963627,-0.4047828027188755,1.216926604228955,690.7031713684776,-13284.88023702594,-248.9885071782435,0.0,1244.942535891218,-66424.4011851297,0.0,-13275.13065467177,-248.9885071782435,508.8703307487533,1244.028890486568,-66424.4011851297,-47.68686722794117,dt_005
6.414999999999885,1,T,0.0,0.0,0.002544877651035117,0.0,0.03831674785350934,0.0,0.0,0.0,-0.02077890165593999,0.0,0.0008281261018346702,0.0,32.05523518116305,0.0,1.208059648251489,0.0,0.0008281261018346702,0.0,0.0,10.0,0.0,-32.05937581167223,10.0,-1.208059648251489,33.58278692178531,0.9546371445091464,-0.297771594218494,0.0,0.0,-1.0,0.0,72.67619104026524,72.67619104026524,-0.404765767655212,1.216956119398893,690.779691178346,-13286.587096754,-248.9860776425255,0.0,1244.930388212628,-66432.93548377,0.0,-13276.83478469312,-248.9860776425255,508.9742425631481,1244.01661332435,-66432.93548377,-47.69001224845542,dt_005
6.419999999999885,1,T,0.0,0.0,0.002443203067760334,0.0,0.03832035975638592,0.0,0.0,0.0,-0.01992613588971168,0.0,0.0006075255454752198,0.0,32.05519814726603,0.0,1.20902756836068,0.0,0.0006075255454752198,0.0,0.0,10.0,0.0,-32.05823577499341,10.0,-1.20902756836068,33.58169860214142,0.95463413434808,-0.2977812444353939,0.0,0.0,-1.0,0.0,72.67561184892048,72.67561184892048,-0.4047757344765975,1.216938850756242,690.7349196156036,-13285.5884150639,-248.9874983453548,0.0,1244.937491726774,-66427.94207531952,0.0,-13275.83499771821,-248.9874983453548,508.9839367214691,1244.02353936375,-66427.94207531952,-47.6947776579301,dt_005
6.424999999999885,1,T,0.0,0.0,0.0023471120460368,0.0,0.03832310812421005,0.0,0.0,0.0,-0.01829985719787025,0.0,0.0005487280212810007,0.0,32.05513251549272,0.0,1.210740752443559,0.0,0.0005487280212810007,0.0,0.0,10.0,0.0,-32.05787615559912,10.0,-1.210740752443559,33.58135529736301,0.9546331847457172,-0.2977842886759622,0.0,0.0,-1.0,0.0,72.67542913785152,72.67542913785152,-0.4047788785991849,1.216933403209095,690.7207969597351,-13285.27339401745,-248.9879469647741,0.0,1244.93973482387,-66426.36697008723,0.0,-13275.51880904773,-248.9879469647741,509.0083539665396,1244.025649726383,-66426.36697008723,-47.6982826334305,dt_005
6.429999999999885,1,T,0.0,0.0,0.002258958975406362,0.0,0.03832540592885596,0.0,0.0,0.0,-0.01667666641048221,0.0,0.0004473904908246847,0.0,32.05506753914467,0.0,1.212436407704947,0.0,0.0004473904908246847,0.0,0.0,10.0,0.0,-32.0573044915988,10.0,-1.212436407704947,33.58080956836926,0.9546316751634988,-0.2977891280327943,0.0,0.0,-1.0,0.0,72.67513868603643,72.67513868603643,-0.4047838767425245,1.216924743361797,690.6983474010868,-13284.77263361297,-248.9886605656134,0.0,1244.943302828067,-66423.86316806487,0.0,-13275.01724672908,-248.9886605656134,509.0196713661538,1244.029105505873,-66423.86316806487,-47.70127787295772,dt_005
6.434999999999885,1,T,0.0,0.0,0.002178715037639363,0.0,0.03832705101570965,0.0,0.0,0.0,-0.01540803722222427,0.0,0.0002145303300744584,0.0,32.0550169336258,0.0,1.213756838591258,0.0,0.0002145303300744584,0.0,0.0,10.0,0.0,-32.05608958527618,10.0,-1.213756838591258,33.57964978226026,0.954628466739133,-0.2977994131815777,0.0,0.0,-1.0,0.0,72.6745213834447,72.6745213834447,-0.4047944993886126,1.21690633842885,690.6506386932917,-13283.70844679974,-248.9901789896793,0.0,1244.950894948396,-66418.54223399868,0.0,-13273.95300404607,-248.9901789896793,509.0007327646051,1244.036613576185,-66418.54223399868,-47.70361532116799,dt_005
6.439999999999885,1,T,0.0,0.0,0.00210729155496539,0.0,0.0383281391616061,0.0,0.0,0.0,-0.01287928609882308,0.0,0.0002990780227427187,0.0,32.05491871426615,0.0,1.216318613050274,0.0,0.0002990780227427187,0.0,0.0,10.0,0.0,-32.05641410437986,10.0,-1.216318613050274,33.57995957757371,0.9546293237883662,-0.2977966658029712,0.0,0.0,-1.0,0.0,72.67468627809608,72.67468627809608,-0.4047916618539143,1.216911254777886,690.6633822042843,-13283.99270195054,-248.9897731473646,0.0,1244.948865736823,-66419.96350975269,0.0,-13274.23649655553,-248.9897731473646,509.026069065432,1244.034533945702,-66419.96350975269,-47.70489125761361,dt_005
6.444999999999885,1,T,0.0,0.0,0.002050574369494807,0.0,0.0383301587611994,0.0,0.0,0.0,-0.01006017618153781,0.0,0.0004393817496468696,0.0,32.05480822725112,0.0,1.21920039039976,0.0,0.0004393817496468696,0.0,0.0,10.0,0.0,-32.05700513599935,10.0,-1.21920039039976,33.58052379415022,0.9546308846315178,-0.2977916622534046,0.0,0.0,-1.0,0.0,72.6749865852742,72.6749865852742,-0.4047864941178418,1.21692020846373,690.686591702312,-13284.51041128392,-248.9890344722645,0.0,1244.945172361323,-66422.55205641958,0.0,-13274.75279757001,-248.9890344722645,509.0727167292126,1244.03074693571,-66422.55205641958,-47.70726217614852,dt_005
6.449999999999885,1,T,0.0,0.0,0.002004364623719793,0.0,0.0383318433026952,0.0,0.0,0.0,-0.008471459969439802,0.0,0.0002217320150265628,0.0,32.05474528990332,0.0,1.22084193723327,0.0,0.0002217320150265628,0.0,0.0,10.0,0.0,-32.05585394997846,10.0,-1.22084193723327,33.57942483817061,0.9546278444155996,-0.2978014081001393,0.0,0.0,-1.0,0.0,72.67440165052734,72.67440165052734,-0.4047965597726498,1.216902768581023,690.641385633189,-13283.50204949807,-248.9904737880987,0.0,1244.952368940494,-66417.51024749034,0.0,-13273.74431892872,-248.9904737880987,509.0564356992762,1244.037857861824,-66417.51024749034,-47.7096335880917,dt_005
6.454999999999885,1,T,0.0,0.0,0.001967469174008331,0.0,0.03833280077026299,0.0,0.0,0.0,-0.006288725810571967,0.0,0.0001612243063258568,0.0,32.05466047114783,0.0,1.223053759308214,0.0,0.0001612243063258568,0.0,0.0,10.0,0.0,-32.05546659267946,10.0,-1.223053759308214,33.57905505630539,0.9546268213601848,-0.2978046875718209,0.0,0.0,-1.0,0.0,72.67420481991093,72.67420481991093,-0.4047999468667678,1.216896900058283,690.6261748155631,-13283.1627599278,-248.990958610893,0.0,1244.954793054465,-66415.81379963899,0.0,-13273.40479119348,-248.990958610893,509.0561421441542,1244.040234514016,-66415.81379963899,-47.71091761429448,dt_005
6.459999999999885,1,T,0.0,0.0,0.00194028302360137,0.0,0.038333103069957,0.0,0.0,0.0,-0.00461539281067966,0.0,-4.812881422937538e-05,0.0,32.05459597307924,0.0,1.22473555315247,0.0,-4.812881422937538e-05,0.0,0.0,10.0,0.0,-32.05435532900809,10.0,-1.22473555315247,33.57799421582995,0.9546238861967652,-0.297814096212025,0.0,0.0,-1.0,0.0,72.67364012154782,72.67364012154782,-0.4048096642905048,1.216880063525199,690.5825385294645,-13282.18942100445,-248.9923509232245,0.0,1244.961754616123,-66410.94710502223,0.0,-13272.43201341959,-248.9923509232245,509.0228527260511,1244.047176538495,-66410.94710502223,-47.71156048018512,dt_005
6.464999999999884,1,T,0.0,0.0,0.001921380229794166,0.0,0.03833234123744352,0.0,0.0,0.0,-0.002929401213357248,0.0,-0.0002512498516713524,0.0,32.05453229393396,0.0,1.226395885996308,0.0,-0.0002512498516713524,0.0,0.0,10.0,0.0,-32.05327604467561,10.0,-1.226395885996308,33.57696390676463,0.9546210352335622,-0.2978232346369272,0.0,0.0,-1.0,0.0,72.6730916396088,72.6730916396088,-0.404819102659308,1.216863710486276,690.5401594326572,-13281.24412981559,-248.9937052074493,0.0,1244.968526037247,-66406.22064907796,0.0,-13271.4878044225,-248.9937052074493,508.9765150044063,1244.053979333229,-66406.22064907796,-47.71087222544779,dt_005
6.469999999999884,1,T,0.0,0.0,0.001913663525622064,0.0,0.03833138754228729,0.0,0.0,0.0,-0.0001603268852116144,0.0,-0.0001304809043882803,0.0,32.05442734705652,0.0,1.229132356026874,0.0,-0.0001304809043882803,0.0,0.0,10.0,0.0,-32.05377494253458,10.0,-1.229132356026874,33.57744016548399,0.9546223531204244,-0.2978190103449138,0.0,0.0,-1.0,0.0,72.67334517889591,72.67334517889591,-0.4048147397129142,1.216871269783193,690.559748940828,-13281.68108491325,-248.9930789414924,0.0,1244.965394707462,-66408.40542456623,0.0,-13271.92492395383,-248.9930789414924,508.9806030444667,1244.050895804649,-66408.40542456623,-47.70956577834707,dt_005
6.474999999999884,1,T,0.0,0.0,0.001917071798501141,0.0,0.03833028959195216,0.0,0.0,0.0,0.001504320240041527,0.0,-0.0003136471770829835,0.0,32.05436490578014,0.0,1.230760586272834,0.0,-0.0003136471770829835,0.0,0.0,10.0,0.0,-32.05279666989473,10.0,-1.230760586272834,33.57650628581857,0.9546197688659644,-0.2978272937295926,0.0,0.0,-1.0,0.0,72.67284801515045,72.67284801515045,-0.4048232949896725,1.21685644680088,690.5213367964888,-13280.82428126826,-248.9943073705694,0.0,1244.971536852847,-66404.12140634129,0.0,-13271.06930847192,-248.9943073705694,508.9331976391726,1244.057085820516,-66404.12140634129,-47.70843524478646,dt_005
6.479999999999884,1,T,0.0,0.0,0.001928620801672933,0.0,0.03832828162910087,0.0,0.0,0.0,0.003113650701342062,0.0,-0.0004893462193886266,0.0,32.0543057092674,0.0,1.232304370803179,0.0,-0.0004893462193886266,0.0,0.0,10.0,0.0,-32.05185897817045,10.0,-1.232304370803179,33.57561114792292,0.9546172916096948,-0.2978352339125963,0.0,0.0,-1.0,0.0,72.67237144889884,72.67237144889884,-0.4048314958213167,1.216842237934721,690.4845191733722,-13280.00304824652,-248.995486391181,0.0,1244.977431955905,-66400.01524123261,0.0,-13270.24970048767,-248.995486391181,508.8750810796562,1244.06307238824,-66400.01524123261,-47.70616311812933,dt_005
6.484999999999884,1,T,0.0,0.0,0.001948952140696889,0.0,0.03832569022212096,0.0,0.0,0.0,0.005257442172871974,0.0,-0.0004756610666031929,0.0,32.05422676038673,0.0,1.234363522248537,0.0,-0.0004756610666031929,0.0,0.0,10.0,0.0,-32.05184845505371,10.0,-1.234363522248537,33.57560110237386,0.954617263807902,-0.2978353230224963,0.0,0.0,-1.0,0.0,72.67236610055527,72.67236610055527,-0.4048315878565062,1.21684207847337,690.4841059987589,-13279.99383222993,-248.9954996311864,0.0,1244.977498155932,-66399.96916114967,0.0,-13270.24180989665,-248.9954996311864,508.8403393365148,1244.06326216156,-66399.96916114967,-47.70294178078058,dt_005
6.489999999999884,1,T,0.0,0.0,0.00197892572635547,0.0,0.03832294022952544,0.0,0.0,0.0,0.006730312229493804,0.0,-0.0006241651800717167,0.0,32.05417372386015,0.0,1.235747161982963,0.0,-0.0006241651800717167,0.0,0.0,10.0,0.0,-32.05105289795979,10.0,-1.235747161982963,33.57484165067374,0.954615161895086,-0.2978420599579903,0.0,0.0,-1.0,0.0,72.67196175170233,72.67196175170233,-0.4048385459590938,1.216830022775524,690.4528700190375,-13279.29710326092,-248.9965011403975,0.0,1244.982505701987,-66396.48551630459,0.0,-13269.54699174672,-248.9965011403975,508.7771521004114,1244.068397208938,-66396.48551630459,-47.69971247275931,dt_005
6.494999999999884,1,T,0.0,0.0,0.002016026447551597,0.0,0.03831948643978945,0.0,0.0,0.0,0.008127647920807996,0.0,-0.0007513130594490736,0.0,32.05412445959693,0.0,1.237032763504218,0.0,-0.0007513130594490736,0.0,0.0,10.0,0.0,-32.05036789429969,10.0,-1.237032763504218,33.57418773641376,0.9546133519572426,-0.2978478609373545,0.0,0.0,-1.0,0.0,72.67161357794295,72.67161357794295,-0.4048445373912902,1.216819641943205,690.4259753229733,-13278.69721031367,-248.9973643510236,0.0,1244.986821755118,-66393.48605156834,0.0,-13268.94929631205,-248.9973643510236,508.7083399078697,1244.072874831004,-66393.48605156834,-47.69558107028035,dt_005
6.499999999999884,1,T,0.0,0.0,0.002062973065509305,0.0,0.03831639331663874,0.0,0.0,0.0,0.01064758107224579,0.0,-0.000486343615635702,0.0,32.05403175461286,0.0,1.239451699706717,0.0,-0.000486343615635702,0.0,0.0,10.0,0.0,-32.05160003653468,10.0,-1.239451699706717,33.57536395784847,0.9546166074855728,-0.2978374266487269,0.0,0.0,-1.0,0.0,72.67223984163384,72.67223984163384,-0.4048337605411113,1.216838314052139,690.4743522524689,-13279.77627135851,-248.9958122425303,0.0,1244.979061212652,-66398.88135679257,0.0,-13270.0291387783,-248.9958122425303,508.7086330224045,1244.065267507,-66398.88135679257,-47.69143571619938,dt_005
6.504999999999884,1,T,0.0,0.0,0.002119126434737831,0.0,0.03831373580404158,0.0,0.0,0.0,0.01179281163426079,0.0,-0.0005824193308213317,0.0,32.05399118103128,0.0,1.240510905807776,0.0,-0.0005824193308213317,0.0,0.0,10.0,0.0,-32.05107908437717,10.0,-1.240510905807776,33.57486664862572,0.9546152310835486,-0.2978418382015917,0.0,0.0,-1.0,0.0,72.67197506146921,72.67197506146921,-0.4048383169224025,1.216830419607435,690.4538981647124,-13279.3200363494,-248.9964681575186,0.0,1244.982340787593,-66396.60018174702,0.0,-13269.57459044431,-248.9964681575186,508.6558919597115,1244.06867141132,-66396.60018174702,-47.68825521893915,dt_005
6.509999999999883,1,T,0.0,0.0,0.002180543809491599,0.0,0.0383106139184844,0.0,0.0,0.0,0.01277261116087242,0.0,-0.0006662276390733146,0.0,32.05395752606822,0.0,1.241389917496743,0.0,-0.0006662276390733146,0.0,0.0,10.0,0.0,-32.05062638787286,10.0,-1.241389917496743,33.57443449791838,0.9546140349693754,-0.297845671849514,0.0,0.0,-1.0,0.0,72.671744966687,72.671744966687,-0.4048422764318406,1.216823559310565,690.4361242611948,-13278.92358468509,-248.9970385140308,0.0,1244.985192570154,-66394.61792342544,0.0,-13269.18001758191,-248.9970385140308,508.5992812723684,1244.071669972565,-66394.61792342544,-47.6844806055067,dt_005
6.514999999999883,1,T,0.0,0.0,0.002246457212272745,0.0,0.03830712101456502,0.0,0.0,0.0,0.01359133738065252,0.0,-0.0007308425412238733,0.0,32.053930506554,0.0,1.242096081674564,0.0,-0.0007308425412238733,0.0,0.0,10.0,0.0,-32.05027629384788,10.0,-1.242096081674564,33.5741002934105,0.9546131099196812,-0.2978486366755351,0.0,0.0,-1.0,0.0,72.67156701822398,72.67156701822398,-0.4048453385987096,1.216818253760947,690.4223789385921,-13278.61699221425,-248.9974798431235,0.0,1244.987399215618,-66393.08496107123,0.0,-13268.87542644338,-248.9974798431235,508.5411914957076,1244.074041548892,-66393.08496107123,-47.68021969196633,dt_005
6.519999999999883,1,T,0.0,0.0,0.002316022982200104,0.0,0.038303354611491,0.0,0.0,0.0,0.01423369449425019,0.0,-0.0007756446615349799,0.0,32.05391058614478,0.0,1.242617239598419,0.0,-0.0007756446615349799,0.0,0.0,10.0,0.0,-32.05003236283711,10.0,-1.242617239598419,33.57386743374832,0.9546124653670534,-0.2978507024766542,0.0,0.0,-1.0,0.0,72.67144302901393,72.67144302901393,-0.4048474722257425,1.216814557011366,690.4128018560799,-13278.40337358343,-248.9977874679215,0.0,1244.988937339608,-66392.01686791716,0.0,-13268.66387977537,-248.9977874679215,508.4830352493667,1244.075758118795,-66392.01686791716,-47.67559290823721,dt_005
6.524999999999883,1,T,0.0,0.0,0.002388323267335682,0.0,0.03829941460969017,0.0,0.0,0.0,0.01468530152659276,0.0,-0.0008003006678988667,0.0,32.05389818975335,0.0,1.242942222977374,0.0,-0.0008003006678988667,0.0,0.0,10.0,0.0,-32.04989668641386,10.0,-1.242942222977374,33.57373791536775,0.954612106855806,-0.2978518515039306,0.0,0.0,-1.0,0.0,72.67137406445687,72.67137406445687,-0.4048486589793574,1.216812500826822,690.4074750360039,-13278.28455797118,-248.9979586157659,0.0,1244.98979307883,-66391.42278985587,0.0,-13268.5471546156,-248.9979586157659,508.4262072298581,1244.07680106274,-66391.42278985587,-47.67072401343918,dt_005
6.529999999999883,1,T,0.0,0.0,0.002462372793075721,0.0,0.03829540187486482,0.0,0.0,0.0,0.01493356977649941,0.0,-0.0008047574338537316,0.0,32.05389367188413,0.0,1.24306168539858,0.0,-0.0008047574338537316,0.0,0.0,10.0,0.0,-32.04986988471486,10.0,-1.24306168539858,33.57371233014235,0.954612036034532,-0.2978520784852868,0.0,0.0,-1.0,0.0,72.67136044104465,72.67136044104465,-0.4048488934133099,1.216812094643547,690.4064227716309,-13278.26108704803,-248.9979924282972,0.0,1244.989962141486,-66391.30543524018,0.0,-13268.52574097357,-248.9979924282972,508.3720654557599,1244.077161281402,-66391.30543524018,-47.66573833549037,dt_005
6.534999999999883,1,T,0.0,0.0,0.002537126833732407,0.0,0.03829141681847383,0.0,0.0,0.0,0.01496730561884499,0.0,-0.0007892494810870603,0.0,32.05389733382297,0.0,1.242967659927948,0.0,-0.0007892494810870603,0.0,0.0,10.0,0.0,-32.04995108641753,10.0,-1.242967659927948,33.57378984627378,0.9546122506028204,-0.2978513907958431,0.0,0.0,-1.0,0.0,72.67140171613529,72.67140171613529,-0.4048481831446573,1.21681332526413,690.4096108430757,-13278.33219749518,-248.997889989544,0.0,1244.98944994772,-66391.66098747592,0.0,-13268.59882508086,-248.997889989544,508.3219118828354,1244.076839403865,-66391.66098747592,-47.66076100963691,dt_005
6.539999999999883,1,T,0.0,0.0,0.002611487937597393,0.0,0.03828755784216926,0.0,0.0,0.0,0.01477661365472339,0.0,-0.0007543458041099979,0.0,32.05390942951295,0.0,1.242653412478429,0.0,-0.0007543458041099979,0.0,0.0,10.0,0.0,-32.0501377004924,10.0,-1.242653412478429,33.57396799040179,0.9546127437083092,-0.2978498103905629,0.0,0.0,-1.0,0.0,72.67149657195664,72.67149657195664,-0.4048465508498427,1.216816153399075,690.4169375550711,-13278.49562109683,-248.997654612547,0.0,1244.988273062735,-66392.47810548414,0.0,-13268.76409041619,-248.997654612547,508.2769642325524,1244.075847293878,-66392.47810548414,-47.65591509719417,dt_005
6.544999999999883,1,T,0.0,0.0,0.002684328419789508,0.0,0.0382839204364303,0.0,0.0,0.0,0.01435928778548189,0.0,-0.0007006418092599961,0.0,32.05392992230345,0.0,1.242119799318118,0.0,-0.0007006418092599961,0.0,0.0,10.0,0.0,-32.05042671325715,10.0,-1.242119799318118,33.57424388578047,0.9546135073746606,-0.2978473628183552,0.0,0.0,-1.0,0.0,72.67164347498343,72.67164347498343,-0.4048440229180248,1.216820533326187,690.4282846573938,-13278.74872051634,-248.9972901982706,0.0,1244.986450991353,-66393.7436025817,0.0,-13269.01885310146,-248.9972901982706,508.2383876218012,1244.074199893269,-66393.7436025817,-47.65132014925497,dt_005
6.549999999999883,1,T,0.0,0.0,0.002754512892467886,0.0,0.03828059639025713,0.0,0.0,0.0,0.01371445122018695,0.0,-0.0006290223767970011,0.0,32.0539587296898,0.0,1.241368886418234,0.0,-0.0006290223767970011,0.0,0.0,10.0,0.0,-32.05081361780582,10.0,-1.241368886418234,33.57461323028646,0.9546145296736858,-0.2978440862865803,0.0,0.0,-1.0,0.0,72.6718401318924,72.6718401318924,-0.4048406388130936,1.216826396669824,690.4434753075376,-13279.08755162708,-248.9968025784408,0.0,1244.984012892204,-66395.43775813539,0.0,-13269.35912531483,-248.9968025784408,508.2072482770042,1244.071921968618,-66395.43775813539,-47.64709147981209,dt_005
6.554999999999882,1,T,0.0,0.0,0.002820906311780023,0.0,0.03827767248813026,0.0,0.0,0.0,0.01284311683879785,0.0,-0.0005406041368862034,0.0,32.05399570370199,0.0,1.240404467646445,0.0,-0.0005406041368862034,0.0,0.0,10.0,0.0,-32.05129268301756,10.0,-1.240404467646445,33.57507055320144,0.9546157954375888,-0.2978400293799675,0.0,0.0,-1.0,0.0,72.67208362648154,72.67208362648154,-0.4048364487175401,1.216833656483157,690.4622846246285,-13279.50709889151,-248.996199165359,0.0,1244.980995826795,-66397.53549445755,0.0,-13269.77985115215,-248.996199165359,508.1845053389054,1244.069046423325,-66397.53549445755,-47.64333847702749,dt_005
6.559999999999882,1,T,0.0,0.0,0.002882386381065838,0.0,0.0382752293608589,0.0,0.0,0.0,0.01174936743302301,0.0,-0.0004367316685910672,0.0,32.0540405873608,0.0,1.239233207315816,0.0,-0.0004367316685910672,0.0,0.0,10.0,0.0,-32.05185692901784,10.0,-1.239233207315816,33.5756091917664,0.9546172861958904,-0.2978352512648454,0.0,0.0,-1.0,0.0,72.67237040742322,72.67237040742322,-0.4048315137432033,1.21684220688303,690.4844387164151,-13280.00125362351,-248.9954889693761,0.0,1244.97744484688,-66400.00626811756,0.0,-13270.2748854815,-248.9954889693761,508.1709948442759,1244.0656144392,-66400.00626811756,-47.64016317648306,dt_005
6.564999999999882,1,T,0.0,0.0,0.00293785460285114,0.0,0.03827334015438814,0.0,0.0,0.0,0.0104386387299337,0.0,-0.000319053966307913,0.0,32.0540930821898,0.0,1.237862881801971,0.0,-0.000319053966307913,0.0,0.0,10.0,0.0,-32.05249781235826,10.0,-1.237862881801971,33.57622099062417,0.9546189793457878,-0.2978298243507631,0.0,0.0,-1.0,0.0,72.67269612852783,72.67269612852783,-0.4048259086800396,1.216851918287405,690.5096023068792,-13280.56253797632,-248.9946829788691,0.0,1244.973414894346,-66402.81268988158,0.0,-13270.83671880245,-248.9946829788691,508.1674015368274,1244.061677437825,-66402.81268988158,-47.63765867749859,dt_005
6.569999999999882,1,T,0.0,0.0,0.002986249527870522,0.0,0.03827206933489516,0.0,0.0,0.0,0.008920310238164156,0.0,-0.0001893937134143796,0.0,32.05415275065253,0.0,1.236304930193967,0.0,-0.0001893937134143796,0.0,0.0,10.0,0.0,-32.05320578208546,10.0,-1.236304930193967,33.57689683262462,0.9546208496236412,-0.2978238295768777,0.0,0.0,-1.0,0.0,72.67305593166786,72.67305593166786,-0.4048197171275189,1.216862645850767,690.5374005565893,-13281.18259160738,-248.9937934424953,0.0,1244.968967212477,-66405.9129580369,0.0,-13271.45696415508,-248.9937934424953,508.1742616411393,1244.057293550793,-66405.9129580369,-47.63590751919352,dt_005
6.574999999999882,1,T,0.0,0.0,0.003026557545644122,0.0,0.03827147147524389,0.0,0.0,0.0,0.007204137056916996,0.0,-4.988518628581746e-05,0.0,32.05421915422401,0.0,1.234570849818686,0.0,-4.988518628581746e-05,0.0,0.0,10.0,0.0,-32.05396972829258,10.0,-1.234570849818686,33.57762611237276,0.9546228676505888,-0.297817361076493,0.0,0.0,-1.0,0.0,72.67344416682974,72.67344416682974,-0.404813036312018,1.216874221117448,690.5673973971572,-13281.85168837073,-248.9928345436751,0.0,1244.964172718375,-66409.25844185366,0.0,-13272.12587477789,-248.9928345436751,508.19192823937,1244.052531046889,-66409.25844185366,-47.63498029997152,dt_005
6.579999999999882,1,T,0.0,0.0,0.003057824963137919,0.0,0.03827159037021396,0.0,0.0,0.0,0.005304327493244007,0.0,9.72948120838112e-05,0.0,32.05429169842463,0.0,1.232676242510044,0.0,9.72948120838112e-05,0.0,0.0,10.0,0.0,-32.05477817248505,10.0,-1.232676242510044,33.57839787254931,0.95462500307944,-0.2978105160929999,0.0,0.0,-1.0,0.0,72.67385499736778,72.67385499736778,-0.4048059666715106,1.216886470067325,690.5991422584248,-13282.55977854584,-248.9918208877327,0.0,1244.959104438663,-66412.79889272919,0.0,-13272.83338601971,-248.9918208877327,508.2205993504228,1244.047460814947,-66412.79889272919,-47.6349342877832,dt_005
6.584999999999882,1,T,0.0,0.0,0.00307917754112436,0.0,0.03827245853389488,0.0,0.0,0.0,0.003238450389560261,0.0,0.0002498110142707069,0.0,32.05436967514256,0.0,1.230639706621937,0.0,0.0002498110142707069,0.0,0.0,10.0,0.0,-32.05561873021392,10.0,-1.230639706621937,33.57920029090689,0.9546272231770344,-0.2978033995261036,0.0,0.0,-1.0,0.0,72.67428212715417,72.67428212715417,-0.4047986165508158,1.216899204980775,690.6321489583154,-13283.29601792718,-248.9907681621759,0.0,1244.953840810879,-66416.4800896359,0.0,-13273.56864502844,-248.9907681621759,508.2602931547923,1244.042159686335,-66416.4800896359,-47.63581292178887,dt_005
6.589999999999882,1,T,0.0,0.0,0.003089834644003736,0.0,0.03827409653563876,0.0,0.0,0.0,0.001026375360435217,0.0,0.0004052209727664326,0.0,32.0544523038132,0.0,1.228481756748312,0.0,0.0004052209727664326,0.0,0.0,10.0,0.0,-32.05647840867703,10.0,-1.228481756748312,33.58002096434689,0.9546294936120658,-0.297796121408541,0.0,0.0,-1.0,0.0,72.67471895203525,72.67471895203525,-0.4047910995953125,1.216912228954356,690.6659073791609,-13284.0490282384,-248.989692750231,0.0,1244.948463751155,-66420.24514119199,0.0,-13274.3202713131,-248.989692750231,508.3108490359311,1244.036708535361,-66420.24514119199,-47.63764491309215,dt_005
6.594999999999882,1,T,0.0,0.0,0.003089120897649586,0.0,0.03827651269069408,0.0,0.0,0.0,-0.001309665731099616,0.0,0.0005610655714695931,0.0,32.05453872919167,0.0,1.226224875228136,0.0,0.0005610655714695931,0.0,0.0,10.0,0.0,-32.05734405704901,10.0,-1.226224875228136,33.58084733880334,0.954631779645599,-0.297788793091138,0.0,0.0,-1.0,0.0,72.67515878880774,72.67515878880774,-0.4047835308106787,1.216925342727752,690.6999011451096,-13284.8072914187,-248.9886111584106,0.0,1244.943055792053,-66424.03645709348,0.0,-13275.0767509022,-248.9886111584106,508.3719384341845,1244.031189433785,-66424.03645709348,-47.64044375126165,dt_005
6.599999999999882,1,T,0.0,0.0,0.00307647738228519,0.0,0.03827970301328569,0.0,0.0,0.0,-0.003745326007081832,0.0,0.0007148836071861441,0.0,32.05462803055887,0.0,1.223893263577017,0.0,0.0007148836071861441,0.0,0.0,10.0,0.0,-32.0582024485948,10.0,-1.223893263577017,33.5816667876252,0.9546340463484142,-0.2977815265466509,0.0,0.0,-1.0,0.0,72.67559491700432,72.67559491700432,-0.4047760258438385,1.216938345929621,690.7336108439923,-13285.55922147983,-248.9875399101241,0.0,1244.937699550621,-66427.79610739913,0.0,-13275.82650817759,-248.9875399101241,508.4430668391824,1244.025685121504,-66427.79610739913,-47.64420762656682,dt_005
6.604999999999881,1,T,0.0,0.0,0.003051468896171852,0.0,0.03828365124210303,0.0,0.0,0.0,-0.006255466847095928,0.0,0.0008642261230636426,0.0,32.05471927198259,0.0,1.221511520987766,0.0,0.0008642261230636426,0.0,0.0,10.0,0.0,-32.05904040259791,10.0,-1.221511520987766,33.58246672797287,0.954636258922993,-0.2977744333375724,0.0,0.0,-1.0,0.0,72.67602064084477,72.67602064084477,-0.4047686999168962,1.216951038924665,690.7665188154356,-13286.29327130961,-248.9864953933365,0.0,1244.932476966682,-66431.46635654804,0.0,-13276.55801259438,-248.9864953933365,508.5235780796078,1244.020278244377,-66431.46635654804,-47.64891943350915,dt_005
6.609999999999881,1,T,0.0,0.0,0.003013789381976661,0.0,0.03828832897636157,0.0,0.0,0.0,-0.008813571485154171,0.0,0.001006686323667655,0.0,32.054811479348,0.0,1.219105234651526,0.0,0.001006686323667655,0.0,0.0,10.0,0.0,-32.05984491096634,10.0,-1.219105234651526,33.58323474168643,0.9546383830373218,-0.2977676235454214,0.0,0.0,-1.0,0.0,72.67642935349515,72.67642935349515,-0.4047616667213534,1.216963224729529,690.7981141255686,-13286.99804364804,-248.985493706534,0.0,1244.92746853267,-66434.99021824019,0.0,-13277.25988951574,-248.985493706534,508.6126602467165,1244.015050578496,-66434.99021824019,-47.65454691154347,dt_005
6.614999999999881,1,T,0.0,0.0,0.002963266229309973,0.0,0.03829369585475647,0.0,0.0,0.0,-0.01139277923242689,0.0,0.001139886931979061,0.0,32.05490367935673,0.0,1.216699952015126,0.0,0.001139886931979061,0.0,0.0,10.0,0.0,-32.06060311401663,10.0,-1.216699952015126,33.58395855217923,0.9546403847600106,-0.2977612059776411,0.0,0.0,-1.0,0.0,72.67681452464433,72.67681452464433,-0.4047550386318948,1.216974708642393,690.8278916211268,-13287.66227000637,-248.9845506960745,0.0,1244.922753480372,-66438.31135003184,0.0,-13277.92089906693,-248.9845506960745,508.7093471447252,1244.010083208795,-66438.31135003184,-47.66104287570145,dt_005
6.619999999999881,1,T,0.0,0.0,0.002899861295268529,0.0,0.03829969985288416,0.0,0.0,0.0,-0.01396616508592153,0.0,0.001261539905109285,0.0,32.05499490952658,0.0,1.214320910898077,0.0,0.001261539905109285,0.0,0.0,10.0,0.0,-32.06130260905213,10.0,-1.214320910898077,33.58462631903491,0.9546422313736032,-0.2977552855585073,0.0,0.0,-1.0,0.0,72.6771698570885,72.6771698570885,-0.4047489240118549,1.216985302911551,690.8553640558926,-13288.2750811901,-248.9836815828417,0.0,1244.918407914208,-66441.37540595047,0.0,-13278.53020632005,-248.9836815828417,508.8125324945842,1244.005454650191,-66441.37540595047,-47.66834551585941,dt_005
6.624999999999881,1,T,0.0,0.0,0.002823671490791355,0.0,0.03830627794952747,0.0,0.0,0.0,-0.01650663395743424,0.0,0.001369534469509989,0.0,32.05508421302145,0.0,1.211993166531882,0.0,0.001369534469509989,0.0,0.0,10.0,0.0,-32.061931885369,10.0,-1.211993166531882,33.58522705330487,0.9546438925210132,-0.2977499596512621,0.0,0.0,-1.0,0.0,72.67748950745774,72.67748950745774,-0.4047434234149195,1.216994833316398,690.8800791860003,-13288.82638867185,-248.9829004366506,0.0,1244.914502183253,-66444.13194335926,0.0,-13279.07776205968,-248.9829004366506,508.9209933117762,1244.001238190564,-66444.13194335926,-47.67637912550512,dt_005
6.629999999999881,1,T,0.0,0.0,0.002734928480901227,0.0,0.0383133571643733,0.0,0.0,0.0,-0.01898738016943944,0.0,0.001461997576008945,0.0,32.05517065472242,0.0,1.20974116565506,0.0,0.001461997576008945,0.0,0.0,10.0,0.0,-32.06248064260247,10.0,-1.20974116565506,33.58575092144372,0.9546453410434638,-0.297745315368704,0.0,0.0,-1.0,0.0,72.67776824761377,72.67776824761377,-0.4047386268077649,1.217003143979515,690.9016322863204,-13289.30716383532,-248.9822197996618,0.0,1244.911098998309,-66446.53581917658,0.0,-13279.55458130438,-248.9822197996618,509.0334143478184,1243.997499960603,-66446.53581917658,-47.68505532080101,dt_005
6.634999999999881,1,T,0.0,0.0,0.002633998967987597,0.0,0.03832085560457994,0.0,0.0,0.0,-0.02138119464572517,0.0,0.001537237152763277,0.0,32.05525329321851,0.0,1.207589472354037,0.0,0.001537237152763277,0.0,0.0,10.0,0.0,-32.06293947898233,10.0,-1.207589472354037,33.58618894773391,0.9546465521550532,-0.2977414322167299,0.0,0.0,-1.0,0.0,72.67800130597443,72.67800130597443,-0.4047346163005738,1.217010092635747,690.9196539201411,-13289.70916520891,-248.9816510924728,0.0,1244.908255462364,-66448.54582604454,0.0,-13279.95247021704,-248.9816510924728,509.1483915460209,1243.994300913742,-66448.54582604454,-47.69427442026807,dt_005
6.639999999999881,1,T,0.0,0.0,0.002521390926283383,0.0,0.03832868252762228,0.0,0.0,0.0,-0.02365878251915594,0.0,0.001593405268454646,0.0,32.05533111609641,0.0,1.205564451227837,0.0,0.001593405268454646,0.0,0.0,10.0,0.0,-32.06329814243868,10.0,-1.205564451227837,33.58653134473567,0.954647498824384,-0.297738396899607,0.0,0.0,-1.0,0.0,72.67818347892,72.67818347892,-0.4047314814381036,1.217015524138697,690.9337412596833,-13290.02340650147,-248.9812067980591,0.0,1244.906033990296,-66450.11703250735,0.0,-13280.26249524177,-248.9812067980591,509.2643742023105,1243.991707735724,-66450.11703250735,-47.70392594121412,dt_005
6.644999999999881,1,T,0.0,0.0,0.002397753438278667,0.0,0.03833673730015104,0.0,0.0,0.0,-0.02579299357261076,0.0,0.001628394202237908,0.0,32.05540320315753,0.0,1.203690006674457,0.0,0.001628394202237908,0.0,0.0,10.0,0.0,-32.06354517416872,10.0,-1.203690006674457,33.58676717303942,0.9546481508320512,-0.2977363063399309,0.0,0.0,-1.0,0.0,72.67830894953141,72.67830894953141,-0.4047293223188689,1.217019265056394,690.9434440957746,-13290.23984455897,-248.9809009165231,0.0,1244.904504582616,-66451.19922279485,0.0,-13280.47467182916,-248.9809009165231,509.3796391759246,1243.989795167168,-66451.19922279485,-47.71388739176055,dt_005
6.64999999999988,1,T,0.0,0.0,0.002263864546480406,0.0,0.03834490928631867,0.0,0.0,0.0,-0.02775939498723521,0.0,0.001640310882495707,0.0,32.05546874855678,0.0,1.20198700698562,0.0,0.001640310882495707,0.0,0.0,10.0,0.0,-32.06367030296926,10.0,-1.20198700698562,33.58688662703813,0.9546484810877752,-0.2977352474209323,0.0,0.0,-1.0,0.0,72.67837250339566,72.67837250339566,-0.4047282286733593,1.21702115992064,690.9483588947268,-13290.34947750806,-248.9807460187379,0.0,1244.90373009369,-66451.74738754032,0.0,-13280.5800611029,-248.9807460187379,509.4923698496164,1243.988631288785,-66451.74738754032,-47.72402356713545,dt_005
6.65499999999988,1,T,0.0,0.0,0.00212061079837464,0.0,0.03835307976073524,0.0,0.0,0.0,-0.02953901389550709,0.0,0.001627812351780464,0.0,32.05552716381679,0.0,1.200470605137094,0.0,0.001627812351780464,0.0,0.0,10.0,0.0,-32.06366622557569,10.0,-1.200470605137094,33.58688273456058,0.9546484703262588,-0.2977352819263008,0.0,0.0,-1.0,0.0,72.67837043246375,72.67837043246375,-0.4047282643103015,1.217021098175616,690.9481987428883,-13290.34590504785,-248.9807510657452,0.0,1244.903755328726,-66451.72952523925,0.0,-13280.57232803218,-248.9807510657452,509.6007414909723,1243.988266535828,-66451.72952523925,-47.73418851043294,dt_005
6.65999999999988,1,T,0.0,0.0,0.001968963307500773,0.0,0.03836112583836326,0.0,0.0,0.0,-0.0311169975728515,0.0,0.001590577247341732,0.0,32.05557802208445,0.0,1.199151703599915,0.0,0.001590577247341732,0.0,0.0,10.0,0.0,-32.06353090832116,10.0,-1.199151703599915,33.5867535541747,0.954648113179602,-0.2977364270670048,0.0,0.0,-1.0,0.0,72.67830170377083,72.67830170377083,-0.404729447005127,1.217019049023382,690.9428837641809,-13290.22734541422,-248.9809185780256,0.0,1244.904592890128,-66451.1367270711,0.0,-13280.44975490559,-248.9809185780256,509.7030510247387,1243.988719367784,-66451.1367270711,-47.74422985696727,dt_005
6.66499999999988,1,T,0.0,0.0,0.001809950785953842,0.0,0.03836892474385312,0.0,0.0,0.0,-0.03248515130745339,0.0,0.001528969861543158,0.0,32.05562115074722,0.0,1.198034555209158,0.0,0.001528969861543158,0.0,0.0,10.0,0.0,-32.06326600005494,10.0,-1.198034555209158,33.58650066009078,0.954647413987792,-0.2977386689135649,0.0,0.0,-1.0,0.0,72.67816715325796,72.67816715325796,-0.4047317623728224,1.217015037387597,690.9324787865459,-13289.99524493728,-248.9812466053872,0.0,1244.906233026936,-66449.97622468641,0.0,-13280.21384972408,-248.9812466053872,509.7977207209062,1243.989985906889,-66449.97622468641,-47.75399452081418,dt_005
6.66999999999988,1,T,0.0,0.0,0.001644634472866807,0.0,0.03837635713778812,0.0,0.0,0.0,-0.03363865564382339,0.0,0.001443999556847232,0.0,32.05565650202652,0.0,1.197120150148426,0.0,0.001443999556847232,0.0,0.0,10.0,0.0,-32.06287649981075,10.0,-1.197120150148426,33.58612882489014,0.9546463859225558,-0.2977419652064563,0.0,0.0,-1.0,0.0,72.67796931710437,72.67796931710437,-0.404735166770392,1.217009138884675,690.9171802832963,-13289.65398672672,-248.9817291308381,0.0,1244.908645654191,-66448.26993363358,0.0,-13279.86905339151,-248.9817291308381,509.8833314550668,1243.992041796911,-66448.26993363358,-47.76333290824203,dt_005
6.67499999999988,1,T,0.0,0.0,0.001474091551793298,0.0,0.03838330954199536,0.0,0.0,0.0,-0.03457594838313942,0.0,0.001337000959821307,0.0,32.05568414595275,0.0,1.19640641162314,0.0,0.001337000959821307,0.0,0.0,10.0,0.0,-32.06236915075186,10.0,-1.19640641162314,33.58564448628438,0.9546450467504176,-0.2977462589435726,0.0,0.0,-1.0,0.0,72.6777116162517,72.6777116162517,-0.4047396013297008,1.217001455510301,690.8972532799393,-13289.20948323271,-248.9823580436725,0.0,1244.911790218362,-66446.04741616355,0.0,-13279.42133206005,-248.9823580436725,509.9586011341037,1243.994851944896,-66446.04741616355,-47.77210231173777,dt_005
6.67999999999988,1,T,0.0,0.0,0.001299401398465567,0.0,0.03838967603507654,0.0,0.0,0.0,-0.03529771500504612,0.0,0.001209661950878173,0.0,32.0557042299713,0.0,1.195889259060994,0.0,0.001209661950878173,0.0,0.0,10.0,0.0,-32.06175253972569,10.0,-1.195889259060994,33.58505584212428,0.9546434190980864,-0.2977514775323801,0.0,0.0,-1.0,0.0,72.67739840730603,72.67739840730603,-0.4047449910815438,1.216992117157084,690.8730352501465,-13288.66926310055,-248.9831229960639,0.0,1244.91561498032,-66443.34631550274,0.0,-13278.87826304134,-248.9831229960639,510.0224106856103,1243.998369722825,-66443.34631550274,-47.78016899069674,dt_005
6.68499999999988,1,T,0.0,0.0,0.001121632454244419,0.0,0.03839535998279191,0.0,0.0,0.0,-0.0358076361403769,0.0,0.001064008609530589,0.0,32.05571700587689,0.0,1.195561916670798,0.0,0.001064008609530589,0.0,0.0,10.0,0.0,-32.06103704892455,10.0,-1.195561916670798,33.58437280421524,0.9546415303280728,-0.2977575331924877,0.0,0.0,-1.0,0.0,72.6770349583966,72.6770349583966,-0.4047512453710732,1.216981280894776,690.844934199664,-13288.0424283662,-248.9840114383551,0.0,1244.920057191776,-66440.212141831,0.0,-13278.24899113604,-248.9840114383551,510.0738254948367,1244.002537060244,-66440.212141831,-47.78741033002068,dt_005
6.68999999999988,1,T,0.0,0.0,0.0009418352838664264,0.0,0.03840027486780984,0.0,0.0,0.0,-0.03610917960650809,0.0,0.0009020613553280298,0.0,32.05572270594678,0.0,1.195418145651308,0.0,0.0009020613553280298,0.0,0.0,10.0,0.0,-32.06023301272342,10.0,-1.195418145651308,33.58360523871909,0.9546394076762388,-0.2977643385490619,0.0,0.0,-1.0,0.0,72.67662651330922,72.67662651330922,-0.4047582739623473,1.216969103067327,690.8133562584486,-13287.33803923154,-248.9850108834291,0.0,1244.925054417145,-66436.6901961577,0.0,-13277.54261416245,-248.9850108834291,510.1120444664243,1244.007295717007,-66436.6901961577,-47.79371630654563,dt_005
6.694999999999879,1,T,0.0,0.0,0.0007610391413419022,0.0,0.03840434468686161,0.0,0.0,0.0,-0.03620740353920815,0.0,0.0007260053650471779,0.0,32.05572161184433,0.0,1.195450455125721,0.0,0.0007260053650471779,0.0,0.0,10.0,0.0,-32.05935163866956,10.0,-1.195450455125721,33.58276384533984,0.9546370806856126,-0.297771798832682,0.0,0.0,-1.0,0.0,72.67617875965175,72.67617875965175,-0.4047659789820598,1.216955753251284,690.7787418387672,-13286.56592057292,-248.9861077434262,0.0,1244.930538717131,-66432.82960286457,0.0,-13276.76898865663,-248.9861077434262,510.1364362355483,1244.012581451031,-66432.82960286457,-47.79898975991937,dt_005
6.699999999999879,1,T,0.0,0.0,0.0005802471731198006,0.0,0.0384075039517873,0.0,0.0,0.0,-0.03610768921794489,0.0,0.000537860994425666,0.0,32.05571400610297,0.0,1.195651368420904,0.0,0.000537860994425666,0.0,0.0,10.0,0.0,-32.0584033110751,10.0,-1.195651368420904,33.5818585378408,0.9546345767299022,-0.2977798262336128,0.0,0.0,-1.0,0.0,72.67569696734942,72.67569696734942,-0.4047742697444576,1.216941388569947,690.7414989990251,-13285.73517549072,-248.9872894229601,0.0,1244.936447114801,-66428.67587745358,0.0,-13275.93724450785,-248.9872894229601,510.14648206248,1244.01833447551,-66428.67587745358,-47.80314679601616,dt_005
6.704999999999879,1,T,0.0,0.0,0.0004004379567455042,0.0,0.03840969635584709,0.0,0.0,0.0,-0.0358144836299723,0.0,0.0003392809805887164,0.0,32.05570012550634,0.0,1.196014636826317,0.0,0.0003392809805887164,0.0,0.0,10.0,0.0,-32.05739653040929,10.0,-1.196014636826317,33.58089743154428,0.9546319182136004,-0.2977883488785645,0.0,0.0,-1.0,0.0,72.6751854498768,72.6751854498768,-0.4047830720225498,1.216926137629953,690.701961788587,-13284.85325613156,-248.9885456366724,0.0,1244.942728183362,-66424.2662806578,0.0,-13275.05485713951,-248.9885456366724,510.141722353698,1244.024506104593,-66424.2662806578,-47.80611538136831,dt_005
6.709999999999879,1,T,0.0,0.0,0.0002225744485055356,0.0,0.03841087286068352,0.0,0.0,0.0,-0.03532958569741361,0.0,0.0001315194870703347,0.0,32.05568009759394,0.0,1.196536890780229,0.0,0.0001315194870703347,0.0,0.0,10.0,0.0,-32.05633769502928,10.0,-1.196536890780229,33.57988663497474,0.9546291219947532,-0.297797312680163,0.0,0.0,-1.0,0.0,72.67464745324966,72.67464745324966,-0.4047923299583551,1.216910097211557,690.6603816808752,-13283.92577261154,-248.9898686882495,0.0,1244.949343441247,-66419.62886305767,0.0,-13274.12745754432,-248.9898686882495,510.1217238276437,1244.031060238031,-66419.62886305767,-47.80783301753503,dt_005
6.714999999999879,1,T,0.0,0.0,4.857230171543582e-05,0.0,0.03841124152541199,0.0,0.0,0.0,-0.03408768997431496,0.0,6.407159576703589e-05,0.0,32.05563196544367,0.0,1.197789688253432,0.0,6.407159576703589e-05,0.0,0.0,10.0,0.0,-32.05595232342251,10.0,-1.197789688253432,33.57951874821224,0.9546281042258582,-0.297800575254891,0.0,0.0,-1.0,0.0,72.67445163703414,72.67445163703414,-0.4047956995964931,1.216904258933272,690.6452486089415,-13283.58821639714,-248.9903507034815,0.0,1244.951753517407,-66417.94108198571,0.0,-13273.78996225371,-248.9903507034815,510.1136547650678,1244.033450911322,-66417.94108198571,-47.80838419915967,dt_005
6.719999999999879,1,T,0.0,0.0,-0.0001145862437469324,0.0,0.0384123515516618,0.0,0.0,0.0,-0.03086319657670568,0.0,0.0004619911141947894,0.0,32.05550680592923,0.0,1.201047385651616,0.0,0.0004619911141947894,0.0,0.0,10.0,0.0,-32.0578167615002,10.0,-1.201047385651616,33.58129859778986,0.9546330279082796,-0.2977847914630123,0.0,0.0,-1.0,0.0,72.67539896125723,72.67539896125723,-0.4047793978830591,1.21693250349119,690.718464502278,-13285.2213660972,-248.9880210794216,0.0,1244.940105397108,-66426.10683048598,0.0,-13275.42134099084,-248.9880210794216,510.191106714388,1244.02175831409,-66426.10683048598,-47.80931778724796,dt_005
6.724999999999879,1,T,0.0,0.0,-0.0002641945471589021,0.0,0.03841464750673117,0.0,0.0,0.0,-0.02941287359711398,0.0,0.0003428162828104471,0.0,32.0554483483495,0.0,1.202570236652946,0.0,0.0003428162828104471,0.0,0.0,10.0,0.0,-32.05716242976355,10.0,-1.202570236652946,33.58067395166815,0.9546313000121036,-0.2977903306643803,0.0,0.0,-1.0,0.0,72.67506650560337,72.67506650560337,-0.4047851188354708,1.216922591295617,690.6927686170495,-13284.6481933435,-248.9888379870356,0.0,1244.944189935178,-66423.24096671751,0.0,-13274.84741968555,-248.9888379870356,510.1995736696047,1244.02573006746,-66423.24096671751,-47.81233087268672,dt_005
6.729999999999879,1,T,0.0,0.0,-0.0004073177578471705,0.0,0.03841603652648092,0.0,0.0,0.0,-0.02783665678763768,0.0,0.0002128578925857424,0.0,32.05538614081483,0.0,1.204189816171167,0.0,0.0002128578925857424,0.0,0.0,10.0,0.0,-32.05645043027776,10.0,-1.204189816171167,33.57999425534279,0.9546294197229462,-0.297796358270935,0.0,0.0,-1.0,0.0,72.67470473582246,72.67470473582246,-0.4047913442302762,1.216911805096678,690.6648086906736,-13284.02452100516,-248.9897277296464,0.0,1244.948638648232,-66420.12260502581,0.0,-13274.22349880581,-248.9897277296464,510.1940595676759,1244.030109084759,-66420.12260502581,-47.81422970883918,dt_005
6.734999999999879,1,T,0.0,0.0,-0.0005429228152052829,0.0,0.0384165715155125,0.0,0.0,0.0,-0.02607133658748368,0.0,9.136714423626214e-05,0.0,32.05531769571218,0.0,1.205970983152464,0.0,9.136714423626214e-05,0.0,0.0,10.0,0.0,-32.05577453143336,10.0,-1.205970983152464,33.57934902302443,0.9546276346647936,-0.2978020804734265,0.0,0.0,-1.0,0.0,72.67436129537107,72.67436129537107,-0.4047972542109183,1.216901565388366,690.6382669961815,-13283.43248572726,-248.9905731685679,0.0,1244.952865842839,-66417.16242863631,0.0,-13273.63162739664,-248.9905731685679,510.178422759954,1244.034307580167,-66417.16242863631,-47.81505760567807,dt_005
6.739999999999879,1,T,0.0,0.0,-0.0006696143429340292,0.0,0.03841643021007202,0.0,0.0,0.0,-0.02460536711623428,0.0,-0.0001476468777483856,0.0,32.0552615626596,0.0,1.207431341410868,0.0,-0.0001476468777483856,0.0,0.0,10.0,0.0,-32.05452332827086,10.0,-1.207431341410868,33.57815459197632,0.9546243299484498,-0.2978126737908805,0.0,0.0,-1.0,0.0,72.67372549413331,72.67372549413331,-0.4048081951847965,1.216882608916605,690.5891353041296,-13282.33656648502,-248.9921402987474,0.0,1244.960701493737,-66411.68283242511,0.0,-13272.53658883673,-248.9921402987474,510.1344561734082,1244.042144206277,-66411.68283242511,-47.81518276056166,dt_005
6.744999999999878,1,T,0.0,0.0,-0.0007870218438938225,0.0,0.03841555461439045,0.0,0.0,0.0,-0.02209111009252871,0.0,-0.0001285937231064182,0.0,32.05516605704558,0.0,1.209915676000176,0.0,-0.0001285937231064182,0.0,0.0,10.0,0.0,-32.05452308843005,10.0,-1.209915676000176,33.57815436301845,0.954624329314941,-0.2978126758215626,0.0,0.0,-1.0,0.0,72.67372537225341,72.67372537225341,-0.4048081972821261,1.216882605282744,690.5891258863506,-13282.33635641506,-248.9921405994073,0.0,1244.960702997036,-66411.68178207529,0.0,-13272.53682558819,-248.9921405994073,510.1228267295227,1244.042187574758,-66411.68178207529,-47.81409354035006,dt_005
6.749999999999878,1,T,0.0,0.0,-0.0008894881034493114,0.0,0.03841536596390321,0.0,0.0,0.0,-0.01911993603611178,0.0,-8.547581028667004e-06,0.0,32.05505217462859,0.0,1.212878610762765,0.0,-8.547581028667004e-06,0.0,0.0,10.0,0.0,-32.05500943672345,10.0,-1.212878610762765,33.57861864324423,0.9546256139149628,-0.2978085580662183,0.0,0.0,-1.0,0.0,72.67397251642973,72.67397251642973,-0.404803944383867,1.216889973908851,690.608223367913,-13282.76233924378,-248.9915311278263,0.0,1244.957655639131,-66413.81169621891,0.0,-13272.96259037023,-248.9915311278263,510.1366831206252,1244.039151485261,-66413.81169621891,-47.81374181460613,dt_005
6.754999999999878,1,T,0.0,0.0,-0.0009804515061827151,0.0,0.03841480394982782,0.0,0.0,0.0,-0.01730054407996434,0.0,-0.0002254500424289262,0.0,32.05498298188161,0.0,1.214678645057515,0.0,-0.0002254500424289262,0.0,0.0,10.0,0.0,-32.05385573166947,10.0,-1.214678645057515,33.57751728860666,0.9546225665274484,-0.2978183262939796,0.0,0.0,-1.0,0.0,72.67338623515967,72.67338623515967,-0.4048140332098711,1.216872493879433,690.5629212008412,-13281.7518440766,-248.9929775673695,0.0,1244.964887836847,-66408.75922038301,0.0,-13271.95312740569,-248.9929775673695,510.090415101565,1244.046405219166,-66408.75922038301,-47.81332040221697,dt_005
6.759999999999878,1,T,0.0,0.0,-0.001061039355339847,0.0,0.03841349036857324,0.0,0.0,0.0,-0.01469324664705646,0.0,-0.0002311096823006724,0.0,32.05488444666789,0.0,1.217241912242001,0.0,-0.0002311096823006724,0.0,0.0,10.0,0.0,-32.05372889825639,10.0,-1.217241912242001,33.5773962105896,0.9546222314923668,-0.2978194002084716,0.0,0.0,-1.0,0.0,72.67332177955082,72.67332177955082,-0.4048151423727523,1.21687057212959,690.5579409732865,-13281.64075712511,-248.9931367228437,0.0,1244.965683614218,-66408.20378562553,0.0,-13271.84279243762,-248.9931367228437,510.0687151241197,1244.047263215094,-66408.20378562553,-47.81171680720712,dt_005
6.764999999999878,1,T,0.0,0.0,-0.001129182670392118,0.0,0.03841196736413091,0.0,0.0,0.0,-0.01269337615764617,0.0,-0.0004141903127894979,0.0,32.05480950042499,0.0,1.219191487796296,0.0,-0.0004141903127894979,0.0,0.0,10.0,0.0,-32.05273854886104,10.0,-1.219191487796296,33.57645080233529,0.9546196153237172,-0.2978277858749884,0.0,0.0,-1.0,0.0,72.67281847683867,72.67281847683867,-0.4048238032898745,1.216855566113426,690.5190546950059,-13280.77337789393,-248.9943804058248,0.0,1244.971902029124,-66403.86688946966,0.0,-13270.97682984932,-248.9943804058248,510.0151924979456,1244.053549859007,-66403.86688946966,-47.81006092045885,dt_005
6.769999999999878,1,T,0.0,0.0,-0.001187901555905194,0.0,0.03840937034522651,0.0,0.0,0.0,-0.01077893985259135,0.0,-0.000619617561907185,0.0,32.05473915236598,0.0,1.221021265160055,0.0,-0.000619617561907185,0.0,0.0,10.0,0.0,-32.05164106455644,10.0,-1.221021265160055,33.57540312388164,0.9546167158826644,-0.2978370792184819,0.0,0.0,-1.0,0.0,72.67226069428338,72.67226069428338,-0.4048334017052356,1.216838935775782,690.475963145336,-13279.81220289316,-248.9957606052893,0.0,1244.978803026447,-66399.06101446578,0.0,-13270.01768823673,-248.9957606052893,509.943818468705,1244.060569925942,-66399.06101446578,-47.80709508750362,dt_005
6.774999999999878,1,T,0.0,0.0,-0.001234479494439037,0.0,0.03840651370627866,0.0,0.0,0.0,-0.007811017268466038,0.0,-0.0005104782015884616,0.0,32.0546286807137,0.0,1.223895430259545,0.0,-0.0005104782015884616,0.0,0.0,10.0,0.0,-32.05207628970575,10.0,-1.223895430259545,33.57581859733457,0.9546178657353784,-0.2978333937268131,0.0,0.0,-1.0,0.0,72.67248189614102,72.67248189614102,-0.4048295952267286,1.216845530929297,690.4930516196847,-13280.19336780963,-248.9952130162788,0.0,1244.976065081394,-66400.96683904814,0.0,-13270.40002873836,-248.9952130162788,509.9205464341575,1244.057970562492,-66400.96683904814,-47.80343612635658,dt_005
6.779999999999878,1,T,0.0,0.0,-0.001268522084958888,0.0,0.03840357361457799,0.0,0.0,0.0,-0.005867974771511747,0.0,-0.0006829140400041197,0.0,32.054557677505,0.0,1.225742796546526,0.0,-0.0006829140400041197,0.0,0.0,10.0,0.0,-32.05114310730497,10.0,-1.225742796546526,33.57492776589316,0.9546154002411256,-0.2978412960327624,0.0,0.0,-1.0,0.0,72.67200760231073,72.67200760231073,-0.4048377569541674,1.216831389815586,690.4564118720278,-13279.37610533536,-248.9963875229717,0.0,1244.981937614858,-66396.8805266768,0.0,-13269.58486800927,-248.9963875229717,509.8501521536126,1244.06397930709,-66396.8805266768,-47.8000039524752,dt_005
6.784999999999878,1,T,0.0,0.0,-0.001293239167656396,0.0,0.03839971530867053,0.0,0.0,0.0,-0.004004104658284729,0.0,-0.0008553764145228394,0.0,32.05449085206336,0.0,1.227481616356449,0.0,-0.0008553764145228394,0.0,0.0,10.0,0.0,-32.05021396999074,10.0,-1.227481616356449,33.57404079824455,0.954612945239124,-0.2978491644807574,0.0,0.0,-1.0,0.0,72.67153533940672,72.67153533940672,-0.4048458837330876,1.216817309254127,690.4199320073413,-13278.56241292644,-248.9975584308508,0.0,1244.987792154254,-66392.81206463218,0.0,-13268.77374249597,-248.9975584308508,509.7677161535086,1244.070013948422,-66392.81206463218,-47.7954287301198,dt_005
6.789999999999877,1,T,0.0,0.0,-0.001307118133576718,0.0,0.03839552072469476,0.0,0.0,0.0,-0.001549952825651112,0.0,-0.0008225443234935743,0.0,32.05440179526901,0.0,1.229799504171865,0.0,-0.0008225443234935743,0.0,0.0,10.0,0.0,-32.05028907365154,10.0,-1.229799504171865,33.57411249317884,0.9546131436881052,-0.2978485284467809,0.0,0.0,-1.0,0.0,72.67157351410242,72.67157351410242,-0.4048452268165487,1.216818447436153,690.4228806940843,-13278.62818397232,-248.9974637291663,0.0,1244.987318645831,-66393.14091986162,0.0,-13268.84160321421,-248.9974637291663,509.7145838564306,1244.069741259979,-66393.14091986162,-47.79019219741834,dt_005
6.794999999999877,1,T,0.0,0.0,-0.001310574379156332,0.0,0.03839103252764972,0.0,0.0,0.0,0.0001659161637072133,0.0,-0.0009725410532317827,0.0,32.05434145672691,0.0,1.231370242347623,0.0,-0.0009725410532317827,0.0,0.0,10.0,0.0,-32.04947875146075,10.0,-1.231370242347623,33.57333894983241,0.9546110024788208,-0.2978553909976808,0.0,0.0,-1.0,0.0,72.67116162406421,72.67116162406421,-0.4048523146891118,1.216806166897182,690.3910665472047,-13277.91856439628,-248.9984860157349,0.0,1244.992430078674,-66389.59282198138,0.0,-13268.13479408377,-248.9984860157349,509.627794339023,1244.075063405757,-66389.59282198138,-47.78480475178483,dt_005
6.799999999999877,1,T,0.0,0.0,-0.001305682529385632,0.0,0.03838583338281883,0.0,0.0,0.0,0.001806488406659423,0.0,-0.001101705494192394,0.0,32.05428489909725,0.0,1.232842950889846,0.0,-0.001101705494192394,0.0,0.0,10.0,0.0,-32.04877637162628,10.0,-1.232842950889846,33.57266845096635,0.9546091463785268,-0.2978613396371882,0.0,0.0,-1.0,0.0,72.67080458620472,72.67080458620472,-0.4048584586562232,1.216795521780911,690.3634909875881,-13277.30348952461,-248.9993730406804,0.0,1244.996865203402,-66386.51744762305,0.0,-13267.52282175372,-248.9993730406804,509.535207013889,1244.079743686675,-66386.51744762305,-47.77850682885699,dt_005
6.804999999999877,1,T,0.0,0.0,-0.001289912275043096,0.0,0.03838092753860301,0.0,0.0,0.0,0.004498413180486785,0.0,-0.0008609846352189719,0.0,32.05418765364178,0.0,1.235375639832789,0.0,-0.0008609846352189719,0.0,0.0,10.0,0.0,-32.04988273046569,10.0,-1.235375639832789,33.57372459285092,0.9546120699783868,-0.297851969695652,0.0,0.0,-1.0,0.0,72.67136697059445,72.67136697059445,-0.4048487810517266,1.216812289322668,690.4069271099193,-13278.27233639287,-248.9979762221793,0.0,1244.989881110896,-66391.36168196432,0.0,-13268.49345464823,-248.9979762221793,509.507294720214,1244.072999116597,-66391.36168196432,-47.77213557672626,dt_005
6.809999999999877,1,T,0.0,0.0,-0.00126362775209304,0.0,0.03837647089595368,0.0,0.0,0.0,0.005944045696725683,0.0,-0.000942761602450807,0.0,32.05413769429367,0.0,1.236677353877429,0.0,-0.000942761602450807,0.0,0.0,10.0,0.0,-32.04942388628142,10.0,-1.236677353877429,33.57328657493255,0.954610857496778,-0.2978558556571727,0.0,0.0,-1.0,0.0,72.67113373518617,72.67113373518617,-0.4048527946055825,1.216805335387746,690.3889125085594,-13277.87051832852,-248.9985552735089,0.0,1244.992776367544,-66389.35259164259,0.0,-13268.09420299723,-248.9985552735089,509.4327452068662,1244.076105132488,-66389.35259164259,-47.76670226992674,dt_005
6.814999999999877,1,T,0.0,0.0,-0.00123082684374058,0.0,0.03837154462135339,0.0,0.0,0.0,0.007174874492659408,0.0,-0.001027618715693152,0.0,32.0540965689038,0.0,1.23774936916413,0.0,-0.001027618715693152,0.0,0.0,10.0,0.0,-32.04895847532534,10.0,-1.23774936916413,33.57284228886687,0.954609627614196,-0.2978597973313719,0.0,0.0,-1.0,0.0,72.67089715560033,72.67089715560033,-0.4048568657066046,1.216798281745865,690.3706403537909,-13277.46295645089,-248.9991429829416,0.0,1244.995714914708,-66387.31478225444,0.0,-13267.68945056943,-248.9991429829416,509.3517479838548,1244.079276813392,-66387.31478225444,-47.76068633775525,dt_005
6.819999999999877,1,T,0.0,0.0,-0.001192271103853513,0.0,0.03836624235041439,0.0,0.0,0.0,0.008246077958502908,0.0,-0.001093176224548529,0.0,32.05406204336571,0.0,1.238649824815657,0.0,-0.001093176224548529,0.0,0.0,10.0,0.0,-32.04859616224297,10.0,-1.238649824815657,33.57249642148368,0.9546086701415047,-0.2978628659142789,0.0,0.0,-1.0,0.0,72.67071297880938,72.67071297880938,-0.4048600350515808,1.216792790498083,690.3564160319523,-13277.14568247342,-248.9996007615753,0.0,1244.998003807876,-66385.72841236708,0.0,-13267.37511060644,-248.9996007615753,509.2692294682461,1244.081817244788,-66385.72841236708,-47.75417768637647,dt_005
6.824999999999877,1,T,0.0,0.0,-0.001148797465428775,0.0,0.03836066219751982,0.0,0.0,0.0,0.00914215591214911,0.0,-0.001138789132243356,0.0,32.05403458900825,0.0,1.239366376956315,0.0,-0.001138789132243356,0.0,0.0,10.0,0.0,-32.04834064334704,10.0,-1.239366376956315,33.57225250101651,0.954607994872452,-0.297865030048169,0.0,0.0,-1.0,0.0,72.67058308706847,72.67058308706847,-0.4048622702503503,1.216788917764007,690.346384520106,-13276.92192961247,-248.9999237430637,0.0,1244.999618715319,-66384.60964806234,0.0,-13267.1543639496,-248.9999237430637,509.1866142757353,1244.083697420419,-66384.60964806234,-47.74729745260603,dt_005
6.829999999999877,1,T,0.0,0.0,-0.001101317525071357,0.0,0.03835490482348539,0.0,0.0,0.0,0.009848742334390698,0.0,-0.001164083605822709,0.0,32.05401462956205,0.0,1.239887896626094,0.0,-0.001164083605822709,0.0,0.0,10.0,0.0,-32.04819421153294,10.0,-1.239887896626094,33.5721127160644,0.954607607885152,-0.2978662702754169,0.0,0.0,-1.0,0.0,72.67050864834415,72.67050864834415,-0.4048635512043495,1.216786698366668,690.3406357348316,-13276.79370309303,-249.0001088868541,0.0,1245.00054443427,-66383.96851546512,0.0,-13267.02916309344,-249.0001088868541,509.1053133870523,1244.084897336974,-66383.96851546512,-47.74017029379603,dt_005
6.834999999999877,1,T,0.0,0.0,-0.001050810771922476,0.0,0.03834907197150853,0.0,0.0,0.0,0.01035304559277347,0.0,-0.001169000187242852,0.0,32.05400252627734,0.0,1.240204862759106,0.0,-0.001169000187242852,0.0,0.0,10.0,0.0,-32.04815752534113,10.0,-1.240204862759106,33.57207769514838,0.9546075109308032,-0.2978665809964194,0.0,0.0,-1.0,0.0,72.67048999879349,72.67048999879349,-0.4048638721289319,1.216786142328618,690.3391954710612,-13276.76157805856,-249.0001552775162,0.0,1245.000776387581,-66383.8078902928,0.0,-13267.00003098868,-249.0001552775162,509.0266970977954,1244.085407559928,-66383.8078902928,-47.73292262294522,dt_005
6.839999999999876,1,T,0.0,0.0,-0.00099831654990989,0.0,0.03834326498306656,0.0,0.0,0.0,0.01064391370842121,0.0,-0.001153758722179364,0.0,32.05399857749159,0.0,1.24030937983983,0.0,-0.001153758722179364,0.0,0.0,10.0,0.0,-32.04822978388069,10.0,-1.24030937983983,33.57214667369988,0.9546077018955416,-0.2978659689889271,0.0,0.0,-1.0,0.0,72.67052673163126,72.67052673163126,-0.4048632400241252,1.216787237521519,690.3420322717558,-13276.82485280735,-249.0000639068911,0.0,1245.000319534455,-66384.12426403677,0.0,-13267.06621491818,-249.0000639068911,508.9520813393846,1244.085228206149,-66384.12426403677,-47.72568071960949,dt_005
6.844999999999876,1,T,0.0,0.0,-0.0009449292420115102,0.0,0.03833758322700413,0.0,0.0,0.0,0.01071048484026489,0.0,-0.0011189280177487,0.0,32.05400307255837,0.0,1.240193779034768,0.0,-0.0011189280177487,0.0,0.0,10.0,0.0,-32.04840843246962,10.0,-1.240193779034768,33.57231721306097,0.9546081740226592,-0.2978644559008754,0.0,0.0,-1.0,0.0,72.67061754751069,72.67061754751069,-0.4048616772493057,1.216789945205228,690.3490458708138,-13276.98129100905,-248.9998380451513,0.0,1244.999190225756,-66384.90645504526,0.0,-13267.22542969727,-248.9998380451513,508.8826970908095,1244.084370872855,-66384.90645504526,-47.71856884569022,dt_005
6.849999999999876,1,T,0.0,0.0,-0.0008917770721869208,0.0,0.03833212313749683,0.0,0.0,0.0,0.01055007592522295,0.0,-0.001065113048780334,0.0,32.05401599095821,0.0,1.23985847020952,0.0,-0.001065113048780334,0.0,0.0,10.0,0.0,-32.04869042571431,10.0,-1.23985847020952,33.57258640622244,0.9546089192512826,-0.2978620675512379,0.0,0.0,-1.0,0.0,72.67076089669263,72.67076089669263,-0.4048592104726435,1.216794219174132,690.3601167770041,-13277.22822766061,-248.9994816389116,0.0,1244.997408194558,-66386.14113830304,0.0,-13267.47496329996,-248.9994816389116,508.8197201331187,1244.082850679824,-66386.14113830304,-47.71170774064713,dt_005
6.854999999999876,1,T,0.0,0.0,-0.0008399974711951297,0.0,0.03832697744731133,0.0,0.0,0.0,0.01016168559937835,0.0,-0.0009931891080962089,0.0,32.05403725264449,0.0,1.239305425061236,0.0,-0.0009931891080962089,0.0,0.0,10.0,0.0,-32.04907130710401,10.0,-1.239305425061236,33.57294999918592,0.9546099257849292,-0.2978588417235448,0.0,0.0,-1.0,0.0,72.67095451128293,72.67095451128293,-0.4048558787204399,1.216799991810761,690.3750701343006,-13277.56176297262,-248.9990004674564,0.0,1244.995002337282,-66387.8088148631,0.0,-13267.8108717204,-248.9990004674564,508.7642300815777,1244.080692082578,-66387.8088148631,-47.70521388843682,dt_005
6.859999999999876,1,T,0.0,0.0,-0.0007907284960965136,0.0,0.03832223391102094,0.0,0.0,0.0,0.009546063081190092,0.0,-0.0009042718868560692,0.0,32.05406671723017,0.0,1.238538205034472,0.0,-0.0009042718868560692,0.0,0.0,10.0,0.0,-32.04954535779589,10.0,-1.238538205034472,33.57340253297863,0.954611178486128,-0.2978548269028483,0.0,0.0,-1.0,0.0,72.67119548104897,72.67119548104897,-0.404851732072464,1.216807176346264,690.3936815553674,-13277.97689245743,-248.9984019437697,0.0,1244.992009718849,-66389.88446228717,0.0,-13268.22810960658,-248.9984019437697,508.7171985290964,1244.077927938763,-66389.88446228717,-47.69919789023406,dt_005
6.864999999999876,1,T,0.0,0.0,-0.0007450966196309076,0.0,0.03831797415173448,0.0,0.0,0.0,0.008707089809778806,0.0,-0.0007996980047352608,0.0,32.05410413270376,0.0,1.237563304986544,0.0,-0.0007996980047352608,0.0,0.0,10.0,0.0,-32.05010564268009,10.0,-1.237563304986544,33.57393738760698,0.9546126589999128,-0.2978500818820036,0.0,0.0,-1.0,0.0,72.67148027706165,72.67148027706165,-0.4048468312551169,1.216815667565298,690.4156789205093,-13278.46754702028,-248.997695042905,0.0,1244.988475214525,-66392.3377351014,0.0,-13268.72057089995,-248.997695042905,508.6794753549828,1244.074599204734,-66392.3377351014,-47.69376301538942,dt_005
6.869999999999876,1,T,0.0,0.0,-0.0007042055794124115,0.0,0.03831427233939227,0.0,0.0,0.0,0.007649978720433946,0.0,-0.0006811119698536162,0.0,32.05414920624466,0.0,1.236388311426308,0.0,-0.0006811119698536162,0.0,0.0,10.0,0.0,-32.05074364639539,10.0,-1.236388311426308,33.57454643456788,0.9546143447941384,-0.2978446788399244,0.0,0.0,-1.0,0.0,72.67180456695179,72.67180456695179,-0.4048412508205309,1.216825336297883,690.4407280757598,-13279.02627391154,-248.9968907450115,0.0,1244.984453725058,-66395.13136955768,0.0,-13269.28077068549,-248.9968907450115,508.6517590150095,1244.070757211482,-66395.13136955768,-47.68900364160918,dt_005
6.874999999999876,1,T,0.0,0.0,-0.0006691233063822278,0.0,0.03831119395533791,0.0,0.0,0.0,0.00638383084424612,0.0,-0.0005503437894902656,0.0,32.05420150794242,0.0,1.235024417641566,0.0,-0.0005503437894902656,0.0,0.0,10.0,0.0,-32.05144978899497,10.0,-1.235024417641566,33.57522052908165,0.95461621052446,-0.2978386989696273,0.0,0.0,-1.0,0.0,72.6721634773297,72.6721634773297,-0.4048350746308097,1.216836037243462,690.4684530655853,-13279.6446879739,-248.996001366594,0.0,1244.98000683297,-66398.2234398695,0.0,-13269.90029672809,-248.996001366594,508.6345974560851,1244.066460381627,-66398.2234398695,-47.68500358972906,dt_005
6.879999999999876,1,T,0.0,0.0,-0.0006408699698016846,0.0,0.03830879465528298,0.0,0.0,0.0,0.004918653313965932,0.0,-0.0004094940586372417,0.0,32.0542605865016,0.0,1.233483407449528,0.0,-0.0004094940586372417,0.0,0.0,10.0,0.0,-32.05221311620841,10.0,-1.233483407449528,33.57594921438324,0.9546182272183658,-0.2978322350963113,0.0,0.0,-1.0,0.0,72.67255143666355,72.67255143666355,-0.4048283985618036,1.216847604286305,690.4984239586912,-13280.31320004621,-248.9950409322235,0.0,1244.975204661117,-66401.56600023105,0.0,-13270.56953864717,-248.9950409322235,508.6283626102478,1244.061776140141,-66401.56600023105,-47.6818347804432,dt_005
6.884999999999875,1,T,0.0,0.0,-0.000620407703370224,0.0,0.03830711927936412,0.0,0.0,0.0,0.00326764885804431,0.0,-0.0002607879573214274,0.0,32.05432588276272,0.0,1.231779911278647,0.0,-0.0002607879573214274,0.0,0.0,10.0,0.0,-32.05302194297611,10.0,-1.231779911278647,33.57672133602249,0.9546203639778345,-0.2978253862229123,0.0,0.0,-1.0,0.0,72.6729625026686,72.6729625026686,-0.4048213248693409,1.216859860256652,690.5301821021063,-13281.0215802174,-248.9940243460661,0.0,1244.97012173033,-66405.107901087,0.0,-13271.27825125593,-248.9940243460661,508.6332587843772,1244.056776821586,-66405.107901087,-47.67955584441684,dt_005
6.889999999999875,1,T,0.0,0.0,-0.0006086222782070771,0.0,0.03830620126736805,0.0,0.0,0.0,0.001448154916485855,0.0,-0.0001065602848231021,0.0,32.05439669439495,0.0,1.229932325848569,0.0,-0.0001065602848231021,0.0,0.0,10.0,0.0,-32.05386389297084,10.0,-1.229932325848569,33.57752507956921,0.9546225880856992,-0.2978182571914647,0.0,0.0,-1.0,0.0,72.6733903826443,72.6733903826443,-0.404813961839263,1.216872617537065,690.5632416623235,-13281.75899216389,-248.9929673271999,0.0,1244.964836636,-66408.79496081946,0.0,-13272.01558916816,-248.9929673271999,508.6493161342508,1244.051539374242,-66408.79496081946,-47.67821138297285,dt_005
6.894999999999875,1,T,0.0,0.0,-0.0006063071092502033,0.0,0.03830606208905438,0.0,0.0,0.0,-0.0005202263842426294,0.0,5.073594379226147e-05,0.0,32.05447224807224,0.0,1.227960927250844,0.0,5.073594379226147e-05,0.0,0.0,10.0,0.0,-32.0547259277912,10.0,-1.227960927250844,33.57834799846189,0.9546248650844742,-0.2978109584324419,0.0,0.0,-1.0,0.0,72.67382844852936,72.67382844852936,-0.4048064235283558,1.216885678511292,690.5970907623083,-13282.51401847777,-248.9918863599022,0.0,1244.959431799511,-66412.57009238887,0.0,-13272.77013239701,-248.9918863599022,508.6763839697165,1244.046145138435,-66412.57009238887,-47.67783125060421,dt_005
6.899999999999875,1,T,0.0,0.0,-0.0006141519590779087,0.0,0.03830671085897319,0.0,0.0,0.0,-0.002615639209317335,0.0,0.0002086117733215458,0.0,32.05455170014502,0.0,1.22588784762356,0.0,0.0002086117733215458,0.0,0.0,10.0,0.0,-32.05559475901163,10.0,-1.22588784762356,33.57917740734537,0.9546271598660286,-0.2978036024733746,0.0,0.0,-1.0,0.0,72.67426994645976,72.67426994645976,-0.4047988261582394,1.216898841812263,690.6312076543089,-13283.27502138685,-248.9907981671443,0.0,1244.953990835722,-66416.37510693425,0.0,-13273.53024700823,-248.9907981671443,508.7141393330249,1244.040677233999,-66416.37510693425,-47.67842997585439,dt_005
6.904999999999875,1,T,0.0,0.0,-0.0006327314279191336,0.0,0.03830814428447007,0.0,0.0,0.0,-0.004813877651260823,0.0,0.0003645933392838502,0.0,32.05463413273344,0.0,1.223737169767564,0.0,0.0003645933392838502,0.0,0.0,10.0,0.0,-32.05645709942986,10.0,-1.223737169767564,33.58000062191165,0.954629437335756,-0.2977963018105125,0.0,0.0,-1.0,0.0,72.6747081245132,72.6747081245132,-0.40479128591712,1.2169119061308,690.665070582647,-13284.03036274047,-248.9897193915555,0.0,1244.948596957777,-66420.15181370235,0.0,-13274.2843049752,-248.9897193915555,508.7620945980065,1244.035218968611,-66420.15181370235,-47.68000663651166,dt_005
6.909999999999875,1,T,0.0,0.0,-0.0006624970830241929,0.0,0.03831034671215711,0.0,0.0,0.0,-0.007089936119926248,0.0,0.0005162102880549893,0.0,32.05471861272422,0.0,1.221533379371147,0.0,0.0005162102880549893,0.0,0.0,10.0,0.0,-32.0572996641645,10.0,-1.221533379371147,33.58080495994759,0.954631662415472,-0.2977891688995298,0.0,0.0,-1.0,0.0,72.67513623326691,72.67513623326691,-0.404783918950192,1.21692467023225,690.6981578268001,-13284.76840497044,-248.9886665940382,0.0,1244.943332970191,-66423.84202485219,0.0,-13275.0206851216,-248.9886665940382,508.8195979859074,1244.0298538287,-66423.84202485219,-47.68254491814288,dt_005
6.914999999999875,1,T,0.0,0.0,-0.0007037720449262263,0.0,0.03831329024414111,0.0,0.0,0.0,-0.009417443857075644,0.0,0.0006610352083663522,0.0,32.0548041696272,0.0,1.219301933793081,0.0,0.0006610352083663522,0.0,0.0,10.0,0.0,-32.05810934566904,10.0,-1.219301933793081,33.5815779084139,0.9546338005051528,-0.2977823146748113,0.0,0.0,-1.0,0.0,72.67554761466549,72.67554761466549,-0.4047768398303846,1.216936935606085,690.7299545765594,-13285.47766445659,-248.987656038478,0.0,1244.93828019239,-66427.38832228296,0.0,-13275.72792632324,-248.987656038478,508.8858408485452,1244.024664398467,-66427.38832228296,-47.68601321841589,dt_005
6.919999999999875,1,T,0.0,0.0,-0.0007567462009263925,0.0,0.03831693489161638,0.0,0.0,0.0,-0.01176947992681343,0.0,0.0007966592713726392,0.0,32.05488982625029,0.0,1.217068452580071,0.0,0.0007966592713726392,0.0,0.0,10.0,0.0,-32.05887312260715,10.0,-1.217068452580071,33.58230703646525,0.954635817241386,-0.297775849322726,0.0,0.0,-1.0,0.0,72.67593565560439,72.67593565560439,-0.4047701623571052,1.21694850508199,690.7599493584969,-13286.1467318335,-248.986703812503,0.0,1244.933519062515,-66430.73365916748,0.0,-13276.39464780439,-248.986703812503,508.9598565317884,1244.01973295631,-66430.73365916748,-47.69036486218544,dt_005
6.924999999999875,1,T,0.0,0.0,-0.0008214748923917351,0.0,0.03832122890047314,0.0,0.0,0.0,-0.01411914799992446,0.0,0.0009207851136535826,0.0,32.05497461998367,0.0,1.214858153528701,0.0,0.0009207851136535826,0.0,0.0,10.0,0.0,-32.05957854555194,10.0,-1.214858153528701,33.58298045913159,0.9546376797784958,-0.2977698781729448,0.0,0.0,-1.0,0.0,72.67629403451852,72.67629403451852,-0.4047639953129015,1.216959190181927,690.7876531175287,-13286.76469765264,-248.9858252322999,0.0,1244.929126161499,-66433.82348826318,0.0,-13277.009974332,-248.9858252322999,509.0405408972915,1244.015138486106,-66433.82348826318,-47.69553839333068,dt_005
6.929999999999874,1,T,0.0,0.0,-0.0008978783078435749,0.0,0.03832610946697856,0.0,0.0,0.0,-0.01643928608947653,0.0,0.001031290314878542,0.0,32.05505759050448,0.0,1.21269616566616,0.0,0.001031290314878542,0.0,0.0,10.0,0.0,-32.06021404207887,10.0,-1.21269616566616,33.58358712859469,0.9546393575920676,-0.2977644991200334,0.0,0.0,-1.0,0.0,72.67661687612146,72.67661687612146,-0.4047584398006837,1.216968815733697,690.8126112096456,-13287.32141993422,-248.985034478068,0.0,1244.92517239034,-66436.60709967112,0.0,-13277.56380321721,-248.985034478068,509.126671997272,1244.010954822357,-66436.60709967112,-47.70145839580824,dt_005
6.934999999999874,1,T,0.0,0.0,-0.0009857414615699414,0.0,0.03833150379409948,0.0,0.0,0.0,-0.01870298347879311,0.0,0.00112629938747968,0.0,32.05513779803609,0.0,1.210607046552129,0.0,0.00112629938747968,0.0,0.0,10.0,0.0,-32.06076929497348,10.0,-1.210607046552129,33.58411719526828,0.9546408234750496,-0.2977597994271208,0.0,0.0,-1.0,0.0,72.6768989432288,72.6768989432288,-0.4047535859427951,1.216977225590171,690.8344182686276,-13287.80785583602,-248.9843441420122,0.0,1244.921720710061,-66439.03927918008,0.0,-13278.04713521261,-248.9843441420122,509.2169367662748,1244.007248342181,-66439.03927918008,-47.70803672144854,dt_005
6.939999999999874,1,T,0.0,0.0,-0.001084713826547163,0.0,0.03833733017217961,0.0,0.0,0.0,-0.02088293844118059,0.0,0.001204123077007238,0.0,32.05521429722023,0.0,1.20861545872058,0.0,0.001204123077007238,0.0,0.0,10.0,0.0,-32.06123491260526,10.0,-1.20861545872058,33.58456169315387,0.954642052664956,-0.2977558585211036,0.0,0.0,-1.0,0.0,72.67713546897893,72.67713546897893,-0.4047495157681872,1.216984277626935,690.8527052742709,-13288.21577324307,-248.9837656578797,0.0,1244.918828289399,-66441.07886621536,0.0,-13278.45178577212,-248.9837656578797,509.309934314231,1244.004080060653,-66441.07886621536,-47.71517391667695,dt_005
6.944999999999874,1,T,0.0,0.0,-0.001194302830812627,0.0,0.03834349810548069,0.0,0.0,0.0,-0.02294963915303676,0.0,0.001262935866992232,0.0,32.05528606706933,0.0,1.206747991479677,0.0,0.001262935866992232,0.0,0.0,10.0,0.0,-32.0616007464043,10.0,-1.206747991479677,33.58491093365937,0.9546430184000164,-0.2977527622375747,0.0,0.0,-1.0,0.0,72.67732130186589,72.67732130186589,-0.4047463179248344,1.21698981825137,690.8670734833723,-13288.53627704723,-248.9833114077078,0.0,1244.916557038539,-66442.68138523612,0.0,-13278.76891235669,-248.9833114077078,509.4041211354061,1244.001516151538,-66442.68138523612,-47.7227597835965,dt_005
6.949999999999874,1,T,0.0,0.0,-0.0013138735850822,0.0,0.03834990734827518,0.0,0.0,0.0,-0.02487566685535037,0.0,0.00130066413953692,0.0,32.0553521769501,0.0,1.205028830009547,0.0,0.00130066413953692,0.0,0.0,10.0,0.0,-32.06185549764778,10.0,-1.205028830009547,33.58515413024105,0.954643690879428,-0.2977506061523686,0.0,0.0,-1.0,0.0,72.67745070577571,72.67745070577571,-0.4047440911207437,1.216993676440717,690.8770789956292,-13288.7594649011,-248.9829952233931,0.0,1244.914976116965,-66443.79732450547,0.0,-13278.98867094034,-248.9829952233931,509.4977851145526,1243.99963050006,-66443.79732450547,-47.73067227703417,dt_005
6.954999999999874,1,T,0.0,0.0,-0.001442660395635404,0.0,0.03835644791146132,0.0,0.0,0.0,-0.02663612113067038,0.0,0.001315484098955742,0.0,32.05541180291392,0.0,1.20347933061127,0.0,0.001315484098955742,0.0,0.0,10.0,0.0,-32.06198922340869,10.0,-1.20347933061127,33.58528179071862,0.9546440438760622,-0.2977494743773008,0.0,0.0,-1.0,0.0,72.67751863260891,72.67751863260891,-0.4047429222244542,1.21699570168543,690.88233118921,-13288.87662301657,-248.9828292945745,0.0,1244.914146472873,-66444.38311508286,0.0,-13279.10241019738,-248.9828292945745,509.5891298354541,1243.9984892541,-66444.38311508286,-47.73877691980188,dt_005
6.959999999999874,1,T,0.0,0.0,-0.001579787501038015,0.0,0.03836300181397749,0.0,0.0,0.0,-0.02821187153117494,0.0,0.001306022678969091,0.0,32.05546435042812,0.0,1.202114827618405,0.0,0.001306022678969091,0.0,0.0,10.0,0.0,-32.06199446382296,10.0,-1.202114827618405,33.58528679344892,0.9546440577091312,-0.2977494300257273,0.0,0.0,-1.0,0.0,72.67752129449946,72.67752129449946,-0.4047428764181972,1.216995781049939,690.8825370114062,-13288.88121419332,-248.9828227928241,0.0,1244.914113964121,-66444.40607096662,0.0,-13279.10365791341,-248.9828227928241,509.6763358553305,1243.998143867259,-66444.40607096662,-47.74692871677795,dt_005
6.964999999999874,1,T,0.0,0.0,-0.001724294533349443,0.0,0.03836944684653878,0.0,0.0,0.0,-0.0295882055137551,0.0,0.001271961051882664,0.0,32.05550939830994,0.0,1.200946105127462,0.0,0.001271961051882664,0.0,0.0,10.0,0.0,-32.06186920356936,10.0,-1.200946105127462,33.58516721451286,0.9546437270592104,-0.2977504901532481,0.0,0.0,-1.0,0.0,72.67745766780769,72.67745766780769,-0.4047439713169348,1.216993884014334,690.8776173064085,-13288.77147273295,-248.9829782154754,0.0,1244.914891077377,-66443.85736366473,0.0,-13278.99071206823,-248.9829782154754,509.7577104141777,1243.9986126522,-66443.85736366473,-47.75497613441969,dt_005
6.969999999999874,1,T,0.0,0.0,-0.001875163452796658,0.0,0.03837566085973492,0.0,0.0,0.0,-0.03075675949407252,0.0,0.001213641129588367,0.0,32.05554676802126,0.0,1.19997760483644,0.0,0.001213641129588367,0.0,0.0,10.0,0.0,-32.0616149736692,10.0,-1.19997760483644,33.58492451561875,0.954643055956814,-0.2977526418244435,0.0,0.0,-1.0,0.0,72.67732852882291,72.67732852882291,-0.404746193562151,1.216990033723751,690.8676322658831,-13288.54874151587,-248.9832937466008,0.0,1244.916468733004,-66442.74370757934,0.0,-13278.76497694067,-248.9832937466008,509.8316808680087,1243.9998923722,-66442.74370757934,-47.76276688601071,dt_005
6.974999999999874,1,T,0.0,0.0,-0.002031343296007021,0.0,0.03838152506327314,0.0,0.0,0.0,-0.03171272421725649,0.0,0.001132063925485931,0.0,32.05557641293321,0.0,1.199210324392599,0.0,0.001132063925485931,0.0,0.0,10.0,0.0,-32.06123673256064,10.0,-1.199210324392599,33.58456343055981,0.9546420574693836,-0.297755843117515,0.0,0.0,-1.0,0.0,72.67713639347268,72.67713639347268,-0.4047494998593444,1.2169843051908,690.8527767530435,-13288.21736767961,-248.9837633974988,0.0,1244.918816987494,-66441.08683839803,0.0,-13278.43085716965,-248.9837633974988,509.8968347290955,1244.001958785271,-66441.08683839803,-47.77015206122105,dt_005
6.979999999999873,1,T,0.0,0.0,-0.002191767263769546,0.0,0.03838692649229429,0.0,0.0,0.0,-0.03245457082982474,0.0,0.001028558093045382,0.0,32.05559840523425,0.0,1.198642170192459,0.0,0.001028558093045382,0.0,0.0,10.0,0.0,-32.06074119569948,10.0,-1.198642170192459,33.58409037055524,0.9546407492938572,-0.2977600372576257,0.0,0.0,-1.0,0.0,72.6768846690805,72.6768846690805,-0.4047538315747231,1.21697680000514,690.8333146857932,-13287.78323889778,-248.9843790645629,0.0,1244.921895322815,-66438.91619448892,0.0,-13277.99429383985,-248.9843790645629,509.9518964462767,1244.004776807587,-66438.91619448892,-47.77698958761936,dt_005
6.984999999999873,1,T,0.0,0.0,-0.002355366928046558,0.0,0.03839175975216365,0.0,0.0,0.0,-0.03298317838601329,0.0,0.0009048230250476788,0.0,32.05561290070005,0.0,1.198268885176315,0.0,0.0009048230250476788,0.0,0.0,10.0,0.0,-32.06013701582528,10.0,-1.198268885176315,33.58351359630929,0.9546391542351478,-0.2977651510858877,0.0,0.0,-1.0,0.0,72.67657774627045,72.67657774627045,-0.4047591131536944,1.216967649073629,690.8095861025131,-13287.25394094159,-248.9851302854485,0.0,1244.925651427242,-66436.26970470793,0.0,-13277.46292102395,-248.9851302854485,509.9957567488138,1244.008299211105,-66436.26970470793,-47.7831463534635,dt_005
6.989999999999873,1,T,0.0,0.0,-0.002521084384075904,0.0,0.03839592866744147,0.0,0.0,0.0,-0.03330186328427386,0.0,0.0007628454653808996,0.0,32.05562013813634,0.0,1.198084072283326,0.0,0.0007628454653808996,0.0,0.0,10.0,0.0,-32.05943436546325,10.0,-1.198084072283326,33.58284281941369,0.9546372991070968,-0.2977710985866617,0.0,0.0,-1.0,0.0,72.67622078728486,72.67622078728486,-0.4047652557635306,1.21695700630899,690.7819907479857,-13286.63839147966,-248.9860047338857,0.0,1244.930023669428,-66433.19195739832,0.0,-13276.84569899789,-248.9860047338857,510.0274805759507,1244.012469016105,-66433.19195739832,-47.78850035330618,dt_005
6.994999999999873,1,T,0.0,0.0,-0.002687877939614471,0.0,0.03839934700761284,0.0,0.0,0.0,-0.03341379964223843,0.0,0.0006046172048121081,0.0,32.05562033971695,0.0,1.198081795447889,0.0,0.0006046172048121081,0.0,0.0,10.0,0.0,-32.05864342574101,10.0,-1.198081795447889,33.58208775967937,0.9546352107456672,-0.2977777936726908,0.0,0.0,-1.0,0.0,72.67581895866066,72.67581895866066,-0.4047721704976013,1.216945025751993,690.7509287080195,-13285.94551579913,-248.9869900773713,0.0,1244.934950386857,-66429.72757899563,0.0,-13276.15159055559,-248.9869900773713,510.0462659122622,1244.017228737114,-66429.72757899563,-47.79294194706707,dt_005
6.999999999999873,1,T,0.0,0.0,-0.002854726541516281,0.0,0.03840193897027489,0.0,0.0,0.0,-0.03332406784561413,0.0,0.0004323173226085547,0.0,32.05561378919791,0.0,1.198254548055508,0.0,0.0004323173226085547,0.0,0.0,10.0,0.0,-32.05777537581095,10.0,-1.198254548055508,33.58125908964628,0.9546329186237972,-0.2977851418049773,0.0,0.0,-1.0,0.0,72.67537793420648,72.67537793420648,-0.4047797597200599,1.216931876567758,690.7168392531449,-13285.18511321269,-248.9880727259568,0.0,1244.940363629784,-66425.92556606344,0.0,-13275.39042652102,-248.9880727259568,510.0514834426671,1244.022514107353,-66425.92556606344,-47.79637422104914,dt_005
