time,surge,sway,heave,roll,pitch,yaw,surge_rate,sway_rate,heave_rate,roll_rate,pitch_rate,yaw_rate
0.005,0.0,0.0,6.273419000989397e-06,0.0,5.362904239887867e-06,0.0,0.0,0.0,0.003123822775107228,0.0,0.00234310724368454,0.0
0.01,0.0,0.0,3.123693942679579e-05,0.0,2.341234448325141e-05,0.0,0.0,0.0,0.006863186879843847,0.0,0.004875075957568756,0.0
0.015,0.0,0.0,7.512569142748021e-05,0.0,5.408004637793223e-05,0.0,0.0,0.0,0.01073736249336174,0.0,0.007386314027826408,0.0
0.02,0.0,0.0,0.000139234812562847,0.0,9.723218136113e-05,0.0,0.0,0.0,0.01497969339266169,0.0,0.009875461878035044,0.0
0.025,0.0,0.0,0.0002252667142412404,0.0,0.000152840100369471,0.0,0.0,0.0,0.01946962749164701,0.0,0.0123821401803569,0.0
0.03,0.0,0.0,0.0003343594495212133,0.0,0.0002211570196346044,0.0,0.0,0.0,0.02421024760094677,0.0,0.01494724777691807,0.0
0.035,0.0,0.0,0.0004669975092028317,0.0,0.0003022301432470434,0.0,0.0,0.0,0.02880590341719474,0.0,0.01748066056971768,0.0
0.04,0.0,0.0,0.0006225625544411359,0.0,0.0003959171343856719,0.0,0.0,0.0,0.03343217960218541,0.0,0.01998343247319454,0.0
0.045,0.0,0.0,0.0008012269862620106,0.0,0.0005020441802105604,0.0,0.0,0.0,0.03807490411258043,0.0,0.02245840451138391,0.0
0.05,0.0,0.0,0.001002869426936818,0.0,0.0006204547027578134,0.0,0.0,0.0,0.04258579332794853,0.0,0.02490255975047527,0.0
0.05499999999999999,0.0,0.0,0.001226904774039492,0.0,0.0007509982033949295,0.0,0.0,0.0,0.0469771728810419,0.0,0.02729955450213761,0.0
0.05999999999999999,0.0,0.0,0.001471886041306587,0.0,0.0008933631955891961,0.0,0.0,0.0,0.05096000793802359,0.0,0.02963801675450952,0.0
0.06499999999999999,0.0,0.0,0.001736291048997586,0.0,0.001047296141509493,0.0,0.0,0.0,0.05474887280415811,0.0,0.03192886653237693,0.0
0.06999999999999999,0.0,0.0,0.002018962747167305,0.0,0.001212568109192276,0.0,0.0,0.0,0.05828939960670646,0.0,0.03417010613069887,0.0
0.075,0.0,0.0,0.002318722049747259,0.0,0.001388896448582134,0.0,0.0,0.0,0.06161521294781434,0.0,0.03634450502829892,0.0
0.08,0.0,0.0,0.002634717337993674,0.0,0.001575950342951141,0.0,0.0,0.0,0.06473058906369356,0.0,0.03847377300012128,0.0
0.085,0.0,0.0,0.002965923287916407,0.0,0.001773570133334176,0.0,0.0,0.0,0.06773245889896606,0.0,0.04056896210170445,0.0
0.09000000000000001,0.0,0.0,0.00331189860417628,0.0,0.001981579039706278,0.0,0.0,0.0,0.07062864598718936,0.0,0.04262979377753252,0.0
0.095,0.0,0.0,0.00367213680989173,0.0,0.002199805400252065,0.0,0.0,0.0,0.07344741364966494,0.0,0.04465516604771035,0.0
0.1,0.0,0.0,0.004046129713870607,0.0,0.002428070537507589,0.0,0.0,0.0,0.07615200188652152,0.0,0.04664276502417975,0.0
0.105,0.0,0.0,0.004433724460519694,0.0,0.002666144588495387,0.0,0.0,0.0,0.07885627129657258,0.0,0.04858270552786507,0.0
0.11,0.0,0.0,0.004834145896046436,0.0,0.002913878002373511,0.0,0.0,0.0,0.0812780582979127,0.0,0.05050649425363829,0.0
0.115,0.0,0.0,0.005246445982643578,0.0,0.003171138809899718,0.0,0.0,0.0,0.08360866492103063,0.0,0.05239279391763139,0.0
0.12,0.0,0.0,0.005669911259257723,0.0,0.00343775398744668,0.0,0.0,0.0,0.08578293658084009,0.0,0.05424341708030647,0.0
0.125,0.0,0.0,0.006104271437504988,0.0,0.003713483820172135,0.0,0.0,0.0,0.08795161198560181,0.0,0.05604040273802986,0.0
0.13,0.0,0.0,0.006549355779243361,0.0,0.003998076693722509,0.0,0.0,0.0,0.0900582780947775,0.0,0.05779077922496641,0.0
0.135,0.0,0.0,0.007004607068646711,0.0,0.004291331159640606,0.0,0.0,0.0,0.09203967082112764,0.0,0.05950152136326287,0.0
0.14,0.0,0.0,0.007469568309866048,0.0,0.004593022610098463,0.0,0.0,0.0,0.09392277057011136,0.0,0.06116855454393931,0.0
0.145,0.0,0.0,0.00794383997455423,0.0,0.0049029177306794,0.0,0.0,0.0,0.0957815403978484,0.0,0.06278046584995345,0.0
0.15,0.0,0.0,0.00842723538284487,0.0,0.005220748907683754,0.0,0.0,0.0,0.09757877985399337,0.0,0.06434185845306066,0.0
0.1550000000000001,0.0,0.0,0.008919446939637681,0.0,0.005546263499010994,0.0,0.0,0.0,0.0993010841337665,0.0,0.0658551250047127,0.0
0.1600000000000001,0.0,0.0,0.009420342030392137,0.0,0.005879188633650384,0.0,0.0,0.0,0.1010575664471284,0.0,0.06730496860914958,0.0
0.1650000000000001,0.0,0.0,0.009929915953860727,0.0,0.006219226141037211,0.0,0.0,0.0,0.102757142442682,0.0,0.0687022374668873,0.0
0.1700000000000001,0.0,0.0,0.01044788887384172,0.0,0.00656611568024246,0.0,0.0,0.0,0.1044581253993624,0.0,0.07004059670408147,0.0
0.1750000000000001,0.0,0.0,0.01097447776958101,0.0,0.006919532561305455,0.0,0.0,0.0,0.1061699647841043,0.0,0.07131697605884325,0.0
0.1800000000000001,0.0,0.0,0.01151001132376427,0.0,0.007279128727690509,0.0,0.0,0.0,0.1080765402224997,0.0,0.07250769062368144,0.0
0.1850000000000001,0.0,0.0,0.01205508461063668,0.0,0.007644534046957509,0.0,0.0,0.0,0.1099442784246077,0.0,0.07364579882437503,0.0
0.1900000000000001,0.0,0.0,0.01260952565189492,0.0,0.008015476411319764,0.0,0.0,0.0,0.1118090836654214,0.0,0.07472363408457575,0.0
0.1950000000000001,0.0,0.0,0.01317317768604163,0.0,0.008391669762451204,0.0,0.0,0.0,0.1136658216657841,0.0,0.07574198475947957,0.0
0.2000000000000001,0.0,0.0,0.01374610765331952,0.0,0.008772816303427326,0.0,0.0,0.0,0.1155025310875171,0.0,0.07670751378002291,0.0
0.2050000000000001,0.0,0.0,0.01432838953009444,0.0,0.009158621422711986,0.0,0.0,0.0,0.1174311439443396,0.0,0.07760235414404053,0.0
0.2100000000000001,0.0,0.0,0.01492054768052004,0.0,0.00954872100884354,0.0,0.0,0.0,0.1194321088485694,0.0,0.07842792841994835,0.0
0.2150000000000001,0.0,0.0,0.01552237944316414,0.0,0.009942843865092569,0.0,0.0,0.0,0.1212738792053411,0.0,0.07921442278411495,0.0
0.2200000000000001,0.0,0.0,0.01613334829972117,0.0,0.01034076108697753,0.0,0.0,0.0,0.1230983198988188,0.0,0.07994504175656561,0.0
0.2250000000000001,0.0,0.0,0.01675338536868938,0.0,0.01074219654159566,0.0,0.0,0.0,0.1248861120870463,0.0,0.08062409175176556,0.0
0.2300000000000001,0.0,0.0,0.01738192207011714,0.0,0.01114694826069523,0.0,0.0,0.0,0.1265074959314012,0.0,0.08127019553344163,0.0
0.2350000000000001,0.0,0.0,0.01801816107169397,0.0,0.01155484662668536,0.0,0.0,0.0,0.1279506695228163,0.0,0.08188506511718954,0.0
0.2400000000000001,0.0,0.0,0.0186611655804978,0.0,0.01196574727170914,0.0,0.0,0.0,0.1292234965887683,0.0,0.0824701128300415,0.0
0.2450000000000001,0.0,0.0,0.0193092650884151,0.0,0.01237958912956667,0.0,0.0,0.0,0.1299407327223852,0.0,0.08306686656296548,0.0
0.2500000000000001,0.0,0.0,0.01995995908916191,0.0,0.01279640939924382,0.0,0.0,0.0,0.1302741050469271,0.0,0.0836608609615294,0.0
0.2550000000000001,0.0,0.0,0.02061150125110119,0.0,0.01321617333853181,0.0,0.0,0.0,0.1302941997324039,0.0,0.08424245502362064,0.0
0.2600000000000001,0.0,0.0,0.02126245472581591,0.0,0.0136388068445957,0.0,0.0,0.0,0.1300598988204814,0.0,0.0848057304950318,0.0
0.2650000000000001,0.0,0.0,0.02191038930981008,0.0,0.0140643461850782,0.0,0.0,0.0,0.129037613779002,0.0,0.08541127132902154,0.0
0.2700000000000001,0.0,0.0,0.022552484752485,0.0,0.01449288066737706,0.0,0.0,0.0,0.1277633912020944,0.0,0.08599882854857924,0.0
0.2750000000000001,0.0,0.0,0.02318697566428366,0.0,0.01492437492321502,0.0,0.0,0.0,0.1259935936122978,0.0,0.08659555034991878,0.0
0.2800000000000001,0.0,0.0,0.0238120580973924,0.0,0.01535880060756755,0.0,0.0,0.0,0.124007705430896,0.0,0.08717049574204859,0.0
0.2850000000000001,0.0,0.0,0.02442631168630507,0.0,0.01579609123355878,0.0,0.0,0.0,0.1216641551676668,0.0,0.08774137813716643,0.0
0.2900000000000001,0.0,0.0,0.02502850203324607,0.0,0.01623616058976556,0.0,0.0,0.0,0.1191941432069032,0.0,0.08828062721670489,0.0
0.2950000000000002,0.0,0.0,0.02561810778372636,0.0,0.01667883866125676,0.0,0.0,0.0,0.1166318159448131,0.0,0.0887848021056676,0.0
0.3000000000000002,0.0,0.0,0.02619468427835647,0.0,0.01712395023319358,0.0,0.0,0.0,0.1139832184804192,0.0,0.08925406899856683,0.0
0.3050000000000002,0.0,0.0,0.02675781183923279,0.0,0.01757132141342254,0.0,0.0,0.0,0.1112528560129223,0.0,0.08968869134081546,0.0
0.3100000000000002,0.0,0.0,0.02730708730287531,0.0,0.01802078061346267,0.0,0.0,0.0,0.1084427877939904,0.0,0.09008936035847682,0.0
0.3150000000000002,0.0,0.0,0.02784211965501168,0.0,0.01847215918027311,0.0,0.0,0.0,0.1055560285819168,0.0,0.09045651795848264,0.0
0.3200000000000002,0.0,0.0,0.02836253287023689,0.0,0.01892529057222956,0.0,0.0,0.0,0.1025960178264091,0.0,0.09079047167806752,0.0
0.3250000000000002,0.0,0.0,0.02886796181672422,0.0,0.01938001093664965,0.0,0.0,0.0,0.09956198677952934,0.0,0.09109233510986342,0.0
0.3300000000000002,0.0,0.0,0.02935804399460707,0.0,0.01983616056797304,0.0,0.0,0.0,0.0964580285759101,0.0,0.09136219025171809,0.0
0.3350000000000002,0.0,0.0,0.02983243637400607,0.0,0.02029358026899947,0.0,0.0,0.0,0.0932864964641676,0.0,0.09160043302117477,0.0
0.3400000000000002,0.0,0.0,0.03029080581394558,0.0,0.02075211309855871,0.0,0.0,0.0,0.0900492794068471,0.0,0.09180751143056284,0.0
0.3450000000000002,0.0,0.0,0.03073282827165324,0.0,0.02121160434175636,0.0,0.0,0.0,0.08674813096131727,0.0,0.09198386684512948,0.0
0.3500000000000002,0.0,0.0,0.0311581934907944,0.0,0.02167190038231354,0.0,0.0,0.0,0.08338747480518487,0.0,0.09212936226914092,0.0
0.3550000000000002,0.0,0.0,0.03156662711069315,0.0,0.02213284415995555,0.0,0.0,0.0,0.07997785378886675,0.0,0.0922426501021512,0.0
0.3600000000000002,0.0,0.0,0.03195792915879001,0.0,0.02259426780151774,0.0,0.0,0.0,0.07653864543142705,0.0,0.09232073997976184,0.0
0.3650000000000002,0.0,0.0,0.03233197362381261,0.0,0.02305599310635594,0.0,0.0,0.0,0.07307789017270505,0.0,0.09236292490700028,0.0
0.3700000000000002,0.0,0.0,0.03268873379610972,0.0,0.02351782769346361,0.0,0.0,0.0,0.06963002501155174,0.0,0.09236371296166623,0.0
0.3750000000000002,0.0,0.0,0.03302826375008155,0.0,0.02397956839117134,0.0,0.0,0.0,0.06618681748761536,0.0,0.09232533409998778,0.0
0.3800000000000002,0.0,0.0,0.03335065360348947,0.0,0.02444100938075883,0.0,0.0,0.0,0.0627797923807072,0.0,0.09224302053487306,0.0
0.3850000000000002,0.0,0.0,0.03365612992026892,0.0,0.02490192488614744,0.0,0.0,0.0,0.05942471079387936,0.0,0.0921146984987568,0.0
0.3900000000000002,0.0,0.0,0.03394499605488303,0.0,0.02536207934235271,0.0,0.0,0.0,0.05613002282663809,0.0,0.091939732284755,0.0
0.3950000000000002,0.0,0.0,0.03421757728774213,0.0,0.02582123785338612,0.0,0.0,0.0,0.05291024984868733,0.0,0.09171654322457422,0.0
0.4000000000000002,0.0,0.0,0.03447425368721185,0.0,0.02627915895840612,0.0,0.0,0.0,0.04979329719862059,0.0,0.09144075891501552,0.0
0.4050000000000002,0.0,0.0,0.0347156583332949,0.0,0.0267355635629158,0.0,0.0,0.0,0.04679121591999907,0.0,0.0911118242995418,0.0
0.4100000000000003,0.0,0.0,0.03494235719439669,0.0,0.02719018742069172,0.0,0.0,0.0,0.04391181657661823,0.0,0.09072842565543277,0.0
0.4150000000000003,0.0,0.0,0.03515490702523918,0.0,0.02764277007714726,0.0,0.0,0.0,0.04113133603723483,0.0,0.0902955752963928,0.0
0.4200000000000003,0.0,0.0,0.03535311840779096,0.0,0.02809317999564348,0.0,0.0,0.0,0.0381249072546078,0.0,0.0898679436369579,0.0
0.4250000000000003,0.0,0.0,0.03553630493134132,0.0,0.02854137009540107,0.0,0.0,0.0,0.0351668113754285,0.0,0.08940025222846276,0.0
0.4300000000000003,0.0,0.0,0.03570479608354119,0.0,0.02898712916943581,0.0,0.0,0.0,0.03223659110933616,0.0,0.08889747001626713,0.0
0.4350000000000003,0.0,0.0,0.035858745390316,0.0,0.02943028176362018,0.0,0.0,0.0,0.02935164399547953,0.0,0.08835756909906047,0.0
0.4400000000000003,0.0,0.0,0.03599837405869592,0.0,0.02987064533926673,0.0,0.0,0.0,0.0264826988904741,0.0,0.08778640267890964,0.0
0.4450000000000003,0.0,0.0,0.03612258545024904,0.0,0.03030826776772734,0.0,0.0,0.0,0.02319706790318182,0.0,0.08725918310685597,0.0
0.4500000000000003,0.0,0.0,0.03623003085099025,0.0,0.03074324729597741,0.0,0.0,0.0,0.01970423967399551,0.0,0.08674227805268311,0.0
0.4550000000000003,0.0,0.0,0.0363189381138817,0.0,0.03117577022521197,0.0,0.0,0.0,0.01584285348651669,0.0,0.08626587224493439,0.0
0.4600000000000003,0.0,0.0,0.03638774604040417,0.0,0.03160599555209903,0.0,0.0,0.0,0.01167292524261895,0.0,0.08582188301860219,0.0
0.4650000000000003,0.0,0.0,0.03643520073184853,0.0,0.03203403754462395,0.0,0.0,0.0,0.007303200273423923,0.0,0.08539240777624765,0.0
0.4700000000000003,0.0,0.0,0.03646052289969257,0.0,0.03245993065068322,0.0,0.0,0.0,0.002821089737706286,0.0,0.08496227267822908,0.0
0.4750000000000003,0.0,0.0,0.03646329871542289,0.0,0.03288364539593275,0.0,0.0,0.0,-0.001712976604935278,0.0,0.08452074157002966,0.0
0.4800000000000003,0.0,0.0,0.03644335511704525,0.0,0.03330510968743116,0.0,0.0,0.0,-0.006264703041903259,0.0,0.08406182069596374,0.0
0.4850000000000003,0.0,0.0,0.03640062693315564,0.0,0.03372423431866408,0.0,0.0,0.0,-0.01082629642144411,0.0,0.08358490878345737,0.0
0.4900000000000003,0.0,0.0,0.03633507481891447,0.0,0.03414092978853276,0.0,0.0,0.0,-0.0153938905576003,0.0,0.08309021082196219,0.0
0.4950000000000003,0.0,0.0,0.03624667845866186,0.0,0.03455510764885249,0.0,0.0,0.0,-0.01996362146262992,0.0,0.08257791758174034,0.0
0.5000000000000003,0.0,0.0,0.03613543698675261,0.0,0.03496668030856308,0.0,0.0,0.0,-0.02453157338733165,0.0,0.08204818156114171,0.0
0.5050000000000003,0.0,0.0,0.0360013691954344,0.0,0.03537556085051052,0.0,0.0,0.0,-0.02909379744715068,0.0,0.08150112023930252,0.0
0.5100000000000003,0.0,0.0,0.03584451364424561,0.0,0.03578166288033235,0.0,0.0,0.0,-0.03364633991869925,0.0,0.08093682541927734,0.0
0.5150000000000003,0.0,0.0,0.03566492873933234,0.0,0.03618490039760461,0.0,0.0,0.0,-0.03818521156220733,0.0,0.08035536365971852,0.0
0.5200000000000004,0.0,0.0,0.0354626928000111,0.0,0.03658518768879393,0.0,0.0,0.0,-0.04270643182446829,0.0,0.07975678165081507,0.0
0.5250000000000004,0.0,0.0,0.03523790400681137,0.0,0.0369824392391909,0.0,0.0,0.0,-0.04720604611642134,0.0,0.07914111386860949,0.0
0.5300000000000004,0.0,0.0,0.03499068021983763,0.0,0.03737656968684556,0.0,0.0,0.0,-0.05168013282287567,0.0,0.07850838733792218,0.0
0.5350000000000004,0.0,0.0,0.03472115869641902,0.0,0.03776749380777959,0.0,0.0,0.0,-0.05612485135924105,0.0,0.07785862936817302,0.0
0.5400000000000004,0.0,0.0,0.03442949567821525,0.0,0.0381551265297668,0.0,0.0,0.0,-0.06053645668924339,0.0,0.07719187457196108,0.0
0.5450000000000004,0.0,0.0,0.03411586578165056,0.0,0.03853938299272597,0.0,0.0,0.0,-0.06491133580038132,0.0,0.07650817222020914,0.0
0.5500000000000004,0.0,0.0,0.03378046146188568,0.0,0.03892017859590961,0.0,0.0,0.0,-0.06924596408482779,0.0,0.0758075779382056,0.0
0.5550000000000004,0.0,0.0,0.03342349217960768,0.0,0.03929742911263449,0.0,0.0,0.0,-0.07353707327319113,0.0,0.07509018505202339,0.0
0.5600000000000004,0.0,0.0,0.03304518331644341,0.0,0.03967105083042993,0.0,0.0,0.0,-0.0777815532889628,0.0,0.07435610618265744,0.0
0.5650000000000004,0.0,0.0,0.03264577528225419,0.0,0.04004096068344842,0.0,0.0,0.0,-0.08197650840863224,0.0,0.0736054875916144,0.0
0.5700000000000004,0.0,0.0,0.03222552231282515,0.0,0.04040707642073536,0.0,0.0,0.0,-0.08611930473446255,0.0,0.07283850912657283,0.0
0.5750000000000004,0.0,0.0,0.03178469120123808,0.0,0.0407693167806676,0.0,0.0,0.0,-0.09020754507891934,0.0,0.07205538594947843,0.0
0.5800000000000004,0.0,0.0,0.03132356001166439,0.0,0.04112760168996776,0.0,0.0,0.0,-0.09423912667670564,0.0,0.07125637943052429,0.0
0.5850000000000004,0.0,0.0,0.0308424167111325,0.0,0.04148185246920026,0.0,0.0,0.0,-0.09821218649154756,0.0,0.07044178465168557,0.0
0.5900000000000004,0.0,0.0,0.03034155766961612,0.0,0.04183199204062755,0.0,0.0,0.0,-0.1021252247379924,0.0,0.0696119474829951,0.0
0.5950000000000004,0.0,0.0,0.02982128607728476,0.0,0.04217794514338895,0.0,0.0,0.0,-0.1059770119722066,0.0,0.068767248979504,0.0
0.6000000000000004,0.0,0.0,0.02928191060287162,0.0,0.04251963851918262,0.0,0.0,0.0,-0.1097665885850879,0.0,0.06790810878000363,0.0
0.6050000000000004,0.0,0.0,0.02872374402021896,0.0,0.04285700111546997,0.0,0.0,0.0,-0.1134932694640563,0.0,0.06703498935266897,0.0
0.6100000000000004,0.0,0.0,0.02814710192458206,0.0,0.04318996426440952,0.0,0.0,0.0,-0.1171566091174816,0.0,0.06614838234910593,0.0
0.6150000000000004,0.0,0.0,0.02755230146624831,0.0,0.04351846183646172,0.0,0.0,0.0,-0.120756433249856,0.0,0.0652488111160326,0.0
0.6200000000000004,0.0,0.0,0.026939660153013,0.0,0.04384243038568419,0.0,0.0,0.0,-0.1242927688382038,0.0,0.06433682574933981,0.0
0.6250000000000004,0.0,0.0,0.0263094949188125,0.0,0.044161809272167,0.0,0.0,0.0,-0.1277658216268016,0.0,0.06341299855858312,0.0
0.6300000000000004,0.0,0.0,0.02566212102221261,0.0,0.0444765407816243,0.0,0.0,0.0,-0.1311760478137645,0.0,0.0624779266833151,0.0
0.6350000000000005,0.0,0.0,0.02499785185139896,0.0,0.04478657017391503,0.0,0.0,0.0,-0.1345237425046279,0.0,0.06153220332025478,0.0
0.6400000000000005,0.0,0.0,0.02431699894563672,0.0,0.0450918457109771,0.0,0.0,0.0,-0.1378093521664214,0.0,0.06057643552953346,0.0
0.6450000000000005,0.0,0.0,0.02361987173970888,0.0,0.04539231868135464,0.0,0.0,0.0,-0.1410332628273673,0.0,0.05961122653193594,0.0
0.6500000000000005,0.0,0.0,0.02290677844223035,0.0,0.04568794332858224,0.0,0.0,0.0,-0.1441955723957663,0.0,0.05863715431102293,0.0
0.6550000000000005,0.0,0.0,0.02217802815593422,0.0,0.04597867665945383,0.0,0.0,0.0,-0.1472958323617258,0.0,0.05765474674883164,0.0
0.6600000000000005,0.0,0.0,0.02143393188467823,0.0,0.04626447830778528,0.0,0.0,0.0,-0.1503337506679638,0.0,0.05666452739161479,0.0
0.6650000000000005,0.0,0.0,0.02067480133373823,0.0,0.04654531054722444,0.0,0.0,0.0,-0.1533093403740821,0.0,0.05566702948234713,0.0
0.6700000000000005,0.0,0.0,0.0199009465091601,0.0,0.04682113842556984,0.0,0.0,0.0,-0.156223287705205,0.0,0.05466283199040699,0.0
0.6750000000000005,0.0,0.0,0.0191126722269349,0.0,0.04709193002903665,0.0,0.0,0.0,-0.1590769383589032,0.0,0.053652567475055,0.0
0.6800000000000005,0.0,0.0,0.01831027595857545,0.0,0.04735765664123803,0.0,0.0,0.0,-0.1618719464667333,0.0,0.05263688516224489,0.0
0.6850000000000005,0.0,0.0,0.01749404562107311,0.0,0.04761829285140683,0.0,0.0,0.0,-0.1646104166269168,0.0,0.05161645490111651,0.0
0.6900000000000005,0.0,0.0,0.01666425836369759,0.0,0.04787381658599043,0.0,0.0,0.0,-0.1672945716791116,0.0,0.05059194301580786,0.0
0.6950000000000005,0.0,0.0,0.0158211800165084,0.0,0.04812420908465391,0.0,0.0,0.0,-0.1699267161676069,0.0,0.04956400827673384,0.0
0.7000000000000005,0.0,0.0,0.01496506459274079,0.0,0.04836945484474903,0.0,0.0,0.0,-0.1725092678982653,0.0,0.04853329408937132,0.0
0.7050000000000005,0.0,0.0,0.01409615399005511,0.0,0.04860954151284488,0.0,0.0,0.0,-0.1750446586330063,0.0,0.04750041717550402,0.0
0.7100000000000005,0.0,0.0,0.01321467811396275,0.0,0.04884445973770075,0.0,0.0,0.0,-0.1775352517884834,0.0,0.04646596152955935,0.0
0.7150000000000005,0.0,0.0,0.0123208549454902,0.0,0.04907420296705731,0.0,0.0,0.0,-0.1799834545918991,0.0,0.04543046260951848,0.0
0.7200000000000005,0.0,0.0,0.01141489091449831,0.0,0.04929876719570861,0.0,0.0,0.0,-0.1823914773379063,0.0,0.04439440319609794,0.0
0.7250000000000005,0.0,0.0,0.01049698177375811,0.0,0.04951815066083844,0.0,0.0,0.0,-0.1847613863678972,0.0,0.04335819856291583,0.0
0.7300000000000005,0.0,0.0,0.009567313445060276,0.0,0.04973235349780154,0.0,0.0,0.0,-0.1870950429557977,0.0,0.04232219194767092,0.0
0.7350000000000005,0.0,0.0,0.008626063256258708,0.0,0.04994137735781617,0.0,0.0,0.0,-0.1893940242691449,0.0,0.04128664658515149,0.0
0.7400000000000005,0.0,0.0,0.007673401302125803,0.0,0.05014522501368208,0.0,0.0,0.0,-0.1916596450014465,0.0,0.04025174787426663,0.0
0.7450000000000006,0.0,0.0,0.00670949211441386,0.0,0.05034389996839723,0.0,0.0,0.0,-0.1938928175466986,0.0,0.03921760301506443,0.0
0.7500000000000006,0.0,0.0,0.005734496683448042,0.0,0.05053740606536428,0.0,0.0,0.0,-0.1960940464379017,0.0,0.03818424116972022,0.0
0.7550000000000006,0.0,0.0,0.004748574641166975,0.0,0.05072574713108381,0.0,0.0,0.0,-0.1982633699912543,0.0,0.03715162671335035,0.0
0.7600000000000006,0.0,0.0,0.00375188685951176,0.0,0.0509089266464037,0.0,0.0,0.0,-0.2004002483231907,0.0,0.03611965595957899,0.0
0.7650000000000006,0.0,0.0,0.00274459808048421,0.0,0.05108694740558517,0.0,0.0,0.0,-0.202503683618652,0.0,0.0350881599992083,0.0
0.7700000000000006,0.0,0.0,0.001726879308815946,0.0,0.05125981123861616,0.0,0.0,0.0,-0.2045721621967219,0.0,0.034056920911848,0.0
0.7750000000000006,0.0,0.0,0.0006989103224138981,0.0,0.05142751875395656,0.0,0.0,0.0,-0.2066036909693661,0.0,0.03302566844492994,0.0
0.7800000000000006,0.0,0.0,-0.0003391178357064997,0.0,0.05159006910262122,0.0,0.0,0.0,-0.2085957564073057,0.0,0.0319940900969307,0.0
0.7850000000000006,0.0,0.0,-0.001387000443672019,0.0,0.05174745977148087,0.0,0.0,0.0,-0.2105453996679507,0.0,0.03096183241678642,0.0
0.7900000000000006,0.0,0.0,-0.002444516860665239,0.0,0.05189968641621225,0.0,0.0,0.0,-0.2124492261431527,0.0,0.02992851705706667,0.0
0.7950000000000006,0.0,0.0,-0.003511428504692344,0.0,0.05204674275149856,0.0,0.0,0.0,-0.2143034275053735,0.0,0.02889374669389652,0.0
0.8000000000000006,0.0,0.0,-0.00458747720527279,0.0,0.05218862044177762,0.0,0.0,0.0,-0.2161039972556558,0.0,0.02785709688327596,0.0
0.8050000000000006,0.0,0.0,-0.005672384017429529,0.0,0.05232530903097274,0.0,0.0,0.0,-0.2178466333655842,0.0,0.02681814589185961,0.0
0.8100000000000006,0.0,0.0,-0.006765848029813698,0.0,0.05245679597175423,0.0,0.0,0.0,-0.2195268393511536,0.0,0.02577647675112909,0.0
0.8150000000000006,0.0,0.0,-0.007867545516442745,0.0,0.05258306667166747,0.0,0.0,0.0,-0.2211400003183494,0.0,0.02473169134143288,0.0
0.8200000000000006,0.0,0.0,-0.00897712951682501,0.0,0.0527041046053244,0.0,0.0,0.0,-0.2226814228132164,0.0,0.02368341099158751,0.0
0.8250000000000006,0.0,0.0,-0.01009422962892466,0.0,0.05281989144312058,0.0,0.0,0.0,-0.2241464373836414,0.0,0.02263129599265104,0.0
0.8300000000000006,0.0,0.0,-0.01121845225080289,0.0,0.05293040728285682,0.0,0.0,0.0,-0.2255304233326645,0.0,0.02157505503921986,0.0
0.8350000000000006,0.0,0.0,-0.01234938106747726,0.0,0.05303563089511558,0.0,0.0,0.0,-0.2268289232595938,0.0,0.02051444958448637,0.0
0.8400000000000006,0.0,0.0,-0.01348657812903243,0.0,0.05313554004349923,0.0,0.0,0.0,-0.2280377346984553,0.0,0.01944931431681637,0.0
0.8450000000000006,0.0,0.0,-0.01462958490462719,0.0,0.05323011184403445,0.0,0.0,0.0,-0.2291528364574376,0.0,0.01837955711890331,0.0
0.8500000000000006,0.0,0.0,-0.01577792377972396,0.0,0.0533193231440891,0.0,0.0,0.0,-0.2301706111019592,0.0,0.01730516166943953,0.0
0.8550000000000006,0.0,0.0,-0.0169310999968999,0.0,0.05340315092142516,0.0,0.0,0.0,-0.2310878157710637,0.0,0.01622619561836695,0.0
0.8600000000000007,0.0,0.0,-0.01808860333265928,0.0,0.05348157270126035,0.0,0.0,0.0,-0.2319015071630534,0.0,0.01514281057959856,0.0
0.8650000000000007,0.0,0.0,-0.01924990989813801,0.0,0.05355456697894225,0.0,0.0,0.0,-0.2326091681128928,0.0,0.01405524371943266,0.0
0.8700000000000007,0.0,0.0,-0.02041448443423951,0.0,0.05362211362177247,0.0,0.0,0.0,-0.2332087596742584,0.0,0.01296380538542442,0.0
0.8750000000000007,0.0,0.0,-0.02158178241554096,0.0,0.05368419424477705,0.0,0.0,0.0,-0.2336986175623448,0.0,0.01186888479510081,0.0
0.8800000000000007,0.0,0.0,-0.02275125212197062,0.0,0.05374079257895687,0.0,0.0,0.0,-0.2340775222325727,0.0,0.01077093817666685,0.0
0.8850000000000007,0.0,0.0,-0.02392233680892222,0.0,0.05379189482502868,0.0,0.0,0.0,-0.2343446871986738,0.0,0.009670497734237796,0.0
0.8900000000000007,0.0,0.0,-0.02509447657200476,0.0,0.05383748996871003,0.0,0.0,0.0,-0.2344996337112815,0.0,0.0085681450735716,0.0
0.8950000000000007,0.0,0.0,-0.02626711006669434,0.0,0.05387756999543717,0.0,0.0,0.0,-0.2345422629946739,0.0,0.007464497959988321,0.0
0.9000000000000007,0.0,0.0,-0.02743967625026926,0.0,0.05391213008088317,0.0,0.0,0.0,-0.2344727918247729,0.0,0.006360214804872588,0.0
0.9050000000000008,0.0,0.0,-0.02861161558697284,0.0,0.05394116874808135,0.0,0.0,0.0,-0.2342916084586257,0.0,0.005255975685789841,0.0
0.9100000000000008,0.0,0.0,-0.02978237080271582,0.0,0.0539646879305854,0.0,0.0,0.0,-0.2339992212376888,0.0,0.004152465194869687,0.0
0.9150000000000008,0.0,0.0,-0.03095138737599838,0.0,0.05398269298945099,0.0,0.0,0.0,-0.2335962321676177,0.0,0.00305036828538294,0.0
0.9200000000000008,0.0,0.0,-0.03211810838809013,0.0,0.05399519217281917,0.0,0.0,0.0,-0.2330808624874737,0.0,0.001950135487015736,0.0
0.9250000000000008,0.0,0.0,-0.03328194572315215,0.0,0.05400219353157275,0.0,0.0,0.0,-0.2324428812892415,0.0,0.0008512816117925917,0.0
0.9300000000000008,0.0,0.0,-0.03444228899781383,0.0,0.05400370556493834,0.0,0.0,0.0,-0.2316833557947789,0.0,-0.0002455523548346153,0.0
0.9350000000000008,0.0,0.0,-0.03559853582662133,0.0,0.05399974028333392,0.0,0.0,0.0,-0.2308044334847255,0.0,-0.001339601834981717,0.0
0.9400000000000008,0.0,0.0,-0.03675009767089273,0.0,0.05399031382707994,0.0,0.0,0.0,-0.2298095055661504,0.0,-0.002429979370985007,0.0
0.9450000000000008,0.0,0.0,-0.03789640526548504,0.0,0.05397544694684585,0.0,0.0,0.0,-0.2287028799835408,0.0,-0.003515729607276502,0.0
0.9500000000000008,0.0,0.0,-0.03903691274212979,0.0,0.05395516528172613,0.0,0.0,0.0,-0.2274896091861009,0.0,-0.004595852397919644,0.0
0.9550000000000008,0.0,0.0,-0.04017110071793095,0.0,0.05392949949065941,0.0,0.0,0.0,-0.2261752291775121,0.0,-0.005669340417281175,0.0
0.9600000000000009,0.0,0.0,-0.04129847892950647,0.0,0.05389848537814643,0.0,0.0,0.0,-0.224765853958033,0.0,-0.006735142979885598,0.0
0.9650000000000007,0.0,0.0,-0.04241858885703305,0.0,0.05386216397475425,0.0,0.0,0.0,-0.2232680658975158,0.0,-0.007792220204793441,0.0
0.9700000000000008,0.0,0.0,-0.0435310058638695,0.0,0.05382058151588219,0.0,0.0,0.0,-0.2216888332978699,0.0,-0.008839530328294404,0.0
0.9750000000000008,0.0,0.0,-0.04463534073645338,0.0,0.05377378940924556,0.0,0.0,0.0,-0.2200353570533286,0.0,-0.009876046261347842,0.0
0.9800000000000008,0.0,0.0,-0.04573124095218574,0.0,0.05372184411753662,0.0,0.0,0.0,-0.2183151116576907,0.0,-0.01090077313955877,0.0
0.9850000000000008,0.0,0.0,-0.04681839165927417,0.0,0.05366480702764644,0.0,0.0,0.0,-0.2165356921879609,0.0,-0.01191273624116971,0.0
0.9900000000000008,0.0,0.0,-0.04789651616509386,0.0,0.05360274431739031,0.0,0.0,0.0,-0.2147047634746197,0.0,-0.01291099366350429,0.0
0.9950000000000008,0.0,0.0,-0.04896537589146766,0.0,0.05353572673796344,0.0,0.0,0.0,-0.2128299095339285,0.0,-0.01389465866789142,0.0
1.000000000000001,0.0,0.0,-0.05002477016931878,0.0,0.05346382935666256,0.0,0.0,0.0,-0.2109187045910352,0.0,-0.01486289108074251,0.0
1.005000000000001,0.0,0.0,-0.05107453553645148,0.0,0.05338713128059939,0.0,0.0,0.0,-0.2089784654820089,0.0,-0.01581491454893176,0.0
1.01,0.0,0.0,-0.05211454445931075,0.0,0.05330571534213165,0.0,0.0,0.0,-0.207016237199933,0.0,-0.01675001586904501,0.0
1.015,0.0,0.0,-0.05314470356249051,0.0,0.05321966773149329,0.0,0.0,0.0,-0.2050386403720471,0.0,-0.01766756489701341,0.0
1.02,0.0,0.0,-0.05416495160364126,0.0,0.05312907760855625,0.0,0.0,0.0,-0.203051914532634,0.0,-0.0185670041289107,0.0
1.025,0.0,0.0,-0.05517525723647236,0.0,0.05303403667376997,0.0,0.0,0.0,-0.2010617698301668,0.0,-0.01944787389853834,0.0
1.03,0.0,0.0,-0.05617561643640134,0.0,0.05293463867062626,0.0,0.0,0.0,-0.1990734249983143,0.0,-0.02030981626642389,0.0
1.035,0.0,0.0,-0.05716604985366702,0.0,0.05283097881459339,0.0,0.0,0.0,-0.1970915336555211,0.0,-0.0211526002717805,0.0
1.04,0.0,0.0,-0.05814660015988904,0.0,0.05272315307386135,0.0,0.0,0.0,-0.1951202422874291,0.0,-0.02197615389362199,0.0
1.045,0.0,0.0,-0.05911732999676191,0.0,0.05261125730295169,0.0,0.0,0.0,-0.1931633968321646,0.0,-0.02278059438818212,0.0
1.05,0.0,0.0,-0.06007831986953413,0.0,0.05249538634431761,0.0,0.0,0.0,-0.1912242930313247,0.0,-0.02356621022381731,0.0
1.054999999999999,0.0,0.0,-0.06102966462972764,0.0,0.05237563325574517,0.0,0.0,0.0,-0.1893053855221934,0.0,-0.02433342681240829,0.0
1.059999999999999,0.0,0.0,-0.0619714689685603,0.0,0.05225208872887955,0.0,0.0,0.0,-0.1874081546145564,0.0,-0.02508276540243168,0.0
1.064999999999999,0.0,0.0,-0.06290384174087761,0.0,0.0521248406416126,0.0,0.0,0.0,-0.1855327911869241,0.0,-0.02581483055861088,0.0
1.069999999999999,0.0,0.0,-0.063826888959797,0.0,0.05199397365221526,0.0,0.0,0.0,-0.1836779708497445,0.0,-0.02653030545920374,0.0
1.074999999999999,0.0,0.0,-0.06474070665743009,0.0,0.05185956889541666,0.0,0.0,0.0,-0.1818410242240668,0.0,-0.02722991631895745,0.0
1.079999999999999,0.0,0.0,-0.06564537477917219,0.0,0.05172170372213623,0.0,0.0,0.0,-0.1800181871448096,0.0,-0.02791444995588045,0.0
1.084999999999999,0.0,0.0,-0.06654095187062042,0.0,0.05158045136789845,0.0,0.0,0.0,-0.1782046609201671,0.0,-0.02858476623211277,0.0
1.089999999999999,0.0,0.0,-0.06742747063765933,0.0,0.05143588067013462,0.0,0.0,0.0,-0.1763949124184395,0.0,-0.02924176386668682,0.0
1.094999999999999,0.0,0.0,-0.06830493427014162,0.0,0.051288055874682,0.0,0.0,0.0,-0.17458267494544,0.0,-0.02988638128556442,0.0
1.099999999999999,0.0,0.0,-0.0691733129916551,0.0,0.05113703649271843,0.0,0.0,0.0,-0.172761011206436,0.0,-0.03051957288291485,0.0
1.104999999999998,0.0,0.0,-0.07003254150334341,0.0,0.05098287719804229,0.0,0.0,0.0,-0.1709226609843428,0.0,-0.03114231999526337,0.0
1.109999999999998,0.0,0.0,-0.07088251706214416,0.0,0.05082562779046412,0.0,0.0,0.0,-0.1690599126662542,0.0,-0.03175559080442544,0.0
1.114999999999998,0.0,0.0,-0.07172309795730085,0.0,0.05066533327187919,0.0,0.0,0.0,-0.1671648835857019,0.0,-0.03236033609630493,0.0
1.119999999999998,0.0,0.0,-0.0725541024858685,0.0,0.05050203396467812,0.0,0.0,0.0,-0.1652294623676784,0.0,-0.03295747707341879,0.0
1.124999999999998,0.0,0.0,-0.07337530869610094,0.0,0.05033576574216394,0.0,0.0,0.0,-0.1632456613259042,0.0,-0.03354787214477088,0.0
1.129999999999998,0.0,0.0,-0.07418645481767443,0.0,0.05016656035676284,0.0,0.0,0.0,-0.161205539045678,0.0,-0.03413231151015127,0.0
1.134999999999998,0.0,0.0,-0.07498724015334012,0.0,0.04999444586527307,0.0,0.0,0.0,-0.1591014672892554,0.0,-0.03471148316828513,0.0
1.139999999999998,0.0,0.0,-0.07577732724171757,0.0,0.04981944720127572,0.0,0.0,0.0,-0.1569263656984457,0.0,-0.0352859484767579,0.0
1.144999999999998,0.0,0.0,-0.07655634473503749,0.0,0.04964158684980756,0.0,0.0,0.0,-0.1546737615812211,0.0,-0.03585612575353241,0.0
1.149999999999997,0.0,0.0,-0.07732389026151068,0.0,0.04946088553751871,0.0,0.0,0.0,-0.1523377203338296,0.0,-0.03642230053586558,0.0
1.154999999999997,0.0,0.0,-0.07807953370008042,0.0,0.04927736289812105,0.0,0.0,0.0,-0.1499130702466719,0.0,-0.03698462496113074,0.0
1.159999999999997,0.0,0.0,-0.07882282045124056,0.0,0.04909103817501412,0.0,0.0,0.0,-0.1473952035371785,0.0,-0.03754310134407701,0.0
1.164999999999997,0.0,0.0,-0.07955327500553837,0.0,0.04890193091618147,0.0,0.0,0.0,-0.1447803472627551,0.0,-0.03809760728732493,0.0
1.169999999999997,0.0,0.0,-0.08027040445565478,0.0,0.04871006160458324,0.0,0.0,0.0,-0.14206532199279,0.0,-0.03864789196933448,0.0
1.174999999999997,0.0,0.0,-0.0809737021611255,0.0,0.04851545226124025,0.0,0.0,0.0,-0.1392478219662002,0.0,-0.03919358824887913,0.0
1.179999999999997,0.0,0.0,-0.08166265187390946,0.0,0.04831812706359743,0.0,0.0,0.0,-0.1363262981505331,0.0,-0.03973420381253317,0.0
1.184999999999997,0.0,0.0,-0.08233673171393709,0.0,0.04811811288347069,0.0,0.0,0.0,-0.133300051472986,0.0,-0.04026915196537351,0.0
1.189999999999997,0.0,0.0,-0.08299541820222073,0.0,0.04791543975657358,0.0,0.0,0.0,-0.1301691386254705,0.0,-0.04079775447466022,0.0
1.194999999999997,0.0,0.0,-0.08363818969547931,0.0,0.04771014129498113,0.0,0.0,0.0,-0.1269342347844271,0.0,-0.04131925870785621,0.0
1.199999999999996,0.0,0.0,-0.08426452790049674,0.0,0.04750225483270757,0.0,0.0,0.0,-0.1235960208140482,0.0,-0.04183292799099066,0.0
1.204999999999996,0.0,0.0,-0.08487391724349432,0.0,0.04729182120659593,0.0,0.0,0.0,-0.1201548957934846,0.0,-0.04233809724760714,0.0
1.209999999999996,0.0,0.0,-0.08546584497029745,0.0,0.04707888457160459,0.0,0.0,0.0,-0.1166115914098737,0.0,-0.04283410490678413,0.0
1.214999999999996,0.0,0.0,-0.08603980292828967,0.0,0.04686349241183081,0.0,0.0,0.0,-0.1129672047623577,0.0,-0.04332028178802276,0.0
1.219999999999996,0.0,0.0,-0.08659528436354721,0.0,0.04664569490329434,0.0,0.0,0.0,-0.1092212844722419,0.0,-0.04379621019732005,0.0
1.224999999999996,0.0,0.0,-0.08713176644367851,0.0,0.04642554249273698,0.0,0.0,0.0,-0.1053677482738839,0.0,-0.04426221300999608,0.0
1.229999999999996,0.0,0.0,-0.08764871022156073,0.0,0.04620308574970803,0.0,0.0,0.0,-0.1014062387639945,0.0,-0.04471791630963259,0.0
1.234999999999996,0.0,0.0,-0.08814558206455872,0.0,0.04597837784785067,0.0,0.0,0.0,-0.09733923822512126,0.0,-0.04516265241731166,0.0
1.239999999999996,0.0,0.0,-0.08862186427970124,0.0,0.04575147561720724,0.0,0.0,0.0,-0.09317064546742704,0.0,-0.04559562658871783,0.0
1.244999999999995,0.0,0.0,-0.0890770618167128,0.0,0.04552244004955674,0.0,0.0,0.0,-0.08890562666593459,0.0,-0.04601596831037129,0.0
1.249999999999995,0.0,0.0,-0.08951070889116788,0.0,0.04529133669762473,0.0,0.0,0.0,-0.08455070994744533,0.0,-0.04642272391629943,0.0
1.254999999999995,0.0,0.0,-0.08992237286725009,0.0,0.04505823578714211,0.0,0.0,0.0,-0.08011264324442495,0.0,-0.04681497673938206,0.0
1.259999999999995,0.0,0.0,-0.09031165371957862,0.0,0.04482321203860846,0.0,0.0,0.0,-0.07559776567876698,0.0,-0.04719184415280274,0.0
1.264999999999995,0.0,0.0,-0.09067820041463669,0.0,0.04458634541379929,0.0,0.0,0.0,-0.07101911709252719,0.0,-0.04755212382552768,0.0
1.269999999999995,0.0,0.0,-0.09102172530011492,0.0,0.04434772158840603,0.0,0.0,0.0,-0.06638924912346758,0.0,-0.04789471907686296,0.0
1.274999999999995,0.0,0.0,-0.09134200184795696,0.0,0.04410743150312728,0.0,0.0,0.0,-0.06171998581816058,0.0,-0.04821862373635057,0.0
1.279999999999995,0.0,0.0,-0.09163886292128512,0.0,0.04386557093806166,0.0,0.0,0.0,-0.05702325273594384,0.0,-0.04852291061596153,0.0
1.284999999999995,0.0,0.0,-0.09191220241568852,0.0,0.04362224021235817,0.0,0.0,0.0,-0.05231153575400591,0.0,-0.04880668936431091,0.0
1.289999999999994,0.0,0.0,-0.09216197666735776,0.0,0.04337754390972263,0.0,0.0,0.0,-0.04759733082837027,0.0,-0.04906914393991464,0.0
1.294999999999994,0.0,0.0,-0.09238820445753326,0.0,0.0431315905833868,0.0,0.0,0.0,-0.04289311479082088,0.0,-0.04930950635289495,0.0
1.299999999999994,0.0,0.0,-0.09259096672824804,0.0,0.04288449238610001,0.0,0.0,0.0,-0.03821127255262612,0.0,-0.04952710121652966,0.0
1.304999999999994,0.0,0.0,-0.09277029714466774,0.0,0.04263639686007185,0.0,0.0,0.0,-0.03348240335031098,0.0,-0.0496971230178728,0.0
1.309999999999994,0.0,0.0,-0.09292559839304558,0.0,0.04238765980235857,0.0,0.0,0.0,-0.02861009342070829,0.0,-0.04978680422384189,0.0
1.314999999999994,0.0,0.0,-0.09305684272661154,0.0,0.04213848756806622,0.0,0.0,0.0,-0.02385889011861289,0.0,-0.04987095154210301,0.0
1.319999999999994,0.0,0.0,-0.0931644854489696,0.0,0.04188896183308895,0.0,0.0,0.0,-0.01913814920423101,0.0,-0.04991871221210644,0.0
1.324999999999994,0.0,0.0,-0.09324835288090016,0.0,0.04163937393130054,0.0,0.0,0.0,-0.01437553279862787,0.0,-0.04990360079427147,0.0
1.329999999999994,0.0,0.0,-0.09330822947074656,0.0,0.04139004562878257,0.0,0.0,0.0,-0.009561003242855855,0.0,-0.04982079887124534,0.0
1.334999999999994,0.0,0.0,-0.09334427949770284,0.0,0.041141192534902,0.0,0.0,0.0,-0.004858283751432373,0.0,-0.04971748687565763,0.0
1.339999999999993,0.0,0.0,-0.09335673050816087,0.0,0.04089302810308671,0.0,0.0,0.0,-0.00010157903684624,0.0,-0.04953903236931116,0.0
1.344999999999993,0.0,0.0,-0.09334602433126872,0.0,0.04064571433651355,0.0,0.0,0.0,0.004356659117239187,0.0,-0.04939208995913677,0.0
1.349999999999993,0.0,0.0,-0.09331353868465196,0.0,0.04039912874381269,0.0,0.0,0.0,0.008626531281514648,0.0,-0.04924291923387065,0.0
1.354999999999993,0.0,0.0,-0.09325990988204225,0.0,0.04015338155207971,0.0,0.0,0.0,0.01284068502954612,0.0,-0.04904809425002808,0.0
1.359999999999993,0.0,0.0,-0.0931854976936908,0.0,0.03990867689647237,0.0,0.0,0.0,0.01691398726784316,0.0,-0.0488342031798446,0.0
1.364999999999993,0.0,0.0,-0.09309132959481238,0.0,0.03966500538131655,0.0,0.0,0.0,0.02072888872942349,0.0,-0.04863946952187503,0.0
1.369999999999993,0.0,0.0,-0.09297854087389976,0.0,0.03942231974543771,0.0,0.0,0.0,0.02439307465369144,0.0,-0.04842982372689415,0.0
1.374999999999993,0.0,0.0,-0.09284772675381428,0.0,0.0391807420733899,0.0,0.0,0.0,0.02792338707074333,0.0,-0.04820147524458945,0.0
1.379999999999993,0.0,0.0,-0.09269976620372623,0.0,0.03894029099720734,0.0,0.0,0.0,0.03124011414152377,0.0,-0.04798304913109986,0.0
1.384999999999992,0.0,0.0,-0.09253602810893206,0.0,0.03870081237277847,0.0,0.0,0.0,0.03424199788973605,0.0,-0.04780994959066388,0.0
1.389999999999992,0.0,0.0,-0.09235728222528684,0.0,0.03846233538644302,0.0,0.0,0.0,0.03727146856291047,0.0,-0.04757319676853015,0.0
1.394999999999992,0.0,0.0,-0.09216392848360903,0.0,0.03822498704123688,0.0,0.0,0.0,0.04004470427338759,0.0,-0.04737189688289561,0.0
1.399999999999992,0.0,0.0,-0.09195704364092418,0.0,0.03798864481384555,0.0,0.0,0.0,0.04270732768709633,0.0,-0.04716296911472045,0.0
1.404999999999992,0.0,0.0,-0.091737027912638,0.0,0.03775338370692276,0.0,0.0,0.0,0.04529691004721362,0.0,-0.04693948443089885,0.0
1.409999999999992,0.0,0.0,-0.09150421120635842,0.0,0.03751927391578219,0.0,0.0,0.0,0.04782756732279535,0.0,-0.04670247726619882,0.0
1.414999999999992,0.0,0.0,-0.09125885025701042,0.0,0.03728638022018252,0.0,0.0,0.0,0.05031444872197013,0.0,-0.04645307500820232,0.0
1.419999999999992,0.0,0.0,-0.091001126782969,0.0,0.03705476158023501,0.0,0.0,0.0,0.05277242050674782,0.0,-0.04619248140535742,0.0
1.424999999999992,0.0,0.0,-0.09073114815798228,0.0,0.03682447085220038,0.0,0.0,0.0,0.05521634104764627,0.0,-0.04592193316053847,0.0
1.429999999999992,0.0,0.0,-0.09044894714383372,0.0,0.03659555467787702,0.0,0.0,0.0,0.0576612140814502,0.0,-0.04564267751105968,0.0
1.434999999999991,0.0,0.0,-0.09015448538901856,0.0,0.0363680532049912,0.0,0.0,0.0,0.06012048383746741,0.0,-0.04535606276745041,0.0
1.439999999999991,0.0,0.0,-0.0898476576178743,0.0,0.03614199971709717,0.0,0.0,0.0,0.06260747950095935,0.0,-0.0450634844743946,0.0
1.444999999999991,0.0,0.0,-0.08952829347644559,0.0,0.03591742068885519,0.0,0.0,0.0,0.0651348844882007,0.0,-0.04476627980484774,0.0
1.449999999999991,0.0,0.0,-0.0891961608260117,0.0,0.03569433637106733,0.0,0.0,0.0,0.06771472737488712,0.0,-0.04446560152630216,0.0
1.454999999999991,0.0,0.0,-0.08885097007873595,0.0,0.03547276172434911,0.0,0.0,0.0,0.07035796114023354,0.0,-0.0441624126720977,0.0
1.459999999999991,0.0,0.0,-0.08849237950759853,0.0,0.03525270750608704,0.0,0.0,0.0,0.07307448573409815,0.0,-0.04385743202943993,0.0
1.464999999999991,0.0,0.0,-0.08812000212892657,0.0,0.03503418152102285,0.0,0.0,0.0,0.0758725131129,0.0,-0.0435511234490636,0.0
1.469999999999991,0.0,0.0,-0.08773341360407116,0.0,0.03481718993111666,0.0,0.0,0.0,0.07875877012858928,0.0,-0.04324367871382206,0.0
1.474999999999991,0.0,0.0,-0.0873321595116558,0.0,0.03460173846596267,0.0,0.0,0.0,0.08173856376729845,0.0,-0.04293508024138137,0.0
1.47999999999999,0.0,0.0,-0.08691576223138153,0.0,0.0343878334427512,0.0,0.0,0.0,0.08485131009563873,0.0,-0.04261653454443691,0.0
1.48499999999999,0.0,0.0,-0.0864763078402855,0.0,0.03417725405294841,0.0,0.0,0.0,0.09127531557843896,0.0,-0.04152887359113917,0.0
1.48999999999999,0.0,0.0,-0.08600439989160587,0.0,0.03397216855854134,0.0,0.0,0.0,0.09753643992120416,0.0,-0.04049058719563507,0.0
1.49499999999999,0.0,0.0,-0.08550459231492204,0.0,0.03377141409391854,0.0,0.0,0.0,0.1023369243033584,0.0,-0.03982018488613362,0.0
1.49999999999999,0.0,0.0,-0.08498416049766086,0.0,0.03357312047253357,0.0,0.0,0.0,0.1057978544313126,0.0,-0.03950357442781215,0.0
1.50499999999999,0.0,0.0,-0.08444634758621443,0.0,0.03337638045778526,0.0,0.0,0.0,0.1093213169680354,0.0,-0.03919076066332058,0.0
1.50999999999999,0.0,0.0,-0.08389068866129218,0.0,0.0331812175675417,0.0,0.0,0.0,0.1129360467029486,0.0,-0.03887274062203513,0.0
1.51499999999999,0.0,0.0,-0.08331493060416498,0.0,0.03298812472310106,0.0,0.0,0.0,0.1179771167283663,0.0,-0.03820347272356255,0.0
1.51999999999999,0.0,0.0,-0.08270422519361392,0.0,0.03280087549476196,0.0,0.0,0.0,0.1266365553784821,0.0,-0.0366060257529655,0.0
1.524999999999989,0.0,0.0,-0.08205100766489964,0.0,0.0326214184635973,0.0,0.0,0.0,0.1344652934803909,0.0,-0.03521811079939981,0.0
1.529999999999989,0.0,0.0,-0.08136559744152887,0.0,0.03244707053704238,0.0,0.0,0.0,0.1395837838817655,0.0,-0.03454822317649955,0.0
1.534999999999989,0.0,0.0,-0.08065774155350562,0.0,0.03227520734020867,0.0,0.0,0.0,0.1435251415270097,0.0,-0.0342024432561046,0.0
1.539999999999989,0.0,0.0,-0.07992856732427328,0.0,0.03210550410456139,0.0,0.0,0.0,0.1481350069777509,0.0,-0.03367771515471965,0.0
1.544999999999989,0.0,0.0,-0.07917676278156621,0.0,0.0319382930337702,0.0,0.0,0.0,0.1532854520576433,0.0,-0.03301197783826936,0.0
1.549999999999989,0.0,0.0,-0.07839511848974745,0.0,0.03177552971142026,0.0,0.0,0.0,0.1595688920307231,0.0,-0.03203444563854489,0.0
1.554999999999989,0.0,0.0,-0.07758124715469988,0.0,0.03161789223350536,0.0,0.0,0.0,0.1661969784168374,0.0,-0.03095497764152022,0.0
1.559999999999989,0.0,0.0,-0.0767326633081337,0.0,0.03146611982523675,0.0,0.0,0.0,0.1735116884275873,0.0,-0.02967151591660739,0.0
1.564999999999989,0.0,0.0,-0.0758457798028015,0.0,0.03132129166277722,0.0,0.0,0.0,0.1810222158892681,0.0,-0.02831689603910404,0.0
1.569999999999989,0.0,0.0,-0.07492554638771254,0.0,0.03118208333091924,0.0,0.0,0.0,0.1871357613547894,0.0,-0.02734306253468579,0.0
1.574999999999988,0.0,0.0,-0.0739780406041403,0.0,0.03104682726850405,0.0,0.0,0.0,0.1922106781812827,0.0,-0.02665449122812403,0.0
1.579999999999988,0.0,0.0,-0.0730004918103006,0.0,0.03091643020257989,0.0,0.0,0.0,0.1984629262639236,0.0,-0.02560079773967176,0.0
1.584999999999988,0.0,0.0,-0.07199790707107394,0.0,0.03078953658733253,0.0,0.0,0.0,0.2027488469855505,0.0,-0.02509898831013962,0.0
1.589999999999988,0.0,0.0,-0.07096929533858956,0.0,0.03066659041964028,0.0,0.0,0.0,0.2088953087829493,0.0,-0.02401509992113426,0.0
1.594999999999988,0.0,0.0,-0.06991216325026524,0.0,0.03054849858702851,0.0,0.0,0.0,0.2138651991640267,0.0,-0.02324323674118324,0.0
1.599999999999988,0.0,0.0,-0.06882691572025619,0.0,0.03043535289601457,0.0,0.0,0.0,0.2203572771338386,0.0,-0.02197280889013678,0.0
1.604999999999988,0.0,0.0,-0.06771286514145679,0.0,0.03032756649266714,0.0,0.0,0.0,0.2254270720667548,0.0,-0.02108668300793595,0.0
1.609999999999988,0.0,0.0,-0.06656977775096069,0.0,0.0302254709338693,0.0,0.0,0.0,0.2316393649729114,0.0,-0.01979675042806455,0.0
1.614999999999988,0.0,0.0,-0.06539952430150414,0.0,0.0301287836185838,0.0,0.0,0.0,0.2366004082812711,0.0,-0.01883035583146506,0.0
1.619999999999987,0.0,0.0,-0.06420697624679453,0.0,0.03003629895741662,0.0,0.0,0.0,0.2407405562074504,0.0,-0.01805843316312655,0.0
1.624999999999987,0.0,0.0,-0.06298900901317898,0.0,0.02994932047189838,0.0,0.0,0.0,0.2461203602356241,0.0,-0.01682970312077488,0.0
1.629999999999987,0.0,0.0,-0.06175095279373657,0.0,0.02986652776924111,0.0,0.0,0.0,0.2490311759163523,0.0,-0.01630480918528253,0.0
1.634999999999987,0.0,0.0,-0.06049775735489803,0.0,0.02978673563532182,0.0,0.0,0.0,0.2526159419003091,0.0,-0.0154897589993362,0.0
1.639999999999987,0.0,0.0,-0.05922433808102546,0.0,0.02971195785292884,0.0,0.0,0.0,0.2564154810928178,0.0,-0.0145236285511598,0.0
1.644999999999987,0.0,0.0,-0.05793533776777231,0.0,0.02964112943284113,0.0,0.0,0.0,0.2594029295142203,0.0,-0.01373178704573067,0.0
1.649999999999987,0.0,0.0,-0.05663209981696075,0.0,0.02957425204650672,0.0,0.0,0.0,0.2620020960220976,0.0,-0.01297867387999043,0.0
1.654999999999987,0.0,0.0,-0.05531104996232337,0.0,0.02951294179628593,0.0,0.0,0.0,0.26609124837446,0.0,-0.01164680671130511,0.0
1.659999999999987,0.0,0.0,-0.05397659930008186,0.0,0.0294562162508785,0.0,0.0,0.0,0.2676184085342446,0.0,-0.01106180687022824,0.0
1.664999999999986,0.0,0.0,-0.05263392520115575,0.0,0.02940284637177983,0.0,0.0,0.0,0.2698192486345287,0.0,-0.01015947799243641,0.0
1.669999999999986,0.0,0.0,-0.05128027117932105,0.0,0.0293542278526602,0.0,0.0,0.0,0.2715514650304108,0.0,-0.009313499210750215,0.0
1.674999999999986,0.0,0.0,-0.04992078429670464,0.0,0.02930912406544078,0.0,0.0,0.0,0.2722285078900545,0.0,-0.00872841997166373,0.0
1.679999999999986,0.0,0.0,-0.04855857770994391,0.0,0.02926695649058804,0.0,0.0,0.0,0.2726394411763639,0.0,-0.008139056122869644,0.0
1.684999999999986,0.0,0.0,-0.04719451385504109,0.0,0.02922789925218946,0.0,0.0,0.0,0.2729715125524693,0.0,-0.007484409103008206,0.0
1.689999999999986,0.0,0.0,-0.04582985275384654,0.0,0.02919196267194554,0.0,0.0,0.0,0.2728788197701983,0.0,-0.006890732794942733,0.0
1.694999999999986,0.0,0.0,-0.04446623091390198,0.0,0.02915899559205144,0.0,0.0,0.0,0.2725560247498635,0.0,-0.006296635662320093,0.0
1.699999999999986,0.0,0.0,-0.04310476235916028,0.0,0.02912899637344372,0.0,0.0,0.0,0.2720177212863715,0.0,-0.005703611055764601,0.0
1.704999999999986,0.0,0.0,-0.0417464869155186,0.0,0.02910195534988039,0.0,0.0,0.0,0.2712789944065935,0.0,-0.005113372154960088,0.0
1.709999999999986,0.0,0.0,-0.04039236573591485,0.0,0.02907785481060438,0.0,0.0,0.0,0.2703562129291289,0.0,-0.004527430884098634,0.0
1.714999999999985,0.0,0.0,-0.03904327828386653,0.0,0.02905666894913398,0.0,0.0,0.0,0.26926569388629,0.0,-0.003947511783261038,0.0
1.719999999999985,0.0,0.0,-0.03770001766958078,0.0,0.0290383634074187,0.0,0.0,0.0,0.2680256507125872,0.0,-0.003375311347853472,0.0
1.724999999999985,0.0,0.0,-0.03636327634045565,0.0,0.0290228959791334,0.0,0.0,0.0,0.2666581061857884,0.0,-0.002812274250713519,0.0
1.729999999999985,0.0,0.0,-0.03503364369689608,0.0,0.0290102172063549,0.0,0.0,0.0,0.2651823789597377,0.0,-0.002259850375793358,0.0
1.734999999999985,0.0,0.0,-0.0337116092037525,0.0,0.02900027079707368,0.0,0.0,0.0,0.263618987385196,0.0,-0.001719329900380586,0.0
1.739999999999985,0.0,0.0,-0.03239755650338076,0.0,0.02899299448693858,0.0,0.0,0.0,0.2619897754092617,0.0,-0.001191810966465224,0.0
1.744999999999985,0.0,0.0,-0.03109175976253207,0.0,0.02898832094820183,0.0,0.0,0.0,0.2603167256257804,0.0,-0.0006782183748027926,0.0
1.749999999999985,0.0,0.0,-0.02979438007903668,0.0,0.02898617891801904,0.0,0.0,0.0,0.2586230412233874,0.0,-0.0001792028769308526,0.0
1.754999999999985,0.0,0.0,-0.02850546263052045,0.0,0.02898649369766683,0.0,0.0,0.0,0.256931883578935,0.0,0.0003045111532408838,0.0
1.759999999999984,0.0,0.0,-0.02722493602590595,0.0,0.02898918697879957,0.0,0.0,0.0,0.255266731964756,0.0,0.0007722029341441939,0.0
1.764999999999984,0.0,0.0,-0.02595261608449376,0.0,0.02899417692404235,0.0,0.0,0.0,0.2536492365455713,0.0,0.001223179625425289,0.0
1.769999999999984,0.0,0.0,-0.02468822270100441,0.0,0.02900137964661614,0.0,0.0,0.0,0.2520961209454481,0.0,0.001657313709387014,0.0
1.774999999999984,0.0,0.0,-0.02343139565615501,0.0,0.02901071081464728,0.0,0.0,0.0,0.250622675862888,0.0,0.002074557035904812,0.0
1.779999999999984,0.0,0.0,-0.02218170404691226,0.0,0.02902208582180443,0.0,0.0,0.0,0.2492419037217695,0.0,0.002474845213550474,0.0
1.784999999999984,0.0,0.0,-0.02093866424939848,0.0,0.02903541990866225,0.0,0.0,0.0,0.2479618986952472,0.0,0.002858180337088358,0.0
1.789999999999984,0.0,0.0,-0.01970176069255787,0.0,0.02905062918654362,0.0,0.0,0.0,0.2467873531819834,0.0,0.003224912442623218,0.0
1.794999999999984,0.0,0.0,-0.01847045915157859,0.0,0.02906763219797142,0.0,0.0,0.0,0.245721023612444,0.0,0.003575663851432917,0.0
1.799999999999984,0.0,0.0,-0.01724421664041253,0.0,0.02908635109225166,0.0,0.0,0.0,0.2447636744741291,0.0,0.003911255575448536,0.0
1.804999999999984,0.0,0.0,-0.01602249153559949,0.0,0.02910671263781683,0.0,0.0,0.0,0.2439139905469628,0.0,0.004232713623825148,0.0
1.809999999999983,0.0,0.0,-0.01480475417818756,0.0,0.02912864910476933,0.0,0.0,0.0,0.2431685092254953,0.0,0.004541212410658411,0.0
1.814999999999983,0.0,0.0,-0.01359049496472519,0.0,0.02915209900656069,0.0,0.0,0.0,0.2425226693697204,0.0,0.004838074302267066,0.0
1.819999999999983,0.0,0.0,-0.01237923096948347,0.0,0.02917700771047689,0.0,0.0,0.0,0.2419703463102892,0.0,0.005124719330482012,0.0
1.824999999999983,0.0,0.0,-0.01117051193041371,0.0,0.02920332773082605,0.0,0.0,0.0,0.2415046114869066,0.0,0.005402585992855887,0.0
1.829999999999983,0.0,0.0,-0.009963925934164326,0.0,0.02923101889504755,0.0,0.0,0.0,0.2411170572189518,0.0,0.005673161199189458,0.0
1.834999999999983,0.0,0.0,-0.008759105307648823,0.0,0.02926004838893046,0.0,0.0,0.0,0.2407983922742465,0.0,0.005937901332012975,0.0
1.839999999999983,0.0,0.0,-0.007555728246383834,0.0,0.02929039017303812,0.0,0.0,0.0,0.2405395564556864,0.0,0.00619806144995777,0.0
1.844999999999983,0.0,0.0,-0.006353517614636024,0.0,0.02932202397767293,0.0,0.0,0.0,0.2403317441246341,0.0,0.006454692959569582,0.0
1.849999999999983,0.0,0.0,-0.005152242056187346,0.0,0.02935493457798732,0.0,0.0,0.0,0.2401654554133806,0.0,0.006708762756854929,0.0
1.854999999999982,0.0,0.0,-0.003951704028428852,0.0,0.02938910939016629,0.0,0.0,0.0,0.2400365949622971,0.0,0.006960369631326653,0.0
1.859999999999982,0.0,0.0,-0.002751732965443594,0.0,0.02942453688544578,0.0,0.0,0.0,0.2399385832756513,0.0,0.00720982103919454,0.0
1.864999999999982,0.0,0.0,-0.001552200868198609,0.0,0.02946120798559771,0.0,0.0,0.0,0.2398609389584702,0.0,0.007457795807227253,0.0
1.869999999999982,0.0,0.0,-0.0003530357388359185,0.0,0.02949911714059266,0.0,0.0,0.0,0.2397917409837231,0.0,0.007705025564199572,0.0
1.874999999999982,0.0,0.0,0.0008457707759055203,0.0,0.02953826254877413,0.0,0.0,0.0,0.2397174551235958,0.0,0.00795227857955855,0.0
1.879999999999982,0.0,0.0,0.002044156728612238,0.0,0.02957864629734397,0.0,0.0,0.0,0.239623491730126,0.0,0.008200341519224715,0.0
1.884999999999982,0.0,0.0,0.003241985854090196,0.0,0.02962027429026294,0.0,0.0,0.0,0.2394947172125756,0.0,0.008449955952425491,0.0
1.889999999999982,0.0,0.0,0.004439045229459868,0.0,0.02966315609360159,0.0,0.0,0.0,0.2393156050629811,0.0,0.008701844914263766,0.0
1.894999999999982,0.0,0.0,0.005635043185787279,0.0,0.02970730487302889,0.0,0.0,0.0,0.2390701771313137,0.0,0.008956724643038066,0.0
1.899999999999981,0.0,0.0,0.006829608092629838,0.0,0.02975273722041115,0.0,0.0,0.0,0.2387424404481869,0.0,0.00921524914059662,0.0
1.904999999999981,0.0,0.0,0.00802228901848531,0.0,0.02979947281492331,0.0,0.0,0.0,0.2383166460046958,0.0,0.009478000864052158,0.0
1.909999999999981,0.0,0.0,0.009212557172591986,0.0,0.02984753409248149,0.0,0.0,0.0,0.2377774174934395,0.0,0.0097454985832672,0.0
1.914999999999981,0.0,0.0,0.01039980676876796,0.0,0.02989694598173604,0.0,0.0,0.0,0.2371093316162476,0.0,0.01001822164036575,0.0
1.919999999999981,0.0,0.0,0.0115833553632159,0.0,0.02994773570431022,0.0,0.0,0.0,0.236297163230945,0.0,0.01029660799500406,0.0
1.924999999999981,0.0,0.0,0.01276244413088936,0.0,0.02999993255214019,0.0,0.0,0.0,0.2353255472318497,0.0,0.0105810471734366,0.0
1.929999999999981,0.0,0.0,0.01393623802265565,0.0,0.03005356761918476,0.0,0.0,0.0,0.2341794037973777,0.0,0.01087187146540391,0.0
1.934999999999981,0.0,0.0,0.01510382468934346,0.0,0.03010867368114125,0.0,0.0,0.0,0.2328428807302393,0.0,0.01116942062788684,0.0
1.939999999999981,0.0,0.0,0.01626421525978053,0.0,0.03016528495681906,0.0,0.0,0.0,0.2313012173542094,0.0,0.01147393329855591,0.0
1.944999999999981,0.0,0.0,0.01741635060640544,0.0,0.03022343661329528,0.0,0.0,0.0,0.2295410761415195,0.0,0.01178555086895165,0.0
1.94999999999998,0.0,0.0,0.01855911011783887,0.0,0.03028316418892317,0.0,0.0,0.0,0.2275511847892494,0.0,0.01210427839469588,0.0
1.95499999999998,0.0,0.0,0.01969132133082464,0.0,0.03034450291074402,0.0,0.0,0.0,0.2253220894708156,0.0,0.01242998891992853,0.0
1.95999999999998,0.0,0.0,0.0208117656468923,0.0,0.03040748687281392,0.0,0.0,0.0,0.2228447694501411,0.0,0.01276235594063252,0.0
1.96499999999998,0.0,0.0,0.02191918957589304,0.0,0.03047214837238336,0.0,0.0,0.0,0.2201143451889013,0.0,0.01310098792220566,0.0
1.96999999999998,0.0,0.0,0.02301233508825974,0.0,0.0305385185907493,0.0,0.0,0.0,0.217133872694262,0.0,0.01344584132184729,0.0
1.97499999999998,0.0,0.0,0.02408996461859329,0.0,0.03060662834147425,0.0,0.0,0.0,0.2139083886576948,0.0,0.01379679005903968,0.0
1.97999999999998,0.0,0.0,0.02515086464888304,0.0,0.03067650655691749,0.0,0.0,0.0,0.2104425123156982,0.0,0.01415321773296672,0.0
1.98499999999998,0.0,0.0,0.02619384960441912,0.0,0.03074817839507213,0.0,0.0,0.0,0.2067427961113072,0.0,0.01451422954008635,0.0
1.98999999999998,0.0,0.0,0.02721777079442338,0.0,0.03082166390129612,0.0,0.0,0.0,0.2028174496230195,0.0,0.01487867718080416,0.0
1.994999999999979,0.0,0.0,0.02822152787923722,0.0,0.03089697700336226,0.0,0.0,0.0,0.1986775911039418,0.0,0.01524526126322231,0.0
1.999999999999979,0.0,0.0,0.02920407711174231,0.0,0.03097412446160389,0.0,0.0,0.0,0.1943347416571448,0.0,0.01561241490517055,0.0
2.004999999999979,0.0,0.0,0.03016443967884945,0.0,0.03105310491729708,0.0,0.0,0.0,0.1898033680846033,0.0,0.01597845804813731,0.0
2.009999999999979,0.0,0.0,0.03110171671487284,0.0,0.03113390843004129,0.0,0.0,0.0,0.1851009732636425,0.0,0.01634163962369413,0.0
2.014999999999979,0.0,0.0,0.03201510110893421,0.0,0.03121651608411456,0.0,0.0,0.0,0.1802467505094393,0.0,0.01670012092782065,0.0
2.019999999999979,0.0,0.0,0.03290388432760999,0.0,0.0313008993351399,0.0,0.0,0.0,0.1752609406604589,0.0,0.01705189120981783,0.0
2.024999999999979,0.0,0.0,0.03376746253092069,0.0,0.03138701949362195,0.0,0.0,0.0,0.1701651736972077,0.0,0.01739490135143044,0.0
2.029999999999979,0.0,0.0,0.03460534339888731,0.0,0.03147482790013438,0.0,0.0,0.0,0.1649824158570145,0.0,0.01772720942968694,0.0
2.034999999999979,0.0,0.0,0.03541715194077386,0.0,0.03156426653837716,0.0,0.0,0.0,0.1597366309864087,0.0,0.01804701491906676,0.0
2.039999999999979,0.0,0.0,0.03620263510052029,0.0,0.03165526881444779,0.0,0.0,0.0,0.1544526229978086,0.0,0.01835268610334741,0.0
2.044999999999979,0.0,0.0,0.03696166480058858,0.0,0.03174776035904735,0.0,0.0,0.0,0.1491555786952171,0.0,0.01864274379639368,0.0
2.049999999999979,0.0,0.0,0.03769423889789664,0.0,0.03184165980483095,0.0,0.0,0.0,0.1438706771382301,0.0,0.01891586673774703,0.0
2.054999999999978,0.0,0.0,0.03840593299613478,0.0,0.03193595797479734,0.0,0.0,0.0,0.1423545892892549,0.0,0.01854125909227565,0.0
2.059999999999978,0.0,0.0,0.03911740292855407,0.0,0.0320271625271511,0.0,0.0,0.0,0.1418291073164087,0.0,0.01800820448227679,0.0
2.064999999999978,0.0,0.0,0.03981513006394331,0.0,0.03211752940770309,0.0,0.0,0.0,0.1369689514557478,0.0,0.01818517432410987,0.0
2.069999999999978,0.0,0.0,0.04048737627258204,0.0,0.03220896632979671,0.0,0.0,0.0,0.1319266804635623,0.0,0.01838854669108703,0.0
2.074999999999978,0.0,0.0,0.04113473840378127,0.0,0.03230136231987174,0.0,0.0,0.0,0.1270154232933629,0.0,0.01856880785284864,0.0
2.079999999999978,0.0,0.0,0.04175791955371493,0.0,0.03239459833034869,0.0,0.0,0.0,0.1222543652679136,0.0,0.0187245637301296,0.0
2.084999999999978,0.0,0.0,0.04235770758385403,0.0,0.0324885497047845,0.0,0.0,0.0,0.1176581899001722,0.0,0.01885496201404172,0.0
2.089999999999978,0.0,0.0,0.04293495567580597,0.0,0.03258308900270786,0.0,0.0,0.0,0.113238468010785,0.0,0.01895974843603188,0.0
2.094999999999978,0.0,0.0,0.04349341471571719,0.0,0.03267767815801153,0.0,0.0,0.0,0.1107317330458316,0.0,0.01879006519774574,0.0
2.099999999999977,0.0,0.0,0.04403776476539133,0.0,0.03277165198612177,0.0,0.0,0.0,0.1068367479856731,0.0,0.01882282897934571,0.0
2.104999999999977,0.0,0.0,0.04456225732660041,0.0,0.03286585415265492,0.0,0.0,0.0,0.102957631686429,0.0,0.0188570848214571,0.0
2.109999999999977,0.0,0.0,0.04506780916895478,0.0,0.03296017450841391,0.0,0.0,0.0,0.09926046619563504,0.0,0.01887011857936716,0.0
2.114999999999977,0.0,0.0,0.04555532173519033,0.0,0.03305451124987,0.0,0.0,0.0,0.09574190488927184,0.0,0.01886365370686681,0.0
2.119999999999977,0.0,0.0,0.04602567525076462,0.0,0.03314877136843665,0.0,0.0,0.0,0.09239682809222292,0.0,0.01883948347738932,0.0
2.124999999999977,0.0,0.0,0.04647971845710148,0.0,0.0332428710473426,0.0,0.0,0.0,0.08921776280329811,0.0,0.01879949138672141,0.0
2.129999999999977,0.0,0.0,0.04691826087903084,0.0,0.03333673607007913,0.0,0.0,0.0,0.08619649454305148,0.0,0.01874563358637906,0.0
2.134999999999977,0.0,0.0,0.0473420685236719,0.0,0.03343030207660904,0.0,0.0,0.0,0.08332383223035504,0.0,0.01867989613968924,0.0
2.139999999999977,0.0,0.0,0.04775186200675231,0.0,0.03352351421041984,0.0,0.0,0.0,0.0805908200465131,0.0,0.01860409457740833,0.0
2.144999999999976,0.0,0.0,0.04814831837037157,0.0,0.03361632598965927,0.0,0.0,0.0,0.07798897594978146,0.0,0.0185197628937089,0.0
2.149999999999976,0.0,0.0,0.04853207194346925,0.0,0.03370869813827398,0.0,0.0,0.0,0.07550971201373292,0.0,0.01842824928647776,0.0
2.154999999999976,0.0,0.0,0.04890372657570042,0.0,0.03380059593166123,0.0,0.0,0.0,0.07314940994136326,0.0,0.0183300276529969,0.0
2.159999999999976,0.0,0.0,0.04926385760861988,0.0,0.03389198807098418,0.0,0.0,0.0,0.07090027379878333,0.0,0.01822599450858144,0.0
2.164999999999976,0.0,0.0,0.04961299295336827,0.0,0.03398284837653431,0.0,0.0,0.0,0.06875114150199327,0.0,0.01811730160821752,0.0
2.169999999999976,0.0,0.0,0.04995159936612344,0.0,0.03407315666468734,0.0,0.0,0.0,0.06668871714587006,0.0,0.01800519447010616,0.0
2.174999999999976,0.0,0.0,0.05028007304147493,0.0,0.03416289903885681,0.0,0.0,0.0,0.06469807166127993,0.0,0.01789094250135949,0.0
2.179999999999976,0.0,0.0,0.05059873328808569,0.0,0.03425206787869152,0.0,0.0,0.0,0.06276338485270062,0.0,0.01777578694286141,0.0
2.184999999999976,0.0,0.0,0.05090781783195786,0.0,0.03434066172253995,0.0,0.0,0.0,0.06086784321974222,0.0,0.0176609494881772,0.0
2.189999999999976,0.0,0.0,0.0512074789454717,0.0,0.03442868507145305,0.0,0.0,0.0,0.05899407959522056,0.0,0.01754759359621198,0.0
2.194999999999975,0.0,0.0,0.05149778140419616,0.0,0.03451614817696404,0.0,0.0,0.0,0.05712446873345522,0.0,0.01743685659947948,0.0
2.199999999999975,0.0,0.0,0.05177870106428335,0.0,0.03460306688717708,0.0,0.0,0.0,0.05524106028388481,0.0,0.0173298381444485,0.0
2.204999999999975,0.0,0.0,0.05205012405676494,0.0,0.03468946244703193,0.0,0.0,0.0,0.05332592225305743,0.0,0.01722759853425362,0.0
2.209999999999975,0.0,0.0,0.0523118476731128,0.0,0.03477536128357792,0.0,0.0,0.0,0.05136145289177258,0.0,0.01713115101883473,0.0
2.214999999999975,0.0,0.0,0.05256358245053182,0.0,0.03486079475857352,0.0,0.0,0.0,0.04933054773485014,0.0,0.01704145479358122,0.0
2.219999999999975,0.0,0.0,0.05280495431055877,0.0,0.03494579885470397,0.0,0.0,0.0,0.04721646905328944,0.0,0.01695940012512005,0.0
2.224999999999975,0.0,0.0,0.053035507422644,0.0,0.03503041392313389,0.0,0.0,0.0,0.04500325202095001,0.0,0.01688584360201996,0.0
2.229999999999975,0.0,0.0,0.05325470860408926,0.0,0.0351146844732206,0.0,0.0,0.0,0.04267592276443321,0.0,0.01682159243223241,0.0
2.234999999999975,0.0,0.0,0.05346195250453722,0.0,0.03519865909981795,0.0,0.0,0.0,0.04022060563730576,0.0,0.01676747680419278,0.0
2.239999999999974,0.0,0.0,0.05365657243779731,0.0,0.03528239159046695,0.0,0.0,0.0,0.03762661616279347,0.0,0.0167247387921142,0.0
2.244999999999974,0.0,0.0,0.05383784176180569,0.0,0.03536594095775222,0.0,0.0,0.0,0.03488065007877694,0.0,0.01669422482273179,0.0
2.249999999999974,0.0,0.0,0.05400496766444627,0.0,0.03544936976761822,0.0,0.0,0.0,0.03196955311941636,0.0,0.0166765106884228,0.0
2.254999999999974,0.0,0.0,0.05415709440038895,0.0,0.03553274284097598,0.0,0.0,0.0,0.02888130234116626,0.0,0.01667192476393869,0.0
2.259999999999974,0.0,0.0,0.05429331014198342,0.0,0.03561612596927669,0.0,0.0,0.0,0.02560549783654214,0.0,0.01668052603709183,0.0
2.264999999999974,0.0,0.0,0.05441266758339313,0.0,0.03569958504626246,0.0,0.0,0.0,0.02213833925250849,0.0,0.01670229665771857,0.0
2.269999999999974,0.0,0.0,0.0545142039113415,0.0,0.03578318524225543,0.0,0.0,0.0,0.01847741994396678,0.0,0.01673696617148396,0.0
2.274999999999974,0.0,0.0,0.05459700681821412,0.0,0.03586697775252824,0.0,0.0,0.0,0.01467183636657872,0.0,0.0167737694653326,0.0
2.279999999999974,0.0,0.0,0.05466109764122549,0.0,0.035950819037111,0.0,0.0,0.0,0.01102636950750433,0.0,0.01674954161172861,0.0
2.284999999999973,0.0,0.0,0.05470733475521578,0.0,0.03603438976594582,0.0,0.0,0.0,0.007524319623684638,0.0,0.01666680936428978,0.0
2.289999999999973,0.0,0.0,0.05473638084944934,0.0,0.0361174090480872,0.0,0.0,0.0,0.004147629893294648,0.0,0.01652953591295849,0.0
2.294999999999973,0.0,0.0,0.05474883223676773,0.0,0.03619961103490344,0.0,0.0,0.0,0.0009045997233651036,0.0,0.01633642488088646,0.0
2.299999999999973,0.0,0.0,0.05474783110729975,0.0,0.03628022899361211,0.0,0.0,0.0,-0.00104453536163425,0.0,0.01585876396187356,0.0
2.304999999999973,0.0,0.0,0.05473695407612502,0.0,0.03635843434508927,0.0,0.0,0.0,-0.003177424959909363,0.0,0.01539797422678676,0.0
2.309999999999973,0.0,0.0,0.05471299275923383,0.0,0.03643477722523542,0.0,0.0,0.0,-0.006423092121989955,0.0,0.01514308583351197,0.0
2.314999999999973,0.0,0.0,0.05467321649295127,0.0,0.03650971858934229,0.0,0.0,0.0,-0.009226493614100271,0.0,0.01478340220740416,0.0
2.319999999999973,0.0,0.0,0.05462144641715569,0.0,0.03658245122198469,0.0,0.0,0.0,-0.01150887177553757,0.0,0.0143170573650453,0.0
2.324999999999973,0.0,0.0,0.05455807397192489,0.0,0.03665285946470655,0.0,0.0,0.0,-0.01388179818353307,0.0,0.01385447511092523,0.0
2.329999999999973,0.0,0.0,0.0544752228474483,0.0,0.03672238225594715,0.0,0.0,0.0,-0.01930526919991218,0.0,0.01396387616227599,0.0
2.334999999999972,0.0,0.0,0.05436494479362572,0.0,0.03679248482551713,0.0,0.0,0.0,-0.0248003880247368,0.0,0.01407644274892816,0.0
2.339999999999972,0.0,0.0,0.0542376008852866,0.0,0.03686125727131155,0.0,0.0,0.0,-0.02583150945640797,0.0,0.01337845475803411,0.0
2.344999999999972,0.0,0.0,0.05410631541318806,0.0,0.03692632750933314,0.0,0.0,0.0,-0.02599906108716242,0.0,0.01252823071780188,0.0
2.349999999999972,0.0,0.0,0.05396316266372535,0.0,0.03698910462500049,0.0,0.0,0.0,-0.03135802374660156,0.0,0.0126001726094409,0.0
2.354999999999972,0.0,0.0,0.05379798508458783,0.0,0.03705142420903494,0.0,0.0,0.0,-0.03351941649773912,0.0,0.01212354895327567,0.0
2.359999999999972,0.0,0.0,0.05361713211792039,0.0,0.0371121974879592,0.0,0.0,0.0,-0.03881549263292704,0.0,0.01218518007518329,0.0
2.364999999999972,0.0,0.0,0.0534245875740428,0.0,0.03717084977405721,0.0,0.0,0.0,-0.03820439191934285,0.0,0.01127659260934495,0.0
2.369999999999972,0.0,0.0,0.05322091968790953,0.0,0.03722730216984942,0.0,0.0,0.0,-0.04325642682111898,0.0,0.0113038399122453,0.0
2.374999999999972,0.0,0.0,0.05301015139660131,0.0,0.03728103662718208,0.0,0.0,0.0,-0.04105485251589291,0.0,0.0101911122630243,0.0
2.379999999999971,0.0,0.0,0.05280581694657583,0.0,0.0373299440529779,0.0,0.0,0.0,-0.04184124378677273,0.0,0.009555764404111494,0.0
2.384999999999971,0.0,0.0,0.05260089802395844,0.0,0.0373752707105543,0.0,0.0,0.0,-0.03899445921818786,0.0,0.008405096163288182,0.0
2.389999999999971,0.0,0.0,0.05241042247689687,0.0,0.03741483530482557,0.0,0.0,0.0,-0.03788452805336163,0.0,0.007525256856048668,0.0
2.394999999999971,0.0,0.0,0.05221442976763616,0.0,0.03745170693903316,0.0,0.0,0.0,-0.03974886026181561,0.0,0.007116872654668623,0.0
2.399999999999971,0.0,0.0,0.05201910766419427,0.0,0.03748513655886165,0.0,0.0,0.0,-0.03852449044174944,0.0,0.006276374973889258,0.0
2.404999999999971,0.0,0.0,0.05182059325237971,0.0,0.03751573429766784,0.0,0.0,0.0,-0.04063136083669627,0.0,0.005932478634411207,0.0
2.409999999999971,0.0,0.0,0.05161954576810045,0.0,0.03754356662417131,0.0,0.0,0.0,-0.03998151765101233,0.0,0.005227640911954927,0.0
2.414999999999971,0.0,0.0,0.0514163961057975,0.0,0.03756864155727324,0.0,0.0,0.0,-0.04162443568665437,0.0,0.004850937283705749,0.0
2.419999999999971,0.0,0.0,0.05121275075741807,0.0,0.03759279497115637,0.0,0.0,0.0,-0.03846087859045864,0.0,0.005010061731831134,0.0
2.424999999999971,0.0,0.0,0.05102235379468945,0.0,0.03761951215414742,0.0,0.0,0.0,-0.03775026154670875,0.0,0.005693522444455258,0.0
2.42999999999997,0.0,0.0,0.0508400872331258,0.0,0.03765079555199426,0.0,0.0,0.0,-0.03478978013506363,0.0,0.006911741657135463,0.0
2.43499999999997,0.0,0.0,0.05066544969279454,0.0,0.03768625019522136,0.0,0.0,0.0,-0.0355428129304045,0.0,0.007148476583301465,0.0
2.43999999999997,0.0,0.0,0.05048204219134107,0.0,0.03772147232487902,0.0,0.0,0.0,-0.03786041695270757,0.0,0.00692904394221134,0.0
2.44499999999997,0.0,0.0,0.05028815100093063,0.0,0.03775542206923756,0.0,0.0,0.0,-0.03954936195769036,0.0,0.00663407918894442,0.0
2.44999999999997,0.0,0.0,0.05009060815194488,0.0,0.03778740623952852,0.0,0.0,0.0,-0.03946567347398315,0.0,0.006160520661296987,0.0
2.45499999999997,0.0,0.0,0.04989350524508395,0.0,0.03781705971742156,0.0,0.0,0.0,-0.03949370180001281,0.0,0.005714190092853792,0.0
2.45999999999997,0.0,0.0,0.04969201844826684,0.0,0.0378449839173261,0.0,0.0,0.0,-0.04113423150780643,0.0,0.005459480933856979,0.0
2.46499999999997,0.0,0.0,0.0494839649607248,0.0,0.03787203696216025,0.0,0.0,0.0,-0.0420855473640081,0.0,0.005361276071816606,0.0
2.46999999999997,0.0,0.0,0.0492700555835744,0.0,0.03789820862213317,0.0,0.0,0.0,-0.04342376689740973,0.0,0.005121555960488165,0.0
2.474999999999969,0.0,0.0,0.04905288138466057,0.0,0.03792404702378016,0.0,0.0,0.0,-0.04342139202814845,0.0,0.005219718509347881,0.0
2.479999999999969,0.0,0.0,0.04883294616850925,0.0,0.03794954355611919,0.0,0.0,0.0,-0.04457001732083406,0.0,0.004973273558529406,0.0
2.484999999999969,0.0,0.0,0.04860738352455621,0.0,0.03797379041411825,0.0,0.0,0.0,-0.04565201944186668,0.0,0.004725485254611005,0.0
2.489999999999969,0.0,0.0,0.04837748365526007,0.0,0.03799706820816826,0.0,0.0,0.0,-0.04606884363044411,0.0,0.004652532320593206,0.0
2.494999999999969,0.0,0.0,0.0481464352935961,0.0,0.038020229170868,0.0,0.0,0.0,-0.04602969566091776,0.0,0.00470190632929846,0.0
2.499999999999969,0.0,0.0,0.04791391882702154,0.0,0.0380431653960779,0.0,0.0,0.0,-0.04691194439377085,0.0,0.004490585962773345,0.0
2.504999999999969,0.0,0.0,0.04768070266083629,0.0,0.03806613893299327,0.0,0.0,0.0,-0.04602968116695191,0.0,0.004798047811771239,0.0
2.509999999999969,0.0,0.0,0.04745154967541393,0.0,0.03809058229254875,0.0,0.0,0.0,-0.04598330708054137,0.0,0.004876320981855059,0.0
2.514999999999969,0.0,0.0,0.04721942159162445,0.0,0.03811453648102941,0.0,0.0,0.0,-0.04691921664493209,0.0,0.00468958113549018,0.0
2.519999999999968,0.0,0.0,0.04698222388128816,0.0,0.03813751001278325,0.0,0.0,0.0,-0.04795676824791348,0.0,0.004499810828655194,0.0
2.524999999999968,0.0,0.0,0.04673967555969478,0.0,0.03815956906160435,0.0,0.0,0.0,-0.04905933667786852,0.0,0.004323785423948941,0.0
2.529999999999968,0.0,0.0,0.04649141550032827,0.0,0.03818078603557548,0.0,0.0,0.0,-0.05024132011045493,0.0,0.004162975893922546,0.0
2.534999999999968,0.0,0.0,0.04623700921473806,0.0,0.03820123980816587,0.0,0.0,0.0,-0.05151766862812539,0.0,0.004018497896193561,0.0
2.539999999999968,0.0,0.0,0.04597594763195984,0.0,0.03822101417676456,0.0,0.0,0.0,-0.05290325992942618,0.0,0.003891205534784082,0.0
2.544999999999968,0.0,0.0,0.04570764789214761,0.0,0.03824019675411902,0.0,0.0,0.0,-0.05441273897940736,0.0,0.003781771888835602,0.0
2.549999999999968,0.0,0.0,0.04543145155940198,0.0,0.03825887822078455,0.0,0.0,0.0,-0.05606168338951009,0.0,0.003690750093598127,0.0
2.554999999999968,0.0,0.0,0.04514662506903244,0.0,0.03827715154210385,0.0,0.0,0.0,-0.05786456720973497,0.0,0.003618501200912882,0.0
2.559999999999968,0.0,0.0,0.04485236562450538,0.0,0.03829511088141001,0.0,0.0,0.0,-0.05983461132247687,0.0,0.003565144039858682,0.0
2.564999999999968,0.0,0.0,0.044547810757769,0.0,0.03831285038466225,0.0,0.0,0.0,-0.06198246714697333,0.0,0.003530552453647175,0.0
2.569999999999967,0.0,0.0,0.04423206039435308,0.0,0.03833046335618711,0.0,0.0,0.0,-0.06431252892938341,0.0,0.003514516218111161,0.0
2.574999999999967,0.0,0.0,0.04390595549861576,0.0,0.03834832099646168,0.0,0.0,0.0,-0.06540611723868733,0.0,0.003742511954047396,0.0
2.579999999999967,0.0,0.0,0.04357213620200048,0.0,0.03836707906724383,0.0,0.0,0.0,-0.06811593664613327,0.0,0.003760555658168154,0.0
2.584999999999967,0.0,0.0,0.0432243042215617,0.0,0.0383859683550263,0.0,0.0,0.0,-0.07101088046133373,0.0,0.003794983093372984,0.0
2.589999999999967,0.0,0.0,0.04286169357611125,0.0,0.03840503539414176,0.0,0.0,0.0,-0.07399601247211875,0.0,0.003825054971202326,0.0
2.594999999999967,0.0,0.0,0.0424848577803821,0.0,0.03842404979906974,0.0,0.0,0.0,-0.0766121460193927,0.0,0.003755807334489795,0.0
2.599999999999967,0.0,0.0,0.04209626772026984,0.0,0.03844238713292179,0.0,0.0,0.0,-0.07872790270936633,0.0,0.003560514319999685,0.0
2.604999999999967,0.0,0.0,0.04169728018646944,0.0,0.0384596567518922,0.0,0.0,0.0,-0.08089668943224217,0.0,0.003355104423955378,0.0
2.609999999999967,0.0,0.0,0.04128356637644814,0.0,0.03847665050965578,0.0,0.0,0.0,-0.08460800533589019,0.0,0.003447695835427316,0.0
2.614999999999966,0.0,0.0,0.04085085683905336,0.0,0.03849415014339312,0.0,0.0,0.0,-0.08846807363681107,0.0,0.003551926521210028,0.0
2.619999999999966,0.0,0.0,0.04039859334630891,0.0,0.03851218061696279,0.0,0.0,0.0,-0.09242931051470092,0.0,0.003660022066067116,0.0
2.624999999999966,0.0,0.0,0.03992632690869681,0.0,0.03853075552509003,0.0,0.0,0.0,-0.09646899234850348,0.0,0.003769692406517658,0.0
2.629999999999966,0.0,0.0,0.03943795108946289,0.0,0.03854906631339079,0.0,0.0,0.0,-0.09887529050156012,0.0,0.00355485376985971,0.0
2.634999999999966,0.0,0.0,0.03893321998525046,0.0,0.03856711030866034,0.0,0.0,0.0,-0.1030084843047355,0.0,0.003662496433632318,0.0
2.639999999999966,0.0,0.0,0.03840781281450181,0.0,0.03858567875491044,0.0,0.0,0.0,-0.1070216028883793,0.0,0.003766344009274514,0.0
2.644999999999966,0.0,0.0,0.03787370889040065,0.0,0.03860490302790079,0.0,0.0,0.0,-0.1052491582167569,0.0,0.003831282843559289,0.0
2.649999999999966,0.0,0.0,0.03736841184751648,0.0,0.03862341552265669,0.0,0.0,0.0,-0.09689108457038288,0.0,0.003471323728277036,0.0
2.654999999999966,0.0,0.0,0.03687678963095278,0.0,0.03864089310334273,0.0,0.0,0.0,-0.09976199956264992,0.0,0.003544108618164322,0.0
2.659999999999966,0.0,0.0,0.03637632366388032,0.0,0.03865893505918105,0.0,0.0,0.0,-0.100428365526091,0.0,0.003672411961833253,0.0
2.664999999999965,0.0,0.0,0.03586771992837291,0.0,0.03867747494229758,0.0,0.0,0.0,-0.102669333050996,0.0,0.00362957678844624,0.0
2.669999999999965,0.0,0.0,0.0353743910998368,0.0,0.03869186962236232,0.0,0.0,0.0,-0.0934027695468844,0.0,0.002008436709260705,0.0
2.674999999999965,0.0,0.0,0.03490400189443027,0.0,0.03870189373691633,0.0,0.0,0.0,-0.09509729131957394,0.0,0.002036176263812313,0.0
2.679999999999965,0.0,0.0,0.0344443388328757,0.0,0.03871289604348706,0.0,0.0,0.0,-0.08709096930132004,0.0,0.002423103421214864,0.0
2.684999999999965,0.0,0.0,0.03402256088671914,0.0,0.03872685569119363,0.0,0.0,0.0,-0.08063138343018415,0.0,0.003428373894422606,0.0
2.689999999999965,0.0,0.0,0.03362301227557461,0.0,0.03874630913593224,0.0,0.0,0.0,-0.07949936718367386,0.0,0.004314761657021484,0.0
2.694999999999965,0.0,0.0,0.03322695243846322,0.0,0.03876967494376099,0.0,0.0,0.0,-0.07954768346569144,0.0,0.004887807005880263,0.0
2.699999999999965,0.0,0.0,0.03282267107770217,0.0,0.03879388795533037,0.0,0.0,0.0,-0.08224078191658434,0.0,0.004778493752405168,0.0
2.704999999999965,0.0,0.0,0.03240511259247057,0.0,0.03881740098110305,0.0,0.0,0.0,-0.08477621790810264,0.0,0.004626639299269396,0.0
2.709999999999964,0.0,0.0,0.03197547813797827,0.0,0.03884009923984352,0.0,0.0,0.0,-0.08707128592753195,0.0,0.004452618350379113,0.0
2.714999999999964,0.0,0.0,0.03153496472352838,0.0,0.03886187655861142,0.0,0.0,0.0,-0.0891279234474153,0.0,0.004258293659563251,0.0
2.719999999999964,0.0,0.0,0.0310921609480174,0.0,0.03888304658681416,0.0,0.0,0.0,-0.08649685109898662,0.0,0.00429219144870892,0.0
2.724999999999964,0.0,0.0,0.03065560855600094,0.0,0.03890393307491239,0.0,0.0,0.0,-0.08811843427385715,0.0,0.00406243752029859,0.0
2.729999999999964,0.0,0.0,0.03022428393347909,0.0,0.03892443249102054,0.0,0.0,0.0,-0.08211943066544616,0.0,0.004279658192818921,0.0
2.734999999999964,0.0,0.0,0.0298105927155198,0.0,0.03894518646514953,0.0,0.0,0.0,-0.08335199226997599,0.0,0.004021995827746851,0.0
2.739999999999964,0.0,0.0,0.0293940583760042,0.0,0.03896534459224307,0.0,0.0,0.0,-0.08286245276062515,0.0,0.004142169345044662,0.0
2.744999999999964,0.0,0.0,0.02898584190752656,0.0,0.03898745206166959,0.0,0.0,0.0,-0.08046702550854916,0.0,0.004689012515501374,0.0
2.749999999999964,0.0,0.0,0.02858390820292275,0.0,0.03901070166780853,0.0,0.0,0.0,-0.08038424392429334,0.0,0.004589696289947085,0.0
2.754999999999963,0.0,0.0,0.02818091182929181,0.0,0.03903292683605981,0.0,0.0,0.0,-0.08082863693829505,0.0,0.004295570669091599,0.0
2.759999999999963,0.0,0.0,0.02777605615633931,0.0,0.03905364546811164,0.0,0.0,0.0,-0.08110949534183977,0.0,0.003991986272341313,0.0
2.764999999999963,0.0,0.0,0.0273702227052946,0.0,0.0390728391027821,0.0,0.0,0.0,-0.08121988090915236,0.0,0.003685590189204604,0.0
2.769999999999963,0.0,0.0,0.02696422892978431,0.0,0.0390904982215918,0.0,0.0,0.0,-0.08117375415525897,0.0,0.00337819708419364,0.0
2.774999999999963,0.0,0.0,0.02655881979902718,0.0,0.03910662218561896,0.0,0.0,0.0,-0.08098614483072408,0.0,0.003071543812131781,0.0
2.779999999999963,0.0,0.0,0.02615547793395039,0.0,0.03912144457408197,0.0,0.0,0.0,-0.08008247459134812,0.0,0.002930688131506175,0.0
2.784999999999963,0.0,0.0,0.02576245359133415,0.0,0.03913710202837137,0.0,0.0,0.0,-0.07714257862887308,0.0,0.003327253280000143,0.0
2.789999999999963,0.0,0.0,0.02537919977569692,0.0,0.03915333298080403,0.0,0.0,0.0,-0.07635295848138855,0.0,0.003111113766906975,0.0
2.794999999999963,0.0,0.0,0.02499881272277694,0.0,0.03916815490516548,0.0,0.0,0.0,-0.07579869738997683,0.0,0.002817815098202733,0.0
2.799999999999963,0.0,0.0,0.02462131683599174,0.0,0.03918153122486889,0.0,0.0,0.0,-0.07519654455645476,0.0,0.002532878999209653,0.0
2.804999999999962,0.0,0.0,0.02424690160053734,0.0,0.03919350712781212,0.0,0.0,0.0,-0.07456648045341013,0.0,0.002257654301682321,0.0
2.809999999999962,0.0,0.0,0.02387565678372316,0.0,0.03920413435167906,0.0,0.0,0.0,-0.07392839948466397,0.0,0.001993411143350468,0.0
2.814999999999962,0.0,0.0,0.02350757335921599,0.0,0.0392134708377412,0.0,0.0,0.0,-0.0733019279653201,0.0,0.001741360959710059,0.0
2.819999999999962,0.0,0.0,0.02314254550318286,0.0,0.03922158036897613,0.0,0.0,0.0,-0.07264672931301959,0.0,0.00152028868474507,0.0
2.824999999999962,0.0,0.0,0.0227864581537772,0.0,0.03923032616177232,0.0,0.0,0.0,-0.06943707939080858,0.0,0.002081620136798364,0.0
2.829999999999962,0.0,0.0,0.02244383752146299,0.0,0.03924121450915184,0.0,0.0,0.0,-0.06796584302771481,0.0,0.002167575437712726,0.0
2.834999999999962,0.0,0.0,0.02210519885525765,0.0,0.03925163445084049,0.0,0.0,0.0,-0.06754134480432811,0.0,0.001984266375228123,0.0
2.839999999999962,0.0,0.0,0.02176815747541912,0.0,0.03926110058955513,0.0,0.0,0.0,-0.06727214949079766,0.0,0.001802299092408097,0.0
2.844999999999962,0.0,0.0,0.02143217205896132,0.0,0.03926970326395769,0.0,0.0,0.0,-0.06693044831258423,0.0,0.001664916680308274,0.0
2.849999999999961,0.0,0.0,0.02111777066921169,0.0,0.0392804603122261,0.0,0.0,0.0,-0.05877174820498029,0.0,0.002657058475416502,0.0
2.854999999999961,0.0,0.0,0.02082816104203763,0.0,0.03929471509292533,0.0,0.0,0.0,-0.05707508309176043,0.0,0.003075726715168581,0.0
2.859999999999961,0.0,0.0,0.02054515039610454,0.0,0.03931081878891605,0.0,0.0,0.0,-0.05647431650722622,0.0,0.003257462737309864,0.0
2.864999999999961,0.0,0.0,0.0202616808145424,0.0,0.03932694268489739,0.0,0.0,0.0,-0.05696121767912653,0.0,0.003176240560135957,0.0
2.869999999999961,0.0,0.0,0.01997504477472146,0.0,0.0393426303070516,0.0,0.0,0.0,-0.05768975975892784,0.0,0.003098762314205749,0.0
2.874999999999961,0.0,0.0,0.01968427251862318,0.0,0.03935797855930271,0.0,0.0,0.0,-0.05861552499077149,0.0,0.003040476402939815,0.0
2.879999999999961,0.0,0.0,0.0193883792232681,0.0,0.03937308073485386,0.0,0.0,0.0,-0.05973650977438531,0.0,0.003000014480301722,0.0
2.884999999999961,0.0,0.0,0.01908647989539738,0.0,0.03938800397767579,0.0,0.0,0.0,-0.06100452594445801,0.0,0.0029660985269926,0.0
2.889999999999961,0.0,0.0,0.01877805894460917,0.0,0.03940273260991651,0.0,0.0,0.0,-0.06233669055122868,0.0,0.002920415968032997,0.0
2.89499999999996,0.0,0.0,0.018467673987059,0.0,0.03941816375289713,0.0,0.0,0.0,-0.0605355841370353,0.0,0.003469471068672208,0.0
2.89999999999996,0.0,0.0,0.01816017176148911,0.0,0.03943556218255553,0.0,0.0,0.0,-0.06246420709953205,0.0,0.003490507227462424,0.0
2.90499999999996,0.0,0.0,0.01784255385725646,0.0,0.03945309993748929,0.0,0.0,0.0,-0.0645779805324616,0.0,0.003524425311322711,0.0
2.90999999999996,0.0,0.0,0.01751393774981716,0.0,0.0394708325166241,0.0,0.0,0.0,-0.06686321718007371,0.0,0.003568425299434014,0.0
2.91499999999996,0.0,0.0,0.01717350517220782,0.0,0.03948880517733548,0.0,0.0,0.0,-0.069304305423602,0.0,0.003620447643534645,0.0
2.91999999999996,0.0,0.0,0.01682052236744363,0.0,0.03950705241172613,0.0,0.0,0.0,-0.07188305479774469,0.0,0.003678246203663262,0.0
2.92499999999996,0.0,0.0,0.01645435207799911,0.0,0.03952559722493019,0.0,0.0,0.0,-0.07457906132051843,0.0,0.003739472044321077,0.0
2.92999999999996,0.0,0.0,0.01607446525997584,0.0,0.03954445084051791,0.0,0.0,0.0,-0.07736944445191371,0.0,0.00380176193518144,0.0
2.93499999999996,0.0,0.0,0.01568045089279347,0.0,0.03956361250404057,0.0,0.0,0.0,-0.08022987717136773,0.0,0.003862688067381445,0.0
2.93999999999996,0.0,0.0,0.01527202212014858,0.0,0.03958306939904694,0.0,0.0,0.0,-0.08313502254163539,0.0,0.003919853385420368,0.0
2.944999999999959,0.0,0.0,0.01484902145886714,0.0,0.03960279677277836,0.0,0.0,0.0,-0.08605847340699034,0.0,0.003970881249590936,0.0
2.949999999999959,0.0,0.0,0.01441142381998653,0.0,0.03962275800363866,0.0,0.0,0.0,-0.08897367083299008,0.0,0.004013399048178393,0.0
2.954999999999959,0.0,0.0,0.01395933737367833,0.0,0.03964290485063728,0.0,0.0,0.0,-0.09185388153401716,0.0,0.004045133562037745,0.0
2.959999999999959,0.0,0.0,0.01349300376018514,0.0,0.03966317791925732,0.0,0.0,0.0,-0.09467244654530169,0.0,0.004063895950317183,0.0
2.964999999999959,0.0,0.0,0.01301279602335582,0.0,0.03968350719774568,0.0,0.0,0.0,-0.09740346421331364,0.0,0.004067628056981524,0.0
2.969999999999959,0.0,0.0,0.01251921647597083,0.0,0.03970381244757014,0.0,0.0,0.0,-0.1000211310346863,0.0,0.004054297856386414,0.0
2.974999999999959,0.0,0.0,0.01201290231944961,0.0,0.03972400228582306,0.0,0.0,0.0,-0.102497285812539,0.0,0.004021479073091341,0.0
2.979999999999959,0.0,0.0,0.01149462531091115,0.0,0.03974397270581274,0.0,0.0,0.0,-0.1048062817481539,0.0,0.003966549490720179,0.0
2.984999999999959,0.0,0.0,0.01096528076205609,0.0,0.03976360821789654,0.0,0.0,0.0,-0.1069243437352962,0.0,0.003887538640252848,0.0
2.989999999999958,0.0,0.0,0.01042587110092777,0.0,0.0397827852913468,0.0,0.0,0.0,-0.1088324011201586,0.0,0.003783200469711307,0.0
2.994999999999958,0.0,0.0,0.009877480003261135,0.0,0.03980137663371136,0.0,0.0,0.0,-0.1105170309040511,0.0,0.003653276575094848,0.0
2.999999999999958,0.0,0.0,0.00932124657537615,0.0,0.0398192555787797,0.0,0.0,0.0,-0.1119694753862175,0.0,0.003498274023939814,0.0
3.004999999999958,0.0,0.0,0.008758341993086729,0.0,0.03983629945762811,0.0,0.0,0.0,-0.113185654249615,0.0,0.003319283758027143,0.0
3.009999999999958,0.0,0.0,0.008193803426152908,0.0,0.03985257838638198,0.0,0.0,0.0,-0.1113017061684695,0.0,0.003256304269557166,0.0
3.014999999999958,0.0,0.0,0.007635380223130465,0.0,0.03986830171069222,0.0,0.0,0.0,-0.1120613843734165,0.0,0.003033095440743258,0.0
3.019999999999958,0.0,0.0,0.007073737920531906,0.0,0.03988286200984004,0.0,0.0,0.0,-0.1125895357817828,0.0,0.002791126864396634,0.0
3.024999999999958,0.0,0.0,0.00651002509807759,0.0,0.0398961707055082,0.0,0.0,0.0,-0.112889786486122,0.0,0.002532485590246193,0.0
3.029999999999958,0.0,0.0,0.005945367932222837,0.0,0.03990815006723176,0.0,0.0,0.0,-0.1129674709414721,0.0,0.002259423366952668,0.0
3.034999999999958,0.0,0.0,0.005380868270296754,0.0,0.03991873289012796,0.0,0.0,0.0,-0.1128269766350939,0.0,0.00197389704261395,0.0
3.039999999999957,0.0,0.0,0.004821594929158528,0.0,0.03992886332675209,0.0,0.0,0.0,-0.1106343326336348,0.0,0.00214057899863917,0.0
3.044999999999957,0.0,0.0,0.004275844132136533,0.0,0.03994033707376255,0.0,0.0,0.0,-0.1073599784631226,0.0,0.002526108987268008,0.0
3.049999999999957,0.0,0.0,0.003747235748053242,0.0,0.03995377785469889,0.0,0.0,0.0,-0.1045618395919325,0.0,0.002726889660287524,0.0
3.054999999999957,0.0,0.0,0.003227120149457245,0.0,0.03996666812934058,0.0,0.0,0.0,-0.1035489240349303,0.0,0.002411841352653452,0.0
3.059999999999957,0.0,0.0,0.002712211256357926,0.0,0.03997788151195633,0.0,0.0,0.0,-0.1024105849076255,0.0,0.002073744963831968,0.0
3.064999999999957,0.0,0.0,0.002203453440245256,0.0,0.03998739535943124,0.0,0.0,0.0,-0.1010887062295741,0.0,0.00173204915887271,0.0
3.069999999999957,0.0,0.0,0.001701731847038572,0.0,0.03999519647372938,0.0,0.0,0.0,-0.09959630438879058,0.0,0.001388671660899641,0.0
3.074999999999957,0.0,0.0,0.001207863032139985,0.0,0.04000128111073405,0.0,0.0,0.0,-0.0979478001798907,0.0,0.001045476774828959,0.0
3.079999999999957,0.0,0.0,0.0007225874846305578,0.0,0.04000565472329478,0.0,0.0,0.0,-0.09607248084630972,0.0,0.0007282505055147967,0.0
3.084999999999956,0.0,0.0,0.0002508343514399208,0.0,0.04000951245536973,0.0,0.0,0.0,-0.0922948517296231,0.0,0.0009066303122945402,0.0
3.089999999999956,0.0,0.0,-0.0002005155176252064,0.0,0.04001462187645937,0.0,0.0,0.0,-0.08860653123351872,0.0,0.001036779247941931,0.0
3.094999999999956,0.0,0.0,-0.0006380709096304295,0.0,0.0400190557680642,0.0,0.0,0.0,-0.08637512934629726,0.0,0.0007482525723764422,0.0
3.099999999999956,0.0,0.0,-0.001063537599130427,0.0,0.0400222878333964,0.0,0.0,0.0,-0.08362502574656744,0.0,0.0005970715634564705,0.0
3.104999999999956,0.0,0.0,-0.001476210081797319,0.0,0.04002448574010442,0.0,0.0,0.0,-0.08144182294112365,0.0,0.0002824020037009156,0.0
3.109999999999956,0.0,0.0,-0.001877566395325345,0.0,0.04002523682489748,0.0,0.0,0.0,-0.07898737015996546,0.0,5.065409125207459e-05,0.0
3.114999999999956,0.0,0.0,-0.002262489575572974,0.0,0.04002606529770615,0.0,0.0,0.0,-0.07480029483454043,0.0,0.0003331985371051698,0.0
3.119999999999956,0.0,0.0,-0.002630076724410511,0.0,0.04002730772221399,0.0,0.0,0.0,-0.0724274988914073,0.0,0.0001075638766695688,0.0
3.124999999999956,0.0,0.0,-0.002986534252340973,0.0,0.04002727428990112,0.0,0.0,0.0,-0.0700284418896198,0.0,-8.337597528875113e-05,0.0
3.129999999999955,0.0,0.0,-0.003326630102564055,0.0,0.04002766436931288,0.0,0.0,0.0,-0.06602256557511181,0.0,0.0002354432938467669,0.0
3.134999999999955,0.0,0.0,-0.003650725283602638,0.0,0.04002854867598093,0.0,0.0,0.0,-0.06382123156754495,0.0,5.696664465605518e-05,0.0
3.139999999999955,0.0,0.0,-0.003965086822675673,0.0,0.04002827595209376,0.0,0.0,0.0,-0.06192193678636131,0.0,-0.000165809481558268,0.0
3.144999999999955,0.0,0.0,-0.004270232189489811,0.0,0.04002693511067544,0.0,0.0,0.0,-0.06013474379539021,0.0,-0.000370289140056143,0.0
3.149999999999955,0.0,0.0,-0.00456675861919797,0.0,0.04002462091337585,0.0,0.0,0.0,-0.05847432232185675,0.0,-0.0005551621642195334,0.0
3.154999999999955,0.0,0.0,-0.004855341607474545,0.0,0.04002143373040463,0.0,0.0,0.0,-0.0569573032165361,0.0,-0.0007194950371893485,0.0
3.159999999999955,0.0,0.0,-0.005136738132592425,0.0,0.04001747775365829,0.0,0.0,0.0,-0.05559965076768945,0.0,-0.0008626930610363977,0.0
3.164999999999955,0.0,0.0,-0.005411781723958326,0.0,0.04001285950077115,0.0,0.0,0.0,-0.05441602238524718,0.0,-0.0009844201802282192,0.0
3.169999999999955,0.0,0.0,-0.005681374470605203,0.0,0.04000768639681607,0.0,0.0,0.0,-0.05341918100126117,0.0,-0.001084649174758417,0.0
3.174999999999955,0.0,0.0,-0.005946478061333479,0.0,0.04000206539897935,0.0,0.0,0.0,-0.05262020971187697,0.0,-0.00116359432834374,0.0
3.179999999999954,0.0,0.0,-0.006208109559550487,0.0,0.03999610152955925,0.0,0.0,0.0,-0.05203017944926206,0.0,-0.001221815093403461,0.0
3.184999999999954,0.0,0.0,-0.006467320016633424,0.0,0.03998989682630166,0.0,0.0,0.0,-0.05165161841664923,0.0,-0.001259945664488245,0.0
3.189999999999954,0.0,0.0,-0.006725169095996696,0.0,0.03998354953191247,0.0,0.0,0.0,-0.05148544068419915,0.0,-0.001278869716790585,0.0
3.194999999999954,0.0,0.0,-0.006982716377788455,0.0,0.03997715281894498,0.0,0.0,0.0,-0.0515307067405408,0.0,-0.001279730615918383,0.0
3.199999999999954,0.0,0.0,-0.007230076178923335,0.0,0.03997260706881685,0.0,0.0,0.0,-0.0474167107254647,0.0,-0.0005395923661219289,0.0
3.204999999999954,0.0,0.0,-0.007468370337090401,0.0,0.03996997501476547,0.0,0.0,0.0,-0.04789802661363647,0.0,-0.0005132099156119727,0.0
3.209999999999954,0.0,0.0,-0.007709557120631367,0.0,0.03996750732256878,0.0,0.0,0.0,-0.04857355233881759,0.0,-0.000473862191132409,0.0
3.214999999999954,0.0,0.0,-0.007954581672790978,0.0,0.03996526352826467,0.0,0.0,0.0,-0.04943292246991126,0.0,-0.0004236640485440305,0.0
3.219999999999954,0.0,0.0,-0.008204329971069829,0.0,0.03996329221207073,0.0,0.0,0.0,-0.05046284821530241,0.0,-0.0003648828699031,0.0
3.224999999999953,0.0,0.0,-0.00845961125208477,0.0,0.03996163043202251,0.0,0.0,0.0,-0.05164592096296919,0.0,-0.0002998595419943267,0.0
3.229999999999953,0.0,0.0,-0.008721142096816457,0.0,0.03996030325811781,0.0,0.0,0.0,-0.05296249177077072,0.0,-0.0002310484199774627,0.0
3.234999999999953,0.0,0.0,-0.00898953469651582,0.0,0.03995932330851724,0.0,0.0,0.0,-0.05439045704022583,0.0,-0.0001609758065892967,0.0
3.239999999999953,0.0,0.0,-0.009265285495994991,0.0,0.03995869063768346,0.0,0.0,0.0,-0.0559056237656121,0.0,-9.214068992010672e-05,0.0
3.244999999999953,0.0,0.0,-0.009548767470072822,0.0,0.03995839282713552,0.0,0.0,0.0,-0.05748279788566176,0.0,-2.703310474569502e-05,0.0
3.249999999999953,0.0,0.0,-0.00984022380678151,0.0,0.03995840514080814,0.0,0.0,0.0,-0.05909526212271431,0.0,3.19100113134778e-05,0.0
3.254999999999953,0.0,0.0,-0.01013976388151699,0.0,0.03995869086080955,0.0,0.0,0.0,-0.06071620812193676,0.0,8.233292861754661e-05,0.0
3.259999999999953,0.0,0.0,-0.01044736269033414,0.0,0.03995920165854926,0.0,0.0,0.0,-0.06231869542302861,0.0,0.0001219470335271016,0.0
3.264999999999953,0.0,0.0,-0.01076286031249659,0.0,0.03995987811557342,0.0,0.0,0.0,-0.0638757004313264,0.0,0.0001486054985575862,0.0
3.269999999999953,0.0,0.0,-0.01108596275811115,0.0,0.03996065049668853,0.0,0.0,0.0,-0.06536061463586929,0.0,0.0001603277309456498,0.0
3.274999999999952,0.0,0.0,-0.01141623929548878,0.0,0.03996143924853748,0.0,0.0,0.0,-0.06674534852512545,0.0,0.0001551675813740019,0.0
3.279999999999952,0.0,0.0,-0.0117531154223972,0.0,0.03996215424085686,0.0,0.0,0.0,-0.0680004968718,0.0,0.0001308404711459113,0.0
3.284999999999952,0.0,0.0,-0.01209587686315836,0.0,0.03996269360309708,0.0,0.0,0.0,-0.06909954297829961,0.0,8.49367759180051e-05,0.0
3.289999999999952,0.0,0.0,-0.01244368674455,0.0,0.03996294486287367,0.0,0.0,0.0,-0.07001997681208788,0.0,1.562459534208112e-05,0.0
3.294999999999952,0.0,0.0,-0.01279561089936976,0.0,0.03996278902244681,0.0,0.0,0.0,-0.070745388634127,0.0,-7.787507029904361e-05,0.0
3.299999999999952,0.0,0.0,-0.01315064468939186,0.0,0.03996210524529751,0.0,0.0,0.0,-0.07126399032290204,0.0,-0.0001955202174281475,0.0
3.304999999999952,0.0,0.0,-0.01350773900979128,0.0,0.03996077448921068,0.0,0.0,0.0,-0.07156978179136116,0.0,-0.0003366353166241534,0.0
3.309999999999952,0.0,0.0,-0.01386582125121667,0.0,0.03995868244783256,0.0,0.0,0.0,-0.07165935351221464,0.0,-0.0005000027643104545,0.0
3.314999999999952,0.0,0.0,-0.01422381209332824,0.0,0.03995572182043985,0.0,0.0,0.0,-0.07153343244940827,0.0,-0.0006840379442817287,0.0
3.319999999999951,0.0,0.0,-0.01458063643684653,0.0,0.03995179362749982,0.0,0.0,0.0,-0.07119296416243412,0.0,-0.0008869987243841285,0.0
3.324999999999951,0.0,0.0,-0.01493522613519729,0.0,0.03994680789968425,0.0,0.0,0.0,-0.07063979234425903,0.0,-0.001107022523919638,0.0
3.329999999999951,0.0,0.0,-0.0152862069675236,0.0,0.03994076391498485,0.0,0.0,0.0,-0.06959005453282202,0.0,-0.001270569967362358,0.0
3.334999999999951,0.0,0.0,-0.01562633668392863,0.0,0.03993513616116529,0.0,0.0,0.0,-0.06608961538939576,0.0,-0.0008882743452201212,0.0
3.339999999999951,0.0,0.0,-0.01594477333218361,0.0,0.039932309531664,0.0,0.0,0.0,-0.06175143977866013,0.0,-0.0003586780512623585,0.0
3.344999999999951,0.0,0.0,-0.01624986898147999,0.0,0.03992990186313013,0.0,0.0,0.0,-0.06035216516871961,0.0,-0.000620807291182227,0.0
3.349999999999951,0.0,0.0,-0.01654780237845399,0.0,0.03992607567611585,0.0,0.0,0.0,-0.05881955959519578,0.0,-0.0009093380836261384,0.0
3.354999999999951,0.0,0.0,-0.01683758224508846,0.0,0.03992078663001392,0.0,0.0,0.0,-0.0570909995789681,0.0,-0.001205927644018566,0.0
3.359999999999951,0.0,0.0,-0.01711824878100808,0.0,0.03991399917162572,0.0,0.0,0.0,-0.05517447693946081,0.0,-0.001508681034406014,0.0
3.36499999999995,0.0,0.0,-0.0173888860669514,0.0,0.03990568725525927,0.0,0.0,0.0,-0.05307954922192265,0.0,-0.001815690279623241,0.0
3.36999999999995,0.0,0.0,-0.01764843045287065,0.0,0.03989588805235061,0.0,0.0,0.0,-0.0505841650522825,0.0,-0.0020622316119766,0.0
3.37499999999995,0.0,0.0,-0.01789030515785804,0.0,0.03988615070625676,0.0,0.0,0.0,-0.04581948791566753,0.0,-0.001739071754062941,0.0
3.37999999999995,0.0,0.0,-0.01810614078538411,0.0,0.03987853590028856,0.0,0.0,0.0,-0.04095316188880656,0.0,-0.001424594736531264,0.0
3.38499999999995,0.0,0.0,-0.01830371850310744,0.0,0.03987078329419786,0.0,0.0,0.0,-0.03796701773165898,0.0,-0.001644835213105687,0.0
3.38999999999995,0.0,0.0,-0.0184866796587242,0.0,0.03986178430387891,0.0,0.0,0.0,-0.03521805799581372,0.0,-0.001954354304884683,0.0
3.39499999999995,0.0,0.0,-0.01865568213547927,0.0,0.03985125325266047,0.0,0.0,0.0,-0.03238374939287057,0.0,-0.00225764975253059,0.0
3.39999999999995,0.0,0.0,-0.0188091922512006,0.0,0.03983955236034147,0.0,0.0,0.0,-0.02881984575946073,0.0,-0.002365202824047431,0.0
3.40499999999995,0.0,0.0,-0.01893997981676425,0.0,0.03982869317351544,0.0,0.0,0.0,-0.02333807110384077,0.0,-0.001933199878205378,0.0
3.40999999999995,0.0,0.0,-0.0190474655609491,0.0,0.03981883843409861,0.0,0.0,0.0,-0.02002257000586262,0.0,-0.00211167125121847,0.0
3.414999999999949,0.0,0.0,-0.01913625743211111,0.0,0.03980872806196817,0.0,0.0,0.0,-0.01524420765290986,0.0,-0.001859042610790702,0.0
3.419999999999949,0.0,0.0,-0.01919870253495914,0.0,0.03980065462719171,0.0,0.0,0.0,-0.009948593566749313,0.0,-0.001431753316772998,0.0
3.424999999999949,0.0,0.0,-0.01924103403350853,0.0,0.03979293261182158,0.0,0.0,0.0,-0.007030533495201967,0.0,-0.001669591457988145,0.0
3.429999999999949,0.0,0.0,-0.01926914288759405,0.0,0.03978399424654298,0.0,0.0,0.0,-0.004215278569508025,0.0,-0.001905428635938169,0.0
3.434999999999949,0.0,0.0,-0.01928336991067112,0.0,0.03977391641809023,0.0,0.0,0.0,-0.001477853555966229,0.0,-0.002125381861547679,0.0
3.439999999999949,0.0,0.0,-0.01928415222115773,0.0,0.03976278092752943,0.0,0.0,0.0,0.001162575820409273,0.0,-0.002328500548229103,0.0
3.444999999999949,0.0,0.0,-0.01927202169382554,0.0,0.0397506741991253,0.0,0.0,0.0,0.003687273445629052,0.0,-0.002513885948768601,0.0
3.449999999999949,0.0,0.0,-0.01924760175254989,0.0,0.03973768707076363,0.0,0.0,0.0,0.00607835587842748,0.0,-0.002680671384036483,0.0
3.454999999999949,0.0,0.0,-0.01921160448750005,0.0,0.03972391479486689,0.0,0.0,0.0,0.008318238487884282,0.0,-0.00282795821858586,0.0
3.459999999999948,0.0,0.0,-0.01916294183803062,0.0,0.03971004324816658,0.0,0.0,0.0,0.01138700222291678,0.0,-0.002645005666703793,0.0
3.464999999999948,0.0,0.0,-0.01909863921202536,0.0,0.03969737369538232,0.0,0.0,0.0,0.01408552016483552,0.0,-0.00249917569934145,0.0
3.469999999999948,0.0,0.0,-0.01902376026161542,0.0,0.03968473381607565,0.0,0.0,0.0,0.01581631661556486,0.0,-0.00257135890719258,0.0
3.474999999999948,0.0,0.0,-0.01894098991119057,0.0,0.03967171326669377,0.0,0.0,0.0,0.01728975332443572,0.0,-0.002636675921495892,0.0
3.479999999999948,0.0,0.0,-0.01885140556137615,0.0,0.0396584196772827,0.0,0.0,0.0,0.01854206311439495,0.0,-0.002680594527258863,0.0
3.484999999999948,0.0,0.0,-0.01875614127763415,0.0,0.03964495855894058,0.0,0.0,0.0,0.01956189458233873,0.0,-0.002703707600071517,0.0
3.489999999999948,0.0,0.0,-0.01865637224862408,0.0,0.0396314320778061,0.0,0.0,0.0,0.02034414493818933,0.0,-0.002706759445251701,0.0
3.494999999999948,0.0,0.0,-0.01855328690723391,0.0,0.03961793828340573,0.0,0.0,0.0,0.02088861386133944,0.0,-0.002690652765430327,0.0
3.499999999999948,0.0,0.0,-0.01844807218170573,0.0,0.03960457004918175,0.0,0.0,0.0,0.02119610266954826,0.0,-0.002656554764607781,0.0
3.504999999999947,0.0,0.0,-0.01834190348733839,0.0,0.03959141378181368,0.0,0.0,0.0,0.0212704118319682,0.0,-0.002605884644741686,0.0
3.509999999999947,0.0,0.0,-0.01823593112722782,0.0,0.03957854824489126,0.0,0.0,0.0,0.02111778326341335,0.0,-0.002540280166303852,0.0
3.514999999999947,0.0,0.0,-0.01813126806144644,0.0,0.03956604334487539,0.0,0.0,0.0,0.02074690889011974,0.0,-0.002461645851637103,0.0
3.519999999999947,0.0,0.0,-0.01802897768463782,0.0,0.03955395898606794,0.0,0.0,0.0,0.02016892287841065,0.0,-0.002372078433157518,0.0
3.524999999999947,0.0,0.0,-0.01793006586858621,0.0,0.03954234392171752,0.0,0.0,0.0,0.01939569713693806,0.0,-0.002273940571892597,0.0
3.529999999999947,0.0,0.0,-0.01783546632064772,0.0,0.03953123507193405,0.0,0.0,0.0,0.01844422092727993,0.0,-0.002169603011474742,0.0
3.534999999999947,0.0,0.0,-0.01774602206798379,0.0,0.03952065719735404,0.0,0.0,0.0,0.0173337740540411,0.0,-0.002061558589152082,0.0
3.539999999999947,0.0,0.0,-0.01766247336705032,0.0,0.03951062241520802,0.0,0.0,0.0,0.01608618229541491,0.0,-0.001952371437631948,0.0
3.544999999999947,0.0,0.0,-0.01758544580424947,0.0,0.03950113013686182,0.0,0.0,0.0,0.01472548268031879,0.0,-0.001844560409369799,0.0
3.549999999999947,0.0,0.0,-0.01751544182348604,0.0,0.03949216719584372,0.0,0.0,0.0,0.01327689486542742,0.0,-0.001740637038481373,0.0
3.554999999999946,0.0,0.0,-0.01745283397759983,0.0,0.03948370801172258,0.0,0.0,0.0,0.0117671527178885,0.0,-0.001643055601555377,0.0
3.559999999999946,0.0,0.0,-0.01739786026211421,0.0,0.03947571499982698,0.0,0.0,0.0,0.01022334327445671,0.0,-0.001554163578923845,0.0
3.564999999999946,0.0,0.0,-0.01735062328811375,0.0,0.03946813893038878,0.0,0.0,0.0,0.008672532517394292,0.0,-0.00147627145174826,0.0
3.569999999999946,0.0,0.0,-0.01731108966181551,0.0,0.03946091948586115,0.0,0.0,0.0,0.007142055005987678,0.0,-0.001411503891220655,0.0
3.574999999999946,0.0,0.0,-0.01727908989693322,0.0,0.039453986274236,0.0,0.0,0.0,0.005659012258915033,0.0,-0.001361766093676519,0.0
3.579999999999946,0.0,0.0,-0.01725431489857027,0.0,0.03944725966207224,0.0,0.0,0.0,0.00425214256024975,0.0,-0.00132884930817487,0.0
3.584999999999946,0.0,0.0,-0.01723630995371259,0.0,0.03944065024947396,0.0,0.0,0.0,0.002950953232627943,0.0,-0.001314868451878924,0.0
3.589999999999946,0.0,0.0,-0.01722447639487563,0.0,0.03943405812728121,0.0,0.0,0.0,0.001783519628238404,0.0,-0.001321912212793598,0.0
3.594999999999946,0.0,0.0,-0.01721808761172651,0.0,0.03942737378427068,0.0,0.0,0.0,0.0007729488099868044,0.0,-0.001351732993032367,0.0
3.599999999999945,0.0,0.0,-0.01721631690135065,0.0,0.03942048117152996,0.0,0.0,0.0,-6.382580484775004e-05,0.0,-0.001405194541133946,0.0
3.604999999999945,0.0,0.0,-0.01721826452460408,0.0,0.03941326197900339,0.0,0.0,0.0,-0.0007145200486977243,0.0,-0.001482338233017498,0.0
3.609999999999945,0.0,0.0,-0.01722298347318892,0.0,0.03940559925701879,0.0,0.0,0.0,-0.001172505390205978,0.0,-0.001582579142772666,0.0
3.614999999999945,0.0,0.0,-0.01722950057854888,0.0,0.03939738037678136,0.0,0.0,0.0,-0.00143394404868611,0.0,-0.001704774383617853,0.0
3.619999999999945,0.0,0.0,-0.0172368333899089,0.0,0.03938849933573192,0.0,0.0,0.0,-0.001498956871092468,0.0,-0.00184741680594558,0.0
3.624999999999945,0.0,0.0,-0.01724400155943852,0.0,0.03937885814564451,0.0,0.0,0.0,-0.001368265131719802,0.0,-0.002008807924454873,0.0
3.629999999999945,0.0,0.0,-0.0172500301814218,0.0,0.03936836758571932,0.0,0.0,0.0,-0.001043322580749791,0.0,-0.00218713956211638,0.0
3.634999999999945,0.0,0.0,-0.01725395554739299,0.0,0.03935694794851565,0.0,0.0,0.0,-0.0005271526777679156,0.0,-0.00238041483932228,0.0
3.639999999999945,0.0,0.0,-0.01725483262521526,0.0,0.03934452979081381,0.0,0.0,0.0,0.0001757980157291179,0.0,-0.002586525021657782,0.0
3.644999999999945,0.0,0.0,-0.01725173587916025,0.0,0.0393310531407321,0.0,0.0,0.0,0.001062175112257697,0.0,-0.002803789801422021,0.0
3.649999999999944,0.0,0.0,-0.01724266933563023,0.0,0.03931674252345066,0.0,0.0,0.0,0.002885927526833179,0.0,-0.002837651987405313,0.0
3.654999999999944,0.0,0.0,-0.01721845535705407,0.0,0.03930366361116782,0.0,0.0,0.0,0.006584678183299176,0.0,-0.002448210697555403,0.0
3.659999999999944,0.0,0.0,-0.01718176479686142,0.0,0.03929085886872913,0.0,0.0,0.0,0.008043284210607954,0.0,-0.002685250575506747,0.0
3.664999999999944,0.0,0.0,-0.01713758557823462,0.0,0.03927679420149595,0.0,0.0,0.0,0.009626594641326909,0.0,-0.002940225460375907,0.0
3.669999999999944,0.0,0.0,-0.01708508351379322,0.0,0.03926144425007732,0.0,0.0,0.0,0.01137219806042716,0.0,-0.003199346895178384,0.0
3.674999999999944,0.0,0.0,-0.01702347405790096,0.0,0.03924479288245376,0.0,0.0,0.0,0.01326932982928602,0.0,-0.003460776365843533,0.0
3.679999999999944,0.0,0.0,-0.01695076013882593,0.0,0.03922717614747619,0.0,0.0,0.0,0.01618437475405265,0.0,-0.00348560193174793,0.0
3.684999999999944,0.0,0.0,-0.01686335406970317,0.0,0.03920938649163189,0.0,0.0,0.0,0.01908471245624203,0.0,-0.003546433350332577,0.0
3.689999999999944,0.0,0.0,-0.01675920175388053,0.0,0.03919184253111355,0.0,0.0,0.0,0.02248786675107112,0.0,-0.003492053524632212,0.0
3.694999999999943,0.0,0.0,-0.01663463706904975,0.0,0.03917546959871714,0.0,0.0,0.0,0.0273388451720159,0.0,-0.003055573559517234,0.0
3.699999999999943,0.0,0.0,-0.01649124167916645,0.0,0.03915974533600595,0.0,0.0,0.0,0.0298758106478724,0.0,-0.003272406961929642,0.0
3.704999999999943,0.0,0.0,-0.01633515920568675,0.0,0.03914292431615071,0.0,0.0,0.0,0.03277715450911208,0.0,-0.003392209847052567,0.0
3.709999999999943,0.0,0.0,-0.01616496835716556,0.0,0.03912539091729685,0.0,0.0,0.0,0.03527553268878411,0.0,-0.00362633960881877,0.0
3.714999999999943,0.0,0.0,-0.0159823537783099,0.0,0.0391066847857614,0.0,0.0,0.0,0.03776626801503295,0.0,-0.003855708084094088,0.0
3.719999999999943,0.0,0.0,-0.01578548806338274,0.0,0.03908738869804057,0.0,0.0,0.0,0.0412681778955746,0.0,-0.003777489029684959,0.0
3.724999999999943,0.0,0.0,-0.01557033414958025,0.0,0.03906876270891489,0.0,0.0,0.0,0.04465238821524119,0.0,-0.003712205247850865,0.0
3.729999999999943,0.0,0.0,-0.0153408382248314,0.0,0.03904978511393836,0.0,0.0,0.0,0.04710481238167899,0.0,-0.003889051557072352,0.0
3.734999999999943,0.0,0.0,-0.01509703570662738,0.0,0.03903062114698173,0.0,0.0,0.0,0.05045480278251363,0.0,-0.003763384476483651,0.0
3.739999999999942,0.0,0.0,-0.01483889903742564,0.0,0.03901147296333527,0.0,0.0,0.0,0.05273860474801263,0.0,-0.00391240603957184,0.0
3.744999999999942,0.0,0.0,-0.01456989679487515,0.0,0.0389915370588068,0.0,0.0,0.0,0.05485774753191103,0.0,-0.004061630539741638,0.0
3.749999999999942,0.0,0.0,-0.01429061497226365,0.0,0.03897089881821877,0.0,0.0,0.0,0.05685046388713123,0.0,-0.004193352714855518,0.0
3.754999999999942,0.0,0.0,-0.01400173068736854,0.0,0.03894964780718493,0.0,0.0,0.0,0.05869878139736424,0.0,-0.004306752933596473,0.0
3.759999999999942,0.0,0.0,-0.01370400931885426,0.0,0.03892787757571846,0.0,0.0,0.0,0.06038537275470404,0.0,-0.004401056844992419,0.0
3.764999999999942,0.0,0.0,-0.01339829703810789,0.0,0.03890568662537009,0.0,0.0,0.0,0.06189524462060042,0.0,-0.004475058182934794,0.0
3.769999999999942,0.0,0.0,-0.01308551506188995,0.0,0.0388831783408639,0.0,0.0,0.0,0.06321337479669427,0.0,-0.004528010753167878,0.0
3.774999999999942,0.0,0.0,-0.01276665839349315,0.0,0.03886045893471505,0.0,0.0,0.0,0.06432526315662583,0.0,-0.004559527924279905,0.0
3.779999999999942,0.0,0.0,-0.01244278953008007,0.0,0.03883763574001823,0.0,0.0,0.0,0.06521842059206591,0.0,-0.004569548399163196,0.0
3.784999999999942,0.0,0.0,-0.01211503041983074,0.0,0.03881481565920371,0.0,0.0,0.0,0.06588154683876722,0.0,-0.004558305046812615,0.0
3.789999999999941,0.0,0.0,-0.01178455997273231,0.0,0.03879210360824453,0.0,0.0,0.0,0.06630315673343957,0.0,-0.004526359136244689,0.0
3.794999999999941,0.0,0.0,-0.01145259764791538,0.0,0.03876960133226274,0.0,0.0,0.0,0.06647852766384223,0.0,-0.004474417708413312,0.0
3.799999999999941,0.0,0.0,-0.01112037585986119,0.0,0.03874740664986938,0.0,0.0,0.0,0.06640717945445632,0.0,-0.004403344372293577,0.0
3.804999999999941,0.0,0.0,-0.01078912669620547,0.0,0.03872561233736533,0.0,0.0,0.0,0.06608972295374052,0.0,-0.004314291462613589,0.0
3.809999999999941,0.0,0.0,-0.01046007197466338,0.0,0.03870430493588286,0.0,0.0,0.0,0.06552965355224664,0.0,-0.004208600888987746,0.0
3.814999999999941,0.0,0.0,-0.01013440998006599,0.0,0.03868356359185461,0.0,0.0,0.0,0.06473288360774218,0.0,-0.004087888718352969,0.0
3.819999999999941,0.0,0.0,-0.009813302959025149,0.0,0.03866345879493419,0.0,0.0,0.0,0.06370792287129587,0.0,-0.003953999754201761,0.0
3.824999999999941,0.0,0.0,-0.009497864957343557,0.0,0.03864405122576053,0.0,0.0,0.0,0.0624655344489265,0.0,-0.003809015343841162,0.0
3.829999999999941,0.0,0.0,-0.009189153845016064,0.0,0.03862539060446134,0.0,0.0,0.0,0.06101741688709979,0.0,-0.003655234084753532,0.0
3.83499999999994,0.0,0.0,-0.008888155811915573,0.0,0.03860751507240536,0.0,0.0,0.0,0.05938055042773389,0.0,-0.003494991822248775,0.0
3.83999999999994,0.0,0.0,-0.008595766365883396,0.0,0.03859045075139016,0.0,0.0,0.0,0.05757422017961027,0.0,-0.003330759424644497,0.0
3.84499999999994,0.0,0.0,-0.008312778970067361,0.0,0.03857421129479285,0.0,0.0,0.0,0.05561995541293153,0.0,-0.003165053262909245,0.0
3.84999999999994,0.0,0.0,-0.008039873200452114,0.0,0.03855879781888887,0.0,0.0,0.0,0.05354177847304417,0.0,-0.003000371748280006,0.0
3.85499999999994,0.0,0.0,-0.007777605884351731,0.0,0.03854419898290835,0.0,0.0,0.0,0.05136476359405071,0.0,-0.002839199252303156,0.0
3.85999999999994,0.0,0.0,-0.007526405304291645,0.0,0.03853039110993357,0.0,0.0,0.0,0.04911525295730045,0.0,-0.002683985883288898,0.0
3.86499999999994,0.0,0.0,-0.007286566126387038,0.0,0.03851733836990493,0.0,0.0,0.0,0.04682034754647967,0.0,-0.002537142788863411,0.0
3.86999999999994,0.0,0.0,-0.007058247684599578,0.0,0.03850499313132217,0.0,0.0,0.0,0.04450707937448167,0.0,-0.002400979443750636,0.0
3.87499999999994,0.0,0.0,-0.006841473357034967,0.0,0.03849329667507984,0.0,0.0,0.0,0.04220279731575796,0.0,-0.002277621519616606,0.0
3.879999999999939,0.0,0.0,-0.00663613025185018,0.0,0.03848218027465768,0.0,0.0,0.0,0.03993465949446396,0.0,-0.002168946495959489,0.0
3.884999999999939,0.0,0.0,-0.006441969208388125,0.0,0.03847156625549753,0.0,0.0,0.0,0.03773000963282475,0.0,-0.002076656054380694,0.0
3.889999999999939,0.0,0.0,-0.00625859761376319,0.0,0.03846136823885205,0.0,0.0,0.0,0.03561888669772426,0.0,-0.00200252958022738,0.0
3.894999999999939,0.0,0.0,-0.00608547864421003,0.0,0.03845149028618292,0.0,0.0,0.0,0.03362893387717716,0.0,-0.001948611832316607,0.0
3.899999999999939,0.0,0.0,-0.005921942274824672,0.0,0.0384418269757935,0.0,0.0,0.0,0.03178579257343872,0.0,-0.001916651701977296,0.0
3.904999999999939,0.0,0.0,-0.005767204903569089,0.0,0.0384322650469586,0.0,0.0,0.0,0.03010932179131836,0.0,-0.00190803328254154,0.0
3.909999999999939,0.0,0.0,-0.005620397430873646,0.0,0.03842268677927368,0.0,0.0,0.0,0.02861367798069455,0.0,-0.001923166735736171,0.0
3.914999999999939,0.0,0.0,-0.005480591482236265,0.0,0.03841297420664243,0.0,0.0,0.0,0.02730860519092534,0.0,-0.001961731179895346,0.0
3.919999999999939,0.0,0.0,-0.00534682158007068,0.0,0.03840301249432332,0.0,0.0,0.0,0.02619914095165943,0.0,-0.002022798580151928,0.0
3.924999999999939,0.0,0.0,-0.005218104737796689,0.0,0.03839269230474317,0.0,0.0,0.0,0.02528725313959261,0.0,-0.002105098316228168,0.0
3.929999999999938,0.0,0.0,-0.005093454231867632,0.0,0.0383819116133701,0.0,0.0,0.0,0.02457247474472192,0.0,-0.002206976603289552,0.0
3.934999999999938,0.0,0.0,-0.004971891041688846,0.0,0.03837057729476689,0.0,0.0,0.0,0.02405218353315885,0.0,-0.002326526910873203,0.0
3.939999999999938,0.0,0.0,-0.004852449246433419,0.0,0.0383586058453025,0.0,0.0,0.0,0.02372376731312191,0.0,-0.002461807723925321,0.0
3.944999999999938,0.0,0.0,-0.004734180692823961,0.0,0.03834592393895983,0.0,0.0,0.0,0.02358273368961133,0.0,-0.002610689832236998,0.0
3.949999999999938,0.0,0.0,-0.004616161590711461,0.0,0.03833246864613821,0.0,0.0,0.0,0.02362383019291272,0.0,-0.002771143935341344,0.0
3.954999999999938,0.0,0.0,-0.004497491020300073,0.0,0.03831818616240053,0.0,0.0,0.0,0.02384315141711502,0.0,-0.002941547250651781,0.0
3.959999999999938,0.0,0.0,-0.004373812763803678,0.0,0.03830391727825308,0.0,0.0,0.0,0.02562466046916939,0.0,-0.0027662191545712,0.0
3.964999999999938,0.0,0.0,-0.00424287066353049,0.0,0.03828997913542351,0.0,0.0,0.0,0.02682662768928159,0.0,-0.002788125337954046,0.0
3.969999999999938,0.0,0.0,-0.00410190918570383,0.0,0.03827685953472847,0.0,0.0,0.0,0.02950523269774109,0.0,-0.002472734701048673,0.0
3.974999999999937,0.0,0.0,-0.003952007498425952,0.0,0.03826402964417767,0.0,0.0,0.0,0.0304190711495679,0.0,-0.002667863259125257,0.0
3.979999999999937,0.0,0.0,-0.0037973292959222,0.0,0.03825017179908046,0.0,0.0,0.0,0.03144979514698729,0.0,-0.002874938290727562,0.0
3.984999999999937,0.0,0.0,-0.003637149571874122,0.0,0.03823527555639136,0.0,0.0,0.0,0.0326195024293586,0.0,-0.003083210663848689,0.0
3.989999999999937,0.0,0.0,-0.003468878033706325,0.0,0.03821985962206324,0.0,0.0,0.0,0.03520512096788053,0.0,-0.002943004941813775,0.0
3.994999999999937,0.0,0.0,-0.003287971818754357,0.0,0.03820500672116581,0.0,0.0,0.0,0.03738540741941886,0.0,-0.002933944326828409,0.0
3.999999999999937,0.0,0.0,-0.003091980529776149,0.0,0.03819130108843374,0.0,0.0,0.0,0.04081457693012239,0.0,-0.002601412477500197,0.0
4.004999999999937,0.0,0.0,-0.002883827620069259,0.0,0.03817784222405101,0.0,0.0,0.0,0.04240216206668235,0.0,-0.002793132595096373,0.0
4.009999999999937,0.0,0.0,-0.002667803755341086,0.0,0.03816338496417809,0.0,0.0,0.0,0.04400380416521686,0.0,-0.002989445427479267,0.0
4.014999999999937,0.0,0.0,-0.002443682204952679,0.0,0.03814796651322942,0.0,0.0,0.0,0.04564113282981832,0.0,-0.003177608407642593,0.0
4.019999999999937,0.0,0.0,-0.002211334204906111,0.0,0.03813163096830516,0.0,0.0,0.0,0.04729429793594794,0.0,-0.003356284269184662,0.0
4.024999999999936,0.0,0.0,-0.00196900432747183,0.0,0.03811493013172038,0.0,0.0,0.0,0.04986629042994665,0.0,-0.003256259126533808,0.0
4.029999999999936,0.0,0.0,-0.001714850487768192,0.0,0.03809847639136994,0.0,0.0,0.0,0.05163759167061275,0.0,-0.003369544927613975,0.0
4.034999999999936,0.0,0.0,-0.001452721018761447,0.0,0.03808126555563815,0.0,0.0,0.0,0.05321021281030856,0.0,-0.003514493687818537,0.0
4.039999999999936,0.0,0.0,-0.001180892754700913,0.0,0.03806395828727444,0.0,0.0,0.0,0.05582435411119965,0.0,-0.00331683176895231,0.0
4.044999999999936,0.0,0.0,-0.0008954199506422892,0.0,0.03804790897370444,0.0,0.0,0.0,0.05809998322115191,0.0,-0.003180111910347779,0.0
4.049999999999936,0.0,0.0,-0.000601384719859741,0.0,0.03803182219498695,0.0,0.0,0.0,0.05945997165182799,0.0,-0.003269238538276838,0.0
4.054999999999936,0.0,0.0,-0.0003011034610063026,0.0,0.03801525667778883,0.0,0.0,0.0,0.06064851540402069,0.0,-0.003356744718398247,0.0
4.059999999999936,0.0,0.0,4.772285783431866e-06,0.0,0.03799829686675657,0.0,0.0,0.0,0.06169785100295304,0.0,-0.003426970723729528,0.0
4.064999999999936,0.0,0.0,0.0003155048508189028,0.0,0.0379810311242853,0.0,0.0,0.0,0.06260579280666981,0.0,-0.003474642619191688,0.0
4.069999999999935,0.0,0.0,0.0006321266989160392,0.0,0.03796412676111271,0.0,0.0,0.0,0.06403824107237159,0.0,-0.003287247241366774,0.0
4.074999999999935,0.0,0.0,0.000953735338809043,0.0,0.03794767685832966,0.0,0.0,0.0,0.06458716573187209,0.0,-0.003297066823830999,0.0
4.079999999999935,0.0,0.0,0.001277516980459668,0.0,0.03793120633375924,0.0,0.0,0.0,0.06492207656926964,0.0,-0.003291021077239664,0.0
4.084999999999935,0.0,0.0,0.00160244164008716,0.0,0.03791481733479422,0.0,0.0,0.0,0.06504456792514618,0.0,-0.003264479013164291,0.0
4.089999999999935,0.0,0.0,0.001927418609019632,0.0,0.0378986119525597,0.0,0.0,0.0,0.0649432159903264,0.0,-0.003217597329631395,0.0
4.094999999999935,0.0,0.0,0.002251299695222925,0.0,0.03788269059092333,0.0,0.0,0.0,0.06460645298126085,0.0,-0.003150893869435913,0.0
4.099999999999935,0.0,0.0,0.002572899061179379,0.0,0.03786715092068234,0.0,0.0,0.0,0.06403078385030513,0.0,-0.003064943766824702,0.0
4.104999999999935,0.0,0.0,0.002891018955566647,0.0,0.03785208714339266,0.0,0.0,0.0,0.06321492814170471,0.0,-0.002960559164884479,0.0
4.109999999999935,0.0,0.0,0.003204459162274759,0.0,0.03783758877788194,0.0,0.0,0.0,0.06215918581997133,0.0,-0.002838801580001179,0.0
4.114999999999934,0.0,0.0,0.00351202780271447,0.0,0.03782373950194109,0.0,0.0,0.0,0.06086658278578112,0.0,-0.002700944743142099,0.0
4.119999999999934,0.0,0.0,0.003812554187969179,0.0,0.03781061595482718,0.0,0.0,0.0,0.05934256816320343,0.0,-0.002548530299866898,0.0
4.124999999999934,0.0,0.0,0.004104901228323419,0.0,0.03779828648989503,0.0,0.0,0.0,0.05759513216389312,0.0,-0.00238333078797191,0.0
4.129999999999934,0.0,0.0,0.004387976710459382,0.0,0.03778680995482564,0.0,0.0,0.0,0.05563422776007359,0.0,-0.002207375462070663,0.0
4.134999999999934,0.0,0.0,0.004660743655917204,0.0,0.03777623463893252,0.0,0.0,0.0,0.05347200481971631,0.0,-0.002022858398010269,0.0
4.139999999999934,0.0,0.0,0.004922237694525114,0.0,0.037766597677728,0.0,0.0,0.0,0.05112534417700267,0.0,-0.001832046584349558,0.0
4.144999999999934,0.0,0.0,0.005171584810321853,0.0,0.03775792448557494,0.0,0.0,0.0,0.04861350481881246,0.0,-0.001637361469541404,0.0
4.149999999999934,0.0,0.0,0.005408012492099524,0.0,0.03775022830753082,0.0,0.0,0.0,0.04595782729330769,0.0,-0.00144124912922226,0.0
4.154999999999934,0.0,0.0,0.005630861430655972,0.0,0.03774351013348483,0.0,0.0,0.0,0.04318224805700903,0.0,-0.001246165566311534,0.0
4.159999999999934,0.0,0.0,0.005839594133281895,0.0,0.03773775867040456,0.0,0.0,0.0,0.04031155573300447,0.0,-0.001054568012867574,0.0
4.164999999999933,0.0,0.0,0.006033800659442194,0.0,0.03773295041957892,0.0,0.0,0.0,0.0373719776152539,0.0,-0.0008688810607850962,0.0
4.169999999999933,0.0,0.0,0.006213203262112305,0.0,0.0377290497747879,0.0,0.0,0.0,0.03439016507736407,0.0,-0.0006915234198600544,0.0
4.174999999999933,0.0,0.0,0.00637765820005618,0.0,0.03772600924658411,0.0,0.0,0.0,0.03139306633797979,0.0,-0.000524829715934146,0.0
4.179999999999933,0.0,0.0,0.006527157245560245,0.0,0.03772377018324774,0.0,0.0,0.0,0.02840793700605129,0.0,-0.0003709303839262536,0.0
4.184999999999933,0.0,0.0,0.006661827844134379,0.0,0.03772226379777169,0.0,0.0,0.0,0.02546178856792447,0.0,-0.0002317493266585715,0.0
4.189999999999933,0.0,0.0,0.006781932121079718,0.0,0.03772141227234407,0.0,0.0,0.0,0.022581484560877,0.0,-0.0001089748946974526,0.0
4.194999999999933,0.0,0.0,0.006887871619206871,0.0,0.03772112961385662,0.0,0.0,0.0,0.01979591958800499,0.0,-4.189039218557635e-06,0.0
4.199999999999933,0.0,0.0,0.00698018888996425,0.0,0.03772132095631558,0.0,0.0,0.0,0.01713260577347709,0.0,8.06415058659783e-05,0.0
4.204999999999933,0.0,0.0,0.007059561882355818,0.0,0.0377218818049178,0.0,0.0,0.0,0.01461818938037826,0.0,0.0001436316733557193,0.0
4.209999999999932,0.0,0.0,0.007126788429794714,0.0,0.03772269897131489,0.0,0.0,0.0,0.01227398272998105,0.0,0.0001831891106445495,0.0
4.214999999999932,0.0,0.0,0.007182762469160857,0.0,0.03772365311834726,0.0,0.0,0.0,0.01011711811621286,0.0,0.0001984462459527779,0.0
4.219999999999932,0.0,0.0,0.00722845055154602,0.0,0.03772462280575575,0.0,0.0,0.0,0.008159513155195199,0.0,0.0001894285898010039,0.0
4.224999999999932,0.0,0.0,0.007264865649577861,0.0,0.03772548840418952,0.0,0.0,0.0,0.006407822528396823,0.0,0.0001568344647398395,0.0
4.229999999999932,0.0,0.0,0.007293044481758972,0.0,0.0377261348871659,0.0,0.0,0.0,0.004864892896784577,0.0,0.000101806267115238,0.0
4.234999999999932,0.0,0.0,0.007314033437376802,0.0,0.03772645379358723,0.0,0.0,0.0,0.00353174759382514,0.0,2.582738194422026e-05,0.0
4.239999999999932,0.0,0.0,0.007328877388767537,0.0,0.03772634488840822,0.0,0.0,0.0,0.002406759171153046,0.0,-6.929556322715932e-05,0.0
4.244999999999932,0.0,0.0,0.007338605816393773,0.0,0.03772571768440429,0.0,0.0,0.0,0.001485400991279032,0.0,-0.0001814704176302615,0.0
4.249999999999932,0.0,0.0,0.007344225811455867,0.0,0.03772449224776167,0.0,0.0,0.0,0.0007632441131737232,0.0,-0.000308568113125651,0.0
4.254999999999932,0.0,0.0,0.007346719710475666,0.0,0.03772259935952926,0.0,0.0,0.0,0.0002348167982430637,0.0,-0.00044843197970147,0.0
4.259999999999931,0.0,0.0,0.007347041407246694,0.0,0.03771997994106618,0.0,0.0,0.0,-0.0001057853173985598,0.0,-0.0005991622311804915,0.0
4.264999999999931,0.0,0.0,0.007346118148149055,0.0,0.03771658385364798,0.0,0.0,0.0,-0.0002633183813110292,0.0,-0.0007590827010814413,0.0
4.269999999999931,0.0,0.0,0.007347490232144554,0.0,0.03771304244741457,0.0,0.0,0.0,0.00153576099194704,0.0,-0.0004713692596536135,0.0
4.274999999999931,0.0,0.0,0.007360041873555256,0.0,0.03771139320901435,0.0,0.0,0.0,0.003799642686324845,0.0,-0.0001054188788212193,0.0
4.279999999999931,0.0,0.0,0.007380069121218111,0.0,0.03771043767010671,0.0,0.0,0.0,0.004181153766068514,0.0,-0.0002843707958985742,0.0
4.284999999999931,0.0,0.0,0.007402259496866522,0.0,0.03770853859588719,0.0,0.0,0.0,0.004694300450316776,0.0,-0.0004750539796671894,0.0
4.289999999999931,0.0,0.0,0.007427390926223591,0.0,0.03770568041852337,0.0,0.0,0.0,0.005357413360260091,0.0,-0.0006680002497682376,0.0
4.294999999999931,0.0,0.0,0.007456179324156865,0.0,0.03770185621087915,0.0,0.0,0.0,0.006156927885632829,0.0,-0.000861455645960989,0.0
4.299999999999931,0.0,0.0,0.007489735075013024,0.0,0.03769719641546862,0.0,0.0,0.0,0.007434942590744868,0.0,-0.000955034973763522,0.0
4.30499999999993,0.0,0.0,0.00753478539837614,0.0,0.03769341395595024,0.0,0.0,0.0,0.0109313749622415,0.0,-0.000461664398946872,0.0
4.30999999999993,0.0,0.0,0.00759647012224365,0.0,0.03769181447986208,0.0,0.0,0.0,0.01328468127608373,0.0,-0.0003040298496803826,0.0
4.31499999999993,0.0,0.0,0.007666123521822556,0.0,0.03768992077154246,0.0,0.0,0.0,0.01450763137081103,0.0,-0.0004718451263242478,0.0
4.31999999999993,0.0,0.0,0.007741675970715079,0.0,0.03768711264057151,0.0,0.0,0.0,0.0157114533539413,0.0,-0.0006512084203901101,0.0
4.32499999999993,0.0,0.0,0.00782331838657267,0.0,0.03768342867384782,0.0,0.0,0.0,0.01694354023447783,0.0,-0.0008221794032641624,0.0
4.32999999999993,0.0,0.0,0.007912528660156393,0.0,0.03767931647799332,0.0,0.0,0.0,0.01892974325662377,0.0,-0.000767009986932266,0.0
4.33499999999993,0.0,0.0,0.008010577649562865,0.0,0.03767519886407227,0.0,0.0,0.0,0.0202204450049623,0.0,-0.0008993804621558967,0.0
4.33999999999993,0.0,0.0,0.008114663280164882,0.0,0.03767035153669912,0.0,0.0,0.0,0.02141165846342576,0.0,-0.001039373038472402,0.0
4.34499999999993,0.0,0.0,0.00822605805190051,0.0,0.03766527700767305,0.0,0.0,0.0,0.02339897811866806,0.0,-0.0009145357728099092,0.0
4.349999999999929,0.0,0.0,0.008348120661543239,0.0,0.03766113123165303,0.0,0.0,0.0,0.02531356738675028,0.0,-0.0007764061783809986,0.0
4.354999999999929,0.0,0.0,0.008477340390272536,0.0,0.0376570618314262,0.0,0.0,0.0,0.02632714339265163,0.0,-0.0008645896839508592,0.0
4.359999999999929,0.0,0.0,0.008612658087018539,0.0,0.03765298763661649,0.0,0.0,0.0,0.02787115279774443,0.0,-0.0007426689432333039,0.0
4.364999999999929,0.0,0.0,0.008754215825127738,0.0,0.03764920994491289,0.0,0.0,0.0,0.02867514734687686,0.0,-0.0007910231815335666,0.0
4.369999999999929,0.0,0.0,0.008899063170000462,0.0,0.03764511984843846,0.0,0.0,0.0,0.02926178978044167,0.0,-0.0008449367061444869,0.0
4.374999999999929,0.0,0.0,0.009046453071006553,0.0,0.03764080604122102,0.0,0.0,0.0,0.02969230165867147,0.0,-0.0008805237433568498,0.0
4.379999999999929,0.0,0.0,0.009195566241370834,0.0,0.03763636205556858,0.0,0.0,0.0,0.02995124680494791,0.0,-0.000897026270155985,0.0
4.384999999999929,0.0,0.0,0.009345508343416312,0.0,0.037631884458485,0.0,0.0,0.0,0.03002404762438164,0.0,-0.0008939875928773502,0.0
4.389999999999929,0.0,0.0,0.009495315074516262,0.0,0.03762747143503076,0.0,0.0,0.0,0.02989729099428556,0.0,-0.0008712174793654383,0.0
4.394999999999929,0.0,0.0,0.00964396011391722,0.0,0.03762322138452411,0.0,0.0,0.0,0.02955958358419374,0.0,-0.0008288195905196434,0.0
4.399999999999928,0.0,0.0,0.009790359551596435,0.0,0.03761923133913034,0.0,0.0,0.0,0.0289992851940167,0.0,-0.000767236864778656,0.0
4.404999999999928,0.0,0.0,0.009933391494630852,0.0,0.03761559593329859,0.0,0.0,0.0,0.02821283505793921,0.0,-0.000686985341734519,0.0
4.409999999999928,0.0,0.0,0.01007192088125236,0.0,0.03761240664712318,0.0,0.0,0.0,0.02719852117341948,0.0,-0.0005888102109891139,0.0
4.414999999999928,0.0,0.0,0.0102048082717437,0.0,0.03760975058235422,0.0,0.0,0.0,0.02595630848213008,0.0,-0.0004737181560280663,0.0
4.419999999999928,0.0,0.0,0.01033092055049159,0.0,0.03760770925528184,0.0,0.0,0.0,0.02448875363322572,0.0,-0.0003429355915733422,0.0
4.424999999999928,0.0,0.0,0.01044914370621026,0.0,0.0376063574237727,0.0,0.0,0.0,0.0228009403613443,0.0,-0.0001979393305230365,0.0
4.429999999999928,0.0,0.0,0.01055839543475273,0.0,0.03760576183486101,0.0,0.0,0.0,0.02090046788584558,0.0,-4.045692194332888e-05,0.0
4.434999999999928,0.0,0.0,0.01065763593300612,0.0,0.03760597993163711,0.0,0.0,0.0,0.01879673188724912,0.0,0.0001275182270917325,0.0
4.439999999999928,0.0,0.0,0.01074587923295216,0.0,0.03760705882585495,0.0,0.0,0.0,0.01650187090463194,0.0,0.000303847090449796,0.0
4.444999999999927,0.0,0.0,0.01082221140991481,0.0,0.03760903473095803,0.0,0.0,0.0,0.01403255948549352,0.0,0.0004863097834367507,0.0
4.449999999999927,0.0,0.0,0.01088580787068131,0.0,0.03761193232863726,0.0,0.0,0.0,0.01140785051866336,0.0,0.0006725133967456152,0.0
4.454999999999927,0.0,0.0,0.01093594460304819,0.0,0.03761576426818234,0.0,0.0,0.0,0.008648920640204142,0.0,0.0008600379318774639,0.0
4.459999999999927,0.0,0.0,0.01097200968509939,0.0,0.03762053107331498,0.0,0.0,0.0,0.005779428460991186,0.0,0.001046453668030687,0.0
4.464999999999927,0.0,0.0,0.01099351217129856,0.0,0.03762622105551001,0.0,0.0,0.0,0.002824101275947491,0.0,0.001229305098336576,0.0
4.469999999999927,0.0,0.0,0.01100008781788134,0.0,0.03763281038019167,0.0,0.0,0.0,-0.0001911087597278295,0.0,0.001406189476927587,0.0
4.474999999999927,0.0,0.0,0.01099150393312122,0.0,0.03764026316665466,0.0,0.0,0.0,-0.003239534403532712,0.0,0.001574691325681665,0.0
4.479999999999927,0.0,0.0,0.0109676609781276,0.0,0.03764853163743059,0.0,0.0,0.0,-0.006294583358180058,0.0,0.001732467262321959,0.0
4.484999999999927,0.0,0.0,0.01092859380862098,0.0,0.03765755672281765,0.0,0.0,0.0,-0.00932909183162319,0.0,0.001877343609573603,0.0
4.489999999999926,0.0,0.0,0.01087447268441136,0.0,0.03766726900327641,0.0,0.0,0.0,-0.01231606310833041,0.0,0.002007354005042337,0.0
4.494999999999926,0.0,0.0,0.01080560181811408,0.0,0.03767758982008627,0.0,0.0,0.0,-0.01522891347995889,0.0,0.002120768918307027,0.0
4.499999999999926,0.0,0.0,0.01072242275903002,0.0,0.03768843223597417,0.0,0.0,0.0,-0.01803929376778778,0.0,0.00221600622465173,0.0
4.504999999999926,0.0,0.0,0.01062551677122053,0.0,0.03769970046530845,0.0,0.0,0.0,-0.02071966793585056,0.0,0.002291108955128622,0.0
4.509999999999926,0.0,0.0,0.01051560070758782,0.0,0.03771128883824174,0.0,0.0,0.0,-0.02324333886569703,0.0,0.002344080764183301,0.0
4.514999999999926,0.0,0.0,0.01039351286348004,0.0,0.03772308244672205,0.0,0.0,0.0,-0.02558842386617064,0.0,0.00237322300018647,0.0
4.519999999999926,0.0,0.0,0.01026019067387712,0.0,0.03773495969341212,0.0,0.0,0.0,-0.02773714696037718,0.0,0.002377558260502465,0.0
4.524999999999926,0.0,0.0,0.01011664792548903,0.0,0.03774679627753581,0.0,0.0,0.0,-0.02967674360261199,0.0,0.002356982250611784,0.0
4.529999999999926,0.0,0.0,0.009963947722362691,0.0,0.03775846918756099,0.0,0.0,0.0,-0.03140024411027804,0.0,0.002312113973222135,0.0
4.534999999999926,0.0,0.0,0.009803179052427386,0.0,0.0377698597840006,0.0,0.0,0.0,-0.03290426035113093,0.0,0.002244082576345844,0.0
4.539999999999925,0.0,0.0,0.009635441784717364,0.0,0.03778085587319699,0.0,0.0,0.0,-0.03418782557050942,0.0,0.002154336794005207,0.0
4.544999999999925,0.0,0.0,0.009461834460033163,0.0,0.03779135332655564,0.0,0.0,0.0,-0.03525243681379679,0.0,0.002044653662349176,0.0
4.549999999999925,0.0,0.0,0.009283440835258746,0.0,0.03780125772213079,0.0,0.0,0.0,-0.03610250643317105,0.0,0.001917138238854631,0.0
4.554999999999925,0.0,0.0,0.009101321560906915,0.0,0.03781048530264777,0.0,0.0,0.0,-0.03674285741399937,0.0,0.001773950539875528,0.0
4.559999999999925,0.0,0.0,0.008916511408393814,0.0,0.03781896316504751,0.0,0.0,0.0,-0.03717902138659254,0.0,0.001617272600608205,0.0
4.564999999999925,0.0,0.0,0.008730015982771703,0.0,0.03782662877278454,0.0,0.0,0.0,-0.03741713126643551,0.0,0.001449068152136821,0.0
4.569999999999925,0.0,0.0,0.008544350802604673,0.0,0.03783382192676508,0.0,0.0,0.0,-0.03641872880104204,0.0,0.001537826221361515,0.0
4.574999999999925,0.0,0.0,0.008364995111758233,0.0,0.03784165326380698,0.0,0.0,0.0,-0.03466235661614377,0.0,0.001764066752126233,0.0
4.579999999999925,0.0,0.0,0.008196187687373962,0.0,0.03785095107472667,0.0,0.0,0.0,-0.03254532077424754,0.0,0.002037607475245524,0.0
4.584999999999924,0.0,0.0,0.008034805793345519,0.0,0.03786065192418154,0.0,0.0,0.0,-0.03203097371495809,0.0,0.001836383729026027,0.0
4.589999999999924,0.0,0.0,0.007876301337140346,0.0,0.03786930275728429,0.0,0.0,0.0,-0.03136991913248394,0.0,0.001624077434159485,0.0
4.594999999999924,0.0,0.0,0.007721502990022784,0.0,0.03787688475789291,0.0,0.0,0.0,-0.03054870703643574,0.0,0.001408864434116024,0.0
4.599999999999924,0.0,0.0,0.007571177676501117,0.0,0.03788338782489232,0.0,0.0,0.0,-0.02958087794486906,0.0,0.001192516191667025,0.0
4.604999999999924,0.0,0.0,0.007426396716027117,0.0,0.03788891436866224,0.0,0.0,0.0,-0.02821688465234131,0.0,0.001049844803003777,0.0
4.609999999999924,0.0,0.0,0.007292901282958769,0.0,0.03789488761124364,0.0,0.0,0.0,-0.02482170518250207,0.0,0.001438952501843966,0.0
4.614999999999924,0.0,0.0,0.007175995958558447,0.0,0.0379026417610851,0.0,0.0,0.0,-0.02235577296151297,0.0,0.001548064057478688,0.0
4.619999999999924,0.0,0.0,0.007067954187475465,0.0,0.03790994234169488,0.0,0.0,0.0,-0.02077444131865964,0.0,0.001397332073830934,0.0
4.624999999999924,0.0,0.0,0.006967647214679019,0.0,0.0379164176995257,0.0,0.0,0.0,-0.01934876876495332,0.0,0.001192952473073241,0.0
4.629999999999924,0.0,0.0,0.006874565002213866,0.0,0.03792189103736557,0.0,0.0,0.0,-0.01788462830538648,0.0,0.0009965260939166158,0.0
4.634999999999923,0.0,0.0,0.006789310921746335,0.0,0.03792653926719216,0.0,0.0,0.0,-0.01604569563216841,0.0,0.0009128011792970368,0.0
4.639999999999923,0.0,0.0,0.006713157499037627,0.0,0.03793076917344158,0.0,0.0,0.0,-0.0144920902864684,0.0,0.0007573171520695266,0.0
4.644999999999923,0.0,0.0,0.006644338018494791,0.0,0.0379341407230753,0.0,0.0,0.0,-0.01303642877427442,0.0,0.0005914367410822241,0.0
4.649999999999923,0.0,0.0,0.006583231785388403,0.0,0.0379368748406524,0.0,0.0,0.0,-0.01121459428476318,0.0,0.0005594562281308643,0.0
4.654999999999923,0.0,0.0,0.006536334246270108,0.0,0.03794104366115676,0.0,0.0,0.0,-0.007700438963009861,0.0,0.001062049658817512,0.0
4.659999999999923,0.0,0.0,0.006501178751062353,0.0,0.03794608931694413,0.0,0.0,0.0,-0.00640311145472135,0.0,0.0009442747532698352,0.0
4.664999999999923,0.0,0.0,0.006472059026561401,0.0,0.0379505241948234,0.0,0.0,0.0,-0.005245649617346519,0.0,0.0008297463790653472,0.0
4.669999999999923,0.0,0.0,0.006448433006316612,0.0,0.03795442670133272,0.0,0.0,0.0,-0.004205567086839898,0.0,0.0007313154906047376,0.0
4.674999999999923,0.0,0.0,0.006429672513007322,0.0,0.037957879525676,0.0,0.0,0.0,-0.003299354698838603,0.0,0.0006498611908456685,0.0
4.679999999999922,0.0,0.0,0.00641570135330312,0.0,0.03796116571791431,0.0,0.0,0.0,-0.002290103630445925,0.0,0.0006645308573473436,0.0
4.684999999999922,0.0,0.0,0.006405736730684231,0.0,0.03796437644273228,0.0,0.0,0.0,-0.001696259513042077,0.0,0.0006197720123714773,0.0
4.689999999999922,0.0,0.0,0.006398295281648488,0.0,0.03796741203968138,0.0,0.0,0.0,-0.001280687578648344,0.0,0.0005944622921336394,0.0
4.694999999999922,0.0,0.0,0.006392451897359577,0.0,0.03797037030492333,0.0,0.0,0.0,-0.001056865991238524,0.0,0.0005888207810422204,0.0
4.699999999999922,0.0,0.0,0.006387218646916128,0.0,0.03797334939264969,0.0,0.0,0.0,-0.001036446511628834,0.0,0.0006027719345050885,0.0
4.704999999999922,0.0,0.0,0.006381547948600862,0.0,0.03797644620434162,0.0,0.0,0.0,-0.001231636596257744,0.0,0.0006358905926623463,0.0
4.709999999999922,0.0,0.0,0.006374351062626154,0.0,0.03797975529626368,0.0,0.0,0.0,-0.001646699196789683,0.0,0.0006876639633070314,0.0
4.714999999999922,0.0,0.0,0.006364523927959045,0.0,0.03798336812743836,0.0,0.0,0.0,-0.002283502018841285,0.0,0.000757366179680343,0.0
4.719999999999922,0.0,0.0,0.006350957081981711,0.0,0.03798737185303033,0.0,0.0,0.0,-0.003142339360523883,0.0,0.0008440018820626863,0.0
4.724999999999921,0.0,0.0,0.006332546086341192,0.0,0.03799184810784583,0.0,0.0,0.0,-0.004220909678020576,0.0,0.0009463585435781153,0.0
4.729999999999921,0.0,0.0,0.006308204365852455,0.0,0.0379968718191746,0.0,0.0,0.0,-0.005514371713072399,0.0,0.001062965991198344,0.0
4.734999999999921,0.0,0.0,0.006276875829786496,0.0,0.03800250993304714,0.0,0.0,0.0,-0.007015375436988195,0.0,0.001192102206882175,0.0
4.739999999999921,0.0,0.0,0.006237546805756702,0.0,0.03800882015804255,0.0,0.0,0.0,-0.00871430568134591,0.0,0.001331794549710621,0.0
4.744999999999921,0.0,0.0,0.006189255880986198,0.0,0.03801584986247502,0.0,0.0,0.0,-0.01059987611031774,0.0,0.001479879787268364,0.0
4.749999999999921,0.0,0.0,0.006131110861866316,0.0,0.03802363543608984,0.0,0.0,0.0,-0.01265569070526937,0.0,0.001634129877776894,0.0
4.754999999999921,0.0,0.0,0.006062307461297299,0.0,0.03803220170400613,0.0,0.0,0.0,-0.01486298684460427,0.0,0.001792147412593476,0.0
4.759999999999921,0.0,0.0,0.005982140497727655,0.0,0.03804156139799891,0.0,0.0,0.0,-0.01720088452170401,0.0,0.001951492131674996,0.0
4.764999999999921,0.0,0.0,0.005890015756686217,0.0,0.03805171502302303,0.0,0.0,0.0,-0.01964588354023056,0.0,0.00210971406873781,0.0
4.769999999999921,0.0,0.0,0.005785459167170826,0.0,0.03806265081726692,0.0,0.0,0.0,-0.02217342594301733,0.0,0.002264356965662284,0.0
4.77499999999992,0.0,0.0,0.00566812289265865,0.0,0.03807434479618139,0.0,0.0,0.0,-0.02475758249574271,0.0,0.002412986507688025,0.0
4.77999999999992,0.0,0.0,0.005537790746366587,0.0,0.03808676092462363,0.0,0.0,0.0,-0.02737162002037044,0.0,0.002553218478758899,0.0
4.78499999999992,0.0,0.0,0.005394379929844237,0.0,0.0380998512991464,0.0,0.0,0.0,-0.02998891874315337,0.0,0.002682689272789287,0.0
4.78999999999992,0.0,0.0,0.00523794208409656,0.0,0.03811355660170248,0.0,0.0,0.0,-0.0325823245233199,0.0,0.002799196470375539,0.0
4.79499999999992,0.0,0.0,0.005068664157845941,0.0,0.03812780702402056,0.0,0.0,0.0,-0.03512486971052019,0.0,0.002900746308452213,0.0
4.79999999999992,0.0,0.0,0.004886867107184768,0.0,0.03814252334986177,0.0,0.0,0.0,-0.03758991968574635,0.0,0.002985569140869602,0.0
4.80499999999992,0.0,0.0,0.004693010106801125,0.0,0.0381576178029609,0.0,0.0,0.0,-0.03994882187165587,0.0,0.003052010250175063,0.0
4.80999999999992,0.0,0.0,0.004487693361687084,0.0,0.03817299337664006,0.0,0.0,0.0,-0.04217381942836209,0.0,0.003098032476077951,0.0
4.81499999999992,0.0,0.0,0.004271653153389562,0.0,0.03818854288106531,0.0,0.0,0.0,-0.04423824107553633,0.0,0.003121600433198397,0.0
4.819999999999919,0.0,0.0,0.004045746676185644,0.0,0.03820414982139914,0.0,0.0,0.0,-0.04612039057662273,0.0,0.003121027686009526,0.0
4.824999999999919,0.0,0.0,0.003810928958958161,0.0,0.03821969119944946,0.0,0.0,0.0,-0.04780283214918519,0.0,0.003095399493152787,0.0
4.829999999999919,0.0,0.0,0.00356822807203459,0.0,0.03823504178555302,0.0,0.0,0.0,-0.04927377811864207,0.0,0.003044736706809492,0.0
4.834999999999919,0.0,0.0,0.003318717612837568,0.0,0.03825007811817877,0.0,0.0,0.0,-0.05052680226290967,0.0,0.002969725346244337,0.0
4.839999999999919,0.0,0.0,0.003063494742532742,0.0,0.03826468140792062,0.0,0.0,0.0,-0.0515588996932387,0.0,0.002871547427794955,0.0
4.844999999999919,0.0,0.0,0.002803665513239501,0.0,0.03827873955980507,0.0,0.0,0.0,-0.05236951469403693,0.0,0.002751697790767668,0.0
4.849999999999919,0.0,0.0,0.002540331239213356,0.0,0.03829214889386922,0.0,0.0,0.0,-0.05296110103457317,0.0,0.002612048264074162,0.0
4.854999999999919,0.0,0.0,0.002274577561835005,0.0,0.03830481555018186,0.0,0.0,0.0,-0.05333745821167486,0.0,0.002454652460964698,0.0
4.859999999999919,0.0,0.0,0.002007469947175633,0.0,0.03831665611652201,0.0,0.0,0.0,-0.0535028619754733,0.0,0.002281637018381219,0.0
4.864999999999919,0.0,0.0,0.001740048869684308,0.0,0.03832759794825603,0.0,0.0,0.0,-0.05346303246674628,0.0,0.002095181705705813,0.0
4.869999999999918,0.0,0.0,0.001473327884535561,0.0,0.03833757840688191,0.0,0.0,0.0,-0.05322301105308308,0.0,0.001897108806962909,0.0
4.874999999999918,0.0,0.0,0.001208297333242604,0.0,0.03834654345627154,0.0,0.0,0.0,-0.05278704304534048,0.0,0.001689037191712833,0.0
4.879999999999918,0.0,0.0,0.0009480657108495944,0.0,0.03835498926899495,0.0,0.0,0.0,-0.05066825779141599,0.0,0.0018523804775243,0.0
4.884999999999918,0.0,0.0,0.0007012303412568953,0.0,0.03836484818064532,0.0,0.0,0.0,-0.04798645559552606,0.0,0.002113293344938174,0.0
4.889999999999918,0.0,0.0,0.0004693335440122081,0.0,0.03837628399126142,0.0,0.0,0.0,-0.0450958687550933,0.0,0.002375832700808064,0.0
4.894999999999918,0.0,0.0,0.0002469983467642865,0.0,0.03838762181635931,0.0,0.0,0.0,-0.04389045622471378,0.0,0.002145435921108577,0.0
4.899999999999918,0.0,0.0,3.082946673676118e-05,0.0,0.03839773026344984,0.0,0.0,0.0,-0.04257624791891514,0.0,0.001898092896933448,0.0
4.904999999999918,0.0,0.0,-0.0001783966660294429,0.0,0.0384065990801609,0.0,0.0,0.0,-0.04111355469727888,0.0,0.0016495976850398,0.0
4.909999999999918,0.0,0.0,-0.0003799755243002938,0.0,0.03841422692845959,0.0,0.0,0.0,-0.03951752863361801,0.0,0.001401717805046024,0.0
4.914999999999917,0.0,0.0,-0.0005713298867910643,0.0,0.03842116064719878,0.0,0.0,0.0,-0.03671763605725648,0.0,0.001456621415962385,0.0
4.919999999999917,0.0,0.0,-0.0007495343455565642,0.0,0.03842807523062075,0.0,0.0,0.0,-0.03432906071882285,0.0,0.001374366578100488,0.0
4.924999999999917,0.0,0.0,-0.0009162201442067386,0.0,0.03843442118673562,0.0,0.0,0.0,-0.03223604912341763,0.0,0.001195182492730538,0.0
4.929999999999917,0.0,0.0,-0.001068001455740331,0.0,0.03844110328367203,0.0,0.0,0.0,-0.0284813336190868,0.0,0.00147653960692665,0.0
4.934999999999917,0.0,0.0,-0.00120494343140507,0.0,0.03844806938926522,0.0,0.0,0.0,-0.02640380817870047,0.0,0.001279521845288656,0.0
4.939999999999917,0.0,0.0,-0.001331988192963683,0.0,0.0384539212677216,0.0,0.0,0.0,-0.02441476043876099,0.0,0.001061393100931914,0.0
4.944999999999917,0.0,0.0,-0.001449090338789866,0.0,0.03845870922812229,0.0,0.0,0.0,-0.02242684945091468,0.0,0.0008539547877376851,0.0
4.949999999999917,0.0,0.0,-0.00155630618029203,0.0,0.03846248964006322,0.0,0.0,0.0,-0.02046030753007624,0.0,0.0006583719310160471,0.0
4.954999999999917,0.0,0.0,-0.001653402594725218,0.0,0.03846544029689519,0.0,0.0,0.0,-0.01824265238798233,0.0,0.0005626022128032605,0.0
4.959999999999916,0.0,0.0,-0.001734800928229962,0.0,0.03846936162802598,0.0,0.0,0.0,-0.01442066372996857,0.0,0.0009754422211650408,0.0
4.964999999999916,0.0,0.0,-0.001802291401087415,0.0,0.03847389773331466,0.0,0.0,0.0,-0.01261298251261274,0.0,0.0008282984116841979,0.0
4.969999999999916,0.0,0.0,-0.001860974280974854,0.0,0.03847774368971926,0.0,0.0,0.0,-0.0107007071466831,0.0,0.0007589925422815004,0.0
4.974999999999916,0.0,0.0,-0.001910276571069687,0.0,0.03848131853847024,0.0,0.0,0.0,-0.00894953698204849,0.0,0.0006928394806851066,0.0
4.979999999999916,0.0,0.0,-0.001951478244830792,0.0,0.03848450910752784,0.0,0.0,0.0,-0.007532107453658892,0.0,0.0005834672480421054,0.0
4.984999999999916,0.0,0.0,-0.00198545500860517,0.0,0.03848735794611045,0.0,0.0,0.0,-0.006059797180520538,0.0,0.0005560381587047433,0.0
4.989999999999916,0.0,0.0,-0.002012995882933117,0.0,0.03848995839104054,0.0,0.0,0.0,-0.004957360871301472,0.0,0.0004841871046396552,0.0
4.994999999999916,0.0,0.0,-0.002035474729461491,0.0,0.03849224931470864,0.0,0.0,0.0,-0.004034861763121318,0.0,0.0004322130667094694,0.0
4.999999999999916,0.0,0.0,-0.002053825177870707,0.0,0.03849433066192517,0.0,0.0,0.0,-0.003305857204276282,0.0,0.00040033843978859,0.0
5.004999999999916,0.0,0.0,-0.002069044211430089,0.0,0.03849630275700804,0.0,0.0,0.0,-0.002782130526635,0.0,0.0003884934267223945,0.0
5.009999999999915,0.0,0.0,-0.002082187289204011,0.0,0.03849826475393615,0.0,0.0,0.0,-0.002475288964436708,0.0,0.0003962799040123716,0.0
5.014999999999915,0.0,0.0,-0.002094357001535164,0.0,0.03850031329221696,0.0,0.0,0.0,-0.002392581819075545,0.0,0.0004230904431316234,0.0
5.019999999999915,0.0,0.0,-0.002106677654327567,0.0,0.03850254166801702,0.0,0.0,0.0,-0.002535450964807499,0.0,0.0004681953124812979,0.0
5.024999999999915,0.0,0.0,-0.002120276289883905,0.0,0.03850503892308801,0.0,0.0,0.0,-0.002903550797581045,0.0,0.0005306227655393566,0.0
5.029999999999915,0.0,0.0,-0.002136274397274482,0.0,0.03850788860060055,0.0,0.0,0.0,-0.003495007073018051,0.0,0.0006091454203860295,0.0
5.034999999999915,0.0,0.0,-0.002155776725390188,0.0,0.03851116742377263,0.0,0.0,0.0,-0.004305000853651227,0.0,0.0007022630048293961,0.0
5.039999999999915,0.0,0.0,-0.002179858144138067,0.0,0.03851494403557069,0.0,0.0,0.0,-0.005326401819312543,0.0,0.0008082439855727039,0.0
5.044999999999915,0.0,0.0,-0.002209550438150841,0.0,0.03851927788055133,0.0,0.0,0.0,-0.006549110190948871,0.0,0.0009251409563608218,0.0
5.049999999999915,0.0,0.0,-0.002245834257183165,0.0,0.03852421796474575,0.0,0.0,0.0,-0.007962769318293327,0.0,0.001050725850415542,0.0
5.054999999999914,0.0,0.0,-0.002289624121239202,0.0,0.03852980209832164,0.0,0.0,0.0,-0.00955129319357249,0.0,0.001182748905868421,0.0
5.059999999999914,0.0,0.0,-0.002341748168166313,0.0,0.03853605643234154,0.0,0.0,0.0,-0.01129621679527567,0.0,0.001318796353827351,0.0
5.064999999999914,0.0,0.0,-0.002402936907685412,0.0,0.0385429949093179,0.0,0.0,0.0,-0.01317695663749816,0.0,0.001456398666060333,0.0
5.069999999999914,0.0,0.0,-0.002473810888704242,0.0,0.03855061909139774,0.0,0.0,0.0,-0.01517011547497752,0.0,0.001593073317353676,0.0
5.074999999999914,0.0,0.0,-0.002554870888100024,0.0,0.03855891814799749,0.0,0.0,0.0,-0.01725118367992699,0.0,0.001726345829806695,0.0
5.079999999999914,0.0,0.0,-0.002646491563204372,0.0,0.03856786890818695,0.0,0.0,0.0,-0.01939422532841809,0.0,0.00185375460670682,0.0
5.084999999999914,0.0,0.0,-0.002748915527705805,0.0,0.03857743609958853,0.0,0.0,0.0,-0.02157236101013712,0.0,0.001972920728282361,0.0
5.089999999999914,0.0,0.0,-0.002862251420699599,0.0,0.03858757259114946,0.0,0.0,0.0,-0.0237588809867855,0.0,0.002081479774474629,0.0
5.094999999999914,0.0,0.0,-0.002986473036640588,0.0,0.03859821979360139,0.0,0.0,0.0,-0.02592655927093033,0.0,0.002177212712919221,0.0
5.099999999999913,0.0,0.0,-0.003121418339490011,0.0,0.03860930857097204,0.0,0.0,0.0,-0.02804829093938304,0.0,0.002258119768446266,0.0
5.104999999999913,0.0,0.0,-0.003266790677571533,0.0,0.03862076030634132,0.0,0.0,0.0,-0.0300973354764945,0.0,0.002322408183837129,0.0
5.109999999999913,0.0,0.0,-0.003422153360616959,0.0,0.0386324875999705,0.0,0.0,0.0,-0.03204441850033952,0.0,0.002368357198011517,0.0
5.114999999999913,0.0,0.0,-0.003586926506276734,0.0,0.03864439347765132,0.0,0.0,0.0,-0.03386154032847076,0.0,0.0023938583078073,0.0
5.119999999999913,0.0,0.0,-0.003760393440974893,0.0,0.0386563706962098,0.0,0.0,0.0,-0.03552198588119687,0.0,0.002396912890264915,0.0
5.124999999999913,0.0,0.0,-0.003941716662112509,0.0,0.03866830286674762,0.0,0.0,0.0,-0.03700413597817158,0.0,0.002375861372359917,0.0
5.129999999999913,0.0,0.0,-0.00412996412877588,0.0,0.03868006760509608,0.0,0.0,0.0,-0.03829179631648232,0.0,0.002329965273126139,0.0
5.134999999999913,0.0,0.0,-0.004324135601691862,0.0,0.0386915409736347,0.0,0.0,0.0,-0.03937387361568658,0.0,0.002259340372843496,0.0
5.139999999999913,0.0,0.0,-0.004523188459673852,0.0,0.03870260124196979,0.0,0.0,0.0,-0.04024450396288371,0.0,0.002164753121678328,0.0
5.144999999999913,0.0,0.0,-0.004726058657561452,0.0,0.03871313164336179,0.0,0.0,0.0,-0.04090097700999782,0.0,0.002047421810300679,0.0
5.149999999999912,0.0,0.0,-0.004931675455075048,0.0,0.03872302234462472,0.0,0.0,0.0,-0.04134332507155745,0.0,0.001908901367126743,0.0
5.154999999999912,0.0,0.0,-0.005138975377344641,0.0,0.03873217220862064,0.0,0.0,0.0,-0.04157441389030026,0.0,0.001751114309551423,0.0
5.159999999999912,0.0,0.0,-0.00534690827297861,0.0,0.03874048971966287,0.0,0.0,0.0,-0.0415967042584969,0.0,0.001575986300320748,0.0
5.164999999999912,0.0,0.0,-0.005554440790461791,0.0,0.03874789348677157,0.0,0.0,0.0,-0.04141445721590621,0.0,0.001385641646415301,0.0
5.169999999999912,0.0,0.0,-0.005760563856189169,0.0,0.03875431276812596,0.0,0.0,0.0,-0.04103311970212702,0.0,0.001182215144416317,0.0
5.174999999999912,0.0,0.0,-0.005964291943201548,0.0,0.03875968636290664,0.0,0.0,0.0,-0.04045666286347673,0.0,0.0009673885432858824,0.0
5.179999999999912,0.0,0.0,-0.006164655910995691,0.0,0.03876396076768632,0.0,0.0,0.0,-0.03968766666003734,0.0,0.0007425587559305025,0.0
5.184999999999912,0.0,0.0,-0.006358595653800959,0.0,0.03876762364181374,0.0,0.0,0.0,-0.03728209983374881,0.0,0.0008778401453327794,0.0
5.189999999999912,0.0,0.0,-0.006539120973739172,0.0,0.03877219813471713,0.0,0.0,0.0,-0.03462044781520592,0.0,0.001032735228909,0.0
5.194999999999911,0.0,0.0,-0.006703573843843902,0.0,0.03877813935429842,0.0,0.0,0.0,-0.03146766886288896,0.0,0.001263234899896705,0.0
5.199999999999911,0.0,0.0,-0.00685697447862855,0.0,0.03878387318771884,0.0,0.0,0.0,-0.02994400344069466,0.0,0.001016970400333735,0.0
5.204999999999911,0.0,0.0,-0.007002619930709746,0.0,0.03878830143705427,0.0,0.0,0.0,-0.02831428493113839,0.0,0.0007545482242653751,0.0
5.209999999999911,0.0,0.0,-0.007139756649050352,0.0,0.03879141558407079,0.0,0.0,0.0,-0.02654071842035975,0.0,0.0004913436959476282,0.0
5.214999999999911,0.0,0.0,-0.007267703320185889,0.0,0.03879321615373683,0.0,0.0,0.0,-0.02463846738139421,0.0,0.0002291297594621233,0.0
5.219999999999911,0.0,0.0,-0.007384925511156082,0.0,0.03879397016963944,0.0,0.0,0.0,-0.02195341076888191,0.0,0.0001550204828549432,0.0
5.224999999999911,0.0,0.0,-0.007488180388182255,0.0,0.03879444887440891,0.0,0.0,0.0,-0.01913115784209388,0.0,9.706593171257694e-05,0.0
5.229999999999911,0.0,0.0,-0.007577500409037125,0.0,0.03879455134764533,0.0,0.0,0.0,-0.01668006628827768,0.0,-7.783993083251815e-05,0.0
5.234999999999911,0.0,0.0,-0.007651025238076739,0.0,0.03879476701907149,0.0,0.0,0.0,-0.01264281310795728,0.0,0.0001893913885510595,0.0
5.239999999999911,0.0,0.0,-0.00770766023242074,0.0,0.03879538105054552,0.0,0.0,0.0,-0.01020076916737203,0.0,3.182349033147996e-06,0.0
5.24499999999991,0.0,0.0,-0.007752988086571578,0.0,0.03879482242028482,0.0,0.0,0.0,-0.007932062661176669,0.0,-0.0002264000979390273,0.0
5.24999999999991,0.0,0.0,-0.007786986784425874,0.0,0.03879314378317785,0.0,0.0,0.0,-0.005669202839159231,0.0,-0.0004448205046109725,0.0
5.25499999999991,0.0,0.0,-0.007809736325525418,0.0,0.03879040388584334,0.0,0.0,0.0,-0.003432476454229901,0.0,-0.0006509061613764427,0.0
5.25999999999991,0.0,0.0,-0.007821106289985686,0.0,0.03878675949431085,0.0,0.0,0.0,-0.0009935925215278348,0.0,-0.0007698239950480567,0.0
5.26499999999991,0.0,0.0,-0.007815864346320698,0.0,0.03878391777434922,0.0,0.0,0.0,0.002996099920605932,0.0,-0.0003940819138191494,0.0
5.26999999999991,0.0,0.0,-0.007795637571739612,0.0,0.0387815810741241,0.0,0.0,0.0,0.005058150727008906,0.0,-0.0005506183368519711,0.0
5.27499999999991,0.0,0.0,-0.007765373295898352,0.0,0.03877849944595277,0.0,0.0,0.0,0.007133826156424944,0.0,-0.0006549862008271475,0.0
5.27999999999991,0.0,0.0,-0.007725198439127898,0.0,0.03877488932158053,0.0,0.0,0.0,0.008934030024187795,0.0,-0.0007888995038995011,0.0
5.28499999999991,0.0,0.0,-0.007676372828810373,0.0,0.03877065410641607,0.0,0.0,0.0,0.01059418122642138,0.0,-0.0009050347223214146,0.0
5.289999999999909,0.0,0.0,-0.007619212993812083,0.0,0.03876601660560879,0.0,0.0,0.0,0.01226754476221522,0.0,-0.000949906856502824,0.0
5.294999999999909,0.0,0.0,-0.007554536686722917,0.0,0.03876107272174303,0.0,0.0,0.0,0.01360110602693186,0.0,-0.001027527758580387,0.0
5.299999999999909,0.0,0.0,-0.007483656833922066,0.0,0.03875579180125042,0.0,0.0,0.0,0.01474908269283486,0.0,-0.001084739165371534,0.0
5.304999999999909,0.0,0.0,-0.007407535782287803,0.0,0.0387502764559724,0.0,0.0,0.0,0.01569772690066499,0.0,-0.001121316492361692,0.0
5.309999999999909,0.0,0.0,-0.007327200127684742,0.0,0.03874462969997074,0.0,0.0,0.0,0.01643508583786211,0.0,-0.001137323109390209,0.0
5.314999999999909,0.0,0.0,-0.00724373400699999,0.0,0.03873895340732248,0.0,0.0,0.0,0.01695009468146661,0.0,-0.001133151313093433,0.0
5.319999999999909,0.0,0.0,-0.007158271283916721,0.0,0.03873334684376043,0.0,0.0,0.0,0.01723392852970454,0.0,-0.001109451755801903,0.0
5.324999999999909,0.0,0.0,-0.007071971108864848,0.0,0.03872790585589779,0.0,0.0,0.0,0.01728528880970425,0.0,-0.001066941352063074,0.0
5.329999999999909,0.0,0.0,-0.006985996074371358,0.0,0.03872272201006951,0.0,0.0,0.0,0.01710409571557149,0.0,-0.001006614985130719,0.0
5.334999999999908,0.0,0.0,-0.006901503719935797,0.0,0.0387178812975314,0.0,0.0,0.0,0.01669244836484939,0.0,-0.0009297074991446932,0.0
5.339999999999908,0.0,0.0,-0.006819634501677403,0.0,0.03871346290883478,0.0,0.0,0.0,0.01605507868874768,0.0,-0.0008377040035846407,0.0
5.344999999999908,0.0,0.0,-0.006741499686184749,0.0,0.03870953797818873,0.0,0.0,0.0,0.01519892721195529,0.0,-0.0007323417165055227,0.0
5.349999999999908,0.0,0.0,-0.006668167614152894,0.0,0.03870616844094435,0.0,0.0,0.0,0.0141342216545918,0.0,-0.0006155625634257476,0.0
5.354999999999908,0.0,0.0,-0.006600655490051855,0.0,0.03870340579367195,0.0,0.0,0.0,0.01287118755112232,0.0,-0.0004895998269898942,0.0
5.359999999999908,0.0,0.0,-0.006539916296289537,0.0,0.03870129026559857,0.0,0.0,0.0,0.01142528431356335,0.0,-0.0003567269828378152,0.0
5.364999999999908,0.0,0.0,-0.006486818749945571,0.0,0.03869985038682967,0.0,0.0,0.0,0.009814754587441256,0.0,-0.0002193500392830897,0.0
5.369999999999908,0.0,0.0,-0.006442134731938574,0.0,0.03869910242675511,0.0,0.0,0.0,0.008060087146611213,0.0,-7.99670891729975e-05,0.0
5.374999999999908,0.0,0.0,-0.006406527166031174,0.0,0.03869905014517157,0.0,0.0,0.0,0.006184372773493797,0.0,5.891621471651893e-05,0.0
5.379999999999908,0.0,0.0,-0.0063805398037354,0.0,0.03869968486046965,0.0,0.0,0.0,0.004212186139121106,0.0,0.0001948288451017778,0.0
5.384999999999907,0.0,0.0,-0.006364590346284121,0.0,0.03870098551580699,0.0,0.0,0.0,0.002169373064357715,0.0,0.0003252922742823262,0.0
5.389999999999907,0.0,0.0,-0.006358964644718204,0.0,0.03870291886682785,0.0,0.0,0.0,8.282310423943733e-05,0.0,0.000447909590468169,0.0
5.394999999999907,0.0,0.0,-0.006363814280598094,0.0,0.03870543977508231,0.0,0.0,0.0,-0.002020645682862584,0.0,0.0005603202898704295,0.0
5.399999999999907,0.0,0.0,-0.006379155655134664,0.0,0.0387084916412022,0.0,0.0,0.0,-0.004113780978699972,0.0,0.000660300404473077,0.0
5.404999999999907,0.0,0.0,-0.006404869020958919,0.0,0.03871200728649094,0.0,0.0,0.0,-0.00616937686596942,0.0,0.0007458420393828028,0.0
5.409999999999907,0.0,0.0,-0.006440699584072866,0.0,0.03871590999396907,0.0,0.0,0.0,-0.008160621536457562,0.0,0.0008151376504687338,0.0
5.414999999999907,0.0,0.0,-0.006486251992822581,0.0,0.0387201142489126,0.0,0.0,0.0,-0.01005810649947887,0.0,0.0008664755387957717,0.0
5.419999999999907,0.0,0.0,-0.006540986909261812,0.0,0.03872452501665262,0.0,0.0,0.0,-0.0118336465204266,0.0,0.0008977598834536208,0.0
5.424999999999907,0.0,0.0,-0.006604226984110044,0.0,0.0387290371112523,0.0,0.0,0.0,-0.01346022311503732,0.0,0.000907026148929094,0.0
5.429999999999906,0.0,0.0,-0.006675172640651109,0.0,0.03873353628742422,0.0,0.0,0.0,-0.01491596062673865,0.0,0.0008926151060222291,0.0
5.434999999999906,0.0,0.0,-0.0067529290501195,0.0,0.0387379022954262,0.0,0.0,0.0,-0.01618463184111257,0.0,0.0008537837715267429,0.0
5.439999999999906,0.0,0.0,-0.00683653273543892,0.0,0.03874201326933688,0.0,0.0,0.0,-0.01725499919140224,0.0,0.0007906276995536479,0.0
5.444999999999906,0.0,0.0,-0.006924976843810326,0.0,0.03874574941515543,0.0,0.0,0.0,-0.01812094569147302,0.0,0.0007038794896233054,0.0
5.449999999999906,0.0,0.0,-0.007017232148989457,0.0,0.03874899577176151,0.0,0.0,0.0,-0.01877963516989713,0.0,0.00059473909448846,0.0
5.454999999999906,0.0,0.0,-0.007112262078053047,0.0,0.03875164423703791,0.0,0.0,0.0,-0.01923096417757163,0.0,0.0004647498879003843,0.0
5.459999999999906,0.0,0.0,-0.007209036367072396,0.0,0.03875359528794514,0.0,0.0,0.0,-0.01947755291068005,0.0,0.0003157992971885754,0.0
5.464999999999906,0.0,0.0,-0.007306536528319601,0.0,0.03875475884711372,0.0,0.0,0.0,-0.01952149281692123,0.0,0.0001497781367529344,0.0
5.469999999999906,0.0,0.0,-0.007403759300071751,0.0,0.03875505479536909,0.0,0.0,0.0,-0.01936678158458835,0.0,-3.122134996114194e-05,0.0
5.474999999999905,0.0,0.0,-0.007499724788909788,0.0,0.03875441360026938,0.0,0.0,0.0,-0.01901876415754206,0.0,-0.0002250574582936857,0.0
5.479999999999905,0.0,0.0,-0.007593476094328598,0.0,0.0387527752691021,0.0,0.0,0.0,-0.01848130194909032,0.0,-0.0004300544088396931,0.0
5.484999999999905,0.0,0.0,-0.007684072358630884,0.0,0.03875008752017427,0.0,0.0,0.0,-0.01775694214142962,0.0,-0.0006448047256071293,0.0
5.489999999999905,0.0,0.0,-0.007768509384281855,0.0,0.03874683207831656,0.0,0.0,0.0,-0.01542399389309931,0.0,-0.0005049822600222767,0.0
5.494999999999905,0.0,0.0,-0.00784006355387099,0.0,0.03874447049954229,0.0,0.0,0.0,-0.01290158559001164,0.0,-0.000361574242570758,0.0
5.499999999999905,0.0,0.0,-0.00789997815474734,0.0,0.03874244086152662,0.0,0.0,0.0,-0.01135707003489114,0.0,-0.0005267722003225306,0.0
5.504999999999905,0.0,0.0,-0.00795321849355026,0.0,0.03873919113445534,0.0,0.0,0.0,-0.009939833201127098,0.0,-0.0007728421270432729,0.0
5.509999999999905,0.0,0.0,-0.007998988473655395,0.0,0.03873470527384221,0.0,0.0,0.0,-0.008369134145904575,0.0,-0.001021210788031962,0.0
5.514999999999905,0.0,0.0,-0.008036554652997152,0.0,0.03872897637358776,0.0,0.0,0.0,-0.006658514651850686,0.0,-0.001270044875402286,0.0
5.519999999999905,0.0,0.0,-0.00806525496007053,0.0,0.03872200654762226,0.0,0.0,0.0,-0.004763945752461968,0.0,-0.001501251210185907,0.0
5.524999999999904,0.0,0.0,-0.008080627136075987,0.0,0.03871487879193573,0.0,0.0,0.0,-0.001035874431213626,0.0,-0.001252616503130437,0.0
5.529999999999904,0.0,0.0,-0.008077246937021845,0.0,0.03870897371828346,0.0,0.0,0.0,0.002030246648988874,0.0,-0.001207478273978796,0.0
5.534999999999904,0.0,0.0,-0.008061580376451702,0.0,0.03870241833288042,0.0,0.0,0.0,0.004263884029603274,0.0,-0.001405596280089281,0.0
5.539999999999904,0.0,0.0,-0.008030822044629633,0.0,0.0386959677554804,0.0,0.0,0.0,0.007975851689674466,0.0,-0.001191730160209189,0.0
5.544999999999904,0.0,0.0,-0.007985390108136528,0.0,0.03868948471237749,0.0,0.0,0.0,0.01016656699763783,0.0,-0.001409108902203711,0.0
5.549999999999904,0.0,0.0,-0.007929115625877515,0.0,0.03868190050987871,0.0,0.0,0.0,0.01234066606387915,0.0,-0.001624287215488953,0.0
5.554999999999904,0.0,0.0,-0.007861993472575386,0.0,0.0386732688361858,0.0,0.0,0.0,0.01450554734338261,0.0,-0.001828098799530638,0.0
5.559999999999904,0.0,0.0,-0.007784120402924985,0.0,0.03866364942447469,0.0,0.0,0.0,0.01664096431823152,0.0,-0.002019385711103131,0.0
5.564999999999904,0.0,0.0,-0.007695693390773381,0.0,0.03865310763765902,0.0,0.0,0.0,0.01884507342259602,0.0,-0.002161990479525714,0.0
5.569999999999903,0.0,0.0,-0.00759161634597739,0.0,0.03864331596100496,0.0,0.0,0.0,0.02269601507885689,0.0,-0.001780255077410792,0.0
5.574999999999903,0.0,0.0,-0.007473167141030209,0.0,0.03863408619856831,0.0,0.0,0.0,0.02464716257931541,0.0,-0.001921394409035564,0.0
5.579999999999903,0.0,0.0,-0.007345398276640579,0.0,0.03862414162544973,0.0,0.0,0.0,0.02645746754089221,0.0,-0.002056213360468746,0.0
5.584999999999903,0.0,0.0,-0.007208891996984513,0.0,0.03861356583723455,0.0,0.0,0.0,0.02814216808147128,0.0,-0.002173892445697278,0.0
5.589999999999903,0.0,0.0,-0.007064320122169698,0.0,0.03860244651347969,0.0,0.0,0.0,0.0296837679158791,0.0,-0.002273641237265792,0.0
5.594999999999903,0.0,0.0,-0.006912436941841786,0.0,0.03859087595317536,0.0,0.0,0.0,0.0310667764985488,0.0,-0.002354402639078045,0.0
5.599999999999903,0.0,0.0,-0.006754072639747385,0.0,0.03857895167382702,0.0,0.0,0.0,0.03227632434104043,0.0,-0.00241514652485481,0.0
5.604999999999903,0.0,0.0,-0.006590132382141656,0.0,0.0385667751263413,0.0,0.0,0.0,0.03329728857427769,0.0,-0.002455328994048427,0.0
5.609999999999903,0.0,0.0,-0.006421593657517878,0.0,0.0385544497398513,0.0,0.0,0.0,0.0341158625986597,0.0,-0.002474702396969223,0.0
5.614999999999903,0.0,0.0,-0.006249498659876125,0.0,0.03854207943874755,0.0,0.0,0.0,0.03471997042520068,0.0,-0.002473315898158628,0.0
5.619999999999902,0.0,0.0,-0.006074947173171955,0.0,0.03852976710427837,0.0,0.0,0.0,0.03509864911381038,0.0,-0.002451537301331211,0.0
5.624999999999902,0.0,0.0,-0.00589908971282039,0.0,0.03851761309034083,0.0,0.0,0.0,0.03524257337596673,0.0,-0.002410009280568245,0.0
5.629999999999902,0.0,0.0,-0.005723103681516283,0.0,0.0385057143888193,0.0,0.0,0.0,0.03515030270261432,0.0,-0.002349433914340162,0.0
5.634999999999902,0.0,0.0,-0.005548170614880834,0.0,0.03849416378306025,0.0,0.0,0.0,0.03482162240198706,0.0,-0.002270792240376014,0.0
5.639999999999902,0.0,0.0,-0.005375467978778614,0.0,0.03848304857095821,0.0,0.0,0.0,0.03425837374142226,0.0,-0.002175297088299474,0.0
5.644999999999902,0.0,0.0,-0.005206157270265651,0.0,0.03847244937174996,0.0,0.0,0.0,0.03346509966840761,0.0,-0.00206440684382682,0.0
5.649999999999902,0.0,0.0,-0.005041371889193925,0.0,0.03846243885515848,0.0,0.0,0.0,0.0324484945646759,0.0,-0.001939842552243047,0.0
5.654999999999902,0.0,0.0,-0.004882203481606505,0.0,0.0384530805945183,0.0,0.0,0.0,0.03121856204984097,0.0,-0.001803521497426906,0.0
5.659999999999902,0.0,0.0,-0.004729693243679813,0.0,0.03844442782380948,0.0,0.0,0.0,0.02978547687086684,0.0,-0.001657661741732983,0.0
5.664999999999901,0.0,0.0,-0.004584819343420542,0.0,0.03843652257016837,0.0,0.0,0.0,0.02816427380853869,0.0,-0.001504527775247068,0.0
5.669999999999901,0.0,0.0,-0.004448477030158194,0.0,0.03842939522586523,0.0,0.0,0.0,0.02637308046109255,0.0,-0.001346508919457379,0.0
5.674999999999901,0.0,0.0,-0.004321465614955953,0.0,0.03842306400247225,0.0,0.0,0.0,0.0244321404906035,0.0,-0.001186088087596837,0.0
5.679999999999901,0.0,0.0,-0.004204476656824795,0.0,0.03841753462281984,0.0,0.0,0.0,0.02236431058510863,0.0,-0.001025777341839737,0.0
5.684999999999901,0.0,0.0,-0.004098083175727065,0.0,0.03841280036107386,0.0,0.0,0.0,0.020194144023498,0.0,-0.0008680444867376128,0.0
5.689999999999901,0.0,0.0,-0.004002732710255062,0.0,0.03840884212111881,0.0,0.0,0.0,0.01794727883065794,0.0,-0.0007153695879690057,0.0
5.694999999999901,0.0,0.0,-0.003918741624371423,0.0,0.03840562857981655,0.0,0.0,0.0,0.01565054473173566,0.0,-0.0005701634104698539,0.0
5.699999999999901,0.0,0.0,-0.0038462924204761,0.0,0.0384031164296276,0.0,0.0,0.0,0.01333065539793839,0.0,-0.0004348088943912415,0.0
5.704999999999901,0.0,0.0,-0.003785432652609375,0.0,0.03840125082726641,0.0,0.0,0.0,0.01101487499916594,0.0,-0.0003115374906179318,0.0
5.7099999999999,0.0,0.0,-0.003736073534014069,0.0,0.03839996628884036,0.0,0.0,0.0,0.00873047434853841,0.0,-0.0002023741227505316,0.0
5.7149999999999,0.0,0.0,-0.003697991027009418,0.0,0.03839918775777321,0.0,0.0,0.0,0.006504282165573511,0.0,-0.0001091230668173882,0.0
5.7199999999999,0.0,0.0,-0.003670821883976797,0.0,0.0383988315638188,0.0,0.0,0.0,0.004365150144892264,0.0,-3.3425583532679e-05,0.0
5.7249999999999,0.0,0.0,-0.003654059915403954,0.0,0.03839880494532517,0.0,0.0,0.0,0.002341403265459525,0.0,2.272343987690939e-05,0.0
5.7299999999999,0.0,0.0,-0.003647059422974464,0.0,0.03839900525545152,0.0,0.0,0.0,0.0004605194245236111,0.0,5.736482440834443e-05,0.0
5.7349999999999,0.0,0.0,-0.003649049597137389,0.0,0.03839932072570474,0.0,0.0,0.0,-0.001254931246319169,0.0,6.880901190667524e-05,0.0
5.7399999999999,0.0,0.0,-0.003659158505906519,0.0,0.03839963294212437,0.0,0.0,0.0,-0.002787066788080126,0.0,5.608687470901743e-05,0.0
5.7449999999999,0.0,0.0,-0.003676439163649257,0.0,0.03839982097047111,0.0,0.0,0.0,-0.004123743383193559,0.0,1.915862646233561e-05,0.0
5.7499999999999,0.0,0.0,-0.003699896867387966,0.0,0.03839976531871007,0.0,0.0,0.0,-0.005258013597487707,0.0,-4.135967694204397e-05,0.0
5.7549999999999,0.0,0.0,-0.003728511093058054,0.0,0.03839935083717948,0.0,0.0,0.0,-0.006186493196327959,0.0,-0.0001243476673061217,0.0
5.759999999999899,0.0,0.0,-0.003761250590473953,0.0,0.03839846878284431,0.0,0.0,0.0,-0.006908273754471875,0.0,-0.0002283634415398619,0.0
5.764999999999899,0.0,0.0,-0.003797087249224596,0.0,0.0383970186355478,0.0,0.0,0.0,-0.007425516749862532,0.0,-0.0003515602134240384,0.0
5.769999999999899,0.0,0.0,-0.003835004897494018,0.0,0.03839490932938541,0.0,0.0,0.0,-0.007740834308619869,0.0,-0.0004920033755767013,0.0
5.774999999999899,0.0,0.0,-0.003874003382487119,0.0,0.03839205977429283,0.0,0.0,0.0,-0.007858021245656068,0.0,-0.000647637358602872,0.0
5.779999999999899,0.0,0.0,-0.003913105357832112,0.0,0.03838839944369681,0.0,0.0,0.0,-0.007782403740136497,0.0,-0.0008162925704698451,0.0
5.784999999999899,0.0,0.0,-0.003951358230378858,0.0,0.03838386776553671,0.0,0.0,0.0,-0.007518557539792899,0.0,-0.0009961565584742191,0.0
5.789999999999899,0.0,0.0,-0.003987830459143745,0.0,0.03837841264225778,0.0,0.0,0.0,-0.007070328346676523,0.0,-0.001185651743317482,0.0
5.794999999999899,0.0,0.0,-0.004019561535299433,0.0,0.03837250904011302,0.0,0.0,0.0,-0.005039279262609532,0.0,-0.001026196313936521,0.0
5.799999999999899,0.0,0.0,-0.004039542157786449,0.0,0.03836769367684972,0.0,0.0,0.0,-0.002768607011259626,0.0,-0.0008504490664716604,0.0
5.804999999999898,0.0,0.0,-0.004045909969299928,0.0,0.03836422453097256,0.0,0.0,0.0,-5.984425779774081e-05,0.0,-0.0006106258403119746,0.0
5.809999999999898,0.0,0.0,-0.004043148893406516,0.0,0.03836067637031594,0.0,0.0,0.0,0.001114620116969943,0.0,-0.0008211443856999103,0.0
5.814999999999898,0.0,0.0,-0.00403437612977749,0.0,0.03835600534751066,0.0,0.0,0.0,0.002393228280080122,0.0,-0.001046996292332259,0.0
5.819999999999898,0.0,0.0,-0.004018861010489941,0.0,0.03835020311614699,0.0,0.0,0.0,0.003811374168601376,0.0,-0.001273615713649511,0.0
5.824999999999898,0.0,0.0,-0.003995942622622921,0.0,0.03834327023385257,0.0,0.0,0.0,0.005408352500237045,0.0,-0.001484320104472675,0.0
5.829999999999898,0.0,0.0,-0.003961417245474958,0.0,0.03833621652704505,0.0,0.0,0.0,0.008736004091262408,0.0,-0.001243991233617169,0.0
5.834999999999898,0.0,0.0,-0.003911721354662572,0.0,0.03832990623899226,0.0,0.0,0.0,0.01080336985833607,0.0,-0.001372972442563778,0.0
5.839999999999898,0.0,0.0,-0.00385319231540895,0.0,0.03832249970853398,0.0,0.0,0.0,0.01266679901974323,0.0,-0.001572132547177398,0.0
5.844999999999898,0.0,0.0,-0.003781394566238458,0.0,0.03831519735018832,0.0,0.0,0.0,0.01641804304201477,0.0,-0.001244234902850086,0.0
5.849999999999898,0.0,0.0,-0.003690965797967393,0.0,0.03830949673854063,0.0,0.0,0.0,0.01937642121448439,0.0,-0.001141841883869927,0.0
5.854999999999897,0.0,0.0,-0.003589074116461934,0.0,0.03830338048834502,0.0,0.0,0.0,0.02131814224745169,0.0,-0.001321222780198666,0.0
5.859999999999897,0.0,0.0,-0.003477791461567991,0.0,0.03829631059647803,0.0,0.0,0.0,0.023192069524504,0.0,-0.0015064888378256,0.0
5.864999999999897,0.0,0.0,-0.003357210753540371,0.0,0.03828834460574849,0.0,0.0,0.0,0.02503730788515562,0.0,-0.001679666191845899,0.0
5.869999999999897,0.0,0.0,-0.003227524940853765,0.0,0.03827954568122241,0.0,0.0,0.0,0.02693611226988182,0.0,-0.001809347719605123,0.0
5.874999999999897,0.0,0.0,-0.003084044315827621,0.0,0.03827146208148603,0.0,0.0,0.0,0.03037976194007858,0.0,-0.001445689606702476,0.0
5.879999999999897,0.0,0.0,-0.002927905993840723,0.0,0.03826394388123554,0.0,0.0,0.0,0.03204155208761923,0.0,-0.001570590985267244,0.0
5.884999999999897,0.0,0.0,-0.002763879036071478,0.0,0.0382557948602984,0.0,0.0,0.0,0.03366950243339374,0.0,-0.001657419792042303,0.0
5.889999999999897,0.0,0.0,-0.002591668103810702,0.0,0.0382473616090514,0.0,0.0,0.0,0.0353452449005246,0.0,-0.001675157407394106,0.0
5.894999999999897,0.0,0.0,-0.002411536952552614,0.0,0.03823885196067782,0.0,0.0,0.0,0.03665247127942604,0.0,-0.00174430054254889,0.0
5.899999999999896,0.0,0.0,-0.002225522543848834,0.0,0.03822996400081452,0.0,0.0,0.0,0.03778476538182431,0.0,-0.001800074995755785,0.0
5.904999999999896,0.0,0.0,-0.00203427767996501,0.0,0.03822084583239013,0.0,0.0,0.0,0.03871044911508,0.0,-0.001847075310110702,0.0
5.909999999999896,0.0,0.0,-0.001838872948665705,0.0,0.03821154291499197,0.0,0.0,0.0,0.03944885496891944,0.0,-0.001873993712462587,0.0
5.914999999999896,0.0,0.0,-0.001640279608286775,0.0,0.03820215638105183,0.0,0.0,0.0,0.03998605695243339,0.0,-0.001880542224336285,0.0
5.919999999999896,0.0,0.0,-0.001439534057798233,0.0,0.03819278805809483,0.0,0.0,0.0,0.0403099241806797,0.0,-0.001866730431179679,0.0
5.924999999999896,0.0,0.0,-0.001237731047259029,0.0,0.03818353893619031,0.0,0.0,0.0,0.04040924463946167,0.0,-0.001832883398335665,0.0
5.929999999999896,0.0,0.0,-0.001036016395847119,0.0,0.03817450766543167,0.0,0.0,0.0,0.04027480726629838,0.0,-0.0017796115996684,0.0
5.934999999999896,0.0,0.0,-0.0008355631872292262,0.0,0.03816578973204501,0.0,0.0,0.0,0.03990490623250426,0.0,-0.001707570072438054,0.0
5.939999999999896,0.0,0.0,-0.0006375497345795472,0.0,0.03815747661801229,0.0,0.0,0.0,0.03929915333367642,0.0,-0.001617705174568979,0.0
5.944999999999895,0.0,0.0,-0.0004431515590879244,0.0,0.03814965452505944,0.0,0.0,0.0,0.03845905252604252,0.0,-0.00151118236091972,0.0
5.949999999999895,0.0,0.0,-0.000253529613243225,0.0,0.03814240318965118,0.0,0.0,0.0,0.03738892386508267,0.0,-0.001389422007072572,0.0
5.954999999999895,0.0,0.0,-6.981819309010448e-05,0.0,0.03813579459481491,0.0,0.0,0.0,0.03609510852180156,0.0,-0.001254104760090686,0.0
5.959999999999895,0.0,0.0,0.0001068886549967056,0.0,0.0381298918393217,0.0,0.0,0.0,0.03458736150494043,0.0,-0.001107103434515315,0.0
5.964999999999895,0.0,0.0,0.0002755461112691875,0.0,0.03812474786439252,0.0,0.0,0.0,0.03287561680686205,0.0,-0.0009506078849894336,0.0
5.969999999999895,0.0,0.0,0.0004351715881038601,0.0,0.03812040459025072,0.0,0.0,0.0,0.03097483205939384,0.0,-0.0007868364038118781,0.0
5.974999999999895,0.0,0.0,0.0005848647555986696,0.0,0.03811689247461957,0.0,0.0,0.0,0.02890294726504798,0.0,-0.0006181555796423925,0.0
5.979999999999895,0.0,0.0,0.0007238204394736997,0.0,0.03811422991183738,0.0,0.0,0.0,0.02668008572024253,0.0,-0.0004470248756491615,0.0
5.984999999999895,0.0,0.0,0.000851340631922227,0.0,0.03811242294844083,0.0,0.0,0.0,0.02432897510968897,0.0,-0.000275921229249335,0.0
5.989999999999895,0.0,0.0,0.0009668453921013348,0.0,0.03811146530057248,0.0,0.0,0.0,0.02187412263143745,0.0,-0.0001073025092091254,0.0
5.994999999999894,0.0,0.0,0.001069879453423813,0.0,0.03811133838978786,0.0,0.0,0.0,0.01934088853356737,0.0,5.637242611926167e-05,0.0
5.999999999999894,0.0,0.0,0.001160117824751116,0.0,0.0381120114663639,0.0,0.0,0.0,0.01675601671174148,0.0,0.0002126938682295736,0.0
6.004999999999894,0.0,0.0,0.001237369500481575,0.0,0.03811344176828789,0.0,0.0,0.0,0.01414635746372328,0.0,0.0003592666363327848,0.0
6.009999999999894,0.0,0.0,0.001301578154359475,0.0,0.03811557492654787,0.0,0.0,0.0,0.0115389303250527,0.0,0.000493843005860374,0.0
6.014999999999894,0.0,0.0,0.00135282335456529,0.0,0.03811834586603115,0.0,0.0,0.0,0.008961072360449341,0.0,0.0006143880642061516,0.0
6.019999999999894,0.0,0.0,0.001391320149490407,0.0,0.03812167989332289,0.0,0.0,0.0,0.006439637643381007,0.0,0.0007190892627378822,0.0
6.024999999999894,0.0,0.0,0.001417420750987058,0.0,0.03812549373793758,0.0,0.0,0.0,0.004002634835697937,0.0,0.0008063281617535731,0.0
6.029999999999894,0.0,0.0,0.001431618992049911,0.0,0.03812969535776997,0.0,0.0,0.0,0.001678702997327906,0.0,0.0008742148675600986,0.0
6.034999999999894,0.0,0.0,0.001434549050000703,0.0,0.03813418299270687,0.0,0.0,0.0,-0.0005046605168394448,0.0,0.0009207521831831195,0.0
6.039999999999893,0.0,0.0,0.001426972113510192,0.0,0.0381388454478799,0.0,0.0,0.0,-0.002524145973526033,0.0,0.000944163363315093,0.0
6.044999999999893,0.0,0.0,0.001409755598701146,0.0,0.0381435641701471,0.0,0.0,0.0,-0.004360568882848007,0.0,0.0009432817241916672,0.0
6.049999999999893,0.0,0.0,0.001383848648072643,0.0,0.03814821713562911,0.0,0.0,0.0,-0.006000419686762301,0.0,0.0009178849337701972,0.0
6.054999999999893,0.0,0.0,0.001350253188050893,0.0,0.03815268290933653,0.0,0.0,0.0,-0.00743608909217493,0.0,0.000868430201895747,0.0
6.059999999999893,0.0,0.0,0.00131000129723653,0.0,0.03815684386415167,0.0,0.0,0.0,-0.008663122644125753,0.0,0.000795982829938597,0.0
6.064999999999893,0.0,0.0,0.001264139412460282,0.0,0.03816058844239808,0.0,0.0,0.0,-0.009680228491923903,0.0,0.0007019049223217846,0.0
6.069999999999893,0.0,0.0,0.001213714774089709,0.0,0.03816381279658098,0.0,0.0,0.0,-0.01048837574056674,0.0,0.0005879181029121587,0.0
6.074999999999893,0.0,0.0,0.001159762705858777,0.0,0.03816642248553185,0.0,0.0,0.0,-0.01109135679877416,0.0,0.0004560626368586618,0.0
6.079999999999893,0.0,0.0,0.001103300096040553,0.0,0.03816833324180772,0.0,0.0,0.0,-0.01149275352134084,0.0,0.0003083676730532862,0.0
6.084999999999892,0.0,0.0,0.001045321899563409,0.0,0.03816947130732616,0.0,0.0,0.0,-0.01169775650590847,0.0,0.0001470076094711764,0.0
6.089999999999892,0.0,0.0,0.0009867967871631494,0.0,0.03816977329029141,0.0,0.0,0.0,-0.01171168738551624,0.0,-2.604552634227741e-05,0.0
6.094999999999892,0.0,0.0,0.00092866900992412,0.0,0.03816918481666972,0.0,0.0,0.0,-0.01153899335310715,0.0,-0.0002091562971557272,0.0
6.099999999999892,0.0,0.0,0.000875772705491889,0.0,0.03816865706122734,0.0,0.0,0.0,-0.009607473697136649,0.0,1.364837382369025e-06,0.0
6.104999999999892,0.0,0.0,0.000832276858538185,0.0,0.03816899353193357,0.0,0.0,0.0,-0.007723123400398703,0.0,0.0001526474232943223,0.0
6.109999999999892,0.0,0.0,0.0008020806308486076,0.0,0.03817097953203963,0.0,0.0,0.0,-0.00460399745604115,0.0,0.0005767314248704355,0.0
6.114999999999892,0.0,0.0,0.0007814198596893489,0.0,0.03817337246242504,0.0,0.0,0.0,-0.003705637861955814,0.0,0.0003688954486832503,0.0
6.119999999999892,0.0,0.0,0.0007654179471225642,0.0,0.03817465960650913,0.0,0.0,0.0,-0.002695943882700251,0.0,0.0001461680547413257,0.0
6.124999999999892,0.0,0.0,0.0007548227056336432,0.0,0.03817482968493081,0.0,0.0,0.0,-0.001543148341137951,0.0,-7.791835124269585e-05,0.0
6.129999999999892,0.0,0.0,0.0007503134643229599,0.0,0.03817388028102986,0.0,0.0,0.0,-0.0002617155415877845,0.0,-0.0003016141056683432,0.0
6.134999999999891,0.0,0.0,0.0007540411855692129,0.0,0.03817224531366085,0.0,0.0,0.0,0.002008950169466678,0.0,-0.0002809661418767217,0.0
6.139999999999891,0.0,0.0,0.0007742045923039071,0.0,0.03817206159831871,0.0,0.0,0.0,0.005836598374472534,0.0,0.0001473642051553461,0.0
6.144999999999891,0.0,0.0,0.000807476368301131,0.0,0.03817231249561632,0.0,0.0,0.0,0.007468505129040444,0.0,-4.70003910737626e-05,0.0
6.149999999999891,0.0,0.0,0.0008505834802123544,0.0,0.03817204375845402,0.0,0.0,0.0,0.009771345569645968,0.0,-6.058179771512041e-05,0.0
6.154999999999891,0.0,0.0,0.0009037219815468104,0.0,0.03817128025728846,0.0,0.0,0.0,0.01144483867224055,0.0,-0.000255128750869445,0.0
6.159999999999891,0.0,0.0,0.0009650851988310012,0.0,0.03816951449295822,0.0,0.0,0.0,0.01315355099558053,0.0,-0.0004349224316743872,0.0
6.164999999999891,0.0,0.0,0.001038452899239015,0.0,0.03816788274200297,0.0,0.0,0.0,0.01615634755601627,0.0,-0.0002277164696364212,0.0
6.169999999999891,0.0,0.0,0.001123396622568333,0.0,0.03816633530203381,0.0,0.0,0.0,0.01779643961621391,0.0,-0.0003975491293485412,0.0
6.174999999999891,0.0,0.0,0.001216319754894681,0.0,0.0381639379139343,0.0,0.0,0.0,0.01937037468773904,0.0,-0.0005612293418411175,0.0
6.17999999999989,0.0,0.0,0.001317978339739126,0.0,0.03816106043623551,0.0,0.0,0.0,0.02160762352920082,0.0,-0.0004954006975970783,0.0
6.18499999999989,0.0,0.0,0.001430115262132757,0.0,0.03815839920107749,0.0,0.0,0.0,0.0231379670591674,0.0,-0.0006006462858864045,0.0
6.18999999999989,0.0,0.0,0.001549117578630942,0.0,0.03815509179708235,0.0,0.0,0.0,0.02452123777088563,0.0,-0.0007037081068951078,0.0
6.19499999999989,0.0,0.0,0.001678741220980737,0.0,0.03815252710026622,0.0,0.0,0.0,0.02728936411284904,0.0,-0.0003331343746980506,0.0
6.19999999999989,0.0,0.0,0.001817966835192067,0.0,0.03815067330427755,0.0,0.0,0.0,0.02837190810412607,0.0,-0.0004163609751163609,0.0
6.20499999999989,0.0,0.0,0.001962091359000487,0.0,0.03814840804041515,0.0,0.0,0.0,0.02927557507095382,0.0,-0.0004896650190649365,0.0
6.20999999999989,0.0,0.0,0.002110316221367874,0.0,0.03814582390932521,0.0,0.0,0.0,0.03001216875056261,0.0,-0.0005439240894606014,0.0
6.21499999999989,0.0,0.0,0.00226176776835402,0.0,0.03814301764330481,0.0,0.0,0.0,0.03056639582513487,0.0,-0.0005785368110210235,0.0
6.21999999999989,0.0,0.0,0.002415498829779855,0.0,0.03814008826007751,0.0,0.0,0.0,0.03092414353770801,0.0,-0.0005931899981407681,0.0
6.22499999999989,0.0,0.0,0.002570496279579828,0.0,0.03813713565553189,0.0,0.0,0.0,0.03107314011301738,0.0,-0.000587845249915343,0.0
6.229999999999889,0.0,0.0,0.002725688001009995,0.0,0.03813425911681085,0.0,0.0,0.0,0.03100206645786432,0.0,-0.0005627836647435326,0.0
6.234999999999889,0.0,0.0,0.002879950405570918,0.0,0.03813155581164128,0.0,0.0,0.0,0.03070163749011516,0.0,-0.0005185728529341606,0.0
6.239999999999889,0.0,0.0,0.003032131906468576,0.0,0.03812911994459903,0.0,0.0,0.0,0.03016994274133331,0.0,-0.0004558292420409167,0.0
6.244999999999889,0.0,0.0,0.003181074592704613,0.0,0.03812704192371989,0.0,0.0,0.0,0.02940636971440942,0.0,-0.0003754543613515206,0.0
6.249999999999889,0.0,0.0,0.003325622158955401,0.0,0.03812540709010116,0.0,0.0,0.0,0.02841215570071019,0.0,-0.0002785744112872764,0.0
6.254999999999889,0.0,0.0,0.003464631545510389,0.0,0.038124294511664,0.0,0.0,0.0,0.02719136524232765,0.0,-0.0001665713428833181,0.0
6.259999999999889,0.0,0.0,0.003596985224246886,0.0,0.03812377570561694,0.0,0.0,0.0,0.02575014410465958,0.0,-4.108338031866389e-05,0.0
6.264999999999889,0.0,0.0,0.003721604576794481,0.0,0.03812391348643275,0.0,0.0,0.0,0.02409790743762494,0.0,9.604700178391078e-05,0.0
6.269999999999889,0.0,0.0,0.003837459119083716,0.0,0.03812476067426213,0.0,0.0,0.0,0.02224449065539621,0.0,0.0002426645083787923,0.0
6.274999999999888,0.0,0.0,0.003943579712200014,0.0,0.03812635926320738,0.0,0.0,0.0,0.02020459600780312,0.0,0.0003965946112697652,0.0
6.279999999999888,0.0,0.0,0.004039078619377042,0.0,0.0381287399660496,0.0,0.0,0.0,0.01799607656832702,0.0,0.0005554993702960149,0.0
6.284999999999888,0.0,0.0,0.004123163000086997,0.0,0.0381319215480761,0.0,0.0,0.0,0.01563903443472481,0.0,0.000716937862404445,0.0
6.289999999999888,0.0,0.0,0.004195146492174096,0.0,0.03813591055676992,0.0,0.0,0.0,0.01315595608001079,0.0,0.0008784640145113047,0.0
6.294999999999888,0.0,0.0,0.00425446023554284,0.0,0.03814070129507361,0.0,0.0,0.0,0.01057135237247969,0.0,0.001037626090954655,0.0
6.299999999999888,0.0,0.0,0.004300659876795244,0.0,0.03814627583073422,0.0,0.0,0.0,0.00791051356535678,0.0,0.001191981870891869,0.0
6.304999999999888,0.0,0.0,0.004333430844269496,0.0,0.0381526041558144,0.0,0.0,0.0,0.005200059602263075,0.0,0.001339143285585221,0.0
6.309999999999888,0.0,0.0,0.004352592291605106,0.0,0.03815964434389393,0.0,0.0,0.0,0.002466859608339375,0.0,0.001476731239141721,0.0
6.314999999999888,0.0,0.0,0.004358098097513056,0.0,0.0381673428622268,0.0,0.0,0.0,-0.0002620673688984147,0.0,0.001602482048478679,0.0
6.319999999999887,0.0,0.0,0.004350037531661001,0.0,0.03817563532293331,0.0,0.0,0.0,-0.002959585388901922,0.0,0.0017143171657092,0.0
6.324999999999887,0.0,0.0,0.004328634810002395,0.0,0.03818444753556726,0.0,0.0,0.0,-0.005598852870044252,0.0,0.001810393964121704,0.0
6.329999999999887,0.0,0.0,0.004294249681351943,0.0,0.0381936965483428,0.0,0.0,0.0,-0.008152499614208178,0.0,0.001889050352342276,0.0
6.334999999999887,0.0,0.0,0.004247383074369725,0.0,0.03820329064035544,0.0,0.0,0.0,-0.01059142625594185,0.0,0.001948440803647113,0.0
6.339999999999887,0.0,0.0,0.004188676446391724,0.0,0.03821312825936175,0.0,0.0,0.0,-0.01288852119601245,0.0,0.001986478692252967,0.0
6.344999999999887,0.0,0.0,0.004118899520053052,0.0,0.03822309796083644,0.0,0.0,0.0,-0.01501958959558256,0.0,0.002001293916068153,0.0
6.349999999999887,0.0,0.0,0.004038929374607362,0.0,0.03823308036654204,0.0,0.0,0.0,-0.01696587886039147,0.0,0.001991583082899147,0.0
6.354999999999887,0.0,0.0,0.003949726961874179,0.0,0.03824295206412551,0.0,0.0,0.0,-0.01871259283425105,0.0,0.001957035434473275,0.0
6.359999999999887,0.0,0.0,0.003852310353166823,0.0,0.0382525898281283,0.0,0.0,0.0,-0.02025167241999891,0.0,0.001898035603962104,0.0
6.364999999999887,0.0,0.0,0.003747729788236962,0.0,0.03826187395445274,0.0,0.0,0.0,-0.02157830617474742,0.0,0.001815606805033953,0.0
6.369999999999886,0.0,0.0,0.003637051352583711,0.0,0.03827069063922971,0.0,0.0,0.0,-0.02269096366947847,0.0,0.001711085459624972,0.0
6.374999999999886,0.0,0.0,0.003521343384974437,0.0,0.03827893363847614,0.0,0.0,0.0,-0.02359027307389055,0.0,0.001586158786758108,0.0
6.379999999999886,0.0,0.0,0.003401663358604951,0.0,0.03828650600071957,0.0,0.0,0.0,-0.02427994330549579,0.0,0.001442855396146658,0.0
6.384999999999886,0.0,0.0,0.003279049994359734,0.0,0.0382933209686016,0.0,0.0,0.0,-0.02476377554998536,0.0,0.001283225554592483,0.0
6.389999999999886,0.0,0.0,0.003154519906213312,0.0,0.03829930235964523,0.0,0.0,0.0,-0.02504680011808413,0.0,0.001109447297585249,0.0
6.394999999999886,0.0,0.0,0.003029063366777383,0.0,0.03830438451808903,0.0,0.0,0.0,-0.02513452434321311,0.0,0.000923553430352504,0.0
6.399999999999886,0.0,0.0,0.002903645434481686,0.0,0.0383085110326028,0.0,0.0,0.0,-0.02503152738754123,0.0,0.0007272093522881395,0.0
6.404999999999886,0.0,0.0,0.002779214017689199,0.0,0.03831163291260226,0.0,0.0,0.0,-0.02474008835992864,0.0,0.0005217176701692611,0.0
6.409999999999886,0.0,0.0,0.002657239997387146,0.0,0.03831384569714245,0.0,0.0,0.0,-0.02385618624411022,0.0,0.0004141542017056085,0.0
6.414999999999885,0.0,0.0,0.002544877651035117,0.0,0.03831674785350934,0.0,0.0,0.0,-0.02077890165593999,0.0,0.0008281261018346702,0.0
6.419999999999885,0.0,0.0,0.002443203067760334,0.0,0.03832035975638592,0.0,0.0,0.0,-0.01992613588971168,0.0,0.0006075255454752198,0.0
6.424999999999885,0.0,0.0,0.0023471120460368,0.0,0.03832310812421005,0.0,0.0,0.0,-0.01829985719787025,0.0,0.0005487280212810007,0.0
6.429999999999885,0.0,0.0,0.002258958975406362,0.0,0.03832540592885596,0.0,0.0,0.0,-0.01667666641048221,0.0,0.0004473904908246847,0.0
6.434999999999885,0.0,0.0,0.002178715037639363,0.0,0.03832705101570965,0.0,0.0,0.0,-0.01540803722222427,0.0,0.0002145303300744584,0.0
6.439999999999885,0.0,0.0,0.00210729155496539,0.0,0.0383281391616061,0.0,0.0,0.0,-0.01287928609882308,0.0,0.0002990780227427187,0.0
6.444999999999885,0.0,0.0,0.002050574369494807,0.0,0.0383301587611994,0.0,0.0,0.0,-0.01006017618153781,0.0,0.0004393817496468696,0.0
6.449999999999885,0.0,0.0,0.002004364623719793,0.0,0.0383318433026952,0.0,0.0,0.0,-0.008471459969439802,0.0,0.0002217320150265628,0.0
6.454999999999885,0.0,0.0,0.001967469174008331,0.0,0.03833280077026299,0.0,0.0,0.0,-0.006288725810571967,0.0,0.0001612243063258568,0.0
6.459999999999885,0.0,0.0,0.00194028302360137,0.0,0.038333103069957,0.0,0.0,0.0,-0.00461539281067966,0.0,-4.812881422937538e-05,0.0
6.464999999999884,0.0,0.0,0.001921380229794166,0.0,0.03833234123744352,0.0,0.0,0.0,-0.002929401213357248,0.0,-0.0002512498516713524,0.0
6.469999999999884,0.0,0.0,0.001913663525622064,0.0,0.03833138754228729,0.0,0.0,0.0,-0.0001603268852116144,0.0,-0.0001304809043882803,0.0
6.474999999999884,0.0,0.0,0.001917071798501141,0.0,0.03833028959195216,0.0,0.0,0.0,0.001504320240041527,0.0,-0.0003136471770829835,0.0
6.479999999999884,0.0,0.0,0.001928620801672933,0.0,0.03832828162910087,0.0,0.0,0.0,0.003113650701342062,0.0,-0.0004893462193886266,0.0
6.484999999999884,0.0,0.0,0.001948952140696889,0.0,0.03832569022212096,0.0,0.0,0.0,0.005257442172871974,0.0,-0.0004756610666031929,0.0
6.489999999999884,0.0,0.0,0.00197892572635547,0.0,0.03832294022952544,0.0,0.0,0.0,0.006730312229493804,0.0,-0.0006241651800717167,0.0
6.494999999999884,0.0,0.0,0.002016026447551597,0.0,0.03831948643978945,0.0,0.0,0.0,0.008127647920807996,0.0,-0.0007513130594490736,0.0
6.499999999999884,0.0,0.0,0.002062973065509305,0.0,0.03831639331663874,0.0,0.0,0.0,0.01064758107224579,0.0,-0.000486343615635702,0.0
6.504999999999884,0.0,0.0,0.002119126434737831,0.0,0.03831373580404158,0.0,0.0,0.0,0.01179281163426079,0.0,-0.0005824193308213317,0.0
6.509999999999883,0.0,0.0,0.002180543809491599,0.0,0.0383106139184844,0.0,0.0,0.0,0.01277261116087242,0.0,-0.0006662276390733146,0.0
6.514999999999883,0.0,0.0,0.002246457212272745,0.0,0.03830712101456502,0.0,0.0,0.0,0.01359133738065252,0.0,-0.0007308425412238733,0.0
6.519999999999883,0.0,0.0,0.002316022982200104,0.0,0.038303354611491,0.0,0.0,0.0,0.01423369449425019,0.0,-0.0007756446615349799,0.0
6.524999999999883,0.0,0.0,0.002388323267335682,0.0,0.03829941460969017,0.0,0.0,0.0,0.01468530152659276,0.0,-0.0008003006678988667,0.0
6.529999999999883,0.0,0.0,0.002462372793075721,0.0,0.03829540187486482,0.0,0.0,0.0,0.01493356977649941,0.0,-0.0008047574338537316,0.0
6.534999999999883,0.0,0.0,0.002537126833732407,0.0,0.03829141681847383,0.0,0.0,0.0,0.01496730561884499,0.0,-0.0007892494810870603,0.0
6.539999999999883,0.0,0.0,0.002611487937597393,0.0,0.03828755784216926,0.0,0.0,0.0,0.01477661365472339,0.0,-0.0007543458041099979,0.0
6.544999999999883,0.0,0.0,0.002684328419789508,0.0,0.0382839204364303,0.0,0.0,0.0,0.01435928778548189,0.0,-0.0007006418092599961,0.0
6.549999999999883,0.0,0.0,0.002754512892467886,0.0,0.03828059639025713,0.0,0.0,0.0,0.01371445122018695,0.0,-0.0006290223767970011,0.0
6.554999999999882,0.0,0.0,0.002820906311780023,0.0,0.03827767248813026,0.0,0.0,0.0,0.01284311683879785,0.0,-0.0005406041368862034,0.0
6.559999999999882,0.0,0.0,0.002882386381065838,0.0,0.0382752293608589,0.0,0.0,0.0,0.01174936743302301,0.0,-0.0004367316685910672,0.0
6.564999999999882,0.0,0.0,0.00293785460285114,0.0,0.03827334015438814,0.0,0.0,0.0,0.0104386387299337,0.0,-0.000319053966307913,0.0
6.569999999999882,0.0,0.0,0.002986249527870522,0.0,0.03827206933489516,0.0,0.0,0.0,0.008920310238164156,0.0,-0.0001893937134143796,0.0
6.574999999999882,0.0,0.0,0.003026557545644122,0.0,0.03827147147524389,0.0,0.0,0.0,0.007204137056916996,0.0,-4.988518628581746e-05,0.0
6.579999999999882,0.0,0.0,0.003057824963137919,0.0,0.03827159037021396,0.0,0.0,0.0,0.005304327493244007,0.0,9.72948120838112e-05,0.0
6.584999999999882,0.0,0.0,0.00307917754112436,0.0,0.03827245853389488,0.0,0.0,0.0,0.003238450389560261,0.0,0.0002498110142707069,0.0
6.589999999999882,0.0,0.0,0.003089834644003736,0.0,0.03827409653563876,0.0,0.0,0.0,0.001026375360435217,0.0,0.0004052209727664326,0.0
6.594999999999882,0.0,0.0,0.003089120897649586,0.0,0.03827651269069408,0.0,0.0,0.0,-0.001309665731099616,0.0,0.0005610655714695931,0.0
6.599999999999882,0.0,0.0,0.00307647738228519,0.0,0.03827970301328569,0.0,0.0,0.0,-0.003745326007081832,0.0,0.0007148836071861441,0.0
6.604999999999881,0.0,0.0,0.003051468896171852,0.0,0.03828365124210303,0.0,0.0,0.0,-0.006255466847095928,0.0,0.0008642261230636426,0.0
6.609999999999881,0.0,0.0,0.003013789381976661,0.0,0.03828832897636157,0.0,0.0,0.0,-0.008813571485154171,0.0,0.001006686323667655,0.0
6.614999999999881,0.0,0.0,0.002963266229309973,0.0,0.03829369585475647,0.0,0.0,0.0,-0.01139277923242689,0.0,0.001139886931979061,0.0
6.619999999999881,0.0,0.0,0.002899861295268529,0.0,0.03829969985288416,0.0,0.0,0.0,-0.01396616508592153,0.0,0.001261539905109285,0.0
6.624999999999881,0.0,0.0,0.002823671490791355,0.0,0.03830627794952747,0.0,0.0,0.0,-0.01650663395743424,0.0,0.001369534469509989,0.0
6.629999999999881,0.0,0.0,0.002734928480901227,0.0,0.0383133571643733,0.0,0.0,0.0,-0.01898738016943944,0.0,0.001461997576008945,0.0
6.634999999999881,0.0,0.0,0.002633998967987597,0.0,0.03832085560457994,0.0,0.0,0.0,-0.02138119464572517,0.0,0.001537237152763277,0.0
6.639999999999881,0.0,0.0,0.002521390926283383,0.0,0.03832868252762228,0.0,0.0,0.0,-0.02365878251915594,0.0,0.001593405268454646,0.0
6.644999999999881,0.0,0.0,0.002397753438278667,0.0,0.03833673730015104,0.0,0.0,0.0,-0.02579299357261076,0.0,0.001628394202237908,0.0
6.64999999999988,0.0,0.0,0.002263864546480406,0.0,0.03834490928631867,0.0,0.0,0.0,-0.02775939498723521,0.0,0.001640310882495707,0.0
6.65499999999988,0.0,0.0,0.00212061079837464,0.0,0.03835307976073524,0.0,0.0,0.0,-0.02953901389550709,0.0,0.001627812351780464,0.0
6.65999999999988,0.0,0.0,0.001968963307500773,0.0,0.03836112583836326,0.0,0.0,0.0,-0.0311169975728515,0.0,0.001590577247341732,0.0
6.66499999999988,0.0,0.0,0.001809950785953842,0.0,0.03836892474385312,0.0,0.0,0.0,-0.03248515130745339,0.0,0.001528969861543158,0.0
6.66999999999988,0.0,0.0,0.001644634472866807,0.0,0.03837635713778812,0.0,0.0,0.0,-0.03363865564382339,0.0,0.001443999556847232,0.0
6.67499999999988,0.0,0.0,0.001474091551793298,0.0,0.03838330954199536,0.0,0.0,0.0,-0.03457594838313942,0.0,0.001337000959821307,0.0
6.67999999999988,0.0,0.0,0.001299401398465567,0.0,0.03838967603507654,0.0,0.0,0.0,-0.03529771500504612,0.0,0.001209661950878173,0.0
6.68499999999988,0.0,0.0,0.001121632454244419,0.0,0.03839535998279191,0.0,0.0,0.0,-0.0358076361403769,0.0,0.001064008609530589,0.0
6.68999999999988,0.0,0.0,0.0009418352838664264,0.0,0.03840027486780984,0.0,0.0,0.0,-0.03610917960650809,0.0,0.0009020613553280298,0.0
6.694999999999879,0.0,0.0,0.0007610391413419022,0.0,0.03840434468686161,0.0,0.0,0.0,-0.03620740353920815,0.0,0.0007260053650471779,0.0
6.699999999999879,0.0,0.0,0.0005802471731198006,0.0,0.0384075039517873,0.0,0.0,0.0,-0.03610768921794489,0.0,0.000537860994425666,0.0
6.704999999999879,0.0,0.0,0.0004004379567455042,0.0,0.03840969635584709,0.0,0.0,0.0,-0.0358144836299723,0.0,0.0003392809805887164,0.0
6.709999999999879,0.0,0.0,0.0002225744485055356,0.0,0.03841087286068352,0.0,0.0,0.0,-0.03532958569741361,0.0,0.0001315194870703347,0.0
6.714999999999879,0.0,0.0,4.857230171543582e-05,0.0,0.03841124152541199,0.0,0.0,0.0,-0.03408768997431496,0.0,6.407159576703589e-05,0.0
6.719999999999879,0.0,0.0,-0.0001145862437469324,0.0,0.0384123515516618,0.0,0.0,0.0,-0.03086319657670568,0.0,0.0004619911141947894,0.0
6.724999999999879,0.0,0.0,-0.0002641945471589021,0.0,0.03841464750673117,0.0,0.0,0.0,-0.02941287359711398,0.0,0.0003428162828104471,0.0
6.729999999999879,0.0,0.0,-0.0004073177578471705,0.0,0.03841603652648092,0.0,0.0,0.0,-0.02783665678763768,0.0,0.0002128578925857424,0.0
6.734999999999879,0.0,0.0,-0.0005429228152052829,0.0,0.0384165715155125,0.0,0.0,0.0,-0.02607133658748368,0.0,9.136714423626214e-05,0.0
6.739999999999879,0.0,0.0,-0.0006696143429340292,0.0,0.03841643021007202,0.0,0.0,0.0,-0.02460536711623428,0.0,-0.0001476468777483856,0.0
6.744999999999878,0.0,0.0,-0.0007870218438938225,0.0,0.03841555461439045,0.0,0.0,0.0,-0.02209111009252871,0.0,-0.0001285937231064182,0.0
6.749999999999878,0.0,0.0,-0.0008894881034493114,0.0,0.03841536596390321,0.0,0.0,0.0,-0.01911993603611178,0.0,-8.547581028667004e-06,0.0
6.754999999999878,0.0,0.0,-0.0009804515061827151,0.0,0.03841480394982782,0.0,0.0,0.0,-0.01730054407996434,0.0,-0.0002254500424289262,0.0
6.759999999999878,0.0,0.0,-0.001061039355339847,0.0,0.03841349036857324,0.0,0.0,0.0,-0.01469324664705646,0.0,-0.0002311096823006724,0.0
6.764999999999878,0.0,0.0,-0.001129182670392118,0.0,0.03841196736413091,0.0,0.0,0.0,-0.01269337615764617,0.0,-0.0004141903127894979,0.0
6.769999999999878,0.0,0.0,-0.001187901555905194,0.0,0.03840937034522651,0.0,0.0,0.0,-0.01077893985259135,0.0,-0.000619617561907185,0.0
6.774999999999878,0.0,0.0,-0.001234479494439037,0.0,0.03840651370627866,0.0,0.0,0.0,-0.007811017268466038,0.0,-0.0005104782015884616,0.0
6.779999999999878,0.0,0.0,-0.001268522084958888,0.0,0.03840357361457799,0.0,0.0,0.0,-0.005867974771511747,0.0,-0.0006829140400041197,0.0
6.784999999999878,0.0,0.0,-0.001293239167656396,0.0,0.03839971530867053,0.0,0.0,0.0,-0.004004104658284729,0.0,-0.0008553764145228394,0.0
6.789999999999877,0.0,0.0,-0.001307118133576718,0.0,0.03839552072469476,0.0,0.0,0.0,-0.001549952825651112,0.0,-0.0008225443234935743,0.0
6.794999999999877,0.0,0.0,-0.001310574379156332,0.0,0.03839103252764972,0.0,0.0,0.0,0.0001659161637072133,0.0,-0.0009725410532317827,0.0
6.799999999999877,0.0,0.0,-0.001305682529385632,0.0,0.03838583338281883,0.0,0.0,0.0,0.001806488406659423,0.0,-0.001101705494192394,0.0
6.804999999999877,0.0,0.0,-0.001289912275043096,0.0,0.03838092753860301,0.0,0.0,0.0,0.004498413180486785,0.0,-0.0008609846352189719,0.0
6.809999999999877,0.0,0.0,-0.00126362775209304,0.0,0.03837647089595368,0.0,0.0,0.0,0.005944045696725683,0.0,-0.000942761602450807,0.0
6.814999999999877,0.0,0.0,-0.00123082684374058,0.0,0.03837154462135339,0.0,0.0,0.0,0.007174874492659408,0.0,-0.001027618715693152,0.0
6.819999999999877,0.0,0.0,-0.001192271103853513,0.0,0.03836624235041439,0.0,0.0,0.0,0.008246077958502908,0.0,-0.001093176224548529,0.0
6.824999999999877,0.0,0.0,-0.001148797465428775,0.0,0.03836066219751982,0.0,0.0,0.0,0.00914215591214911,0.0,-0.001138789132243356,0.0
6.829999999999877,0.0,0.0,-0.001101317525071357,0.0,0.03835490482348539,0.0,0.0,0.0,0.009848742334390698,0.0,-0.001164083605822709,0.0
6.834999999999877,0.0,0.0,-0.001050810771922476,0.0,0.03834907197150853,0.0,0.0,0.0,0.01035304559277347,0.0,-0.001169000187242852,0.0
6.839999999999876,0.0,0.0,-0.00099831654990989,0.0,0.03834326498306656,0.0,0.0,0.0,0.01064391370842121,0.0,-0.001153758722179364,0.0
6.844999999999876,0.0,0.0,-0.0009449292420115102,0.0,0.03833758322700413,0.0,0.0,0.0,0.01071048484026489,0.0,-0.0011189280177487,0.0
6.849999999999876,0.0,0.0,-0.0008917770721869208,0.0,0.03833212313749683,0.0,0.0,0.0,0.01055007592522295,0.0,-0.001065113048780334,0.0
6.854999999999876,0.0,0.0,-0.0008399974711951297,0.0,0.03832697744731133,0.0,0.0,0.0,0.01016168559937835,0.0,-0.0009931891080962089,0.0
6.859999999999876,0.0,0.0,-0.0007907284960965136,0.0,0.03832223391102094,0.0,0.0,0.0,0.009546063081190092,0.0,-0.0009042718868560692,0.0
6.864999999999876,0.0,0.0,-0.0007450966196309076,0.0,0.03831797415173448,0.0,0.0,0.0,0.008707089809778806,0.0,-0.0007996980047352608,0.0
6.869999999999876,0.0,0.0,-0.0007042055794124115,0.0,0.03831427233939227,0.0,0.0,0.0,0.007649978720433946,0.0,-0.0006811119698536162,0.0
6.874999999999876,0.0,0.0,-0.0006691233063822278,0.0,0.03831119395533791,0.0,0.0,0.0,0.00638383084424612,0.0,-0.0005503437894902656,0.0
6.879999999999876,0.0,0.0,-0.0006408699698016846,0.0,0.03830879465528298,0.0,0.0,0.0,0.004918653313965932,0.0,-0.0004094940586372417,0.0
6.884999999999875,0.0,0.0,-0.000620407703370224,0.0,0.03830711927936412,0.0,0.0,0.0,0.00326764885804431,0.0,-0.0002607879573214274,0.0
6.889999999999875,0.0,0.0,-0.0006086222782070771,0.0,0.03830620126736805,0.0,0.0,0.0,0.001448154916485855,0.0,-0.0001065602848231021,0.0
6.894999999999875,0.0,0.0,-0.0006063071092502033,0.0,0.03830606208905438,0.0,0.0,0.0,-0.0005202263842426294,0.0,5.073594379226147e-05,0.0
6.899999999999875,0.0,0.0,-0.0006141519590779087,0.0,0.03830671085897319,0.0,0.0,0.0,-0.002615639209317335,0.0,0.0002086117733215458,0.0
6.904999999999875,0.0,0.0,-0.0006327314279191336,0.0,0.03830814428447007,0.0,0.0,0.0,-0.004813877651260823,0.0,0.0003645933392838502,0.0
6.909999999999875,0.0,0.0,-0.0006624970830241929,0.0,0.03831034671215711,0.0,0.0,0.0,-0.007089936119926248,0.0,0.0005162102880549893,0.0
6.914999999999875,0.0,0.0,-0.0007037720449262263,0.0,0.03831329024414111,0.0,0.0,0.0,-0.009417443857075644,0.0,0.0006610352083663522,0.0
6.919999999999875,0.0,0.0,-0.0007567462009263925,0.0,0.03831693489161638,0.0,0.0,0.0,-0.01176947992681343,0.0,0.0007966592713726392,0.0
6.924999999999875,0.0,0.0,-0.0008214748923917351,0.0,0.03832122890047314,0.0,0.0,0.0,-0.01411914799992446,0.0,0.0009207851136535826,0.0
6.929999999999874,0.0,0.0,-0.0008978783078435749,0.0,0.03832610946697856,0.0,0.0,0.0,-0.01643928608947653,0.0,0.001031290314878542,0.0
6.934999999999874,0.0,0.0,-0.0009857414615699414,0.0,0.03833150379409948,0.0,0.0,0.0,-0.01870298347879311,0.0,0.00112629938747968,0.0
6.939999999999874,0.0,0.0,-0.001084713826547163,0.0,0.03833733017217961,0.0,0.0,0.0,-0.02088293844118059,0.0,0.001204123077007238,0.0
6.944999999999874,0.0,0.0,-0.001194302830812627,0.0,0.03834349810548069,0.0,0.0,0.0,-0.02294963915303676,0.0,0.001262935866992232,0.0
6.949999999999874,0.0,0.0,-0.0013138735850822,0.0,0.03834990734827518,0.0,0.0,0.0,-0.02487566685535037,0.0,0.00130066413953692,0.0
6.954999999999874,0.0,0.0,-0.001442660395635404,0.0,0.03835644791146132,0.0,0.0,0.0,-0.02663612113067038,0.0,0.001315484098955742,0.0
6.959999999999874,0.0,0.0,-0.001579787501038015,0.0,0.03836300181397749,0.0,0.0,0.0,-0.02821187153117494,0.0,0.001306022678969091,0.0
6.964999999999874,0.0,0.0,-0.001724294533349443,0.0,0.03836944684653878,0.0,0.0,0.0,-0.0295882055137551,0.0,0.001271961051882664,0.0
6.969999999999874,0.0,0.0,-0.001875163452796658,0.0,0.03837566085973492,0.0,0.0,0.0,-0.03075675949407252,0.0,0.001213641129588367,0.0
6.974999999999874,0.0,0.0,-0.002031343296007021,0.0,0.03838152506327314,0.0,0.0,0.0,-0.03171272421725649,0.0,0.001132063925485931,0.0
6.979999999999873,0.0,0.0,-0.002191767263769546,0.0,0.03838692649229429,0.0,0.0,0.0,-0.03245457082982474,0.0,0.001028558093045382,0.0
6.984999999999873,0.0,0.0,-0.002355366928046558,0.0,0.03839175975216365,0.0,0.0,0.0,-0.03298317838601329,0.0,0.0009048230250476788,0.0
6.989999999999873,0.0,0.0,-0.002521084384075904,0.0,0.03839592866744147,0.0,0.0,0.0,-0.03330186328427386,0.0,0.0007628454653808996,0.0
6.994999999999873,0.0,0.0,-0.002687877939614471,0.0,0.03839934700761284,0.0,0.0,0.0,-0.03341379964223843,0.0,0.0006046172048121081,0.0
6.999999999999873,0.0,0.0,-0.002854726541516281,0.0,0.03840193897027489,0.0,0.0,0.0,-0.03332406784561413,0.0,0.0004323173226085547,0.0
