time,surge,sway,heave,roll,pitch,yaw,surge_rate,sway_rate,heave_rate,roll_rate,pitch_rate,yaw_rate
0.0025,0.0,0.0,1.568605746600724e-06,0.0,1.341725341939658e-06,0.0,0.0,0.0,0.00156282233756618,0.0,0.001172949578805889,0.0
0.005,0.0,0.0,7.811810984100984e-06,0.0,5.862033349159948e-06,0.0,0.0,0.0,0.003431567649219255,0.0,0.0024428007138685,0.0
0.0075,0.0,0.0,1.87278607244401e-05,0.0,1.355367841179755e-05,0.0,0.0,0.0,0.005301752835938615,0.0,0.003710140033496297,0.0
0.01,0.0,0.0,3.432510516451143e-05,0.0,2.441124643204358e-05,0.0,0.0,0.0,0.007177115091408118,0.0,0.004975642752841569,0.0
0.0125,0.0,0.0,5.4643729434511e-05,0.0,3.842701251339467e-05,0.0,0.0,0.0,0.009108271191069816,0.0,0.006232435473101509,0.0
0.015,0.0,0.0,8.03059526811111e-05,0.0,5.552002847544756e-05,0.0,0.0,0.0,0.01151010118673198,0.0,0.007431345424172242,0.0
0.0175,0.0,0.0,0.0001124845144504254,0.0,7.555831462395067e-05,0.0,0.0,0.0,0.0142649753310369,0.0,0.00860599565489515,0.0
0.02,0.0,0.0,0.000151540992375458,0.0,9.863163132436912e-05,0.0,0.0,0.0,0.01704918486412677,0.0,0.009868088775978593,0.0
0.0225,0.0,0.0,0.0001983263001866806,0.0,0.0001248955553834256,0.0,0.0,0.0,0.02043293908706139,0.0,0.01114658271985436,0.0
0.025,0.0,0.0,0.0002536356045359689,0.0,0.0001544111302882837,0.0,0.0,0.0,0.02384740759270943,0.0,0.01246527733983862,0.0
0.0275,0.0,0.0,0.000317648478485852,0.0,0.0001872594904595693,0.0,0.0,0.0,0.02739032516783378,0.0,0.0138137987064808,0.0
0.03,0.0,0.0,0.0003903678598203264,0.0,0.0002234866306884471,0.0,0.0,0.0,0.03075018398651318,0.0,0.01516745818925873,0.0
0.03249999999999999,0.0,0.0,0.0004715339107613632,0.0,0.0002630642853901488,0.0,0.0,0.0,0.03423761746126597,0.0,0.01647988658867411,0.0
0.035,0.0,0.0,0.0005616459540465686,0.0,0.0003058543307588921,0.0,0.0,0.0,0.03775189418809025,0.0,0.01774498021335648,0.0
0.0375,0.0,0.0,0.0006603489951825241,0.0,0.0003518328580104613,0.0,0.0,0.0,0.04120864598879809,0.0,0.01903561041449548,0.0
0.04,0.0,0.0,0.0007673824612746365,0.0,0.0004009959813092554,0.0,0.0,0.0,0.04443750483069525,0.0,0.02028596404407077,0.0
0.0425,0.0,0.0,0.0008826330402491717,0.0,0.0004532451679649989,0.0,0.0,0.0,0.0477615408146714,0.0,0.02152375957245851,0.0
0.04500000000000001,0.0,0.0,0.001006047156022649,0.0,0.0005086365995148444,0.0,0.0,0.0,0.05097284498286609,0.0,0.02278626051075066,0.0
0.04750000000000001,0.0,0.0,0.001137697289857089,0.0,0.0005671455867801906,0.0,0.0,0.0,0.0543569437262877,0.0,0.02401730186375058,0.0
0.05000000000000001,0.0,0.0,0.001277640078294236,0.0,0.0006287033361937806,0.0,0.0,0.0,0.0576259367342475,0.0,0.0252230666156754,0.0
0.05250000000000001,0.0,0.0,0.001425603726579925,0.0,0.0006932837901151848,0.0,0.0,0.0,0.0606717248161234,0.0,0.02643437618189023,0.0
0.05500000000000001,0.0,0.0,0.001581100829536711,0.0,0.0007608539509836143,0.0,0.0,0.0,0.06374682611870619,0.0,0.02761474687787796,0.0
0.05750000000000002,0.0,0.0,0.001744179826549237,0.0,0.000831379293961401,0.0,0.0,0.0,0.06662879645628406,0.0,0.02880977061383996,0.0
0.06000000000000002,0.0,0.0,0.001914622522124903,0.0,0.000904888341621854,0.0,0.0,0.0,0.0697645156267983,0.0,0.02999308874540161,0.0
0.06250000000000001,0.0,0.0,0.002092509680733763,0.0,0.000981246742663208,0.0,0.0,0.0,0.07255622058837319,0.0,0.03109836793053005,0.0
0.06500000000000002,0.0,0.0,0.002277283544923094,0.0,0.001060362956914047,0.0,0.0,0.0,0.07526747633656805,0.0,0.03218437595082772,0.0
0.06750000000000002,0.0,0.0,0.002468843384057893,0.0,0.001142186460514528,0.0,0.0,0.0,0.07800698130338274,0.0,0.03326658221559044,0.0
0.07000000000000002,0.0,0.0,0.002666831121287116,0.0,0.00122666075658607,0.0,0.0,0.0,0.08027960348630905,0.0,0.03430972107098562,0.0
0.07250000000000002,0.0,0.0,0.002869989053487446,0.0,0.001313740967735752,0.0,0.0,0.0,0.08229019892594251,0.0,0.03534708071749361,0.0
0.07500000000000002,0.0,0.0,0.003078535976607172,0.0,0.001403341510901102,0.0,0.0,0.0,0.08452846193378248,0.0,0.03633261607122597,0.0
0.07750000000000003,0.0,0.0,0.003292486373151629,0.0,0.001495411173312179,0.0,0.0,0.0,0.08656430802143077,0.0,0.03732835645370395,0.0
0.08000000000000003,0.0,0.0,0.003511535275898323,0.0,0.001589956090290641,0.0,0.0,0.0,0.08871965112390606,0.0,0.03830181299300909,0.0
0.08250000000000003,0.0,0.0,0.003735874458165664,0.0,0.001686933067114356,0.0,0.0,0.0,0.09077723600519452,0.0,0.03927462150889265,0.0
0.08500000000000003,0.0,0.0,0.003965316654345365,0.0,0.001786327956217616,0.0,0.0,0.0,0.09272682922968832,0.0,0.04024537627585219,0.0
0.08750000000000004,0.0,0.0,0.004199374094005167,0.0,0.001888161567505345,0.0,0.0,0.0,0.09452043722078748,0.0,0.04121985571850235,0.0
0.09000000000000004,0.0,0.0,0.004437904190645797,0.0,0.001992422380142763,0.0,0.0,0.0,0.09631875330413052,0.0,0.0421852088213196,0.0
0.09250000000000004,0.0,0.0,0.004681109823175231,0.0,0.002099062674314283,0.0,0.0,0.0,0.09824802811172371,0.0,0.04312463995934947,0.0
0.09500000000000004,0.0,0.0,0.004929043431995848,0.0,0.002208042157120304,0.0,0.0,0.0,0.1000807802583842,0.0,0.04405825894653988,0.0
0.09750000000000004,0.0,0.0,0.005181508584603841,0.0,0.002319344989529238,0.0,0.0,0.0,0.1018771233302052,0.0,0.04498333240983744,0.0
0.1,0.0,0.0,0.005438424437737321,0.0,0.002432946659014221,0.0,0.0,0.0,0.1036577327480268,0.0,0.04589594646785276,0.0
0.1025,0.0,0.0,0.005699445625234729,0.0,0.002548864894451858,0.0,0.0,0.0,0.1051315296466835,0.0,0.04683980894613103,0.0
0.1050000000000001,0.0,0.0,0.005964239917491248,0.0,0.002667112473116336,0.0,0.0,0.0,0.1067405019768098,0.0,0.04775211348454569,0.0
0.1075000000000001,0.0,0.0,0.006233071861868389,0.0,0.002787623342906242,0.0,0.0,0.0,0.1082586383150551,0.0,0.04866205603135328,0.0
0.1100000000000001,0.0,0.0,0.006505585841109976,0.0,0.002910403275896541,0.0,0.0,0.0,0.1097103372800181,0.0,0.04956509363780889,0.0
0.1125000000000001,0.0,0.0,0.006781403594995449,0.0,0.003035468406446538,0.0,0.0,0.0,0.1109353021784983,0.0,0.05048564027027091,0.0
0.1150000000000001,0.0,0.0,0.007060372449768263,0.0,0.003162802966132059,0.0,0.0,0.0,0.1122632614996108,0.0,0.05137678502878896,0.0
0.1175000000000001,0.0,0.0,0.007342690876031124,0.0,0.003292347320616717,0.0,0.0,0.0,0.113605188135846,0.0,0.05225472806226717,0.0
0.1200000000000001,0.0,0.0,0.007628175652958558,0.0,0.003424092795731205,0.0,0.0,0.0,0.1147701690007585,0.0,0.05314117889067924,0.0
0.1225000000000001,0.0,0.0,0.00791663259644064,0.0,0.00355802955970849,0.0,0.0,0.0,0.1160105104035141,0.0,0.05400402023311066,0.0
0.1250000000000001,0.0,0.0,0.008208283568830476,0.0,0.003694091772691587,0.0,0.0,0.0,0.1172839751968603,0.0,0.05484675568706284,0.0
0.1275000000000001,0.0,0.0,0.008502953110358641,0.0,0.003832263445088243,0.0,0.0,0.0,0.1184487587119672,0.0,0.05568860299659836,0.0
0.1300000000000001,0.0,0.0,0.008800425893849304,0.0,0.003972536322746354,0.0,0.0,0.0,0.1195136631994609,0.0,0.05652927759741191,0.0
0.1325000000000001,0.0,0.0,0.009100527860683293,0.0,0.00411489734617667,0.0,0.0,0.0,0.1205483460887085,0.0,0.05735994797945884,0.0
0.1350000000000001,0.0,0.0,0.009403127122518376,0.0,0.004259329888998587,0.0,0.0,0.0,0.1215373209974433,0.0,0.05818274299136949,0.0
0.1375000000000001,0.0,0.0,0.009708134585238606,0.0,0.004405812303255662,0.0,0.0,0.0,0.1224688737217956,0.0,0.05900060252112608,0.0
0.1400000000000001,0.0,0.0,0.01001536304037,0.0,0.004554335315935796,0.0,0.0,0.0,0.1232642741789575,0.0,0.05982254936075706,0.0
0.1425000000000001,0.0,0.0,0.01032455124231414,0.0,0.004704899078668064,0.0,0.0,0.0,0.1241229421960029,0.0,0.0606209030370264,0.0
0.1450000000000001,0.0,0.0,0.01063590063635842,0.0,0.004857438683808762,0.0,0.0,0.0,0.1249447597769753,0.0,0.06140984034573616,0.0
0.1475000000000001,0.0,0.0,0.0109494266258322,0.0,0.005011914687122254,0.0,0.0,0.0,0.1258983861317082,0.0,0.0621653086964438,0.0
0.1500000000000001,0.0,0.0,0.01126527712131487,0.0,0.005168268968735713,0.0,0.0,0.0,0.1267571925638747,0.0,0.0629192420420884,0.0
0.1525000000000001,0.0,0.0,0.01158310277312063,0.0,0.005326514591682055,0.0,0.0,0.0,0.1275148459577221,0.0,0.06367302011312415,0.0
0.1550000000000001,0.0,0.0,0.01190302691384136,0.0,0.005486594667470984,0.0,0.0,0.0,0.1284024558095163,0.0,0.0643918341021812,0.0
0.1575000000000001,0.0,0.0,0.01222489427292967,0.0,0.005648493679290805,0.0,0.0,0.0,0.1291141230374966,0.0,0.06512182450564435,0.0
0.1600000000000001,0.0,0.0,0.01254867918064216,0.0,0.005812181740237128,0.0,0.0,0.0,0.1299450774509258,0.0,0.06582245377167847,0.0
0.1625000000000001,0.0,0.0,0.01287463018933368,0.0,0.005977590242923214,0.0,0.0,0.0,0.1308257932983239,0.0,0.06650064892141982,0.0
0.1650000000000001,0.0,0.0,0.01320273432150953,0.0,0.006144682748378236,0.0,0.0,0.0,0.1316930824089444,0.0,0.06716594455173619,0.0
0.1675000000000001,0.0,0.0,0.01353307470660445,0.0,0.006313410397136461,0.0,0.0,0.0,0.1325518907680838,0.0,0.06781730177885874,0.0
0.1700000000000001,0.0,0.0,0.01386537002756321,0.0,0.006483770815965287,0.0,0.0,0.0,0.1332915324134618,0.0,0.06846726814376328,0.0
0.1725000000000001,0.0,0.0,0.01419946457986521,0.0,0.006655742828316563,0.0,0.0,0.0,0.1340187667479845,0.0,0.06910410771292722,0.0
0.1750000000000001,0.0,0.0,0.01453574206142542,0.0,0.006829244897786892,0.0,0.0,0.0,0.1350307838273526,0.0,0.06969224539044534,0.0
0.1775000000000001,0.0,0.0,0.01487458172608265,0.0,0.007004197530261101,0.0,0.0,0.0,0.1359910160747602,0.0,0.07027295366228431,0.0
0.1800000000000001,0.0,0.0,0.01521587261400083,0.0,0.007180574734374881,0.0,0.0,0.0,0.1370993375377427,0.0,0.07081937682224433,0.0
0.1825000000000001,0.0,0.0,0.01555980088693714,0.0,0.007358313183274929,0.0,0.0,0.0,0.1380623047400485,0.0,0.0713662817986278,0.0
0.1850000000000001,0.0,0.0,0.01590633211244348,0.0,0.007537375523287347,0.0,0.0,0.0,0.1391110063350502,0.0,0.07188792360113315,0.0
0.1875000000000001,0.0,0.0,0.0162551712725836,0.0,0.007717765212123123,0.0,0.0,0.0,0.1399654297134966,0.0,0.07242060957166087,0.0
0.1900000000000001,0.0,0.0,0.01660639282217489,0.0,0.007899437364246593,0.0,0.0,0.0,0.1409936615452898,0.0,0.07291658503894227,0.0
0.1925000000000001,0.0,0.0,0.01696010072327339,0.0,0.008082338873915613,0.0,0.0,0.0,0.1419955006479001,0.0,0.07339956088282015,0.0
0.1950000000000001,0.0,0.0,0.01731601482891547,0.0,0.008266470691548367,0.0,0.0,0.0,0.142753298020998,0.0,0.07390193095147196,0.0
0.1975000000000001,0.0,0.0,0.01767403283986409,0.0,0.00845180485927479,0.0,0.0,0.0,0.1436990956895099,0.0,0.07435829853476351,0.0
0.2000000000000001,0.0,0.0,0.0180344078961212,0.0,0.008638267871971753,0.0,0.0,0.0,0.1445601589315197,0.0,0.07481535052920187,0.0
0.2025000000000001,0.0,0.0,0.01839699318057352,0.0,0.008825851117451596,0.0,0.0,0.0,0.1455255760182384,0.0,0.07524672150122778,0.0
0.2050000000000001,0.0,0.0,0.01876194180193529,0.0,0.009014497771696826,0.0,0.0,0.0,0.1464704188622294,0.0,0.07566406208424792,0.0
0.2075000000000001,0.0,0.0,0.01912901445658951,0.0,0.009204200621713048,0.0,0.0,0.0,0.1471733625801084,0.0,0.07609753747365473,0.0
0.2100000000000001,0.0,0.0,0.01949795235658279,0.0,0.009394951498304964,0.0,0.0,0.0,0.1479543734754153,0.0,0.07650348914160257,0.0
0.2125000000000001,0.0,0.0,0.01986892388424574,0.0,0.009586690613465178,0.0,0.0,0.0,0.1488778648878343,0.0,0.07687862633005679,0.0
0.2150000000000001,0.0,0.0,0.0202422090334281,0.0,0.009779342698121534,0.0,0.0,0.0,0.1497683914618042,0.0,0.077239421686799,0.0
0.2175000000000001,0.0,0.0,0.02061778334444108,0.0,0.009972875342095558,0.0,0.0,0.0,0.1506609553663372,0.0,0.07758759512106615,0.0
0.2200000000000001,0.0,0.0,0.02099529837202482,0.0,0.01016729694258801,0.0,0.0,0.0,0.151313752914117,0.0,0.07795250918773546,0.0
0.2225000000000001,0.0,0.0,0.02137426079016564,0.0,0.01036263521888637,0.0,0.0,0.0,0.15188931761892,0.0,0.07831104294187997,0.0
0.2250000000000001,0.0,0.0,0.02175461897554896,0.0,0.01055885595080313,0.0,0.0,0.0,0.1524082347312599,0.0,0.07866239894022391,0.0
0.2275000000000001,0.0,0.0,0.02213620449642384,0.0,0.01075594723931885,0.0,0.0,0.0,0.152837826148208,0.0,0.07901032851952852,0.0
0.2300000000000001,0.0,0.0,0.02251916491945056,0.0,0.0109538477376412,0.0,0.0,0.0,0.1535301692572062,0.0,0.07930794360006725,0.0
0.2325000000000002,0.0,0.0,0.02290389971164962,0.0,0.0111524725258128,0.0,0.0,0.0,0.1542266912263681,0.0,0.07959376946853858,0.0
0.2350000000000002,0.0,0.0,0.02329018487350174,0.0,0.01135182101435563,0.0,0.0,0.0,0.1548129426858185,0.0,0.07988103784358522,0.0
0.2375000000000002,0.0,0.0,0.02367788769427369,0.0,0.01155187461278202,0.0,0.0,0.0,0.1553289413294406,0.0,0.08016259230700745,0.0
0.2400000000000002,0.0,0.0,0.02406679945544015,0.0,0.01175262984734357,0.0,0.0,0.0,0.1558091030740811,0.0,0.08043914732788698,0.0
0.2425000000000002,0.0,0.0,0.02445674230532629,0.0,0.01195408331105949,0.0,0.0,0.0,0.1561064336688891,0.0,0.08072596797546716,0.0
0.2450000000000002,0.0,0.0,0.02484718461289484,0.0,0.01215626542419588,0.0,0.0,0.0,0.1561785840437185,0.0,0.08102515292751153,0.0
0.2475000000000002,0.0,0.0,0.02523777197392561,0.0,0.01235917720948371,0.0,0.0,0.0,0.1562753947741377,0.0,0.08130446354700037,0.0
0.2500000000000002,0.0,0.0,0.02562828641536228,0.0,0.0125628152845708,0.0,0.0,0.0,0.1561282701425027,0.0,0.08160471800517716,0.0
0.2525000000000002,0.0,0.0,0.0260185679169717,0.0,0.01276716923032383,0.0,0.0,0.0,0.1561361072174215,0.0,0.08187111950266755,0.0
0.2550000000000002,0.0,0.0,0.02640854668320823,0.0,0.01297221510756077,0.0,0.0,0.0,0.1557922337570163,0.0,0.08217049561169142,0.0
0.2575000000000002,0.0,0.0,0.0267977316681744,0.0,0.01317798363078759,0.0,0.0,0.0,0.1555558487711658,0.0,0.0824417118089927,0.0
0.2600000000000002,0.0,0.0,0.02718615338215418,0.0,0.01338443571081835,0.0,0.0,0.0,0.1551395295892779,0.0,0.08272363435183772,0.0
0.2625000000000002,0.0,0.0,0.02757316400884958,0.0,0.01359162102369917,0.0,0.0,0.0,0.1545081913492808,0.0,0.08301734608220283,0.0
0.2650000000000002,0.0,0.0,0.02795857882325684,0.0,0.01379952778881068,0.0,0.0,0.0,0.1538493773051272,0.0,0.08330268853973054,0.0
0.2675000000000002,0.0,0.0,0.02834239828134304,0.0,0.01400812356034313,0.0,0.0,0.0,0.1531528563498044,0.0,0.0835792339392236,0.0
0.2700000000000002,0.0,0.0,0.02872438668164637,0.0,0.01421740962969505,0.0,0.0,0.0,0.1523919570804559,0.0,0.08385366065059972,0.0
0.2725000000000002,0.0,0.0,0.02910410373516453,0.0,0.01442741303890806,0.0,0.0,0.0,0.15135834777867,0.0,0.08414988563245143,0.0
0.2750000000000002,0.0,0.0,0.02948115240179602,0.0,0.01463815430675628,0.0,0.0,0.0,0.1503121195691673,0.0,0.08443650571449843,0.0
0.2775000000000002,0.0,0.0,0.02985575957093045,0.0,0.01484956922776539,0.0,0.0,0.0,0.1493449470276058,0.0,0.0846972988573566,0.0
0.2800000000000002,0.0,0.0,0.03022765474281246,0.0,0.01506166215533445,0.0,0.0,0.0,0.1481547846083989,0.0,0.08497695836573799,0.0
0.2825000000000002,0.0,0.0,0.03059645783967317,0.0,0.01527445478102533,0.0,0.0,0.0,0.1468650267664437,0.0,0.08525823966066792,0.0
0.2850000000000002,0.0,0.0,0.03096198748030811,0.0,0.01548794249064332,0.0,0.0,0.0,0.1455497759157867,0.0,0.08553127706829865,0.0
0.2875000000000002,0.0,0.0,0.03132412147322378,0.0,0.01570211231010793,0.0,0.0,0.0,0.1441682698356102,0.0,0.08580089848539783,0.0
0.2900000000000002,0.0,0.0,0.03168279549264506,0.0,0.0159169415324874,0.0,0.0,0.0,0.1427435349086913,0.0,0.08606439063752232,0.0
0.2925000000000002,0.0,0.0,0.03203780434389981,0.0,0.01613242999746024,0.0,0.0,0.0,0.1412621912972561,0.0,0.08632444219781767,0.0
0.2950000000000002,0.0,0.0,0.03238910011975957,0.0,0.01634855476130359,0.0,0.0,0.0,0.1397652575819237,0.0,0.08657482796300817,0.0
0.2975000000000002,0.0,0.0,0.03273659018469004,0.0,0.01656530029419828,0.0,0.0,0.0,0.1382199138749722,0.0,0.08682066660872283,0.0
0.3000000000000002,0.0,0.0,0.03308017749786133,0.0,0.0167826518065418,0.0,0.0,0.0,0.1366459927743518,0.0,0.08705909343985777,0.0
0.3025000000000002,0.0,0.0,0.03341979803271544,0.0,0.01700058965057995,0.0,0.0,0.0,0.1350464734772414,0.0,0.08728978436433713,0.0
0.3050000000000002,0.0,0.0,0.03375538537579043,0.0,0.01721909503761349,0.0,0.0,0.0,0.1334197116782186,0.0,0.08751308274179226,0.0
0.3075000000000002,0.0,0.0,0.03408688425422843,0.0,0.01743814726735075,0.0,0.0,0.0,0.1317744215577398,0.0,0.0877275396133949,0.0
0.3100000000000002,0.0,0.0,0.03441423418422752,0.0,0.01765772727555173,0.0,0.0,0.0,0.1301015498944498,0.0,0.08793513666875606,0.0
0.3125000000000002,0.0,0.0,0.03473737872784531,0.0,0.01787781564031834,0.0,0.0,0.0,0.1284081883728651,0.0,0.08813462431730791,0.0
0.3150000000000002,0.0,0.0,0.03505625674439963,0.0,0.01809839419600643,0.0,0.0,0.0,0.1266921267307924,0.0,0.08832656074777198,0.0
0.3175000000000002,0.0,0.0,0.03537082106878379,0.0,0.01831944235231943,0.0,0.0,0.0,0.1249556853725183,0.0,0.08851063487637052,0.0
0.3200000000000002,0.0,0.0,0.03568101995568074,0.0,0.01854094077376208,0.0,0.0,0.0,0.1231997243850056,0.0,0.08868680433227347,0.0
0.3225000000000002,0.0,0.0,0.03598680428242759,0.0,0.01876286991466097,0.0,0.0,0.0,0.1214242933870472,0.0,0.08885517875808767,0.0
0.3250000000000002,0.0,0.0,0.03628812723469128,0.0,0.01898521005334427,0.0,0.0,0.0,0.1196306971738132,0.0,0.08901560791351965,0.0
0.3275000000000002,0.0,0.0,0.03658494379057602,0.0,0.01920794138811482,0.0,0.0,0.0,0.1178192320443324,0.0,0.08916814430864174,0.0
0.3300000000000002,0.0,0.0,0.0368772096204958,0.0,0.01943104425747464,0.0,0.0,0.0,0.1159901732469642,0.0,0.08931284425614784,0.0
0.3325000000000002,0.0,0.0,0.03716488106832869,0.0,0.01965449913896428,0.0,0.0,0.0,0.1141437821829157,0.0,0.089449762410905,0.0
0.3350000000000002,0.0,0.0,0.03744791512050719,0.0,0.01987828664631502,0.0,0.0,0.0,0.112280313440016,0.0,0.08957895351264085,0.0
0.3375000000000002,0.0,0.0,0.0377262693874953,0.0,0.02010238752958623,0.0,0.0,0.0,0.1104000096749956,0.0,0.08970047177077847,0.0
0.3400000000000002,0.0,0.0,0.03799990207063058,0.0,0.02032678267543857,0.0,0.0,0.0,0.1085031031824585,0.0,0.08981437176905842,0.0
0.3425000000000002,0.0,0.0,0.03826877195238008,0.0,0.02055145310459582,0.0,0.0,0.0,0.1065898242172601,0.0,0.08992070666729607,0.0
0.3450000000000003,0.0,0.0,0.03853283836982603,0.0,0.02077637997079641,0.0,0.0,0.0,0.1046603874539707,0.0,0.09001952986316987,0.0
0.3475000000000003,0.0,0.0,0.0387920615968752,0.0,0.02100154447807567,0.0,0.0,0.0,0.1027156306834774,0.0,0.0901107658090426,0.0
0.3500000000000003,0.0,0.0,0.03904640452472862,0.0,0.02122692753311748,0.0,0.0,0.0,0.1007560457915269,0.0,0.09019440879902849,0.0
0.3525000000000003,0.0,0.0,0.03929583183470678,0.0,0.02145250992582618,0.0,0.0,0.0,0.09878417604317272,0.0,0.09027005050513438,0.0
0.3550000000000003,0.0,0.0,0.03954031601278794,0.0,0.02167827113327393,0.0,0.0,0.0,0.0968004015338252,0.0,0.09033770582299962,0.0
0.3575000000000003,0.0,0.0,0.03977982344502234,0.0,0.02190419206932349,0.0,0.0,0.0,0.09480363521765876,0.0,0.09039768273467318,0.0
0.3600000000000003,0.0,0.0,0.04001433477585648,0.0,0.02213025113073595,0.0,0.0,0.0,0.0928062636117568,0.0,0.09044770479464977,0.0
0.3625000000000003,0.0,0.0,0.0402438455189395,0.0,0.02235642407917102,0.0,0.0,0.0,0.09079983243343062,0.0,0.0904894480836279,0.0
0.3650000000000003,0.0,0.0,0.04046833866527084,0.0,0.02258268938342799,0.0,0.0,0.0,0.08879794743806221,0.0,0.09052053288394242,0.0
0.3675000000000003,0.0,0.0,0.04068782938030305,0.0,0.02280901973850831,0.0,0.0,0.0,0.08679330630917101,0.0,0.09054236499335236,0.0
0.3700000000000003,0.0,0.0,0.04090230506818134,0.0,0.02303539327013115,0.0,0.0,0.0,0.08478568756513134,0.0,0.0905551381245891,0.0
0.3725000000000003,0.0,0.0,0.0411117583746199,0.0,0.02326178733034086,0.0,0.0,0.0,0.0827762883631123,0.0,0.09055864111639028,0.0
0.3750000000000003,0.0,0.0,0.04131617742279384,0.0,0.02348818041389166,0.0,0.0,0.0,0.0807660339292962,0.0,0.0905530225689838,0.0
0.3775000000000003,0.0,0.0,0.04151560595465185,0.0,0.02371454156575409,0.0,0.0,0.0,0.07877228779957066,0.0,0.09053514389971871,0.0
0.3800000000000003,0.0,0.0,0.04171004424702136,0.0,0.02394084739460206,0.0,0.0,0.0,0.07677891325721935,0.0,0.09050789038540864,0.0
0.3825000000000003,0.0,0.0,0.04189953003288083,0.0,0.0241670677970985,0.0,0.0,0.0,0.07481249796709519,0.0,0.090466402697579,0.0
0.3850000000000003,0.0,0.0,0.0420840783295699,0.0,0.02439317692191401,0.0,0.0,0.0,0.0728224456786414,0.0,0.09042006206936752,0.0
0.3875000000000003,0.0,0.0,0.04226368695828184,0.0,0.02461915281258156,0.0,0.0,0.0,0.07087599807114454,0.0,0.09035718326334118,0.0
0.3900000000000003,0.0,0.0,0.04243846117606635,0.0,0.02484495503594054,0.0,0.0,0.0,0.0689500691628219,0.0,0.090282006857954,0.0
0.3925000000000003,0.0,0.0,0.04260843361286389,0.0,0.02507055621016689,0.0,0.0,0.0,0.0670277057381161,0.0,0.090197521294961,0.0
0.3950000000000003,0.0,0.0,0.04277365995837436,0.0,0.02529592464822033,0.0,0.0,0.0,0.06516024443810686,0.0,0.09009461316974586,0.0
0.3975000000000003,0.0,0.0,0.04293419260478452,0.0,0.0255210295202734,0.0,0.0,0.0,0.06325977761465167,0.0,0.08998898467756249,0.0
0.4000000000000003,0.0,0.0,0.04308993614533685,0.0,0.02574586598510471,0.0,0.0,0.0,0.06133778570848349,0.0,0.08987832477859599,0.0
0.4025000000000003,0.0,0.0,0.04324095816227972,0.0,0.0259704009023402,0.0,0.0,0.0,0.05949180867231121,0.0,0.0897461503623787,0.0
0.4050000000000003,0.0,0.0,0.0433873427087836,0.0,0.02619459892054472,0.0,0.0,0.0,0.05761040044192155,0.0,0.08961189569553746,0.0
0.4075000000000003,0.0,0.0,0.04352904993316564,0.0,0.02641844623885901,0.0,0.0,0.0,0.05576763439036953,0.0,0.08946246523363903,0.0
0.4100000000000003,0.0,0.0,0.04366616419663085,0.0,0.02664190690637472,0.0,0.0,0.0,0.05392227248105191,0.0,0.08930499378716428,0.0
0.4125000000000003,0.0,0.0,0.04379872643643193,0.0,0.02686495289097121,0.0,0.0,0.0,0.05213150406859311,0.0,0.08912982914361128,0.0
0.4150000000000003,0.0,0.0,0.043926771904556,0.0,0.02708755823524557,0.0,0.0,0.0,0.05030672153234574,0.0,0.08895284774219007,0.0
0.4175000000000003,0.0,0.0,0.04405026264150546,0.0,0.02730970991142376,0.0,0.0,0.0,0.04848517803681204,0.0,0.0887673571896992,0.0
0.4200000000000003,0.0,0.0,0.04416919035578698,0.0,0.02753139005042669,0.0,0.0,0.0,0.04665813224875687,0.0,0.0885753488742993,0.0
0.4225000000000003,0.0,0.0,0.04428353981853595,0.0,0.02775258264329886,0.0,0.0,0.0,0.04482293565021916,0.0,0.08837729474136295,0.0
0.4250000000000003,0.0,0.0,0.04439338514117899,0.0,0.02797325595681494,0.0,0.0,0.0,0.04306412168910057,0.0,0.08815824449370392,0.0
0.4275000000000003,0.0,0.0,0.04449882933348656,0.0,0.02819337269141976,0.0,0.0,0.0,0.04129285084261113,0.0,0.08793368103947999,0.0
0.4300000000000003,0.0,0.0,0.04459988237416258,0.0,0.02841291238282954,0.0,0.0,0.0,0.03955704086221111,0.0,0.08769563542171667,0.0
0.4325000000000003,0.0,0.0,0.04469657456547885,0.0,0.02863185183559972,0.0,0.0,0.0,0.03779483543668343,0.0,0.08745511629165587,0.0
0.4350000000000003,0.0,0.0,0.04478858921610521,0.0,0.02885022772209809,0.0,0.0,0.0,0.03581197593548373,0.0,0.0872453401813094,0.0
0.4375000000000003,0.0,0.0,0.04487563054633474,0.0,0.02906807300019652,0.0,0.0,0.0,0.03382058417675547,0.0,0.08702986935066592,0.0
0.4400000000000003,0.0,0.0,0.04495772348741332,0.0,0.02928536557703858,0.0,0.0,0.0,0.03185659695968237,0.0,0.08680266059409342,0.0
0.4425000000000003,0.0,0.0,0.0450349051530784,0.0,0.02950208217090276,0.0,0.0,0.0,0.0298890967289442,0.0,0.08656950848465149,0.0
0.4450000000000003,0.0,0.0,0.04510717971297568,0.0,0.02971820539283617,0.0,0.0,0.0,0.02793162285417124,0.0,0.08632785955902153,0.0
0.4475000000000003,0.0,0.0,0.04517429211484696,0.0,0.02993376405651575,0.0,0.0,0.0,0.02575426159931818,0.0,0.08611878742355109,0.0
0.4500000000000003,0.0,0.0,0.04523591669151669,0.0,0.03014880020696462,0.0,0.0,0.0,0.02354300893995517,0.0,0.08590960080066329,0.0
0.4525000000000003,0.0,0.0,0.04529198005136428,0.0,0.03036331172838221,0.0,0.0,0.0,0.0213057010121461,0.0,0.08569902491925006,0.0
0.4550000000000003,0.0,0.0,0.04534245948028781,0.0,0.03057728725600346,0.0,0.0,0.0,0.01907942958732821,0.0,0.08548015407489333,0.0
0.4575000000000004,0.0,0.0,0.04538722424581827,0.0,0.03079073560204032,0.0,0.0,0.0,0.01672948642792848,0.0,0.08527813667556973,0.0
0.4600000000000004,0.0,0.0,0.0454260738311324,0.0,0.031003679249142,0.0,0.0,0.0,0.0143483644526785,0.0,0.0850762279209651,0.0
0.4625000000000004,0.0,0.0,0.04545888684735864,0.0,0.03121612685203061,0.0,0.0,0.0,0.0119014043217055,0.0,0.08488108577451674,0.0
0.4650000000000004,0.0,0.0,0.04548557120250605,0.0,0.03142808165728542,0.0,0.0,0.0,0.009445180403713206,0.0,0.08468206521021354,0.0
0.4675000000000004,0.0,0.0,0.04550606319317418,0.0,0.03163954219031781,0.0,0.0,0.0,0.006946115499257191,0.0,0.08448595958335635,0.0
0.4700000000000004,0.0,0.0,0.04552029398307426,0.0,0.03185050831204015,0.0,0.0,0.0,0.004438306945368367,0.0,0.08428614208284896,0.0
0.4725000000000004,0.0,0.0,0.04552823562528287,0.0,0.03206097220443022,0.0,0.0,0.0,0.001914831867860537,0.0,0.0840841878859846,0.0
0.4750000000000004,0.0,0.0,0.04552986007830361,0.0,0.0322709264355936,0.0,0.0,0.0,-0.000615335453418811,0.0,0.08387840926824884,0.0
0.4775000000000004,0.0,0.0,0.04552515558833511,0.0,0.03248036056045854,0.0,0.0,0.0,-0.003148202334153259,0.0,0.08366809571686384,0.0
0.4800000000000004,0.0,0.0,0.04551411618259188,0.0,0.03268926324776501,0.0,0.0,0.0,-0.005683215436259072,0.0,0.0834532661265582,0.0
0.4825000000000004,0.0,0.0,0.04549673710610549,0.0,0.03289762324531695,0.0,0.0,0.0,-0.0082198864529996,0.0,0.08323395058237339,0.0
0.4850000000000004,0.0,0.0,0.04547301483300792,0.0,0.0331054293725724,0.0,0.0,0.0,-0.01075772203765594,0.0,0.08301017646790974,0.0
0.4875000000000004,0.0,0.0,0.04544294707006404,0.0,0.03331267051519798,0.0,0.0,0.0,-0.01329622840403871,0.0,0.08278196966910172,0.0
0.4900000000000004,0.0,0.0,0.04540653276450454,0.0,0.03351933562122503,0.0,0.0,0.0,-0.01583490532059985,0.0,0.08254935346895237,0.0
0.4925000000000004,0.0,0.0,0.04536377212331174,0.0,0.03372541369216831,0.0,0.0,0.0,-0.01837324891863877,0.0,0.08231234813823811,0.0
0.4950000000000004,0.0,0.0,0.0453146666089944,0.0,0.03393089377974005,0.0,0.0,0.0,-0.02091075509959873,0.0,0.08207097300747826,0.0
0.4975000000000004,0.0,0.0,0.04525921895364958,0.0,0.03413576497900592,0.0,0.0,0.0,-0.02344691501546412,0.0,0.08182524359472773,0.0
0.5000000000000003,0.0,0.0,0.0451974331501573,0.0,0.03434001642159005,0.0,0.0,0.0,-0.02598122617217337,0.0,0.08157517375958054,0.0
0.5025000000000003,0.0,0.0,0.04512931447625897,0.0,0.03454363727152102,0.0,0.0,0.0,-0.02851316503268534,0.0,0.08132077525171094,0.0
0.5050000000000002,0.0,0.0,0.04505486950245387,0.0,0.03474661672008886,0.0,0.0,0.0,-0.03104222047359995,0.0,0.08106205868537318,0.0
0.5075000000000002,0.0,0.0,0.04497410609334579,0.0,0.03494894398295061,0.0,0.0,0.0,-0.03356786933138772,0.0,0.08079903260366135,0.0
0.5100000000000001,0.0,0.0,0.04488703340842271,0.0,0.03515060829440838,0.0,0.0,0.0,-0.03608959733203668,0.0,0.08053170345457114,0.0
0.5125000000000001,0.0,0.0,0.04479366188810149,0.0,0.03535159890556537,0.0,0.0,0.0,-0.03860689336602927,0.0,0.08026007794065583,0.0
0.515,0.0,0.0,0.04469400326488797,0.0,0.03555190508108644,0.0,0.0,0.0,-0.04111923790012639,0.0,0.07998416077987394,0.0
0.5175,0.0,0.0,0.04458807055577611,0.0,0.03575151609631452,0.0,0.0,0.0,-0.04362612005588285,0.0,0.07970395530136581,0.0
0.5199999999999999,0.0,0.0,0.04447587805595442,0.0,0.03595042123431674,0.0,0.0,0.0,-0.04612702953242807,0.0,0.07941946468399459,0.0
0.5224999999999999,0.0,0.0,0.04435744134631813,0.0,0.03614860978290615,0.0,0.0,0.0,-0.04862144750548584,0.0,0.07913068934499688,0.0
0.5249999999999998,0.0,0.0,0.04423277727288722,0.0,0.03634607103714121,0.0,0.0,0.0,-0.05110888047646177,0.0,0.0788376348403814,0.0
0.5274999999999997,0.0,0.0,0.04410190393046455,0.0,0.0365427942982457,0.0,0.0,0.0,-0.05358882436276795,0.0,0.07854030043329964,0.0
0.5299999999999997,0.0,0.0,0.04396484066236176,0.0,0.03673876887003503,0.0,0.0,0.0,-0.05606078198191963,0.0,0.0782386889840442,0.0
0.5324999999999996,0.0,0.0,0.04382160806080185,0.0,0.03693398406171988,0.0,0.0,0.0,-0.05852425339678659,0.0,0.07793280205833265,0.0
0.5349999999999996,0.0,0.0,0.04367222793595237,0.0,0.03712842918862859,0.0,0.0,0.0,-0.0609787623259964,0.0,0.07762264251099078,0.0
0.5374999999999995,0.0,0.0,0.04351672331000115,0.0,0.03732209357074271,0.0,0.0,0.0,-0.06342381879218209,0.0,0.07730821215101379,0.0
0.5399999999999995,0.0,0.0,0.04335511838649334,0.0,0.03751496653869781,0.0,0.0,0.0,-0.06585896305661758,0.0,0.07698951656183027,0.0
0.5424999999999994,0.0,0.0,0.04318743852648215,0.0,0.03770703743475568,0.0,0.0,0.0,-0.06828373247754625,0.0,0.07666656026073405,0.0
0.5449999999999994,0.0,0.0,0.04301371023762086,0.0,0.0378982956149053,0.0,0.0,0.0,-0.0706976712401209,0.0,0.07633934949136909,0.0
0.5474999999999993,0.0,0.0,0.04283396114172488,0.0,0.03808873045194192,0.0,0.0,0.0,-0.07310034402007355,0.0,0.0760078913462365,0.0
0.5499999999999993,0.0,0.0,0.04264821994735763,0.0,0.0382783313373268,0.0,0.0,0.0,-0.0754913162203932,0.0,0.07567219394307881,0.0
0.5524999999999992,0.0,0.0,0.04245651643110685,0.0,0.0384670876871235,0.0,0.0,0.0,-0.07787016849118523,0.0,0.07533226858422801,0.0
0.5549999999999992,0.0,0.0,0.04225888140701286,0.0,0.03865498894418512,0.0,0.0,0.0,-0.08023648728606268,0.0,0.07498812508885645,0.0
0.5574999999999991,0.0,0.0,0.04205534670654434,0.0,0.03884202458236009,0.0,0.0,0.0,-0.08258988007911906,0.0,0.07463977968878911,0.0
0.559999999999999,0.0,0.0,0.04184594510095768,0.0,0.03902818411691509,0.0,0.0,0.0,-0.08492997897929506,0.0,0.07428724787076935,0.0
0.562499999999999,0.0,0.0,0.04163071028110916,0.0,0.03921345710512909,0.0,0.0,0.0,-0.08725642237548349,0.0,0.07393054859321956,0.0
0.564999999999999,0.0,0.0,0.04140967681194352,0.0,0.03939783315400971,0.0,0.0,0.0,-0.0895688671639552,0.0,0.07356970229696122,0.0
0.5674999999999989,0.0,0.0,0.04118288010827195,0.0,0.03958130192379392,0.0,0.0,0.0,-0.09186698006236071,0.0,0.07320473122781669,0.0
0.5699999999999988,0.0,0.0,0.04095035639773912,0.0,0.03976385313379234,0.0,0.0,0.0,-0.09415044318930284,0.0,0.07283566043967554,0.0
0.5724999999999988,0.0,0.0,0.04071214266612864,0.0,0.03994547656927085,0.0,0.0,0.0,-0.09641896720770242,0.0,0.07246251753391804,0.0
0.5749999999999987,0.0,0.0,0.04046827661196152,0.0,0.04012616208773621,0.0,0.0,0.0,-0.09867227402718703,0.0,0.07208533311174216,0.0
0.5774999999999987,0.0,0.0,0.04021879659069588,0.0,0.04030589962794007,0.0,0.0,0.0,-0.1009101113745562,0.0,0.07170414081512538,0.0
0.5799999999999986,0.0,0.0,0.03996374159652447,0.0,0.04048467921247405,0.0,0.0,0.0,-0.1031322251083354,0.0,0.07131897476726856,0.0
0.5824999999999986,0.0,0.0,0.03970315120774447,0.0,0.04066249095568438,0.0,0.0,0.0,-0.1053383999702966,0.0,0.07092987387276009,0.0
0.5849999999999985,0.0,0.0,0.03943706551476437,0.0,0.04083932507047965,0.0,0.0,0.0,-0.1075284395866787,0.0,0.07053687813674464,0.0
0.5874999999999985,0.0,0.0,0.03916552510660488,0.0,0.04101517187468632,0.0,0.0,0.0,-0.109702147735949,0.0,0.07014003170912964,0.0
0.5899999999999984,0.0,0.0,0.0388885710297535,0.0,0.04119002179569359,0.0,0.0,0.0,-0.1118593485209839,0.0,0.06973937781540922,0.0
0.5924999999999984,0.0,0.0,0.03860624471551273,0.0,0.04136386537843541,0.0,0.0,0.0,-0.1139999115759149,0.0,0.06933496741240533,0.0
0.5949999999999983,0.0,0.0,0.03831858792164355,0.0,0.04153669329571465,0.0,0.0,0.0,-0.116123706322665,0.0,0.06892685157464325,0.0
0.5974999999999983,0.0,0.0,0.03802564269693845,0.0,0.0417084963493127,0.0,0.0,0.0,-0.1182306304093055,0.0,0.06851508283555659,0.0
0.5999999999999982,0.0,0.0,0.0377274513389961,0.0,0.04187926547787003,0.0,0.0,0.0,-0.1203205890254766,0.0,0.06809971800166538,0.0
0.6024999999999981,0.0,0.0,0.03742405633724399,0.0,0.04204899176319168,0.0,0.0,0.0,-0.1223935207002307,0.0,0.06768081464083832,0.0
0.6049999999999981,0.0,0.0,0.03711550034422595,0.0,0.04221766643544186,0.0,0.0,0.0,-0.1244493575284194,0.0,0.06725843392237515,0.0
0.607499999999998,0.0,0.0,0.03680182613425008,0.0,0.0423852808804971,0.0,0.0,0.0,-0.126488069799141,0.0,0.06683263931516871,0.0
0.609999999999998,0.0,0.0,0.0364830765658988,0.0,0.04255182664373799,0.0,0.0,0.0,-0.1285096199408881,0.0,0.06640349491194746,0.0
0.6124999999999979,0.0,0.0,0.03615929446570607,0.0,0.04271729543670049,0.0,0.0,0.0,-0.1305140713832792,0.0,0.06597106950070111,0.0
0.6149999999999979,0.0,0.0,0.03583052265337708,0.0,0.04288167913823464,0.0,0.0,0.0,-0.1325013654378125,0.0,0.06553542812628746,0.0
0.6174999999999978,0.0,0.0,0.03549680400293042,0.0,0.04304496979553028,0.0,0.0,0.0,-0.1344715179151194,0.0,0.06509664053675387,0.0
0.6199999999999978,0.0,0.0,0.03515818132979647,0.0,0.04320715963196459,0.0,0.0,0.0,-0.1364245598128705,0.0,0.06465477782459471,0.0
0.6224999999999977,0.0,0.0,0.03481469735453323,0.0,0.04336824104999509,0.0,0.0,0.0,-0.1383605356028677,0.0,0.064209912229252,0.0
0.6249999999999977,0.0,0.0,0.03446639468145449,0.0,0.04352820663494682,0.0,0.0,0.0,-0.1402794932585983,0.0,0.06376211760752995,0.0
0.6274999999999976,0.0,0.0,0.03411331577649537,0.0,0.04368704915725778,0.0,0.0,0.0,-0.1421814970190797,0.0,0.06331146847855097,0.0
0.6299999999999976,0.0,0.0,0.03375550293962984,0.0,0.04384476157502169,0.0,0.0,0.0,-0.1440666145292879,0.0,0.06285804034234764,0.0
0.6324999999999975,0.0,0.0,0.03339299830491829,0.0,0.04400133703726113,0.0,0.0,0.0,-0.1459349100274132,0.0,0.0624019102489493,0.0
0.6349999999999975,0.0,0.0,0.03302584381895244,0.0,0.04415676888446365,0.0,0.0,0.0,-0.1477864719495035,0.0,0.06194315470882984,0.0
0.6374999999999974,0.0,0.0,0.0326540812187723,0.0,0.04431105064834522,0.0,0.0,0.0,-0.1496213783401561,0.0,0.06148185008594217,0.0
0.6399999999999973,0.0,0.0,0.03227775204348689,0.0,0.04446417605360391,0.0,0.0,0.0,-0.1514397055405734,0.0,0.06101807385580569,0.0
0.6424999999999973,0.0,0.0,0.03189689765509542,0.0,0.04461613901536195,0.0,0.0,0.0,-0.1532415227972561,0.0,0.06055190143185919,0.0
0.6449999999999972,0.0,0.0,0.03151155925546157,0.0,0.04476693363866239,0.0,0.0,0.0,-0.1550268884317303,0.0,0.06008340919923819,0.0
0.6474999999999972,0.0,0.0,0.03112177790280123,0.0,0.04491655421747062,0.0,0.0,0.0,-0.156795858171081,0.0,0.05961267184886658,0.0
0.6499999999999971,0.0,0.0,0.03072759455384775,0.0,0.04506499523069379,0.0,0.0,0.0,-0.1585484573550464,0.0,0.05913976261751914,0.0
0.6524999999999971,0.0,0.0,0.03032905014971247,0.0,0.04521225133577507,0.0,0.0,0.0,-0.1602846727297285,0.0,0.05866475103651318,0.0
0.654999999999997,0.0,0.0,0.02992618572729076,0.0,0.04535831735728811,0.0,0.0,0.0,-0.162004438391301,0.0,0.05818770098591806,0.0
0.657499999999997,0.0,0.0,0.02951904255156006,0.0,0.04550318827466908,0.0,0.0,0.0,-0.1637076458747103,0.0,0.0577086733920417,0.0
0.6599999999999969,0.0,0.0,0.02910766206524953,0.0,0.04564685922226423,0.0,0.0,0.0,-0.1653942593468768,0.0,0.05722773084245769,0.0
0.6624999999999969,0.0,0.0,0.02869208577447991,0.0,0.04578932549408745,0.0,0.0,0.0,-0.1670642618142661,0.0,0.0567449383426634,0.0
0.6649999999999968,0.0,0.0,0.02827235519489401,0.0,0.04593058254849856,0.0,0.0,0.0,-0.1687176622202023,0.0,0.05626036243778902,0.0
0.6674999999999968,0.0,0.0,0.02784851176085701,0.0,0.04607062601208347,0.0,0.0,0.0,-0.1703545201830735,0.0,0.0557740714420103,0.0
0.6699999999999967,0.0,0.0,0.02742059672455902,0.0,0.04620945168619223,0.0,0.0,0.0,-0.1719749188634208,0.0,0.05528613656879489,0.0
0.6724999999999967,0.0,0.0,0.02698865105006361,0.0,0.04634705555379017,0.0,0.0,0.0,-0.1735790065773065,0.0,0.05479663194737921,0.0
0.6749999999999966,0.0,0.0,0.02655271528403031,0.0,0.0464834337883438,0.0,0.0,0.0,-0.1751669702038452,0.0,0.05430563604737223,0.0
0.6774999999999965,0.0,0.0,0.0261128294901807,0.0,0.046618582762239,0.0,0.0,0.0,-0.1767390081107925,0.0,0.05381322929143115,0.0
0.6799999999999965,0.0,0.0,0.02566903319634143,0.0,0.0467524990490823,0.0,0.0,0.0,-0.1782953494404091,0.0,0.05331949229643011,0.0
0.6824999999999964,0.0,0.0,0.02522136534552128,0.0,0.04688517942424483,0.0,0.0,0.0,-0.1798362325815545,0.0,0.05282450587122443,0.0
0.6849999999999964,0.0,0.0,0.02476986434587697,0.0,0.0470166208613278,0.0,0.0,0.0,-0.1813618494304064,0.0,0.0523283476841196,0.0
0.6874999999999963,0.0,0.0,0.02431456797013016,0.0,0.04714682053468478,0.0,0.0,0.0,-0.1828725138022771,0.0,0.05183110060879926,0.0
0.6899999999999963,0.0,0.0,0.02385551325008376,0.0,0.04727577582389357,0.0,0.0,0.0,-0.1843685067451549,0.0,0.05133284629648396,0.0
0.6924999999999962,0.0,0.0,0.02339273651762799,0.0,0.04740348431000485,0.0,0.0,0.0,-0.1858501047212431,0.0,0.05083366393405869,0.0
0.6949999999999962,0.0,0.0,0.02292627339695844,0.0,0.04752994377319326,0.0,0.0,0.0,-0.187317598900544,0.0,0.05033363361415287,0.0
0.6974999999999961,0.0,0.0,0.0224561587857124,0.0,0.04765515219071202,0.0,0.0,0.0,-0.1887712785908904,0.0,0.04983283299525141,0.0
0.6999999999999961,0.0,0.0,0.02198242685891313,0.0,0.04777910773137201,0.0,0.0,0.0,-0.1902114338483325,0.0,0.04933133777573837,0.0
0.702499999999996,0.0,0.0,0.0215051110854881,0.0,0.04790180875228751,0.0,0.0,0.0,-0.191638338337606,0.0,0.04882922274221964,0.0
0.704999999999996,0.0,0.0,0.02102424421700911,0.0,0.04802325379325738,0.0,0.0,0.0,-0.193052292852629,0.0,0.04832655923250594,0.0
0.7074999999999959,0.0,0.0,0.02053985826621895,0.0,0.04814344156988238,0.0,0.0,0.0,-0.1944535869132133,0.0,0.04782341674005289,0.0
0.7099999999999959,0.0,0.0,0.02005198452963904,0.0,0.04826237096734385,0.0,0.0,0.0,-0.1958425048680059,0.0,0.04731986125737366,0.0
0.7124999999999958,0.0,0.0,0.01956065361388378,0.0,0.04838004103338933,0.0,0.0,0.0,-0.1972193139708882,0.0,0.04681595689480941,0.0
0.7149999999999958,0.0,0.0,0.01906589545221815,0.0,0.04849645097072611,0.0,0.0,0.0,-0.1985842854013241,0.0,0.04631176348765146,0.0
0.7174999999999957,0.0,0.0,0.01856773931857751,0.0,0.04861160012673645,0.0,0.0,0.0,-0.1999376759467633,0.0,0.04580733693886508,0.0
0.7199999999999956,0.0,0.0,0.01806621386118049,0.0,0.04872548798305976,0.0,0.0,0.0,-0.2012797278780876,0.0,0.04530272876166706,0.0
0.7224999999999956,0.0,0.0,0.01756134712636561,0.0,0.04883811414499528,0.0,0.0,0.0,-0.2026106830880051,0.0,0.04479798643875422,0.0
0.7249999999999955,0.0,0.0,0.01705316657418294,0.0,0.04894947833161717,0.0,0.0,0.0,-0.203930766449207,0.0,0.04429315343531736,0.0
0.7274999999999955,0.0,0.0,0.01654169912756397,0.0,0.04905958036521026,0.0,0.0,0.0,-0.2052401839908963,0.0,0.04378826880249116,0.0
0.7299999999999954,0.0,0.0,0.01602697121935712,0.0,0.04916842015778131,0.0,0.0,0.0,-0.2065391213819669,0.0,0.04328336538744941,0.0
0.7324999999999954,0.0,0.0,0.01550900883246245,0.0,0.04927599769838659,0.0,0.0,0.0,-0.2078277527379132,0.0,0.04277847192304113,0.0
0.7349999999999953,0.0,0.0,0.01498783754443154,0.0,0.04938231303943366,0.0,0.0,0.0,-0.2091062287805008,0.0,0.04227361043017198,0.0
0.7374999999999953,0.0,0.0,0.01446348258684502,0.0,0.04948736628361928,0.0,0.0,0.0,-0.2103746734426687,0.0,0.04176879880970728,0.0
0.7399999999999952,0.0,0.0,0.01393596888934493,0.0,0.04959115757425724,0.0,0.0,0.0,-0.2116332072149617,0.0,0.0412640521664252,0.0
0.7424999999999952,0.0,0.0,0.01340532112698374,0.0,0.04969368708489973,0.0,0.0,0.0,-0.2128819124425904,0.0,0.04075937935372775,0.0
0.7449999999999951,0.0,0.0,0.01287156381322879,0.0,0.0497949550058713,0.0,0.0,0.0,-0.2141208351649943,0.0,0.04025478485394406,0.0
0.7474999999999951,0.0,0.0,0.01233472136832732,0.0,0.0498949615322966,0.0,0.0,0.0,-0.2153500044518652,0.0,0.03975026811002644,0.0
0.749999999999995,0.0,0.0,0.01179481817656854,0.0,0.04999370685257142,0.0,0.0,0.0,-0.2165694201738565,0.0,0.03924582432238972,0.0
0.752499999999995,0.0,0.0,0.01125187867944216,0.0,0.05009119114128859,0.0,0.0,0.0,-0.2177790356206318,0.0,0.0387414470868304,0.0
0.7549999999999949,0.0,0.0,0.01070592745887498,0.0,0.0501874145480919,0.0,0.0,0.0,-0.2189787876929971,0.0,0.03823712327864076,0.0
0.7574999999999948,0.0,0.0,0.01015698930220391,0.0,0.0502823771827501,0.0,0.0,0.0,-0.2201685732862264,0.0,0.03773283385398486,0.0
0.7599999999999948,0.0,0.0,0.009605089284997969,0.0,0.05037607910778625,0.0,0.0,0.0,-0.2213482629571458,0.0,0.03722855963852664,0.0
0.7624999999999947,0.0,0.0,0.009050252859553567,0.0,0.05046852033081689,0.0,0.0,0.0,-0.2225176884292193,0.0,0.03672427655950713,0.0
0.7649999999999947,0.0,0.0,0.008492505926193872,0.0,0.05055970079522148,0.0,0.0,0.0,-0.2236766585436796,0.0,0.03621995710806607,0.0
0.7674999999999946,0.0,0.0,0.007931874888021651,0.0,0.05064962036955182,0.0,0.0,0.0,-0.224824960723322,0.0,0.03571556871599957,0.0
0.7699999999999946,0.0,0.0,0.007368386758829355,0.0,0.05073827884168551,0.0,0.0,0.0,-0.2259623215216973,0.0,0.03521107979128324,0.0
0.7724999999999945,0.0,0.0,0.006802069247603155,0.0,0.05082567591368028,0.0,0.0,0.0,-0.2270884559882402,0.0,0.03470645294112462,0.0
0.7749999999999945,0.0,0.0,0.006232950814008844,0.0,0.05091181119305922,0.0,0.0,0.0,-0.2282030494187832,0.0,0.03420165005434836,0.0
0.7774999999999944,0.0,0.0,0.005661060747754364,0.0,0.05099668418685113,0.0,0.0,0.0,-0.2293057524222651,0.0,0.03369662884671655,0.0
0.7799999999999944,0.0,0.0,0.005086429212865159,0.0,0.05108029429395018,0.0,0.0,0.0,-0.2303962149606216,0.0,0.03319134509913833,0.0
0.7824999999999943,0.0,0.0,0.004509087339433083,0.0,0.05116264080180442,0.0,0.0,0.0,-0.2314740143428117,0.0,0.03268575388543966,0.0
0.7849999999999943,0.0,0.0,0.003929067347739721,0.0,0.05124372288256633,0.0,0.0,0.0,-0.2325387005486958,0.0,0.03217980780040443,0.0
0.7874999999999942,0.0,0.0,0.00334640255833662,0.0,0.05132353958333177,0.0,0.0,0.0,-0.2335898426149969,0.0,0.03167345463493614,0.0
0.7899999999999942,0.0,0.0,0.002761127443201584,0.0,0.05140208982547325,0.0,0.0,0.0,-0.2346269558887819,0.0,0.03116664532195189,0.0
0.7924999999999941,0.0,0.0,0.002173277670507568,0.0,0.0514793724030146,0.0,0.0,0.0,-0.2356495615132357,0.0,0.03065932753857754,0.0
0.794999999999994,0.0,0.0,0.001582890139162725,0.0,0.05155538597817396,0.0,0.0,0.0,-0.2366571559089352,0.0,0.03015144806344016,0.0
0.797499999999994,0.0,0.0,0.0009900030433934487,0.0,0.05163012907925989,0.0,0.0,0.0,-0.2376492066908965,0.0,0.02964295297527324,0.0
0.7999999999999939,0.0,0.0,0.0003946559222598443,0.0,0.05170360010015455,0.0,0.0,0.0,-0.2386251702930716,0.0,0.02913378864081427,0.0
0.8024999999999939,0.0,0.0,-0.000203110318390572,0.0,0.05177579730085644,0.0,0.0,0.0,-0.2395844963307378,0.0,0.02862390152354861,0.0
0.8049999999999938,0.0,0.0,-0.0008032533690582363,0.0,0.05184671880633875,0.0,0.0,0.0,-0.2405266139466755,0.0,0.02811323740194901,0.0
0.8074999999999938,0.0,0.0,-0.001405729503441818,0.0,0.05191636261364176,0.0,0.0,0.0,-0.2414509588844344,0.0,0.0276017478850893,0.0
0.8099999999999937,0.0,0.0,-0.002010493590316349,0.0,0.05198472659315476,0.0,0.0,0.0,-0.2423569695607613,0.0,0.02708938026437477,0.0
0.8124999999999937,0.0,0.0,-0.002617499028291746,0.0,0.0520518084858373,0.0,0.0,0.0,-0.24324403835023,0.0,0.02657608333541661,0.0
0.8149999999999936,0.0,0.0,-0.003226697720500263,0.0,0.05211760590818016,0.0,0.0,0.0,-0.2441115704443871,0.0,0.02606180966630389,0.0
0.8174999999999936,0.0,0.0,-0.003838040095194809,0.0,0.05218211636629085,0.0,0.0,0.0,-0.2449589823126709,0.0,0.02554651649706402,0.0
0.8199999999999935,0.0,0.0,-0.004451475106377546,0.0,0.05224533725109821,0.0,0.0,0.0,-0.2457856780902528,0.0,0.02503015625354539,0.0
0.8224999999999935,0.0,0.0,-0.005066950266918681,0.0,0.0523072658491938,0.0,0.0,0.0,-0.2465911005414338,0.0,0.02451269239223276,0.0
0.8249999999999934,0.0,0.0,-0.005684411644533532,0.0,0.05236789935095044,0.0,0.0,0.0,-0.2473746512044812,0.0,0.02399408452489269,0.0
0.8274999999999934,0.0,0.0,-0.00630380385103893,0.0,0.05242723485191358,0.0,0.0,0.0,-0.2481357626968283,0.0,0.02347429721519848,0.0
0.8299999999999933,0.0,0.0,-0.006925070092081313,0.0,0.05248526936812591,0.0,0.0,0.0,-0.2488738805353803,0.0,0.02295330214873609,0.0
0.8324999999999932,0.0,0.0,-0.007548152192254149,0.0,0.05254199984494385,0.0,0.0,0.0,-0.2495884512412539,0.0,0.02243107123578016,0.0
0.8349999999999932,0.0,0.0,-0.008172990620549644,0.0,0.0525974231648051,0.0,0.0,0.0,-0.2502789449403223,0.0,0.02190758218987499,0.0
0.8374999999999931,0.0,0.0,-0.008799524554894337,0.0,0.05265153615980629,0.0,0.0,0.0,-0.2509448581731332,0.0,0.02138281703300626,0.0
0.8399999999999931,0.0,0.0,-0.00942769190220882,0.0,0.05270433562388699,0.0,0.0,0.0,-0.2515856787996593,0.0,0.02085676314999008,0.0
0.842499999999993,0.0,0.0,-0.01005742931889658,0.0,0.05275581832460553,0.0,0.0,0.0,-0.2522009173094488,0.0,0.02032941211355267,0.0
0.844999999999993,0.0,0.0,-0.01068867227960508,0.0,0.052805981018747,0.0,0.0,0.0,-0.2527901182154276,0.0,0.01980076370758215,0.0
0.8474999999999929,0.0,0.0,-0.01132135515447383,0.0,0.05285482046136075,0.0,0.0,0.0,-0.2533528521850275,0.0,0.01927081653334403,0.0
0.8499999999999929,0.0,0.0,-0.0119554112487077,0.0,0.05290233341440431,0.0,0.0,0.0,-0.2538887002131707,0.0,0.01873957819195646,0.0
0.8524999999999928,0.0,0.0,-0.01259077290820127,0.0,0.05294851666815729,0.0,0.0,0.0,-0.2543973111543179,0.0,0.01820706318813017,0.0
0.8549999999999928,0.0,0.0,-0.01322737155976923,0.0,0.05299336705412601,0.0,0.0,0.0,-0.254878299626661,0.0,0.01767328986174963,0.0
0.8574999999999927,0.0,0.0,-0.01386513772026007,0.0,0.05303688145468961,0.0,0.0,0.0,-0.2553313252993826,0.0,0.01713828089839526,0.0
0.8599999999999927,0.0,0.0,-0.01450400108456073,0.0,0.05307905681733876,0.0,0.0,0.0,-0.2557560701956195,0.0,0.01660206559057077,0.0
0.8624999999999926,0.0,0.0,-0.01514389059534109,0.0,0.05311989016738096,0.0,0.0,0.0,-0.2561522503628298,0.0,0.01606467688792336,0.0
0.8649999999999926,0.0,0.0,-0.01578473452548233,0.0,0.05315937861927992,0.0,0.0,0.0,-0.2565196139881889,0.0,0.01552615316769677,0.0
0.8674999999999925,0.0,0.0,-0.01642646056805859,0.0,0.05319751939118147,0.0,0.0,0.0,-0.2568579494181023,0.0,0.0149865390224121,0.0
0.8699999999999924,0.0,0.0,-0.01706899585793747,0.0,0.05323430981338693,0.0,0.0,0.0,-0.2571670206485431,0.0,0.01444587949853482,0.0
0.8724999999999924,0.0,0.0,-0.01771226705640911,0.0,0.05326974734415039,0.0,0.0,0.0,-0.257446686507941,0.0,0.01390423192047315,0.0
0.8749999999999923,0.0,0.0,-0.01835620047269408,0.0,0.05330382958434297,0.0,0.0,0.0,-0.2576968033356592,0.0,0.0133616532164894,0.0
0.8774999999999923,0.0,0.0,-0.01900072207941968,0.0,0.05333655428452032,0.0,0.0,0.0,-0.2579172491592104,0.0,0.01281820594933276,0.0
0.8799999999999922,0.0,0.0,-0.01964575759097351,0.0,0.05336791935466983,0.0,0.0,0.0,-0.2581079376204262,0.0,0.01227395527340826,0.0
0.8824999999999922,0.0,0.0,-0.02029123252816894,0.0,0.05339792287572542,0.0,0.0,0.0,-0.2582688000652119,0.0,0.01172897270839147,0.0
0.8849999999999921,0.0,0.0,-0.02093707224089494,0.0,0.05342656310477658,0.0,0.0,0.0,-0.2583997682214009,0.0,0.01118332770693076,0.0
0.8874999999999921,0.0,0.0,-0.02158320199815223,0.0,0.05345383848247169,0.0,0.0,0.0,-0.258500845900907,0.0,0.01063709761664406,0.0
0.889999999999992,0.0,0.0,-0.02222954706023566,0.0,0.05347974764554305,0.0,0.0,0.0,-0.2585720239202035,0.0,0.01009036190520318,0.0
0.892499999999992,0.0,0.0,-0.02287603270100401,0.0,0.05350428943085519,0.0,0.0,0.0,-0.2586133201552736,0.0,0.009543201310461815,0.0
0.8949999999999919,0.0,0.0,-0.02352258427291012,0.0,0.05352746288078681,0.0,0.0,0.0,-0.2586247798933593,0.0,0.00899569942984338,0.0
0.8974999999999919,0.0,0.0,-0.02416912725523281,0.0,0.05354926724691099,0.0,0.0,0.0,-0.2586064595585521,0.0,0.00844794004611545,0.0
0.8999999999999918,0.0,0.0,-0.02481558727024245,0.0,0.05356970199380606,0.0,0.0,0.0,-0.2585584170687666,0.0,0.007900009764904205,0.0
0.9024999999999918,0.0,0.0,-0.02546189011627275,0.0,0.05358876680092502,0.0,0.0,0.0,-0.2584807354082364,0.0,0.00735199387589727,0.0
0.9049999999999916,0.0,0.0,-0.02610796180833845,0.0,0.05360646156644425,0.0,0.0,0.0,-0.2583735047223786,0.0,0.00680398205398565,0.0
0.9074999999999916,0.0,0.0,-0.02675372859076735,0.0,0.05362278640800067,0.0,0.0,0.0,-0.2582368185471764,0.0,0.00625606018982955,0.0
0.9099999999999916,0.0,0.0,-0.02739911695510365,0.0,0.05363774166294833,0.0,0.0,0.0,-0.2580707802628733,0.0,0.005708318200684648,0.0
0.9124999999999917,0.0,0.0,-0.02804405364741365,0.0,0.05365132789128255,0.0,0.0,0.0,-0.2578754914956224,0.0,0.00516084418638867,0.0
0.9149999999999916,0.0,0.0,-0.02868846569003643,0.0,0.05366354586943311,0.0,0.0,0.0,-0.2576510682097242,0.0,0.004613723149353653,0.0
0.9174999999999914,0.0,0.0,-0.0293322803029443,0.0,0.05367439658527946,0.0,0.0,0.0,-0.2573975531724615,0.0,0.004067039064968798,0.0
0.9199999999999914,0.0,0.0,-0.02997542219633063,0.0,0.05368388096623344,0.0,0.0,0.0,-0.2571128309022069,0.0,0.003520653110419784,0.0
0.9224999999999912,0.0,0.0,-0.0306178116923522,0.0,0.05369199967049707,0.0,0.0,0.0,-0.2567956694631693,0.0,0.002974504723312348,0.0
0.9249999999999912,0.0,0.0,-0.0312593681038317,0.0,0.05369875341118326,0.0,0.0,0.0,-0.2564463767516996,0.0,0.002428687367301862,0.0
0.9274999999999912,0.0,0.0,-0.0319000112572372,0.0,0.05370414311706166,0.0,0.0,0.0,-0.2560650780627643,0.0,0.001883282137594388,0.0
0.9299999999999912,0.0,0.0,-0.03253966145141873,0.0,0.05370816993160265,0.0,0.0,0.0,-0.2556520255274471,0.0,0.001338379683385375,0.0
0.9324999999999912,0.0,0.0,-0.03317823970378092,0.0,0.05371083523867609,0.0,0.0,0.0,-0.255207541847863,0.0,0.0007940814597714974,0.0
0.9349999999999912,0.0,0.0,-0.03381566795241049,0.0,0.05371214068366386,0.0,0.0,0.0,-0.2547320408229391,0.0,0.0002504953415418907,0.0
0.937499999999991,0.0,0.0,-0.03445186924624609,0.0,0.05371208819012412,0.0,0.0,0.0,-0.2542259965345453,0.0,-0.0002922639448963897,0.0
0.939999999999991,0.0,0.0,-0.03508676789987809,0.0,0.05371067997303906,0.0,0.0,0.0,-0.2536899476855619,0.0,-0.0008340781653711957,0.0
0.9424999999999908,0.0,0.0,-0.03572028965124345,0.0,0.05370791855057718,0.0,0.0,0.0,-0.2531244938748647,0.0,-0.001374822920266933,0.0
0.9449999999999908,0.0,0.0,-0.03635236176980215,0.0,0.05370380674942658,0.0,0.0,0.0,-0.2525302607941343,0.0,-0.001914375932805428,0.0
0.9474999999999908,0.0,0.0,-0.03698291314705391,0.0,0.05369834770661053,0.0,0.0,0.0,-0.2519079206458576,0.0,-0.002452611148718048,0.0
0.9499999999999909,0.0,0.0,-0.03761187436310392,0.0,0.05369154486936503,0.0,0.0,0.0,-0.2512581526433403,0.0,-0.002989406270754793,0.0
0.9524999999999908,0.0,0.0,-0.03823917778604177,0.0,0.053683402003836,0.0,0.0,0.0,-0.2505817051311823,0.0,-0.003524628936809319,0.0
0.9549999999999906,0.0,0.0,-0.03886475768773564,0.0,0.05367392320463839,0.0,0.0,0.0,-0.2498793545124638,0.0,-0.00405814824243011,0.0
0.9574999999999906,0.0,0.0,-0.03948855031509933,0.0,0.05366311289676226,0.0,0.0,0.0,-0.2491518953429789,0.0,-0.004589831617812235,0.0
0.9599999999999904,0.0,0.0,-0.04011049390944183,0.0,0.05365097583065494,0.0,0.0,0.0,-0.2484001480085697,0.0,-0.005119550113385565,0.0
0.9624999999999904,0.0,0.0,-0.0407305287975914,0.0,0.05363751707816186,0.0,0.0,0.0,-0.2476249610946991,0.0,-0.005647175641123998,0.0
0.9649999999999904,0.0,0.0,-0.0413485975122672,0.0,0.05362274203974397,0.0,0.0,0.0,-0.2468272285636983,0.0,-0.006172574307760481,0.0
0.9674999999999904,0.0,0.0,-0.04196464483009011,0.0,0.0536066564477625,0.0,0.0,0.0,-0.2460078627584746,0.0,-0.006695614237592075,0.0
0.9699999999999904,0.0,0.0,-0.042578617795842,0.0,0.05358926635684628,0.0,0.0,0.0,-0.2451677668908756,0.0,-0.007216169094992725,0.0
0.9724999999999904,0.0,0.0,-0.04319046569590924,0.0,0.05357057813678678,0.0,0.0,0.0,-0.2443078295106351,0.0,-0.007734113301834548,0.0
0.9749999999999902,0.0,0.0,-0.04380014014111026,0.0,0.05355059847112055,0.0,0.0,0.0,-0.2434290220420317,0.0,-0.008249321507534746,0.0
0.9774999999999902,0.0,0.0,-0.04440759514094364,0.0,0.05352933435584658,0.0,0.0,0.0,-0.2425322917687147,0.0,-0.008761669002953758,0.0
0.97999999999999,0.0,0.0,-0.04501278708811039,0.0,0.05350679309728829,0.0,0.0,0.0,-0.2416185986832274,0.0,-0.009271032310435696,0.0
0.98249999999999,0.0,0.0,-0.04561567479121823,0.0,0.05348298230540354,0.0,0.0,0.0,-0.24068891494639,0.0,-0.009777291940272792,0.0
0.98499999999999,0.0,0.0,-0.04621621948076138,0.0,0.05345790988819563,0.0,0.0,0.0,-0.239744206025265,0.0,-0.01028032897741433,0.0
0.98749999999999,0.0,0.0,-0.04681438479567238,0.0,0.05343158404697384,0.0,0.0,0.0,-0.2387854332447065,0.0,-0.01078002772260532,0.0
0.98999999999999,0.0,0.0,-0.04741013676413298,0.0,0.05340401326568372,0.0,0.0,0.0,-0.237813545478675,0.0,-0.01127627751559911,0.0
0.9924999999999898,0.0,0.0,-0.04800344381205435,0.0,0.0533752063044282,0.0,0.0,0.0,-0.2368295145154968,0.0,-0.0117689685196542,0.0
0.9949999999999898,0.0,0.0,-0.04859427677781077,0.0,0.053345172193482,0.0,0.0,0.0,-0.2358342966144898,0.0,-0.01225799412266255,0.0
0.9974999999999896,0.0,0.0,-0.04918260887279895,0.0,0.05331392022318004,0.0,0.0,0.0,-0.2348288346563962,0.0,-0.01274325298274143,0.0
0.9999999999999896,0.0,0.0,-0.04976841564214807,0.0,0.05328145993305699,0.0,0.0,0.0,-0.2338140514413321,0.0,-0.01322464719412773,0.0
1.00249999999999,0.0,0.0,-0.0503516749132304,0.0,0.05324780110259932,0.0,0.0,0.0,-0.2327908529947299,0.0,-0.01370208232370046,0.0
1.00499999999999,0.0,0.0,-0.05093236676857232,0.0,0.05321295374189623,0.0,0.0,0.0,-0.231760133768196,0.0,-0.01417546866407723,0.0
1.00749999999999,0.0,0.0,-0.05151047348086258,0.0,0.05317692808012204,0.0,0.0,0.0,-0.2307227540660375,0.0,-0.01464472061281872,0.0
1.00999999999999,0.0,0.0,-0.05208597944629983,0.0,0.05313973455234566,0.0,0.0,0.0,-0.2296795510597752,0.0,-0.01510975898249921,0.0
1.01249999999999,0.0,0.0,-0.05265887112829589,0.0,0.0531013837883902,0.0,0.0,0.0,-0.2286313416902469,0.0,-0.01557050716342027,0.0
1.014999999999989,0.0,0.0,-0.05322913700451228,0.0,0.05306188660231741,0.0,0.0,0.0,-0.2275789204739368,0.0,-0.01602689437757531,0.0
1.017499999999989,0.0,0.0,-0.05379676748749861,0.0,0.05302125397775891,0.0,0.0,0.0,-0.2265230407301559,0.0,-0.01647885573390024,0.0
1.019999999999989,0.0,0.0,-0.05436175482646027,0.0,0.05297949705307485,0.0,0.0,0.0,-0.2254644184898969,0.0,-0.01692633233742472,0.0
1.022499999999989,0.0,0.0,-0.0549240930430541,0.0,0.05293662710616389,0.0,0.0,0.0,-0.2244037557705335,0.0,-0.01736927144751046,0.0
1.024999999999989,0.0,0.0,-0.05548377787398858,0.0,0.05289265554109666,0.0,0.0,0.0,-0.223341722328074,0.0,-0.0178076248311121,0.0
1.027499999999989,0.0,0.0,-0.05604080664615892,0.0,0.05284759386769157,0.0,0.0,0.0,-0.2222789208303663,0.0,-0.01824135617956644,0.0
1.029999999999989,0.0,0.0,-0.05659517819218311,0.0,0.0528014536805826,0.0,0.0,0.0,-0.2212159527175818,0.0,-0.01867043378712771,0.0
1.032499999999989,0.0,0.0,-0.05714689277280238,0.0,0.05275424663836946,0.0,0.0,0.0,-0.2201533592217892,0.0,-0.01909483825924559,0.0
1.034999999999989,0.0,0.0,-0.05769595200331008,0.0,0.05270598444072858,0.0,0.0,0.0,-0.2190916826785378,0.0,-0.01951455608028682,0.0
1.037499999999989,0.0,0.0,-0.05824235877866454,0.0,0.05265667880547231,0.0,0.0,0.0,-0.2180314041212353,0.0,-0.01992958617847779,0.0
1.039999999999989,0.0,0.0,-0.05878611721574158,0.0,0.05260634143437813,0.0,0.0,0.0,-0.2169730200875413,0.0,-0.02033994245177898,0.0
1.042499999999989,0.0,0.0,-0.059327232636788,0.0,0.05255498398228539,0.0,0.0,0.0,-0.2159169985697815,0.0,-0.02074564859049951,0.0
1.044999999999989,0.0,0.0,-0.05986571146994972,0.0,0.05250261803020467,0.0,0.0,0.0,-0.2148637564311698,0.0,-0.02114673998641552,0.0
1.047499999999989,0.0,0.0,-0.06040156112065233,0.0,0.05244925505948541,0.0,0.0,0.0,-0.2138136587873721,0.0,-0.02154326099713192,0.0
1.049999999999989,0.0,0.0,-0.06093478985534109,0.0,0.05239490643146723,0.0,0.0,0.0,-0.2127670294721774,0.0,-0.0219352632736522,0.0
1.052499999999989,0.0,0.0,-0.06146540666457632,0.0,0.05233958336830478,0.0,0.0,0.0,-0.2117241240428414,0.0,-0.02232280652669499,0.0
1.054999999999989,0.0,0.0,-0.06199342110586421,0.0,0.05228329693880854,0.0,0.0,0.0,-0.2106851406100796,0.0,-0.02270595372766553,0.0
1.057499999999989,0.0,0.0,-0.06251884314218775,0.0,0.05222605804426458,0.0,0.0,0.0,-0.2096502055219968,0.0,-0.02308477592360256,0.0
1.059999999999989,0.0,0.0,-0.0630416829418059,0.0,0.05216787740471901,0.0,0.0,0.0,-0.2086193571355362,0.0,-0.02345934709088793,0.0
1.062499999999988,0.0,0.0,-0.06356195064673711,0.0,0.05210876554717767,0.0,0.0,0.0,-0.2075925348154318,0.0,-0.02382974759901007,0.0
1.064999999999988,0.0,0.0,-0.06407965614330237,0.0,0.05204873279012553,0.0,0.0,0.0,-0.2065695985376735,0.0,-0.02419606393527298,0.0
1.067499999999988,0.0,0.0,-0.064594808826086,0.0,0.05198778923628479,0.0,0.0,0.0,-0.2055502895155912,0.0,-0.02455838244867009,0.0
1.069999999999988,0.0,0.0,-0.06510741735283779,0.0,0.05192594476702896,0.0,0.0,0.0,-0.2045342807734639,0.0,-0.02491679355600046,0.0
1.072499999999988,0.0,0.0,-0.06561748950831418,0.0,0.05186320903347983,0.0,0.0,0.0,-0.2035211993184164,0.0,-0.02527139106059752,0.0
1.074999999999988,0.0,0.0,-0.06612503203765852,0.0,0.05179959144898009,0.0,0.0,0.0,-0.202510587307099,0.0,-0.0256222715054802,0.0
1.077499999999988,0.0,0.0,-0.06663005043836638,0.0,0.05173510117515872,0.0,0.0,0.0,-0.2015019039931923,0.0,-0.02596953964542822,0.0
1.079999999999988,0.0,0.0,-0.06713254880500548,0.0,0.05166974710961582,0.0,0.0,0.0,-0.2004945681198934,0.0,-0.02631330198363491,0.0
1.082499999999988,0.0,0.0,-0.06763252969289615,0.0,0.05160353787936734,0.0,0.0,0.0,-0.1994879292826655,0.0,-0.02665366845148585,0.0
1.084999999999988,0.0,0.0,-0.06812999400531254,0.0,0.05153648183531852,0.0,0.0,0.0,-0.1984813153094361,0.0,-0.0269907499617346,0.0
1.087499999999988,0.0,0.0,-0.06862494089989984,0.0,0.05146858704477024,0.0,0.0,0.0,-0.1974740048419736,0.0,-0.02732466261496212,0.0
1.089999999999988,0.0,0.0,-0.06911736767115673,0.0,0.05139986128379027,0.0,0.0,0.0,-0.1964652258608724,0.0,-0.02765552317282904,0.0
1.092499999999988,0.0,0.0,-0.06960726962675116,0.0,0.05133031203489916,0.0,0.0,0.0,-0.1954541619372272,0.0,-0.02798344975047089,0.0
1.094999999999988,0.0,0.0,-0.07009463992939514,0.0,0.05125994648498059,0.0,0.0,0.0,-0.1944399137299994,0.0,-0.02830856076113876,0.0
1.097499999999988,0.0,0.0,-0.07057946961551806,0.0,0.05118877152159403,0.0,0.0,0.0,-0.1934216794470288,0.0,-0.02863097725171346,0.0
1.099999999999988,0.0,0.0,-0.07106174754380118,0.0,0.05111679372753569,0.0,0.0,0.0,-0.1923985183838908,0.0,-0.02895082194902314,0.0
1.102499999999988,0.0,0.0,-0.07154146024867945,0.0,0.0510440193805201,0.0,0.0,0.0,-0.1913695121792865,0.0,-0.02926821619931118,0.0
1.104999999999988,0.0,0.0,-0.07201859192907516,0.0,0.05097045445338613,0.0,0.0,0.0,-0.1903337124611173,0.0,-0.02958328264258525,0.0
1.107499999999987,0.0,0.0,-0.07249312440069722,0.0,0.05089610462010895,0.0,0.0,0.0,-0.1892901557625227,0.0,-0.02989613745880954,0.0
1.109999999999987,0.0,0.0,-0.07296503704396264,0.0,0.05082097525977745,0.0,0.0,0.0,-0.1882378636977879,0.0,-0.03020690043191068,0.0
1.112499999999987,0.0,0.0,-0.07343430678923711,0.0,0.05074507145480283,0.0,0.0,0.0,-0.1871758497878324,0.0,-0.03051568975068927,0.0
1.114999999999987,0.0,0.0,-0.07390090808620514,0.0,0.05066839799946768,0.0,0.0,0.0,-0.1861031190288737,0.0,-0.03082261700364294,0.0
1.117499999999987,0.0,0.0,-0.07436481290496877,0.0,0.05059095941001965,0.0,0.0,0.0,-0.1850186832758612,0.0,-0.031127793346413,0.0
1.119999999999987,0.0,0.0,-0.07482599072739252,0.0,0.05051275992511249,0.0,0.0,0.0,-0.1839215350832457,0.0,-0.03143132942072956,0.0
1.122499999999987,0.0,0.0,-0.07528440853400287,0.0,0.0504338035186559,0.0,0.0,0.0,-0.1828106859270132,0.0,-0.03173332667685797,0.0
1.124999999999987,0.0,0.0,-0.0757400308489962,0.0,0.0503540939156045,0.0,0.0,0.0,-0.1816851580236399,0.0,-0.03203388278280707,0.0
1.127499999999987,0.0,0.0,-0.07619281978726138,0.0,0.0502736346051593,0.0,0.0,0.0,-0.1805439983349379,0.0,-0.03233308848449278,0.0
1.129999999999987,0.0,0.0,-0.07664273508062287,0.0,0.05019242885502012,0.0,0.0,0.0,-0.1793862616097688,0.0,-0.03263103061515153,0.0
1.132499999999987,0.0,0.0,-0.07708973416343157,0.0,0.05011047972658932,0.0,0.0,0.0,-0.1782110469333064,0.0,-0.03292778699631792,0.0
1.134999999999987,0.0,0.0,-0.07753377226220425,0.0,0.05002779010109261,0.0,0.0,0.0,-0.177017491750824,0.0,-0.03322342413187749,0.0
1.137499999999987,0.0,0.0,-0.07797480253850089,0.0,0.04994436270732306,0.0,0.0,0.0,-0.1758048077050861,0.0,-0.03351799748638411,0.0
1.139999999999987,0.0,0.0,-0.07841277611220233,0.0,0.04986020013527868,0.0,0.0,0.0,-0.1745721490972195,0.0,-0.03381156242779802,0.0
1.142499999999987,0.0,0.0,-0.07884764210026332,0.0,0.04977530485162844,0.0,0.0,0.0,-0.1733187581989118,0.0,-0.03410416278364544,0.0
1.144999999999987,0.0,0.0,-0.0792793477392668,0.0,0.04968967922175156,0.0,0.0,0.0,-0.1720438901435122,0.0,-0.03439583525721636,0.0
1.147499999999987,0.0,0.0,-0.07970783853647652,0.0,0.04960332553612352,0.0,0.0,0.0,-0.1707469035648376,0.0,-0.03468660313353158,0.0
1.149999999999987,0.0,0.0,-0.08013305841072492,0.0,0.04951624603215526,0.0,0.0,0.0,-0.1694271718335985,0.0,-0.03497648573073282,0.0
1.152499999999987,0.0,0.0,-0.08055494974510759,0.0,0.04942844291735703,0.0,0.0,0.0,-0.1680840928308464,0.0,-0.03526548760948345,0.0
1.154999999999986,0.0,0.0,-0.08097345347841757,0.0,0.04933991839264787,0.0,0.0,0.0,-0.1667171090836647,0.0,-0.03555360929119113,0.0
1.157499999999986,0.0,0.0,-0.08138850921227883,0.0,0.04925067467312286,0.0,0.0,0.0,-0.1653257161799849,0.0,-0.0358408397986443,0.0
1.159999999999986,0.0,0.0,-0.08180005535367071,0.0,0.04916071400490288,0.0,0.0,0.0,-0.1639094584361256,0.0,-0.03612716375677222,0.0
1.162499999999986,0.0,0.0,-0.08220802921867473,0.0,0.04907003868593975,0.0,0.0,0.0,-0.1624679179155399,0.0,-0.03641255631966508,0.0
1.164999999999986,0.0,0.0,-0.08261236714405662,0.0,0.04897865108430691,0.0,0.0,0.0,-0.1610007293776586,0.0,-0.03669698578860484,0.0
1.167499999999986,0.0,0.0,-0.08301300456668896,0.0,0.0488865536617138,0.0,0.0,0.0,-0.1595075384673764,0.0,-0.03698040897471151,0.0
1.169999999999986,0.0,0.0,-0.08340987616334296,0.0,0.04879374898990917,0.0,0.0,0.0,-0.1579880897773535,0.0,-0.03726278163018882,0.0
1.172499999999986,0.0,0.0,-0.0838029160215992,0.0,0.04870023976499613,0.0,0.0,0.0,-0.1564421740282819,0.0,-0.03754404704997995,0.0
1.174999999999986,0.0,0.0,-0.08419205773995282,0.0,0.04860602883589507,0.0,0.0,0.0,-0.1548696010179537,0.0,-0.03782414097803405,0.0
1.177499999999986,0.0,0.0,-0.08457723452711334,0.0,0.04851111921609195,0.0,0.0,0.0,-0.153270253544942,0.0,-0.03810299571791945,0.0
1.179999999999986,0.0,0.0,-0.08495837936319267,0.0,0.04841551409755607,0.0,0.0,0.0,-0.1516440646300779,0.0,-0.03838053612475603,0.0
1.182499999999986,0.0,0.0,-0.0853354251159512,0.0,0.04831921686673778,0.0,0.0,0.0,-0.1499910130782562,0.0,-0.03865668190179931,0.0
1.184999999999986,0.0,0.0,-0.08570830466351996,0.0,0.0482222311166739,0.0,0.0,0.0,-0.148311123379315,0.0,-0.03893134770748911,0.0
1.187499999999986,0.0,0.0,-0.08607695097540899,0.0,0.04812456066446633,0.0,0.0,0.0,-0.1466044498904368,0.0,-0.03920443997378402,0.0
1.189999999999986,0.0,0.0,-0.0864412972290984,0.0,0.04802620956350673,0.0,0.0,0.0,-0.1448711019499103,0.0,-0.0394758630924489,0.0
1.192499999999986,0.0,0.0,-0.08680127686426783,0.0,0.04792718210621393,0.0,0.0,0.0,-0.1431111792428983,0.0,-0.03974552195588497,0.0
1.194999999999986,0.0,0.0,-0.08715682345854268,0.0,0.04782748280238262,0.0,0.0,0.0,-0.1413246975068528,0.0,-0.04001333626082249,0.0
1.197499999999986,0.0,0.0,-0.08750787071419872,0.0,0.04772711637602314,0.0,0.0,0.0,-0.1395117362163478,0.0,-0.04027921648789789,0.0
1.199999999999986,0.0,0.0,-0.0878543524667926,0.0,0.04762608776155363,0.0,0.0,0.0,-0.1376723228792025,0.0,-0.04054308320896349,0.0
1.202499999999985,0.0,0.0,-0.08819620269135622,0.0,0.04752440209762659,0.0,0.0,0.0,-0.1358065423833591,0.0,-0.04080485258781587,0.0
1.204999999999985,0.0,0.0,-0.08853335556689074,0.0,0.0474220647271455,0.0,0.0,0.0,-0.1339144725612087,0.0,-0.04106444500903487,0.0
1.207499999999985,0.0,0.0,-0.08886574550157862,0.0,0.04731908119597151,0.0,0.0,0.0,-0.1319962180127807,0.0,-0.04132177760616154,0.0
1.209999999999985,0.0,0.0,-0.08919330721867476,0.0,0.04721545725878738,0.0,0.0,0.0,-0.1300519283820467,0.0,-0.04157676643750374,0.0
1.212499999999985,0.0,0.0,-0.08951597583469065,0.0,0.0471111988805229,0.0,0.0,0.0,-0.128081767036235,0.0,-0.04182932716360997,0.0
1.214999999999985,0.0,0.0,-0.0898336865749231,0.0,0.04700631219076841,0.0,0.0,0.0,-0.1260856684826649,0.0,-0.0420794110294762,0.0
1.217499999999985,0.0,0.0,-0.09014637276937924,0.0,0.04690080322217714,0.0,0.0,0.0,-0.1240621711530426,0.0,-0.04232714575951292,0.0
1.219999999999985,0.0,0.0,-0.09045396539041786,0.0,0.04679467785206085,0.0,0.0,0.0,-0.1220108471413024,0.0,-0.04257252848112369,0.0
1.222499999999985,0.0,0.0,-0.09075639475623846,0.0,0.04668794201559972,0.0,0.0,0.0,-0.1199316045081881,0.0,-0.04281551500985445,0.0
1.224999999999985,0.0,0.0,-0.09105359100680332,0.0,0.046580601764976,0.0,0.0,0.0,-0.1178243898722326,0.0,-0.04305605641160972,0.0
1.227499999999985,0.0,0.0,-0.09134548444348864,0.0,0.04647266330388775,0.0,0.0,0.0,-0.1156893889869881,0.0,-0.04329408012621815,0.0
1.229999999999985,0.0,0.0,-0.09163200609089796,0.0,0.04636413304510316,0.0,0.0,0.0,-0.1135269930938107,0.0,-0.04352949136822743,0.0
1.232499999999985,0.0,0.0,-0.09191308803172032,0.0,0.04625501764321729,0.0,0.0,0.0,-0.1113376585623946,0.0,-0.0437621916487978,0.0
1.234999999999985,0.0,0.0,-0.09218866366522098,0.0,0.04614532401251579,0.0,0.0,0.0,-0.1091219818331853,0.0,-0.04399207147181282,0.0
1.237499999999985,0.0,0.0,-0.09245866773280136,0.0,0.04603505932933591,0.0,0.0,0.0,-0.1068804407424276,0.0,-0.04421903091757184,0.0
1.239999999999985,0.0,0.0,-0.09272303644813798,0.0,0.04592423103577568,0.0,0.0,0.0,-0.1046137343819721,0.0,-0.04444295732765902,0.0
1.242499999999985,0.0,0.0,-0.09298170789345818,0.0,0.04581284686641923,0.0,0.0,0.0,-0.1023226589963466,0.0,-0.04466372908311425,0.0
1.244999999999985,0.0,0.0,-0.09323462212710558,0.0,0.04570091485598596,0.0,0.0,0.0,-0.1000079990442919,0.0,-0.04488122778996432,0.0
1.247499999999985,0.0,0.0,-0.09348172120794564,0.0,0.04558844333674486,0.0,0.0,0.0,-0.09767057046479712,0.0,-0.0450953340465484,0.0
1.249999999999984,0.0,0.0,-0.0937229491114709,0.0,0.04547544092401454,0.0,0.0,0.0,-0.09531109243815047,0.0,-0.04530594030874042,0.0
1.252499999999984,0.0,0.0,-0.09395825166345746,0.0,0.04536191650955326,0.0,0.0,0.0,-0.09293032528080276,0.0,-0.04551293353118108,0.0
1.254999999999984,0.0,0.0,-0.09418757599382709,0.0,0.04524787922880433,0.0,0.0,0.0,-0.09052853832942798,0.0,-0.04571623190752636,0.0
1.257499999999984,0.0,0.0,-0.09441087338586691,0.0,0.04513333862023952,0.0,0.0,0.0,-0.08810880653678783,0.0,-0.04591559452449787,0.0
1.259999999999984,0.0,0.0,-0.0946281007591444,0.0,0.04501830469366588,0.0,0.0,0.0,-0.08567255388458385,0.0,-0.04611088516138815,0.0
1.262499999999984,0.0,0.0,-0.09483921849998024,0.0,0.04490278779215423,0.0,0.0,0.0,-0.08322112991010866,0.0,-0.04630197327030196,0.0
1.264999999999984,0.0,0.0,-0.09504419044455988,0.0,0.0447867985828419,0.0,0.0,0.0,-0.08075594612751599,0.0,-0.04648873039278449,0.0
1.267499999999984,0.0,0.0,-0.0952429839596436,0.0,0.04467034805027589,0.0,0.0,0.0,-0.07827841405081244,0.0,-0.04667103137594343,0.0
1.269999999999984,0.0,0.0,-0.0954355700989452,0.0,0.04455344749427997,0.0,0.0,0.0,-0.0757900714956159,0.0,-0.0468487478039434,0.0
1.272499999999984,0.0,0.0,-0.09562192374259272,0.0,0.04443610853490648,0.0,0.0,0.0,-0.07329244729818843,0.0,-0.04702175389171603,0.0
1.274999999999984,0.0,0.0,-0.09580202360472263,0.0,0.04431834309450329,0.0,0.0,0.0,-0.07078707224056677,0.0,-0.04718993208790339,0.0
1.277499999999984,0.0,0.0,-0.09597585221320684,0.0,0.04420016338853016,0.0,0.0,0.0,-0.06827547249054688,0.0,-0.04735316651506821,0.0
1.279999999999984,0.0,0.0,-0.09614339596285364,0.0,0.04408158191380136,0.0,0.0,0.0,-0.06575921025916011,0.0,-0.04751134698197275,0.0
1.282499999999984,0.0,0.0,-0.09630464517116166,0.0,0.04396261144212067,0.0,0.0,0.0,-0.06323986383837053,0.0,-0.04766436404722719,0.0
1.284999999999984,0.0,0.0,-0.0964595940936858,0.0,0.04384326501289597,0.0,0.0,0.0,-0.06071900587614076,0.0,-0.04781211324628687,0.0
1.287499999999984,0.0,0.0,-0.09660824092316046,0.0,0.04372355591545764,0.0,0.0,0.0,-0.05819821272073037,0.0,-0.0479544989453243,0.0
1.289999999999984,0.0,0.0,-0.096750587765228,0.0,0.04360349768048445,0.0,0.0,0.0,-0.05567903904042623,0.0,-0.04809142387380775,0.0
1.292499999999984,0.0,0.0,-0.0968866406399264,0.0,0.04348310407723085,0.0,0.0,0.0,-0.05316306195691008,0.0,-0.04822279453940913,0.0
1.294999999999983,0.0,0.0,-0.0970164095127276,0.0,0.04336238909897034,0.0,0.0,0.0,-0.05065185964414493,0.0,-0.04834852441719957,0.0
1.297499999999983,0.0,0.0,-0.09713990824933769,0.0,0.04324136694763071,0.0,0.0,0.0,-0.04814697201701782,0.0,-0.04846853404302282,0.0
1.299999999999983,0.0,0.0,-0.09725715454188624,0.0,0.04312005201468744,0.0,0.0,0.0,-0.04564992674374787,0.0,-0.04858275116384651,0.0
1.302499999999983,0.0,0.0,-0.09736816984313924,0.0,0.04299845886540996,0.0,0.0,0.0,-0.04316219871092348,0.0,-0.04869110835494384,0.0
1.304999999999983,0.0,0.0,-0.09747293826968144,0.0,0.04287661445646131,0.0,0.0,0.0,-0.04062988554570322,0.0,-0.04877705554080983,0.0
1.307499999999983,0.0,0.0,-0.09757136759570362,0.0,0.042754569720955,0.0,0.0,0.0,-0.03808956244108242,0.0,-0.04885096297055088,0.0
1.309999999999983,0.0,0.0,-0.09766352869787558,0.0,0.04263232834798671,0.0,0.0,0.0,-0.03563926080101916,0.0,-0.04894148049792436,0.0
1.312499999999983,0.0,0.0,-0.09774951620810755,0.0,0.0425098881526757,0.0,0.0,0.0,-0.03311785912097816,0.0,-0.04900026091711089,0.0
1.314999999999983,0.0,0.0,-0.09782927036528868,0.0,0.04238729397286595,0.0,0.0,0.0,-0.03069255267248792,0.0,-0.04907654486896561,0.0
1.317499999999983,0.0,0.0,-0.09790300141478132,0.0,0.04226451149554297,0.0,0.0,0.0,-0.02825443529950415,0.0,-0.04913750736637683,0.0
1.319999999999983,0.0,0.0,-0.0979705204943313,0.0,0.04214162699798939,0.0,0.0,0.0,-0.02574797277049085,0.0,-0.04916548079857497,0.0
1.322499999999983,0.0,0.0,-0.09803170689465214,0.0,0.0420187084339306,0.0,0.0,0.0,-0.02319011175936353,0.0,-0.04916536321580944,0.0
1.324999999999983,0.0,0.0,-0.098086457202667,0.0,0.04189581874556205,0.0,0.0,0.0,-0.02060301862407372,0.0,-0.04914357029144348,0.0
1.327499999999983,0.0,0.0,-0.09813473453969138,0.0,0.04177300155095479,0.0,0.0,0.0,-0.01801708110757183,0.0,-0.04910899206845062,0.0
1.329999999999983,0.0,0.0,-0.09817657572485744,0.0,0.04165027889529224,0.0,0.0,0.0,-0.01545713488557345,0.0,-0.04906886089042112,0.0
1.332499999999983,0.0,0.0,-0.0982120658765004,0.0,0.04152765891714553,0.0,0.0,0.0,-0.01293932336566575,0.0,-0.04902778235914164,0.0
1.334999999999983,0.0,0.0,-0.09824145676317966,0.0,0.04140510026875796,0.0,0.0,0.0,-0.01056490770043896,0.0,-0.04901576563458698,0.0
1.337499999999983,0.0,0.0,-0.09826489656481108,0.0,0.04128259497342386,0.0,0.0,0.0,-0.008181229188915928,0.0,-0.04898599320473783,0.0
1.339999999999983,0.0,0.0,-0.09828236709203496,0.0,0.04116018573023512,0.0,0.0,0.0,-0.005789992214899372,0.0,-0.0489391216785633,0.0
1.342499999999982,0.0,0.0,-0.09829386440700964,0.0,0.04103791076890815,0.0,0.0,0.0,-0.003405692698437738,0.0,-0.04887951043155203,0.0
1.344999999999982,0.0,0.0,-0.09829943098157592,0.0,0.04091579433567996,0.0,0.0,0.0,-0.001048520935116784,0.0,-0.04881326807575058,0.0
1.347499999999982,0.0,0.0,-0.09829916137810012,0.0,0.04079384487546648,0.0,0.0,0.0,0.001259854542990173,0.0,-0.048746987504585,0.0
1.349999999999982,0.0,0.0,-0.09829320391385508,0.0,0.04067205442852293,0.0,0.0,0.0,0.003503727316075481,0.0,-0.04868541595009717,0.0
1.352499999999982,0.0,0.0,-0.09828161674478644,0.0,0.04055044417750307,0.0,0.0,0.0,0.005775412881011181,0.0,-0.04859906875708825,0.0
1.354999999999982,0.0,0.0,-0.09826436721232516,0.0,0.04042906447748701,0.0,0.0,0.0,0.008022759400223652,0.0,-0.0485044241374226,0.0
1.357499999999982,0.0,0.0,-0.0982415864437926,0.0,0.04030791390080286,0.0,0.0,0.0,0.01019671935167744,0.0,-0.04841694759903287,0.0
1.359999999999982,0.0,0.0,-0.09821342792162092,0.0,0.04018698355697749,0.0,0.0,0.0,0.01232787380352946,0.0,-0.04832736712015432,0.0
1.362499999999982,0.0,0.0,-0.09818000830489404,0.0,0.04006627543739579,0.0,0.0,0.0,0.0144025387640654,0.0,-0.04824014010893791,0.0
1.364999999999982,0.0,0.0,-0.09814148538179111,0.0,0.03994577826467464,0.0,0.0,0.0,0.01640854691614793,0.0,-0.04815923654415296,0.0
1.367499999999982,0.0,0.0,-0.09809802300511654,0.0,0.03982547870414611,0.0,0.0,0.0,0.01836623771558638,0.0,-0.04807809786681336,0.0
1.369999999999982,0.0,0.0,-0.09804967432705268,0.0,0.03970539935161898,0.0,0.0,0.0,0.02031135663397442,0.0,-0.0479850766651123,0.0
1.372499999999982,0.0,0.0,-0.09799649458721744,0.0,0.03958556147077687,0.0,0.0,0.0,0.02223345702014014,0.0,-0.04788422654299469,0.0
1.374999999999982,0.0,0.0,-0.09793855011827536,0.0,0.03946598126812951,0.0,0.0,0.0,0.02411975176032047,0.0,-0.04778003524177737,0.0
1.377499999999982,0.0,0.0,-0.097875955355721,0.0,0.039346658659021,0.0,0.0,0.0,0.02595074766956576,0.0,-0.04767910825183473,0.0
1.379999999999982,0.0,0.0,-0.09780894506437283,0.0,0.03922755373980223,0.0,0.0,0.0,0.02764335410142014,0.0,-0.04760874734396257,0.0
1.382499999999982,0.0,0.0,-0.0977377746272154,0.0,0.0391086191308543,0.0,0.0,0.0,0.02929259935279293,0.0,-0.0475383991185518,0.0
1.384999999999982,0.0,0.0,-0.09766247033154384,0.0,0.0389898813005277,0.0,0.0,0.0,0.03096259657231629,0.0,-0.04744729198310568,0.0
1.387499999999982,0.0,0.0,-0.09758295946254376,0.0,0.03887139846517228,0.0,0.0,0.0,0.03265015529862019,0.0,-0.04733695708325804,0.0
1.389999999999981,0.0,0.0,-0.09749931268385918,0.0,0.03875317990653183,0.0,0.0,0.0,0.03425175359200403,0.0,-0.04724235976059826,0.0
1.392499999999981,0.0,0.0,-0.09741175173092162,0.0,0.03863518323562789,0.0,0.0,0.0,0.03579482280335678,0.0,-0.04715502415882121,0.0
1.394999999999981,0.0,0.0,-0.09732036592646497,0.0,0.03851740837814743,0.0,0.0,0.0,0.03731332288784028,0.0,-0.04706434717694117,0.0
1.397499999999981,0.0,0.0,-0.097225210235437,0.0,0.03839986499547526,0.0,0.0,0.0,0.03881070962784935,0.0,-0.04696984936624468,0.0
1.399999999999981,0.0,0.0,-0.09712633532720344,0.0,0.03828256248938241,0.0,0.0,0.0,0.04028867470951434,0.0,-0.04687165061023228,0.0
1.402499999999981,0.0,0.0,-0.09702378756894216,0.0,0.03816550997019787,0.0,0.0,0.0,0.0417489733614086,0.0,-0.04676986453910134,0.0
1.404999999999981,0.0,0.0,-0.09691760885110293,0.0,0.03804871623094718,0.0,0.0,0.0,0.04319341973484787,0.0,-0.04666463087170577,0.0
1.407499999999981,0.0,0.0,-0.09680783667104682,0.0,0.03793218971326382,0.0,0.0,0.0,0.04462372041241101,0.0,-0.04655609081237805,0.0
1.409999999999981,0.0,0.0,-0.09669450390004353,0.0,0.03781593851695166,0.0,0.0,0.0,0.04604187109309257,0.0,-0.04644437745779651,0.0
1.412499999999981,0.0,0.0,-0.09657763860315012,0.0,0.03769997038961617,0.0,0.0,0.0,0.04744971951318745,0.0,-0.04632963914059533,0.0
1.414999999999981,0.0,0.0,-0.09645726420713666,0.0,0.03758429270659092,0.0,0.0,0.0,0.04884912769543861,0.0,-0.04621202511470682,0.0
1.417499999999981,0.0,0.0,-0.09633339954074584,0.0,0.03746891246569389,0.0,0.0,0.0,0.05024191524082456,0.0,-0.04609168869410458,0.0
1.419999999999981,0.0,0.0,-0.09620605885002433,0.0,0.03735383627637596,0.0,0.0,0.0,0.0516299252864725,0.0,-0.04596878664196089,0.0
1.422499999999981,0.0,0.0,-0.09607525164305591,0.0,0.03723907036700273,0.0,0.0,0.0,0.0530151057008339,0.0,-0.04584346730921933,0.0
1.424999999999981,0.0,0.0,-0.09594098265987366,0.0,0.03712462058280719,0.0,0.0,0.0,0.05439932374343485,0.0,-0.04571588876967454,0.0
1.427499999999981,0.0,0.0,-0.09580325228751814,0.0,0.03701049235871039,0.0,0.0,0.0,0.05578419338319028,0.0,-0.04558622085907311,0.0
1.429999999999981,0.0,0.0,-0.09566205671808072,0.0,0.0368966907133239,0.0,0.0,0.0,0.05717146111001227,0.0,-0.04545462739902115,0.0
1.432499999999981,0.0,0.0,-0.09551738783023676,0.0,0.03678322024664224,0.0,0.0,0.0,0.05856282916259704,0.0,-0.04532127859198077,0.0
1.434999999999981,0.0,0.0,-0.09536923332095332,0.0,0.03667008512540199,0.0,0.0,0.0,0.05995993941341043,0.0,-0.04518635111688714,0.0
1.43749999999998,0.0,0.0,-0.09521757683743452,0.0,0.03655728907699118,0.0,0.0,0.0,0.06136438923797936,0.0,-0.0450500203769483,0.0
1.43999999999998,0.0,0.0,-0.09506239809548209,0.0,0.03644483540511693,0.0,0.0,0.0,0.06277772599418344,0.0,-0.04491244996954252,0.0
1.44249999999998,0.0,0.0,-0.09490367292119346,0.0,0.03633272701637222,0.0,0.0,0.0,0.06420151439775551,0.0,-0.04477379390028175,0.0
1.44499999999998,0.0,0.0,-0.09474137335471364,0.0,0.03622096644541981,0.0,0.0,0.0,0.06563721892316275,0.0,-0.04463419570807955,0.0
1.44749999999998,0.0,0.0,-0.09457546786049834,0.0,0.03610955588922832,0.0,0.0,0.0,0.06708623502397745,0.0,-0.04449378217994065,0.0
1.44999999999998,0.0,0.0,-0.09440592149187714,0.0,0.03599849723940701,0.0,0.0,0.0,0.06854989745825313,0.0,-0.04435267084999903,0.0
1.45249999999998,0.0,0.0,-0.09423269598527503,0.0,0.03588779211349448,0.0,0.0,0.0,0.07002952271863985,0.0,-0.04421096315553077,0.0
1.45499999999998,0.0,0.0,-0.09405574994389816,0.0,0.03577744189311406,0.0,0.0,0.0,0.07152630242729428,0.0,-0.04406874649657599,0.0
1.45749999999998,0.0,0.0,-0.09387503911157362,0.0,0.03566744776614914,0.0,0.0,0.0,0.07304133279811915,0.0,-0.04392608866411412,0.0
1.45999999999998,0.0,0.0,-0.09369051665760156,0.0,0.03555781076554394,0.0,0.0,0.0,0.07457557636754436,0.0,-0.04378304571993433,0.0
1.46249999999998,0.0,0.0,-0.09350213335411692,0.0,0.03544853181395488,0.0,0.0,0.0,0.07612999042014237,0.0,-0.04363964999878015,0.0
1.46499999999998,0.0,0.0,-0.09330983783067816,0.0,0.03533961176782908,0.0,0.0,0.0,0.07770532921062674,0.0,-0.04349592191170431,0.0
1.46749999999998,0.0,0.0,-0.09311357685134795,0.0,0.03523105144848813,0.0,0.0,0.0,0.07930233181137396,0.0,-0.04335186914525446,0.0
1.46999999999998,0.0,0.0,-0.09291329548118744,0.0,0.03512285167569654,0.0,0.0,0.0,0.08092161761839411,0.0,-0.04320748534239368,0.0
1.47249999999998,0.0,0.0,-0.0927089372821009,0.0,0.0350150132966696,0.0,0.0,0.0,0.08256377057949121,0.0,-0.04306275478598308,0.0
1.47499999999998,0.0,0.0,-0.09250044452044004,0.0,0.03490753721767919,0.0,0.0,0.0,0.08422924368732282,0.0,-0.04291764627340138,0.0
1.47749999999998,0.0,0.0,-0.09228775839246076,0.0,0.03480042443692202,0.0,0.0,0.0,0.085918438953288,0.0,-0.0427721171246379,0.0
1.47999999999998,0.0,0.0,-0.0920708191659049,0.0,0.03469367605990534,0.0,0.0,0.0,0.08763169721838468,0.0,-0.04262612434836874,0.0
1.48249999999998,0.0,0.0,-0.09184933435457908,0.0,0.0345873494590706,0.0,0.0,0.0,0.08964851405366138,0.0,-0.04241205311461602,0.0
1.484999999999979,0.0,0.0,-0.09162179248042145,0.0,0.03448179686512162,0.0,0.0,0.0,0.092489626147497,0.0,-0.04200394648251089,0.0
1.487499999999979,0.0,0.0,-0.09138676952726828,0.0,0.0343773494509737,0.0,0.0,0.0,0.0955576902931819,0.0,-0.04154610537959696,0.0
1.489999999999979,0.0,0.0,-0.09114314451205371,0.0,0.0342742711546869,0.0,0.0,0.0,0.09949343173023074,0.0,-0.04087821959439439,0.0
1.492499999999979,0.0,0.0,-0.0908911682809652,0.0,0.03417249705345804,0.0,0.0,0.0,0.1022030476124064,0.0,-0.04051138174994164,0.0
1.494999999999979,0.0,0.0,-0.09063331592804018,0.0,0.03407141078044035,0.0,0.0,0.0,0.1040610405308483,0.0,-0.04036125538867075,0.0
1.497499999999979,0.0,0.0,-0.09037083006515864,0.0,0.03397069091210785,0.0,0.0,0.0,0.1059261284016373,0.0,-0.04021420521068429,0.0
1.499999999999979,0.0,0.0,-0.090103652590387,0.0,0.03387034003864416,0.0,0.0,0.0,0.1078143033728533,0.0,-0.04006606127667318,0.0
1.502499999999979,0.0,0.0,-0.08983172621120956,0.0,0.03377036104520838,0.0,0.0,0.0,0.1097252239772915,0.0,-0.03991670303624321,0.0
1.504999999999979,0.0,0.0,-0.08955499456900169,0.0,0.03367075712032885,0.0,0.0,0.0,0.1116584864449003,0.0,-0.03976600847204352,0.0
1.507499999999979,0.0,0.0,-0.08927275254512748,0.0,0.03357169791895522,0.0,0.0,0.0,0.1141506848928507,0.0,-0.03947653527755378,0.0
1.509999999999979,0.0,0.0,-0.08898374319791008,0.0,0.03347349484326128,0.0,0.0,0.0,0.1171575626819347,0.0,-0.03905931721909141,0.0
1.512499999999979,0.0,0.0,-0.08868685001119668,0.0,0.03337642408235197,0.0,0.0,0.0,0.1203713781391736,0.0,-0.03859276075617026,0.0
1.514999999999979,0.0,0.0,-0.0883826285244962,0.0,0.03328033751976669,0.0,0.0,0.0,0.1232989579999166,0.0,-0.03819979385907416,0.0
1.517499999999979,0.0,0.0,-0.08806918240905896,0.0,0.03318572222064818,0.0,0.0,0.0,0.127521383315568,0.0,-0.03747512551480027,0.0
1.519999999999979,0.0,0.0,-0.08774646350877745,0.0,0.0330925885406953,0.0,0.0,0.0,0.1306501509851606,0.0,-0.03703172555423494,0.0
1.522499999999979,0.0,0.0,-0.0874161115058137,0.0,0.03300051231951569,0.0,0.0,0.0,0.1337884862406014,0.0,-0.03658705360122869,0.0
1.524999999999979,0.0,0.0,-0.08707722118655306,0.0,0.0329097296451894,0.0,0.0,0.0,0.1375170791399634,0.0,-0.03598667659717782,0.0
1.527499999999979,0.0,0.0,-0.08673075873569788,0.0,0.03281998217982913,0.0,0.0,0.0,0.1396215082957029,0.0,-0.03581869349575764,0.0
1.529999999999978,0.0,0.0,-0.08637854153033143,0.0,0.03273078584030232,0.0,0.0,0.0,0.1421955795023116,0.0,-0.03552577029095267,0.0
1.532499999999978,0.0,0.0,-0.08601924960328099,0.0,0.03264249232266263,0.0,0.0,0.0,0.1452714279952717,0.0,-0.03509908622239331,0.0
1.534999999999978,0.0,0.0,-0.08565338540355347,0.0,0.03255496263252864,0.0,0.0,0.0,0.1474016446914601,0.0,-0.03492863198206309,0.0
1.537499999999978,0.0,0.0,-0.085281611471916,0.0,0.03246801627128912,0.0,0.0,0.0,0.1501117812627782,0.0,-0.03460141269138894,0.0
1.539999999999978,0.0,0.0,-0.08490303414897135,0.0,0.03238189614586945,0.0,0.0,0.0,0.1528608608563325,0.0,-0.03426307225637196,0.0
1.542499999999978,0.0,0.0,-0.08451790690352458,0.0,0.0322965309945953,0.0,0.0,0.0,0.1553542536566904,0.0,-0.03399672319523517,0.0
1.544999999999978,0.0,0.0,-0.08412590590409555,0.0,0.03221200759396265,0.0,0.0,0.0,0.1583588889108268,0.0,-0.03358993286641884,0.0
1.547499999999978,0.0,0.0,-0.08372601252259489,0.0,0.03212860523032994,0.0,0.0,0.0,0.1615755219382485,0.0,-0.03312548571087844,0.0
1.549999999999978,0.0,0.0,-0.0833188001533774,0.0,0.03204616498443901,0.0,0.0,0.0,0.1644266498485764,0.0,-0.0327608875233421,0.0
1.552499999999978,0.0,0.0,-0.08290280457782112,0.0,0.03196509808143363,0.0,0.0,0.0,0.1684371267229471,0.0,-0.03207274379522144,0.0
1.554999999999978,0.0,0.0,-0.08247790413205272,0.0,0.0318854438249776,0.0,0.0,0.0,0.1714887419031714,0.0,-0.03164789544971706,0.0
1.557499999999978,0.0,0.0,-0.0820450831782932,0.0,0.03180693665671812,0.0,0.0,0.0,0.174826849040578,0.0,-0.0311398496152563,0.0
1.559999999999978,0.0,0.0,-0.08160347172564618,0.0,0.03172982923028846,0.0,0.0,0.0,0.1785140266380303,0.0,-0.03053014707456342,0.0
1.562499999999978,0.0,0.0,-0.0811533785414434,0.0,0.03165404152580498,0.0,0.0,0.0,0.1815696739283622,0.0,-0.0300961081802741,0.0
1.564999999999978,0.0,0.0,-0.08069550928386705,0.0,0.03157938243776032,0.0,0.0,0.0,0.1849255025404588,0.0,-0.02957325088573563,0.0
1.567499999999978,0.0,0.0,-0.08022936022705925,0.0,0.03150600476236022,0.0,0.0,0.0,0.1880216898569511,0.0,-0.02911965007100548,0.0
1.569999999999978,0.0,0.0,-0.07975524796686154,0.0,0.03143383013811214,0.0,0.0,0.0,0.1912934416777563,0.0,-0.02861156521047229,0.0
1.572499999999978,0.0,0.0,-0.07927263626596973,0.0,0.03136302457408895,0.0,0.0,0.0,0.1947442951666895,0.0,-0.02804646219880821,0.0
1.574999999999978,0.0,0.0,-0.07878291771321223,0.0,0.03129319623207392,0.0,0.0,0.0,0.1970604035774196,0.0,-0.027806027593411,0.0
1.577499999999977,0.0,0.0,-0.07828633718719662,0.0,0.03122428968878566,0.0,0.0,0.0,0.2002391885754095,0.0,-0.02730758132517356,0.0
1.579999999999977,0.0,0.0,-0.07778205120877786,0.0,0.03115656822114357,0.0,0.0,0.0,0.2031493363009581,0.0,-0.02687988201032068,0.0
1.582499999999977,0.0,0.0,-0.0772704292575494,0.0,0.0310899432184514,0.0,0.0,0.0,0.2061776039749937,0.0,-0.02641020591750734,0.0
1.584999999999977,0.0,0.0,-0.07675102070206379,0.0,0.03102456527030507,0.0,0.0,0.0,0.209203474168006,0.0,-0.02593426715047217,0.0
1.587499999999977,0.0,0.0,-0.0762250472771544,0.0,0.03096008961568528,0.0,0.0,0.0,0.2117144206966675,0.0,-0.02560360973927417,0.0
1.589999999999977,0.0,0.0,-0.07569212212146456,0.0,0.03089665334356946,0.0,0.0,0.0,0.2146417953204754,0.0,-0.02513908872727978,0.0
1.592499999999977,0.0,0.0,-0.07515128151316589,0.0,0.0308345691452029,0.0,0.0,0.0,0.2179306398018537,0.0,-0.02455649313814435,0.0
1.594999999999977,0.0,0.0,-0.07460288448312113,0.0,0.03077375755791335,0.0,0.0,0.0,0.2208019807312093,0.0,-0.02408686470329413,0.0
1.597499999999977,0.0,0.0,-0.07404787509596589,0.0,0.03071396110144835,0.0,0.0,0.0,0.2232223212323628,0.0,-0.02374396682106078,0.0
1.599999999999977,0.0,0.0,-0.07348625287967707,0.0,0.03065520631458845,0.0,0.0,0.0,0.2261161490900608,0.0,-0.02324626161687691,0.0
1.602499999999977,0.0,0.0,-0.07291716289240638,0.0,0.03059778108589589,0.0,0.0,0.0,0.229185341788482,0.0,-0.0226836942290709,0.0
1.604999999999977,0.0,0.0,-0.07233994102404476,0.0,0.03054191907255534,0.0,0.0,0.0,0.2324795950534157,0.0,-0.02203846043710775,0.0
1.607499999999977,0.0,0.0,-0.07175563728833102,0.0,0.03048733820745898,0.0,0.0,0.0,0.234982049935316,0.0,-0.02161902932130339,0.0
1.609999999999977,0.0,0.0,-0.07116484952113557,0.0,0.03043389442684312,0.0,0.0,0.0,0.2376857906116741,0.0,-0.02112304354063813,0.0
1.612499999999977,0.0,0.0,-0.0705670578143466,0.0,0.03038178480695304,0.0,0.0,0.0,0.2404428898173843,0.0,-0.02059594627027832,0.0
1.614999999999977,0.0,0.0,-0.06996339946720415,0.0,0.0303306928763745,0.0,0.0,0.0,0.2426017346260995,0.0,-0.02023967918318872,0.0
1.617499999999977,0.0,0.0,-0.06935386731934977,0.0,0.03028065959633228,0.0,0.0,0.0,0.2450852569170301,0.0,-0.01976664692768745,0.0
1.619999999999977,0.0,0.0,-0.06873851645879964,0.0,0.03023170930531824,0.0,0.0,0.0,0.2472758321376698,0.0,-0.01936697997057981,0.0
1.622499999999977,0.0,0.0,-0.06811753270563665,0.0,0.03018383130312053,0.0,0.0,0.0,0.2495326832456729,0.0,-0.01892706948419684,0.0
1.624999999999976,0.0,0.0,-0.06749064429417817,0.0,0.03013715949498468,0.0,0.0,0.0,0.2520200269842528,0.0,-0.01839577253617851,0.0
1.627499999999976,0.0,0.0,-0.06685801525213626,0.0,0.03009168718769879,0.0,0.0,0.0,0.2540953443527361,0.0,-0.01797695421396355,0.0
1.629999999999976,0.0,0.0,-0.06622084081313721,0.0,0.03004708132659729,0.0,0.0,0.0,0.2556224267438203,0.0,-0.01771339850648043,0.0
1.632499999999976,0.0,0.0,-0.06557929861389418,0.0,0.03000333353954248,0.0,0.0,0.0,0.257607176882271,0.0,-0.01728490229646445,0.0
1.634999999999976,0.0,0.0,-0.06493242558998621,0.0,0.02996079964551706,0.0,0.0,0.0,0.2597790951933932,0.0,-0.01677636129731735,0.0
1.637499999999976,0.0,0.0,-0.06428065658059226,0.0,0.02991939652996744,0.0,0.0,0.0,0.2616876738543325,0.0,-0.01632799008532423,0.0
1.639999999999976,0.0,0.0,-0.06362408025500954,0.0,0.02987915280673897,0.0,0.0,0.0,0.2634718967943264,0.0,-0.015898680420362,0.0
1.642499999999976,0.0,0.0,-0.06296356669667451,0.0,0.02983983945465434,0.0,0.0,0.0,0.2650517644182864,0.0,-0.01551411707642211,0.0
1.644999999999976,0.0,0.0,-0.06229903177970821,0.0,0.02980153821665351,0.0,0.0,0.0,0.266671719264687,0.0,-0.01509460153680146,0.0
1.647499999999976,0.0,0.0,-0.06163062310363552,0.0,0.02976425641281938,0.0,0.0,0.0,0.2680881601218876,0.0,-0.01471890499647391,0.0
1.649999999999976,0.0,0.0,-0.06095801999710571,0.0,0.02972815414743454,0.0,0.0,0.0,0.2698607026648846,0.0,-0.01420493639156334,0.0
1.652499999999976,0.0,0.0,-0.06028156796072922,0.0,0.02969317968456432,0.0,0.0,0.0,0.271368762484287,0.0,-0.01375074712859682,0.0
1.654999999999976,0.0,0.0,-0.05960089753357763,0.0,0.02965951892975466,0.0,0.0,0.0,0.2730670362713402,0.0,-0.0132099540816071,0.0
1.657499999999976,0.0,0.0,-0.0589171131872832,0.0,0.02962686434523157,0.0,0.0,0.0,0.2739419466657411,0.0,-0.01291860749727298,0.0
1.659999999999976,0.0,0.0,-0.05823092919148701,0.0,0.02959503818032246,0.0,0.0,0.0,0.2751670376181123,0.0,-0.01248744849014325,0.0
1.662499999999976,0.0,0.0,-0.0575418291784394,0.0,0.02956427099829433,0.0,0.0,0.0,0.2761829874324124,0.0,-0.01210185842267675,0.0
1.664999999999976,0.0,0.0,-0.05685053790326923,0.0,0.02953438198474265,0.0,0.0,0.0,0.2768548282511792,0.0,-0.01180648948705919,0.0
1.667499999999976,0.0,0.0,-0.05615671526380294,0.0,0.02950554741348553,0.0,0.0,0.0,0.2783097875548855,0.0,-0.01122388688728005,0.0
1.669999999999976,0.0,0.0,-0.05545978575708148,0.0,0.02947802299172025,0.0,0.0,0.0,0.2791261111973951,0.0,-0.01083088667173259,0.0
1.672499999999975,0.0,0.0,-0.05476135305057944,0.0,0.02945132939340315,0.0,0.0,0.0,0.2796007490191313,0.0,-0.01052931608302918,0.0
1.674999999999975,0.0,0.0,-0.05406185669264972,0.0,0.02942537822446175,0.0,0.0,0.0,0.2799925422350878,0.0,-0.01023170458009279,0.0
1.677499999999975,0.0,0.0,-0.05336146422189041,0.0,0.02940017247697798,0.0,0.0,0.0,0.2803176658148038,0.0,-0.009932983817579594,0.0
1.679999999999975,0.0,0.0,-0.05266034399793284,0.0,0.0293757146050856,0.0,0.0,0.0,0.2805747572351883,0.0,-0.009633409105746771,0.0
1.682499999999975,0.0,0.0,-0.05195862317615103,0.0,0.02935202012303354,0.0,0.0,0.0,0.2808237478576078,0.0,-0.0093134485727749,0.0
1.684999999999975,0.0,0.0,-0.05125605323419988,0.0,0.02932923168672433,0.0,0.0,0.0,0.2812303831534855,0.0,-0.008916763419477263,0.0
1.687499999999975,0.0,0.0,-0.05055287630013762,0.0,0.02930732038136865,0.0,0.0,0.0,0.2813027206672235,0.0,-0.008614054591651828,0.0
1.689999999999975,0.0,0.0,-0.04984960480341701,0.0,0.02928616202297042,0.0,0.0,0.0,0.2813108441118257,0.0,-0.008312744456128765,0.0
1.692499999999975,0.0,0.0,-0.04914638514682592,0.0,0.029265757051037,0.0,0.0,0.0,0.2812612723634901,0.0,-0.008011349304045512,0.0
1.694999999999975,0.0,0.0,-0.04844335921020956,0.0,0.02924610543910215,0.0,0.0,0.0,0.2811558940719311,0.0,-0.007710059734718553,0.0
1.697499999999975,0.0,0.0,-0.04774066418609959,0.0,0.02922720665986905,0.0,0.0,0.0,0.280996567504579,0.0,-0.007409085652931862,0.0
1.699999999999975,0.0,0.0,-0.04703843262335843,0.0,0.02920905962472546,0.0,0.0,0.0,0.2807851498879559,0.0,-0.007108667130513882,0.0
1.702499999999975,0.0,0.0,-0.04633679240528118,0.0,0.0291916626715062,0.0,0.0,0.0,0.2805235186907357,0.0,-0.006809021680915037,0.0
1.704999999999975,0.0,0.0,-0.04563586637952814,0.0,0.02917501365652341,0.0,0.0,0.0,0.2802138180531968,0.0,-0.006510318646121734,0.0
1.707499999999975,0.0,0.0,-0.04493577221024372,0.0,0.02915910997828226,0.0,0.0,0.0,0.2798580571135393,0.0,-0.006212754393044252,0.0
1.709999999999975,0.0,0.0,-0.04423662226141555,0.0,0.02914394850854533,0.0,0.0,0.0,0.2794584626692413,0.0,-0.005916553192807876,0.0
1.712499999999975,0.0,0.0,-0.04353852361699829,0.0,0.02912952555791039,0.0,0.0,0.0,0.2790170357227216,0.0,-0.005621940664711166,0.0
1.714999999999975,0.0,0.0,-0.04284157801325628,0.0,0.02911583689369932,0.0,0.0,0.0,0.278536051118857,0.0,-0.005329125262918066,0.0
1.717499999999974,0.0,0.0,-0.04214588118375013,0.0,0.02910287777590514,0.0,0.0,0.0,0.2780180321214917,0.0,-0.005038304863174093,0.0
1.719999999999974,0.0,0.0,-0.04145152212583311,0.0,0.02909064299709245,0.0,0.0,0.0,0.2774658447314727,0.0,-0.004749655429297164,0.0
1.722499999999974,0.0,0.0,-0.04075858271885312,0.0,0.0290791269157452,0.0,0.0,0.0,0.2768823363310512,0.0,-0.004463347513639467,0.0
1.724999999999974,0.0,0.0,-0.04006713890996968,0.0,0.02906832342416121,0.0,0.0,0.0,0.2762693917931078,0.0,-0.0041795840148617,0.0
1.727499999999974,0.0,0.0,-0.03937726120264744,0.0,0.02905822594293277,0.0,0.0,0.0,0.2756294737782586,0.0,-0.003898539646169138,0.0
1.729999999999974,0.0,0.0,-0.03868901370301597,0.0,0.02904882747671703,0.0,0.0,0.0,0.2749652423046375,0.0,-0.003620372391538455,0.0
1.732499999999974,0.0,0.0,-0.03800245368383148,0.0,0.02904012065350831,0.0,0.0,0.0,0.274279504917592,0.0,-0.00334522552700363,0.0
1.734999999999974,0.0,0.0,-0.03731763171229638,0.0,0.0290320977414567,0.0,0.0,0.0,0.2735748198790135,0.0,-0.003073243572135309,0.0
1.737499999999974,0.0,0.0,-0.03663459174419354,0.0,0.02902475067344043,0.0,0.0,0.0,0.2728539165420169,0.0,-0.002804550305478194,0.0
1.739999999999974,0.0,0.0,-0.03595337065759611,0.0,0.02901807107401026,0.0,0.0,0.0,0.2721197269142226,0.0,-0.002539268497927708,0.0
1.742499999999974,0.0,0.0,-0.0352739980768157,0.0,0.02901205031406875,0.0,0.0,0.0,0.2713751238848199,0.0,-0.002277478609161714,0.0
1.744999999999974,0.0,0.0,-0.03459649650324969,0.0,0.02900667955249517,0.0,0.0,0.0,0.2706229317369163,0.0,-0.002019269391106515,0.0
1.747499999999974,0.0,0.0,-0.03392088134446869,0.0,0.02900194973741536,0.0,0.0,0.0,0.2698660003423983,0.0,-0.001764720909372362,0.0
1.749999999999974,0.0,0.0,-0.03324716072114377,0.0,0.02899785159580759,0.0,0.0,0.0,0.2691073095832952,0.0,-0.001513929973998496,0.0
1.752499999999974,0.0,0.0,-0.03257533544888323,0.0,0.02899437562658259,0.0,0.0,0.0,0.268349724266617,0.0,-0.001266982472365814,0.0
1.754999999999974,0.0,0.0,-0.03190539911177238,0.0,0.02899151211201354,0.0,0.0,0.0,0.2675961647969303,0.0,-0.001023965643442532,0.0
1.757499999999974,0.0,0.0,-0.031237337829422,0.0,0.02898925111915223,0.0,0.0,0.0,0.2668496816673719,0.0,-0.0007849645835451827,0.0
1.759999999999974,0.0,0.0,-0.03057113070215245,0.0,0.02898758248242453,0.0,0.0,0.0,0.2661128422144387,0.0,-0.0005500802977160265,0.0
1.762499999999974,0.0,0.0,-0.02990675053987052,0.0,0.02898649587930448,0.0,0.0,0.0,0.2653881131236652,0.0,-0.0003193378607143532,0.0
1.764999999999973,0.0,0.0,-0.02924416473697308,0.0,0.02898598095301266,0.0,0.0,0.0,0.2646773567720682,0.0,-9.27389366757726e-05,0.0
1.767499999999973,0.0,0.0,-0.02858333573481162,0.0,0.02898602733979812,0.0,0.0,0.0,0.2639826707307197,0.0,0.0001297125316865467,0.0
1.769999999999973,0.0,0.0,-0.02792422092348187,0.0,0.0289866246615997,0.0,0.0,0.0,0.2633060015721531,0.0,0.0003480090419072553,0.0
1.772499999999973,0.0,0.0,-0.02726677301675527,0.0,0.02898776253077179,0.0,0.0,0.0,0.26264914326221,0.0,0.000562150231858367,0.0
1.774999999999973,0.0,0.0,-0.02661094038601692,0.0,0.02898943055781257,0.0,0.0,0.0,0.262013774608841,0.0,0.0007721349279491068,0.0
1.777499999999973,0.0,0.0,-0.02595666761068382,0.0,0.02899161835912045,0.0,0.0,0.0,0.261401252706582,0.0,0.0009779688744746546,0.0
1.779999999999973,0.0,0.0,-0.02530389636445434,0.0,0.02899431556789845,0.0,0.0,0.0,0.2608125447727837,0.0,0.001179659744531513,0.0
1.782499999999973,0.0,0.0,-0.02465256621523905,0.0,0.02899751185503792,0.0,0.0,0.0,0.2602483678760802,0.0,0.001377230248150437,0.0
1.784999999999973,0.0,0.0,-0.02400261514459222,0.0,0.02900119697757006,0.0,0.0,0.0,0.2597092745955394,0.0,0.001570726743133437,0.0
1.787499999999973,0.0,0.0,-0.02335397985092619,0.0,0.02900536083115801,0.0,0.0,0.0,0.2591957386150981,0.0,0.001760213762504524,0.0
1.789999999999973,0.0,0.0,-0.02270659601060724,0.0,0.02900999349226299,0.0,0.0,0.0,0.2587081039574704,0.0,0.001945771414970784,0.0
1.792499999999973,0.0,0.0,-0.02206039861085772,0.0,0.02901508524468325,0.0,0.0,0.0,0.2582465780959439,0.0,0.00212748544159674,0.0
1.794999999999973,0.0,0.0,-0.02141532228775134,0.0,0.02902062661144385,0.0,0.0,0.0,0.2578112342214624,0.0,0.002305461455870359,0.0
1.797499999999973,0.0,0.0,-0.02077130158475763,0.0,0.02902660838974059,0.0,0.0,0.0,0.2574020723832598,0.0,0.002479813189903649,0.0
1.799999999999973,0.0,0.0,-0.02012827126272273,0.0,0.02903302168342565,0.0,0.0,0.0,0.2570189131066867,0.0,0.002650672770689817,0.0
1.802499999999973,0.0,0.0,-0.01948616669911907,0.0,0.02903985792522051,0.0,0.0,0.0,0.2566614647603762,0.0,0.002818169593012127,0.0
1.804999999999973,0.0,0.0,-0.01884492413384511,0.0,0.02904710889387241,0.0,0.0,0.0,0.2563293064914958,0.0,0.002982452663980857,0.0
1.807499999999973,0.0,0.0,-0.01820448116655239,0.0,0.02905476675970546,0.0,0.0,0.0,0.2560217782941562,0.0,0.003143685660508074,0.0
1.809999999999973,0.0,0.0,-0.01756477678026299,0.0,0.02906282409786388,0.0,0.0,0.0,0.2557384332494093,0.0,0.003302028636764596,0.0
1.812499999999972,0.0,0.0,-0.0169257514313195,0.0,0.02907127390336852,0.0,0.0,0.0,0.2554785402642577,0.0,0.003457657629789092,0.0
1.814999999999972,0.0,0.0,-0.01628734739916352,0.0,0.02908010960757845,0.0,0.0,0.0,0.255241371453607,0.0,0.00361074580227934,0.0
1.817499999999972,0.0,0.0,-0.01564950885256696,0.0,0.02908932508154842,0.0,0.0,0.0,0.2550261423881023,0.0,0.003761471513436144,0.0
1.819999999999972,0.0,0.0,-0.01501218202162453,0.0,0.02909891464072267,0.0,0.0,0.0,0.2548319895153598,0.0,0.003910011963860204,0.0
1.822499999999972,0.0,0.0,-0.01437531536647516,0.0,0.02910887304989408,0.0,0.0,0.0,0.2546579923703467,0.0,0.004056549450681381,0.0
1.824999999999972,0.0,0.0,-0.01373885984791424,0.0,0.02911919553363261,0.0,0.0,0.0,0.2545030711205338,0.0,0.004201269543552857,0.0
1.827499999999972,0.0,0.0,-0.01310276915831795,0.0,0.02912987777942628,0.0,0.0,0.0,0.2543661201087995,0.0,0.004344356874176583,0.0
1.829999999999972,0.0,0.0,-0.01246699984187962,0.0,0.02914091593330615,0.0,0.0,0.0,0.2542459629679045,0.0,0.00448599365503848,0.0
1.832499999999972,0.0,0.0,-0.01183151138359514,0.0,0.02915230658033684,0.0,0.0,0.0,0.2541414241618472,0.0,0.004626349075502156,0.0
1.834999999999972,0.0,0.0,-0.0111962661208214,0.0,0.02916404671006885,0.0,0.0,0.0,0.2540513975213707,0.0,0.00476557771801759,0.0
1.837499999999972,0.0,0.0,-0.01056122912040976,0.0,0.02917613367300724,0.0,0.0,0.0,0.2539748042528499,0.0,0.004903813467226837,0.0
1.839999999999972,0.0,0.0,-0.009926368136185238,0.0,0.02918856514868852,0.0,0.0,0.0,0.2539105750439213,0.0,0.005041185743638672,0.0
1.842499999999972,0.0,0.0,-0.009291653701195814,0.0,0.02920133913517532,0.0,0.0,0.0,0.2538575548664899,0.0,0.00517781987296811,0.0
1.844999999999972,0.0,0.0,-0.008657059259262833,0.0,0.02921445393709458,0.0,0.0,0.0,0.2538145713358622,0.0,0.005313835913049559,0.0
1.847499999999972,0.0,0.0,-0.008022561206210045,0.0,0.02922790814393151,0.0,0.0,0.0,0.2537804295712836,0.0,0.005449342089909376,0.0
1.849999999999972,0.0,0.0,-0.007388137524604636,0.0,0.02924170041988269,0.0,0.0,0.0,0.2537550555401927,0.0,0.005584290149065125,0.0
1.852499999999972,0.0,0.0,-0.006753766861497724,0.0,0.02925582937013708,0.0,0.0,0.0,0.2537380011044414,0.0,0.005718679953080211,0.0
1.854999999999972,0.0,0.0,-0.006119429596594589,0.0,0.02927029366382564,0.0,0.0,0.0,0.2537283251287354,0.0,0.005852562892993417,0.0
1.857499999999972,0.0,0.0,-0.005485108784916144,0.0,0.0292850921302248,0.0,0.0,0.0,0.2537248277743009,0.0,0.00598601602623336,0.0
1.859999999999971,0.0,0.0,-0.004850790653654103,0.0,0.02930022380447968,0.0,0.0,0.0,0.2537261709804072,0.0,0.006119127013892974,0.0
1.862499999999971,0.0,0.0,-0.004216464859627837,0.0,0.02931568793878793,0.0,0.0,0.0,0.2537309489804908,0.0,0.006251981767375647,0.0
1.864999999999971,0.0,0.0,-0.003582124686670265,0.0,0.02933148400719961,0.0,0.0,0.0,0.2537376669654969,0.0,0.006384672178998589,0.0
1.867499999999971,0.0,0.0,-0.002947767292172412,0.0,0.02934761171457683,0.0,0.0,0.0,0.2537447185664494,0.0,0.006517290423283656,0.0
1.869999999999971,0.0,0.0,-0.002313393983735617,0.0,0.02936407100121762,0.0,0.0,0.0,0.2537503926158869,0.0,0.006649933076527444,0.0
1.872499999999971,0.0,0.0,-0.001679010414254219,0.0,0.02938086204881203,0.0,0.0,0.0,0.2537529225160968,0.0,0.006782696538314891,0.0
1.874999999999971,0.0,0.0,-0.001044626772987201,0.0,0.02939798528303187,0.0,0.0,0.0,0.2537504462780939,0.0,0.006915679795097216,0.0
1.877499999999971,0.0,0.0,-0.0004102578516884351,0.0,0.02941544137099332,0.0,0.0,0.0,0.253741145048286,0.0,0.007048977023635603,0.0
1.879999999999971,0.0,0.0,0.0002240769010990776,0.0,0.02943323121305512,0.0,0.0,0.0,0.2537231099974128,0.0,0.007182680364462288,0.0
1.882499999999971,0.0,0.0,0.000858353250539234,0.0,0.0294513559370774,0.0,0.0,0.0,0.2536944217934317,0.0,0.007316879869448693,0.0
1.884999999999971,0.0,0.0,0.001492542126620304,0.0,0.02946981689481974,0.0,0.0,0.0,0.2536531331719424,0.0,0.007451664509384247,0.0
1.887499999999971,0.0,0.0,0.002126609562197931,0.0,0.02948861565517673,0.0,0.0,0.0,0.2535972700052792,0.0,0.007587118986842262,0.0
1.889999999999971,0.0,0.0,0.002760516612516543,0.0,0.02950775400655991,0.0,0.0,0.0,0.2535248269647686,0.0,0.007723334238492533,0.0
1.892499999999971,0.0,0.0,0.003394219317303965,0.0,0.02952723395522723,0.0,0.0,0.0,0.2534337969979883,0.0,0.007860393991698775,0.0
1.894999999999971,0.0,0.0,0.004027668724640798,0.0,0.02954705771546672,0.0,0.0,0.0,0.2533221944332919,0.0,0.007998380303857165,0.0
1.897499999999971,0.0,0.0,0.004660810886996082,0.0,0.02956722769763838,0.0,0.0,0.0,0.2531880074663976,0.0,0.008137368559990487,0.0
1.899999999999971,0.0,0.0,0.005293586894512581,0.0,0.02958774649462174,0.0,0.0,0.0,0.2530292784259109,0.0,0.008277429043800326,0.0
1.902499999999971,0.0,0.0,0.00592593294010528,0.0,0.02960861686838829,0.0,0.0,0.0,0.2528440465505069,0.0,0.008418626855764007,0.0
1.90499999999997,0.0,0.0,0.006557780424742933,0.0,0.02962984174029538,0.0,0.0,0.0,0.2526304399282309,0.0,0.008561024437043735,0.0
1.90749999999997,0.0,0.0,0.007189055926141001,0.0,0.02965142418707645,0.0,0.0,0.0,0.2523864715666255,0.0,0.008704683631705202,0.0
1.90999999999997,0.0,0.0,0.007819681183297586,0.0,0.02967336743686726,0.0,0.0,0.0,0.252110257531633,0.0,0.008849663671842048,0.0
1.91249999999997,0.0,0.0,0.008449573131245945,0.0,0.02969567485862382,0.0,0.0,0.0,0.2517998387369556,0.0,0.008996018015063239,0.0
1.91499999999997,0.0,0.0,0.009078643914380194,0.0,0.02971834995258778,0.0,0.0,0.0,0.251453341667324,0.0,0.009143798272701092,0.0
1.91749999999997,0.0,0.0,0.00970680089098616,0.0,0.02974139635169893,0.0,0.0,0.0,0.2510688101607038,0.0,0.009293058679185407,0.0
1.91999999999997,0.0,0.0,0.01033394663272301,0.0,0.02976481780814146,0.0,0.0,0.0,0.2506443760066442,0.0,0.009443841251594236,0.0
1.92249999999997,0.0,0.0,0.01095997897249636,0.0,0.02978861818440279,0.0,0.0,0.0,0.2501781063314777,0.0,0.009596190857764678,0.0
1.92499999999997,0.0,0.0,0.01158479094955901,0.0,0.02981280144543004,0.0,0.0,0.0,0.249668108546576,0.0,0.009750145884399028,0.0
1.92749999999997,0.0,0.0,0.01220827088946975,0.0,0.02983737165279608,0.0,0.0,0.0,0.249112501176226,0.0,0.009905744504676068,0.0
1.92999999999997,0.0,0.0,0.0128303021067413,0.0,0.0298623329732247,0.0,0.0,0.0,0.2485091486928028,0.0,0.01006303343191597,0.0
1.93249999999997,0.0,0.0,0.01345076294395677,0.0,0.02988768966689776,0.0,0.0,0.0,0.2478562349564554,0.0,0.01022203930876643,0.0
1.93499999999997,0.0,0.0,0.0140695270651504,0.0,0.02991344606221669,0.0,0.0,0.0,0.2471518071248188,0.0,0.01038279159854382,0.0
1.93749999999997,0.0,0.0,0.01468646358900115,0.0,0.02993960655423629,0.0,0.0,0.0,0.2463941897161172,0.0,0.0105453135584515,0.0
1.93999999999997,0.0,0.0,0.01530143732680592,0.0,0.02996617558465011,0.0,0.0,0.0,0.2455816120019302,0.0,0.01070961911741108,0.0
1.94249999999997,0.0,0.0,0.01591430903716538,0.0,0.02999315762237181,0.0,0.0,0.0,0.2447126038719027,0.0,0.01087571648097093,0.0
1.94499999999997,0.0,0.0,0.01652493579722416,0.0,0.03002055714342205,0.0,0.0,0.0,0.2437856907495519,0.0,0.01104360297661862,0.0
1.94749999999997,0.0,0.0,0.01713317130309619,0.0,0.03004837860848819,0.0,0.0,0.0,0.2427996384794804,0.0,0.01121326854097114,0.0
1.94999999999997,0.0,0.0,0.017738866088465,0.0,0.0300766264405865,0.0,0.0,0.0,0.2417531535206521,0.0,0.01138469365391871,0.0
1.952499999999969,0.0,0.0,0.01834186788496796,0.0,0.03010530500479073,0.0,0.0,0.0,0.2406452926419953,0.0,0.01155785172286074,0.0
1.954999999999969,0.0,0.0,0.01894202187221214,0.0,0.03013441857778397,0.0,0.0,0.0,0.2394749456612913,0.0,0.01173269798564138,0.0
1.957499999999969,0.0,0.0,0.01953917018170756,0.0,0.03016397130573709,0.0,0.0,0.0,0.2382407966279735,0.0,0.01190917316759268,0.0
1.959999999999969,0.0,0.0,0.02013315224127807,0.0,0.03019396718313056,0.0,0.0,0.0,0.2369419966359829,0.0,0.01208721530033015,0.0
1.962499999999969,0.0,0.0,0.02072380690080663,0.0,0.03022441008673276,0.0,0.0,0.0,0.2355789302652992,0.0,0.01226679227452881,0.0
1.964999999999969,0.0,0.0,0.02131097367763527,0.0,0.0302553037926168,0.0,0.0,0.0,0.2341517483527347,0.0,0.0124478562714388,0.0
1.967499999999969,0.0,0.0,0.02189449296947217,0.0,0.03028665206388267,0.0,0.0,0.0,0.2326610002563129,0.0,0.01263044398305362,0.0
1.969999999999969,0.0,0.0,0.022474207007405,0.0,0.03031845870824889,0.0,0.0,0.0,0.2311075991304741,0.0,0.01281455346513819,0.0
1.972499999999969,0.0,0.0,0.02304995959806657,0.0,0.03035072745449356,0.0,0.0,0.0,0.2294919017130821,0.0,0.01300012440641995,0.0
1.974999999999969,0.0,0.0,0.02362159585169564,0.0,0.03038346187135941,0.0,0.0,0.0,0.2278145849333356,0.0,0.0131870885867685,0.0
1.977499999999969,0.0,0.0,0.02418896255147457,0.0,0.03041666531686047,0.0,0.0,0.0,0.2260763167620588,0.0,0.01337534620985333,0.0
1.979999999999969,0.0,0.0,0.0247519083256903,0.0,0.03045034088241021,0.0,0.0,0.0,0.2242778971235784,0.0,0.01356478299801152,0.0
1.982499999999969,0.0,0.0,0.02531028408287516,0.0,0.03048449136288642,0.0,0.0,0.0,0.2224203584670652,0.0,0.01375527693273374,0.0
1.984999999999969,0.0,0.0,0.02586394317142588,0.0,0.03051911921727349,0.0,0.0,0.0,0.2205046178652533,0.0,0.01394668088478406,0.0
1.987499999999969,0.0,0.0,0.02641274162707996,0.0,0.03055422652448065,0.0,0.0,0.0,0.2185319082748914,0.0,0.01413883799763418,0.0
1.989999999999969,0.0,0.0,0.02695653885123364,0.0,0.03058981497028159,0.0,0.0,0.0,0.2165036892415299,0.0,0.01433159102651941,0.0
1.992499999999969,0.0,0.0,0.02749519786316905,0.0,0.03062588582247067,0.0,0.0,0.0,0.2144213930776653,0.0,0.0145247622223575,0.0
1.994999999999969,0.0,0.0,0.02802858516952197,0.0,0.03066243987507155,0.0,0.0,0.0,0.2122863794484625,0.0,0.01471815075411755,0.0
1.997499999999969,0.0,0.0,0.02855657098967366,0.0,0.03069947741228853,0.0,0.0,0.0,0.2101002597725578,0.0,0.01491154915855587,0.0
1.999999999999968,0.0,0.0,0.0290790297802337,0.0,0.03073699820109565,0.0,0.0,0.0,0.2078648124533293,0.0,0.01510475163183124,0.0
2.002499999999968,0.0,0.0,0.02959584076623595,0.0,0.03077500147564353,0.0,0.0,0.0,0.2055820710390746,0.0,0.01529753755847935,0.0
2.004999999999968,0.0,0.0,0.0301068884237257,0.0,0.0308134859187323,0.0,0.0,0.0,0.2032542062249388,0.0,0.01548968654293258,0.0
2.007499999999968,0.0,0.0,0.03061206287613724,0.0,0.03085244965830531,0.0,0.0,0.0,0.2008835630380846,0.0,0.01568097504370141,0.0
2.009999999999968,0.0,0.0,0.03111126013980133,0.0,0.03089189025241943,0.0,0.0,0.0,0.1984725109971611,0.0,0.01587117076906322,0.0
2.012499999999968,0.0,0.0,0.03160438229256369,0.0,0.03093180465996313,0.0,0.0,0.0,0.1960235304704287,0.0,0.01606002689238132,0.0
2.014999999999968,0.0,0.0,0.03209133764050832,0.0,0.03097218920292726,0.0,0.0,0.0,0.1935391237659469,0.0,0.01624728078690338,0.0
2.017499999999968,0.0,0.0,0.0325720407949182,0.0,0.0310130395467356,0.0,0.0,0.0,0.1910218311778594,0.0,0.01643266938857675,0.0
2.019999999999968,0.0,0.0,0.03304641301203996,0.0,0.03105435070387412,0.0,0.0,0.0,0.1884744295159729,0.0,0.01661593362741447,0.0
2.022499999999968,0.0,0.0,0.03351438243481591,0.0,0.03109611704992448,0.0,0.0,0.0,0.1858996496934609,0.0,0.01679682277012366,0.0
2.024999999999968,0.0,0.0,0.03397588422505041,0.0,0.03113833234341808,0.0,0.0,0.0,0.1833003763320044,0.0,0.01697509396316012,0.0
2.027499999999968,0.0,0.0,0.03443086088914015,0.0,0.03118098975233397,0.0,0.0,0.0,0.1806796008476771,0.0,0.01715051770962266,0.0
2.029999999999968,0.0,0.0,0.03487926240570277,0.0,0.0312240818755539,0.0,0.0,0.0,0.1780403087390129,0.0,0.01732286807012147,0.0
2.032499999999968,0.0,0.0,0.03532104630990873,0.0,0.03126760076295629,0.0,0.0,0.0,0.1753855593504806,0.0,0.01749193169938136,0.0
2.034999999999968,0.0,0.0,0.03575617787564403,0.0,0.03131153794822902,0.0,0.0,0.0,0.1727184850254108,0.0,0.01765750915844269,0.0
2.037499999999968,0.0,0.0,0.03618463018944445,0.0,0.03135588447235109,0.0,0.0,0.0,0.1700422034532301,0.0,0.0178194055764564,0.0
2.039999999999968,0.0,0.0,0.03660638418897896,0.0,0.03140063090880746,0.0,0.0,0.0,0.1673598768212288,0.0,0.01797744176938852,0.0
2.042499999999968,0.0,0.0,0.03702142877717441,0.0,0.03144576739723862,0.0,0.0,0.0,0.1646747139969979,0.0,0.01813144953892422,0.0
2.044999999999968,0.0,0.0,0.03742976078094586,0.0,0.03149128366457491,0.0,0.0,0.0,0.1619898502926384,0.0,0.01828126782175469,0.0
2.047499999999967,0.0,0.0,0.03783138491736198,0.0,0.03153716904579093,0.0,0.0,0.0,0.1593084571658294,0.0,0.01842674314835683,0.0
2.049999999999967,0.0,0.0,0.03822631429341612,0.0,0.03158341252345268,0.0,0.0,0.0,0.1566340721206108,0.0,0.01856774719497956,0.0
2.052499999999967,0.0,0.0,0.03861457038218164,0.0,0.03163000274879415,0.0,0.0,0.0,0.1539698619547678,0.0,0.01870414375881887,0.0
2.054999999999967,0.0,0.0,0.03899618222289641,0.0,0.03167692802990272,0.0,0.0,0.0,0.151318704799625,0.0,0.01883579423967344,0.0
2.057499999999967,0.0,0.0,0.03937381222991405,0.0,0.03172374421358035,0.0,0.0,0.0,0.1514161802305422,0.0,0.01851291603557955,0.0
2.059999999999967,0.0,0.0,0.03975415388872366,0.0,0.03176934479166445,0.0,0.0,0.0,0.1529184460376967,0.0,0.01795704539870383,0.0
2.062499999999967,0.0,0.0,0.04013406633371505,0.0,0.03181424249400865,0.0,0.0,0.0,0.1506568112008622,0.0,0.01801906809153338,0.0
2.064999999999967,0.0,0.0,0.04050747081542763,0.0,0.03185943427994296,0.0,0.0,0.0,0.1480659062706541,0.0,0.01813409323360663,0.0
2.067499999999967,0.0,0.0,0.04087443216521801,0.0,0.03190490685839627,0.0,0.0,0.0,0.1455023245575604,0.0,0.01824370361565648,0.0
2.069999999999967,0.0,0.0,0.04123502250254361,0.0,0.03195064642100175,0.0,0.0,0.0,0.1429691110414185,0.0,0.0183476814859823,0.0
2.072499999999967,0.0,0.0,0.04158932140476954,0.0,0.03199663860004653,0.0,0.0,0.0,0.1404691895238382,0.0,0.01844579759812423,0.0
2.074999999999967,0.0,0.0,0.0419374149355723,0.0,0.03204286852253217,0.0,0.0,0.0,0.1380048251185761,0.0,0.01853787723174794,0.0
2.077499999999967,0.0,0.0,0.04227939478795111,0.0,0.03208932093405134,0.0,0.0,0.0,0.135578256239753,0.0,0.01862378990248735,0.0
2.079999999999967,0.0,0.0,0.0426153576236061,0.0,0.03213598027081624,0.0,0.0,0.0,0.1331912200319369,0.0,0.01870341865227223,0.0
2.082499999999967,0.0,0.0,0.04294540455311828,0.0,0.03218283073398268,0.0,0.0,0.0,0.1308455169545336,0.0,0.01877669114498133,0.0
2.084999999999967,0.0,0.0,0.04326964067610951,0.0,0.03222985637774058,0.0,0.0,0.0,0.128542602340827,0.0,0.0188435658172172,0.0
2.087499999999967,0.0,0.0,0.04358817429775762,0.0,0.03227704120420809,0.0,0.0,0.0,0.126283520036806,0.0,0.01890403886597166,0.0
2.089999999999967,0.0,0.0,0.04390111600194127,0.0,0.03232436928005738,0.0,0.0,0.0,0.1240690728156824,0.0,0.01895816679973994,0.0
2.092499999999966,0.0,0.0,0.04420857795667597,0.0,0.03237182486373776,0.0,0.0,0.0,0.1218997226453621,0.0,0.0190060469624311,0.0
2.094999999999966,0.0,0.0,0.04451067348144658,0.0,0.03241939247660455,0.0,0.0,0.0,0.1197759309283475,0.0,0.01904779190007512,0.0
2.097499999999966,0.0,0.0,0.04480751658663923,0.0,0.03246705695860973,0.0,0.0,0.0,0.1176977881586924,0.0,0.01908354401113463,0.0
2.099999999999966,0.0,0.0,0.0450992215851719,0.0,0.03251480352269243,0.0,0.0,0.0,0.1156654461482622,0.0,0.01911345932210427,0.0
2.102499999999966,0.0,0.0,0.04538590274319453,0.0,0.03256261779662227,0.0,0.0,0.0,0.1136787159498962,0.0,0.01913771367607985,0.0
2.104999999999966,0.0,0.0,0.04566767370040661,0.0,0.03261048587619449,0.0,0.0,0.0,0.1117372851993144,0.0,0.01915650559472596,0.0
2.107499999999966,0.0,0.0,0.04594464720747487,0.0,0.03265839438103256,0.0,0.0,0.0,0.109840754782262,0.0,0.01917005553192153,0.0
2.109999999999966,0.0,0.0,0.04621693491459646,0.0,0.03270633047604693,0.0,0.0,0.0,0.1079886442771788,0.0,0.01917857950288216,0.0
2.112499999999966,0.0,0.0,0.04648464727028444,0.0,0.03275428186820247,0.0,0.0,0.0,0.1061804723952879,0.0,0.01918229498279353,0.0
2.114999999999966,0.0,0.0,0.04674789332361041,0.0,0.03280223681501748,0.0,0.0,0.0,0.1044156005090183,0.0,0.01918142484441984,0.0
2.117499999999966,0.0,0.0,0.04700678033273201,0.0,0.03285018413675767,0.0,0.0,0.0,0.1026932356227472,0.0,0.01917619660371006,0.0
2.119999999999966,0.0,0.0,0.04726141338155897,0.0,0.03289811323169172,0.0,0.0,0.0,0.1010124307494102,0.0,0.01916684506749127,0.0
2.122499999999966,0.0,0.0,0.04751189511942402,0.0,0.03294601408933483,0.0,0.0,0.0,0.0993721853516982,0.0,0.01915360834290366,0.0
2.124999999999966,0.0,0.0,0.04775832567186555,0.0,0.03299387730229714,0.0,0.0,0.0,0.0977714812362034,0.0,0.01913673071732047,0.0
2.127499999999966,0.0,0.0,0.04800080257588844,0.0,0.03304169407422559,0.0,0.0,0.0,0.09620926413006034,0.0,0.01911645704536104,0.0
2.129999999999966,0.0,0.0,0.04823942057645371,0.0,0.03308945622515961,0.0,0.0,0.0,0.09468435688442006,0.0,0.01909303532358401,0.0
2.132499999999966,0.0,0.0,0.04847427148986846,0.0,0.0331371561958843,0.0,0.0,0.0,0.09319559280569062,0.0,0.01906671417172705,0.0
2.134999999999966,0.0,0.0,0.04870544421128322,0.0,0.03318478703059179,0.0,0.0,0.0,0.09174180256323528,0.0,0.01903772777749732,0.0
2.137499999999966,0.0,0.0,0.04893302480954317,0.0,0.0332323423216911,0.0,0.0,0.0,0.09032189336973076,0.0,0.01900628032496181,0.0
2.139999999999965,0.0,0.0,0.04915709667875246,0.0,0.03327981615798029,0.0,0.0,0.0,0.08893481905570083,0.0,0.01897256498415607,0.0
2.142499999999965,0.0,0.0,0.04937774054295453,0.0,0.03332720309802199,0.0,0.0,0.0,0.08757948946001987,0.0,0.01893676435132433,0.0
2.144999999999965,0.0,0.0,0.0495950343176789,0.0,0.03337449814997383,0.0,0.0,0.0,0.08625474785264223,0.0,0.01889905548243799,0.0
2.147499999999965,0.0,0.0,0.04980905305810927,0.0,0.03342169674881262,0.0,0.0,0.0,0.08495946404617052,0.0,0.0188596026128513,0.0
2.149999999999965,0.0,0.0,0.050019870220152,0.0,0.03346879455259544,0.0,0.0,0.0,0.08369348765782514,0.0,0.01881842009366209,0.0
2.152499999999965,0.0,0.0,0.05022755833750771,0.0,0.03351578732344114,0.0,0.0,0.0,0.08245622993665881,0.0,0.01877557707160572,0.0
2.154999999999965,0.0,0.0,0.05043218801913916,0.0,0.03356267104186968,0.0,0.0,0.0,0.08124674055110102,0.0,0.01873117901804319,0.0
2.157499999999965,0.0,0.0,0.05063382728261609,0.0,0.03360944197531285,0.0,0.0,0.0,0.08006389698892018,0.0,0.01868535002032435,0.0
2.159999999999965,0.0,0.0,0.05083254095917684,0.0,0.03365609672832946,0.0,0.0,0.0,0.07890627246301476,0.0,0.01863823552140785,0.0
2.162499999999965,0.0,0.0,0.05102839018927606,0.0,0.03370263227420026,0.0,0.0,0.0,0.07777234148612946,0.0,0.0185899850835733,0.0
2.164999999999965,0.0,0.0,0.05122143216925686,0.0,0.0337490459638579,0.0,0.0,0.0,0.07666047463323235,0.0,0.01854075136744502,0.0
2.167499999999965,0.0,0.0,0.05141171988588784,0.0,0.03379533552863972,0.0,0.0,0.0,0.07556893398700971,0.0,0.0184906859267615,0.0
2.169999999999965,0.0,0.0,0.05159930172518992,0.0,0.03384149909373616,0.0,0.0,0.0,0.07449577631312335,0.0,0.01843995239736314,0.0
2.172499999999965,0.0,0.0,0.05178422131226421,0.0,0.03388753517672769,0.0,0.0,0.0,0.07343913660044087,0.0,0.01838870098254792,0.0
2.174999999999965,0.0,0.0,0.05196651749006384,0.0,0.03393344267449228,0.0,0.0,0.0,0.07239705400859275,0.0,0.0183370849248307,0.0
2.177499999999965,0.0,0.0,0.05214622406504784,0.0,0.03397922086914158,0.0,0.0,0.0,0.07136746034777502,0.0,0.01828525915778805,0.0
2.179999999999965,0.0,0.0,0.05232336965781453,0.0,0.03402486941998249,0.0,0.0,0.0,0.07034827545379246,0.0,0.01823337054549643,0.0
2.182499999999965,0.0,0.0,0.05249797760401485,0.0,0.03407038836305944,0.0,0.0,0.0,0.06933735078339731,0.0,0.01818157356247497,0.0
2.184999999999965,0.0,0.0,0.05267006585131793,0.0,0.03411577810317203,0.0,0.0,0.0,0.0683325250570817,0.0,0.01813000869620667,0.0
2.187499999999964,0.0,0.0,0.05283964692025205,0.0,0.0341610393986097,0.0,0.0,0.0,0.06733161768917859,0.0,0.01807881835906291,0.0
2.189999999999964,0.0,0.0,0.05300672783303494,0.0,0.03420617336371413,0.0,0.0,0.0,0.06633241150299554,0.0,0.0180281449712662,0.0
2.192499999999964,0.0,0.0,0.05317131005875528,0.0,0.03425118146107611,0.0,0.0,0.0,0.06533268077380197,0.0,0.01797812475164786,0.0
2.194999999999964,0.0,0.0,0.05333338948445772,0.0,0.03429606549639067,0.0,0.0,0.0,0.06433018415186037,0.0,0.01792889563047481,0.0
2.197499999999964,0.0,0.0,0.0534929564508549,0.0,0.03434082761483737,0.0,0.0,0.0,0.06332272741217487,0.0,0.01788059159382928,0.0
2.199999999999964,0.0,0.0,0.0536499956632398,0.0,0.03438547029537625,0.0,0.0,0.0,0.06230799677469824,0.0,0.01783334564224281,0.0
2.202499999999964,0.0,0.0,0.05380448625488912,0.0,0.03442999634303814,0.0,0.0,0.0,0.06128384725486371,0.0,0.01778728550604805,0.0
2.204999999999964,0.0,0.0,0.05395640187111463,0.0,0.03447440887403405,0.0,0.0,0.0,0.06024803474308136,0.0,0.01774253262664525,0.0
2.207499999999964,0.0,0.0,0.05410571065604134,0.0,0.03451871132186458,0.0,0.0,0.0,0.05919840080873644,0.0,0.01769921896554286,0.0
2.209999999999964,0.0,0.0,0.05425237540228297,0.0,0.03456290742813142,0.0,0.0,0.0,0.05813282429862419,0.0,0.01765745953047896,0.0
2.212499999999964,0.0,0.0,0.05439635356201241,0.0,0.03460700122077445,0.0,0.0,0.0,0.05704915375385623,0.0,0.01761736828062496,0.0
2.214999999999964,0.0,0.0,0.05453759731761353,0.0,0.03465099700824818,0.0,0.0,0.0,0.0559453241857568,0.0,0.01757905552286056,0.0
2.217499999999964,0.0,0.0,0.0546760537016814,0.0,0.03469489937216814,0.0,0.0,0.0,0.05481928049636156,0.0,0.01754262935893682,0.0
2.219999999999964,0.0,0.0,0.05481166477017912,0.0,0.03473871316045307,0.0,0.0,0.0,0.05366909854210424,0.0,0.01750819488081896,0.0
2.222499999999964,0.0,0.0,0.05494436763642686,0.0,0.03478244348291987,0.0,0.0,0.0,0.05249274463559971,0.0,0.01747585679925756,0.0
2.224999999999964,0.0,0.0,0.05507409464848028,0.0,0.03482609570767624,0.0,0.0,0.0,0.05128844391777857,0.0,0.01744571674430943,0.0
2.227499999999964,0.0,0.0,0.05520077356833659,0.0,0.03486967545027204,0.0,0.0,0.0,0.05005430072499554,0.0,0.01741787100574043,0.0
2.229999999999964,0.0,0.0,0.05532432768426983,0.0,0.03491318855913763,0.0,0.0,0.0,0.04878863104073596,0.0,0.0173924095058918,0.0
2.232499999999964,0.0,0.0,0.05544467615368206,0.0,0.03495664115260898,0.0,0.0,0.0,0.04748982214348513,0.0,0.01736945969602639,0.0
2.234999999999963,0.0,0.0,0.05556173469840876,0.0,0.03500003974422264,0.0,0.0,0.0,0.04615672785480408,0.0,0.01734920837493905,0.0
2.237499999999963,0.0,0.0,0.05567541586815788,0.0,0.03504339123061669,0.0,0.0,0.0,0.04478795770884254,0.0,0.01733177542430974,0.0
2.239999999999963,0.0,0.0,0.05578562820726541,0.0,0.03508670279842942,0.0,0.0,0.0,0.04338170069747069,0.0,0.01731727337306114,0.0
2.242499999999963,0.0,0.0,0.05589227603338021,0.0,0.03512998188100651,0.0,0.0,0.0,0.04193638437039017,0.0,0.01730578681898317,0.0
2.244999999999963,0.0,0.0,0.05599525960874546,0.0,0.03517323611002044,0.0,0.0,0.0,0.04045033887293618,0.0,0.01729739002832669,0.0
2.247499999999963,0.0,0.0,0.05609447508421803,0.0,0.03521647328209775,0.0,0.0,0.0,0.03892194443609018,0.0,0.01729214076824387,0.0
2.249999999999963,0.0,0.0,0.05618981487249679,0.0,0.03525970132556046,0.0,0.0,0.0,0.03734982927312618,0.0,0.01729008641803396,0.0
2.252499999999963,0.0,0.0,0.05628116759202476,0.0,0.03530292824308788,0.0,0.0,0.0,0.03573233104405783,0.0,0.01729123927018168,0.0
2.254999999999963,0.0,0.0,0.05636841792481342,0.0,0.03534616205969997,0.0,0.0,0.0,0.03406796282260884,0.0,0.01729560491431021,0.0
2.257499999999963,0.0,0.0,0.05645144809474185,0.0,0.03538941082489821,0.0,0.0,0.0,0.03235624659968511,0.0,0.01730319744269415,0.0
2.259999999999963,0.0,0.0,0.05653013913621222,0.0,0.03543268260523486,0.0,0.0,0.0,0.03059670448601313,0.0,0.01731401608148263,0.0
2.262499999999963,0.0,0.0,0.05660437093297881,0.0,0.03547598544676992,0.0,0.0,0.0,0.02878889684478533,0.0,0.0173280455153341,0.0
2.264999999999963,0.0,0.0,0.05667402257237984,0.0,0.03551932733365802,0.0,0.0,0.0,0.02693262548544794,0.0,0.01734525151237716,0.0
2.267499999999963,0.0,0.0,0.05673897243583485,0.0,0.03556271614919749,0.0,0.0,0.0,0.02502752342970034,0.0,0.01736558742715152,0.0
2.269999999999963,0.0,0.0,0.05679909837276827,0.0,0.03560615964708617,0.0,0.0,0.0,0.02307353334038712,0.0,0.01738899635895506,0.0
2.272499999999963,0.0,0.0,0.05685427819464817,0.0,0.03564966541581615,0.0,0.0,0.0,0.02107282707091964,0.0,0.01741496252405315,0.0
2.274999999999963,0.0,0.0,0.05690451950564572,0.0,0.03569321423352907,0.0,0.0,0.0,0.01914415076380179,0.0,0.01741904013426643,0.0
2.277499999999963,0.0,0.0,0.05694998017542304,0.0,0.03573675589237155,0.0,0.0,0.0,0.01723421264160097,0.0,0.01741213152983694,0.0
2.279999999999963,0.0,0.0,0.05699069279302485,0.0,0.03578026560054252,0.0,0.0,0.0,0.01535007987659331,0.0,0.01739257064363476,0.0
2.282499999999962,0.0,0.0,0.05702674242090065,0.0,0.03582370742722267,0.0,0.0,0.0,0.01350390898108904,0.0,0.01735781824539714,0.0
2.284999999999962,0.0,0.0,0.05705821428733893,0.0,0.0358670454784475,0.0,0.0,0.0,0.01168682192601765,0.0,0.0173097833107423,0.0
2.287499999999962,0.0,0.0,0.05708518338480892,0.0,0.03591024612529128,0.0,0.0,0.0,0.009902147028513714,0.0,0.01724780871755913,0.0
2.289999999999962,0.0,0.0,0.05710773151726314,0.0,0.03595327436742086,0.0,0.0,0.0,0.008149420508893982,0.0,0.01717200198157209,0.0
2.292499999999962,0.0,0.0,0.05712593173150886,0.0,0.03599609708928914,0.0,0.0,0.0,0.006422928075016533,0.0,0.01708358867170891,0.0
2.294999999999962,0.0,0.0,0.05713991432776724,0.0,0.03603867017109738,0.0,0.0,0.0,0.004808675357966277,0.0,0.01696569271907962,0.0
2.297499999999962,0.0,0.0,0.05715049394794097,0.0,0.03608081419152399,0.0,0.0,0.0,0.003752243205244219,0.0,0.01673010620347562,0.0
2.299999999999962,0.0,0.0,0.05715855014966326,0.0,0.03612233787546271,0.0,0.0,0.0,0.002730200388087131,0.0,0.01648167819674938,0.0
2.302499999999962,0.0,0.0,0.05716374895374493,0.0,0.03616329603436356,0.0,0.0,0.0,0.001513221210397495,0.0,0.0162681039376412,0.0
2.304999999999962,0.0,0.0,0.05716528436407253,0.0,0.03620383981419633,0.0,0.0,0.0,-0.0002614462469641597,0.0,0.01616286848047874,0.0
2.307499999999962,0.0,0.0,0.05716244472976309,0.0,0.03624410268101486,0.0,0.0,0.0,-0.002000567327838218,0.0,0.01604549507143558,0.0
2.309999999999962,0.0,0.0,0.05715527207399766,0.0,0.03628406237074516,0.0,0.0,0.0,-0.003730118685463888,0.0,0.01592078472173871,0.0
2.312499999999962,0.0,0.0,0.05714465085393248,0.0,0.0363235358518586,0.0,0.0,0.0,-0.004643962644443975,0.0,0.01563440653291464,0.0
2.314999999999962,0.0,0.0,0.05713248058231869,0.0,0.03636214635469818,0.0,0.0,0.0,-0.005009204000832898,0.0,0.01523807842094944,0.0
2.317499999999962,0.0,0.0,0.05711843299056305,0.0,0.03639995235439535,0.0,0.0,0.0,-0.006255469581658996,0.0,0.01501240767544034,0.0
2.319999999999962,0.0,0.0,0.05709985065169099,0.0,0.03643746257356788,0.0,0.0,0.0,-0.00841292156679781,0.0,0.01495792917969376,0.0
2.322499999999962,0.0,0.0,0.05707713286219501,0.0,0.03647459051490337,0.0,0.0,0.0,-0.009734958180825657,0.0,0.01473941663263317,0.0
2.324999999999962,0.0,0.0,0.05704959799044311,0.0,0.03651145779294011,0.0,0.0,0.0,-0.0124151085826574,0.0,0.01477788950732888,0.0
2.327499999999961,0.0,0.0,0.05701640200973052,0.0,0.0365482271684451,0.0,0.0,0.0,-0.01410465944909634,0.0,0.01463081807357231,0.0
2.329999999999961,0.0,0.0,0.05698012121425694,0.0,0.03658441461114533,0.0,0.0,0.0,-0.0148042769662245,0.0,0.0142977954566502,0.0
2.332499999999961,0.0,0.0,0.05693966206787881,0.0,0.03662021582989951,0.0,0.0,0.0,-0.01759945553696968,0.0,0.01434998574024944,0.0
2.334999999999961,0.0,0.0,0.05689212001017086,0.0,0.03665616234647492,0.0,0.0,0.0,-0.02010025891729896,0.0,0.01434552205440311,0.0
2.337499999999961,0.0,0.0,0.0568388260233906,0.0,0.03669200499604473,0.0,0.0,0.0,-0.02213136656136841,0.0,0.01425724070466082,0.0
2.339999999999961,0.0,0.0,0.05678357008086164,0.0,0.03672707089478774,0.0,0.0,0.0,-0.02190162130823885,0.0,0.01376495538468619,0.0
2.342499999999961,0.0,0.0,0.05672923041768591,0.0,0.0367608435813675,0.0,0.0,0.0,-0.02158356697334749,0.0,0.01325568818599188,0.0
2.344999999999961,0.0,0.0,0.05667186640602948,0.0,0.03679402259711998,0.0,0.0,0.0,-0.02435733073797328,0.0,0.01329647612408165,0.0
2.347499999999961,0.0,0.0,0.05660745898044819,0.0,0.03682732215810416,0.0,0.0,0.0,-0.02716711186090948,0.0,0.0133430086140474,0.0
2.349999999999961,0.0,0.0,0.05653733106903525,0.0,0.03686051393259681,0.0,0.0,0.0,-0.02833079297879295,0.0,0.01310691344112946,0.0
2.352499999999961,0.0,0.0,0.0564665551258821,0.0,0.03689272765426542,0.0,0.0,0.0,-0.02768966604723892,0.0,0.01256128177473945,0.0
2.354999999999961,0.0,0.0,0.05639404857240257,0.0,0.03692414877862099,0.0,0.0,0.0,-0.03038217391168232,0.0,0.01258714284021757,0.0
2.357499999999961,0.0,0.0,0.05631467425095119,0.0,0.03695565831738506,0.0,0.0,0.0,-0.0331157323804191,0.0,0.01262033688931688,0.0
2.359999999999961,0.0,0.0,0.05622907754387436,0.0,0.03698715055920528,0.0,0.0,0.0,-0.03472450104561724,0.0,0.01246870547094554,0.0
2.362499999999961,0.0,0.0,0.05614462661923674,0.0,0.03701741395335838,0.0,0.0,0.0,-0.0323653792903827,0.0,0.01166463682436523,0.0
2.364999999999961,0.0,0.0,0.05606062271854165,0.0,0.03704656531764611,0.0,0.0,0.0,-0.03492711717794111,0.0,0.01167128148939983,0.0
2.367499999999961,0.0,0.0,0.05597003556044214,0.0,0.03707576395934598,0.0,0.0,0.0,-0.0375410435965732,0.0,0.01168749526491245,0.0
2.369999999999961,0.0,0.0,0.05587374142760181,0.0,0.03710487366736411,0.0,0.0,0.0,-0.03886511704355312,0.0,0.01150113899575387,0.0
2.372499999999961,0.0,0.0,0.05578024593025863,0.0,0.03713255523574851,0.0,0.0,0.0,-0.03570373482338562,0.0,0.01060834943571732,0.0
2.37499999999996,0.0,0.0,0.05569196857086813,0.0,0.03715843018728238,0.0,0.0,0.0,-0.0354681196890006,0.0,0.01017849782816785,0.0
2.37749999999996,0.0,0.0,0.05560226193417301,0.0,0.03718355081179905,0.0,0.0,0.0,-0.03548233241953135,0.0,0.009789589804010792,0.0
2.37999999999996,0.0,0.0,0.05551106787933396,0.0,0.03720793047462485,0.0,0.0,0.0,-0.03768407845598066,0.0,0.009747582921078943,0.0
2.38249999999996,0.0,0.0,0.05541823166305945,0.0,0.037231627904867,0.0,0.0,0.0,-0.03574119762616747,0.0,0.009083166740607045,0.0
2.38499999999996,0.0,0.0,0.05533082098794291,0.0,0.03725358090533957,0.0,0.0,0.0,-0.03453562394889516,0.0,0.008531927823625671,0.0
2.38749999999996,0.0,0.0,0.05524479995303192,0.0,0.03727440360175016,0.0,0.0,0.0,-0.03445975355322552,0.0,0.00815331004142907,0.0
2.38999999999996,0.0,0.0,0.05515787340026378,0.0,0.03729444790846399,0.0,0.0,0.0,-0.03521282743581165,0.0,0.007902093035230042,0.0
2.39249999999996,0.0,0.0,0.0550712941659733,0.0,0.03731355212366359,0.0,0.0,0.0,-0.03353513084938809,0.0,0.007308435164358387,0.0
2.39499999999996,0.0,0.0,0.05498979127134599,0.0,0.03733105525812512,0.0,0.0,0.0,-0.03175672123464312,0.0,0.006707109817699989,0.0
2.39749999999996,0.0,0.0,0.05491180384111389,0.0,0.03734719232974926,0.0,0.0,0.0,-0.03078503573271632,0.0,0.006224558936846885,0.0
2.39999999999996,0.0,0.0,0.0548350398681991,0.0,0.0373623001559799,0.0,0.0,0.0,-0.03078891455369728,0.0,0.005885293766007752,0.0
2.40249999999996,0.0,0.0,0.05475602029840545,0.0,0.0373768870568442,0.0,0.0,0.0,-0.03259170081931277,0.0,0.005808133487350777,0.0
2.40499999999996,0.0,0.0,0.05467422850377613,0.0,0.03739104923344043,0.0,0.0,0.0,-0.03249600351002694,0.0,0.005474303090181906,0.0
2.40749999999996,0.0,0.0,0.05459371309390948,0.0,0.03740423816755784,0.0,0.0,0.0,-0.03201091339806286,0.0,0.005089965173591105,0.0
2.40999999999996,0.0,0.0,0.05451363291665023,0.0,0.03741657684218619,0.0,0.0,0.0,-0.03220300046159931,0.0,0.004801669584541683,0.0
2.41249999999996,0.0,0.0,0.05443126138841623,0.0,0.03742844744163996,0.0,0.0,0.0,-0.03382517105799856,0.0,0.004712921958730059,0.0
2.41499999999996,0.0,0.0,0.05434483100348269,0.0,0.03744019975291362,0.0,0.0,0.0,-0.03508725852539551,0.0,0.004698671935103738,0.0
2.41749999999996,0.0,0.0,0.0542588688327085,0.0,0.03745199716561586,0.0,0.0,0.0,-0.03309084726359052,0.0,0.004807394060612816,0.0
2.41999999999996,0.0,0.0,0.05417617371427473,0.0,0.03746437839186671,0.0,0.0,0.0,-0.03284163068310066,0.0,0.005165908915668347,0.0
2.422499999999959,0.0,0.0,0.05409439187305975,0.0,0.03747774394132237,0.0,0.0,0.0,-0.03259328196217868,0.0,0.005524388827489882,0.0
2.424999999999959,0.0,0.0,0.05401355833175546,0.0,0.03749206799222904,0.0,0.0,0.0,-0.03199322913607389,0.0,0.005954717456051245,0.0
2.427499999999959,0.0,0.0,0.0539351793752428,0.0,0.03750768913403435,0.0,0.0,0.0,-0.03057787622322837,0.0,0.006575356045457358,0.0
2.429999999999959,0.0,0.0,0.05386130070448081,0.0,0.03752508623912693,0.0,0.0,0.0,-0.02841732051842173,0.0,0.007369349332527114,0.0
2.432499999999959,0.0,0.0,0.05379025538437941,0.0,0.03754381452437321,0.0,0.0,0.0,-0.02839608635017255,0.0,0.007619149637694408,0.0
2.434999999999959,0.0,0.0,0.05371912759639347,0.0,0.03756311511033764,0.0,0.0,0.0,-0.0287254256029069,0.0,0.007764988292297447,0.0
2.437499999999959,0.0,0.0,0.05364577100551297,0.0,0.03758240320513352,0.0,0.0,0.0,-0.02998695340165162,0.0,0.007658299052661926,0.0
2.439999999999959,0.0,0.0,0.0535692482467864,0.0,0.03760140422327808,0.0,0.0,0.0,-0.03123038673030819,0.0,0.007542483008597451,0.0
2.442499999999959,0.0,0.0,0.05348967399643265,0.0,0.03762011340657288,0.0,0.0,0.0,-0.03242814731012496,0.0,0.00742483267642991,0.0
2.444999999999959,0.0,0.0,0.05340728564526039,0.0,0.03763851187325223,0.0,0.0,0.0,-0.03342809798936784,0.0,0.007287661927704869,0.0
2.447499999999959,0.0,0.0,0.05332363864651141,0.0,0.03765643558740569,0.0,0.0,0.0,-0.03329951129977687,0.0,0.007030732412521059,0.0
2.449999999999959,0.0,0.0,0.05324110544891468,0.0,0.03767363477163685,0.0,0.0,0.0,-0.03277648719480104,0.0,0.006734114728642986,0.0
2.452499999999959,0.0,0.0,0.05315925270732212,0.0,0.03769016561089505,0.0,0.0,0.0,-0.03278503572871094,0.0,0.006499339130031796,0.0
2.454999999999959,0.0,0.0,0.05307609759467841,0.0,0.03770625457845878,0.0,0.0,0.0,-0.03375652041285514,0.0,0.006373824429681347,0.0
2.457499999999959,0.0,0.0,0.05299051845225929,0.0,0.03772203370216289,0.0,0.0,0.0,-0.03470599803192465,0.0,0.006249460088854052,0.0
2.459999999999959,0.0,0.0,0.05290261408262617,0.0,0.03773750109218859,0.0,0.0,0.0,-0.03561670755134046,0.0,0.006124439322472567,0.0
2.462499999999959,0.0,0.0,0.05281247929958219,0.0,0.03775265536660333,0.0,0.0,0.0,-0.03649033382038193,0.0,0.005998969360658393,0.0
2.464999999999959,0.0,0.0,0.05272020459742296,0.0,0.0377674956606545,0.0,0.0,0.0,-0.03732864749408808,0.0,0.00587325671145638,0.0
2.467499999999959,0.0,0.0,0.0526258759377889,0.0,0.03778202161722982,0.0,0.0,0.0,-0.03813350397313157,0.0,0.005747500980662708,0.0
2.469999999999958,0.0,0.0,0.05252964578931759,0.0,0.0377962530644896,0.0,0.0,0.0,-0.03881039027547278,0.0,0.005648555895312317,0.0
2.472499999999958,0.0,0.0,0.05243235460754975,0.0,0.03781040185144142,0.0,0.0,0.0,-0.03892755511271711,0.0,0.005696514597505416,0.0
2.474999999999958,0.0,0.0,0.05233542973839812,0.0,0.03782484393514061,0.0,0.0,0.0,-0.03853739428741289,0.0,0.005877651426474554,0.0
2.477499999999958,0.0,0.0,0.05223845283633348,0.0,0.03783944702737409,0.0,0.0,0.0,-0.03913877253798492,0.0,0.005778449156899986,0.0
2.479999999999958,0.0,0.0,0.05213976244847594,0.0,0.03785373733249488,0.0,0.0,0.0,-0.03981280276382594,0.0,0.005653788332862015,0.0
2.482499999999958,0.0,0.0,0.05203941255536332,0.0,0.03786771734917924,0.0,0.0,0.0,-0.04046637671985363,0.0,0.005530219508489673,0.0
2.484999999999958,0.0,0.0,0.0519375214588445,0.0,0.03788140987982948,0.0,0.0,0.0,-0.0409949438437676,0.0,0.005438199336762596,0.0
2.487499999999958,0.0,0.0,0.0518350379831688,0.0,0.03789507513218559,0.0,0.0,0.0,-0.04089280905502546,0.0,0.005521845459936379,0.0
2.489999999999958,0.0,0.0,0.0517334370062351,0.0,0.03790912445629364,0.0,0.0,0.0,-0.04047908442662602,0.0,0.005691584266875199,0.0
2.492499999999958,0.0,0.0,0.0516315340229162,0.0,0.0379232178429483,0.0,0.0,0.0,-0.04106124657577152,0.0,0.005577830405864515,0.0
2.494999999999958,0.0,0.0,0.05152813955880872,0.0,0.03793701602394585,0.0,0.0,0.0,-0.04165360459517856,0.0,0.005460707253664544,0.0
2.497499999999958,0.0,0.0,0.05142327173117551,0.0,0.0379505239950755,0.0,0.0,0.0,-0.04223993146783403,0.0,0.005345663084210533,0.0
2.499999999999958,0.0,0.0,0.0513170432773852,0.0,0.03796377638456334,0.0,0.0,0.0,-0.04267849115649715,0.0,0.005274703403231156,0.0
2.502499999999958,0.0,0.0,0.05121047858014138,0.0,0.03797707454962239,0.0,0.0,0.0,-0.04247697035518359,0.0,0.005391554583841186,0.0
2.504999999999958,0.0,0.0,0.05110502649615165,0.0,0.0379908451546384,0.0,0.0,0.0,-0.04181493177264959,0.0,0.005644952414403056,0.0
2.507499999999958,0.0,0.0,0.05100013147065753,0.0,0.03800493519975629,0.0,0.0,0.0,-0.04225430823003185,0.0,0.005582390347590235,0.0
2.509999999999958,0.0,0.0,0.05089374547050514,0.0,0.03801876061436672,0.0,0.0,0.0,-0.04285375568069501,0.0,0.005477928887706303,0.0
2.512499999999958,0.0,0.0,0.05078585029248419,0.0,0.03803232852752143,0.0,0.0,0.0,-0.04346163749464459,0.0,0.005376389215867362,0.0
2.514999999999957,0.0,0.0,0.05067660245980561,0.0,0.03804570002872424,0.0,0.0,0.0,-0.0439359419275406,0.0,0.00532077611002357,0.0
2.517499999999957,0.0,0.0,0.05056597165510643,0.0,0.03805888269757882,0.0,0.0,0.0,-0.04456792522247309,0.0,0.005225345865750681,0.0
2.519999999999957,0.0,0.0,0.05045374193351114,0.0,0.03807183092649648,0.0,0.0,0.0,-0.04521505879779959,0.0,0.005133223904557773,0.0
2.522499999999957,0.0,0.0,0.05033987284948388,0.0,0.03808455317747859,0.0,0.0,0.0,-0.0458793972247027,0.0,0.005044563180829982,0.0
2.524999999999957,0.0,0.0,0.05022431942455995,0.0,0.03809705837963,0.0,0.0,0.0,-0.0465625128171909,0.0,0.004959584339486121,0.0
2.527499999999957,0.0,0.0,0.05010703233391605,0.0,0.03810935592376177,0.0,0.0,0.0,-0.04726631010571091,0.0,0.004878436140261759,0.0
2.529999999999957,0.0,0.0,0.0499879575637845,0.0,0.03812145556097211,0.0,0.0,0.0,-0.0479926356918217,0.0,0.004801258064298901,0.0
2.532499999999957,0.0,0.0,0.04986703638117818,0.0,0.03813336735486896,0.0,0.0,0.0,-0.04874341827133062,0.0,0.004728160648844962,0.0
2.534999999999957,0.0,0.0,0.04974420540708307,0.0,0.03814510164479833,0.0,0.0,0.0,-0.04952044595421186,0.0,0.004659253948469807,0.0
2.537499999999957,0.0,0.0,0.04961939669614648,0.0,0.03815666902478024,0.0,0.0,0.0,-0.05032558374102637,0.0,0.004594631655573458,0.0
2.539999999999957,0.0,0.0,0.04949253764160204,0.0,0.03816808030043711,0.0,0.0,0.0,-0.05116069566681107,0.0,0.004534369366121065,0.0
2.542499999999957,0.0,0.0,0.0493635511241296,0.0,0.03817934647605681,0.0,0.0,0.0,-0.05202752799065598,0.0,0.004478550421191749,0.0
2.544999999999957,0.0,0.0,0.04923235528982474,0.0,0.03819047873997373,0.0,0.0,0.0,-0.05292812184788136,0.0,0.004427238718434273,0.0
2.547499999999957,0.0,0.0,0.04909886342103726,0.0,0.03820148844306718,0.0,0.0,0.0,-0.05386432615938516,0.0,0.004380500244702223,0.0
2.549999999999957,0.0,0.0,0.04896298416048828,0.0,0.03821238707085214,0.0,0.0,0.0,-0.0548380063686513,0.0,0.004338377187195588,0.0
2.552499999999957,0.0,0.0,0.04882462180356738,0.0,0.03822318620342671,0.0,0.0,0.0,-0.055850772308507,0.0,0.004300902555248599,0.0
2.554999999999957,0.0,0.0,0.04868367654787099,0.0,0.03823389748108053,0.0,0.0,0.0,-0.05690429284664603,0.0,0.004268091674529626,0.0
2.557499999999957,0.0,0.0,0.04854004431841197,0.0,0.0382445325583296,0.0,0.0,0.0,-0.05800031753859975,0.0,0.004239940601468793,0.0
2.559999999999957,0.0,0.0,0.04839361707778628,0.0,0.0382551030610371,0.0,0.0,0.0,-0.05914026702737616,0.0,0.004216430356487962,0.0
2.562499999999956,0.0,0.0,0.04824428437700229,0.0,0.03826562058723226,0.0,0.0,0.0,-0.06032465088515356,0.0,0.00419755762419267,0.0
2.564999999999956,0.0,0.0,0.0480919343851388,0.0,0.03827609669876665,0.0,0.0,0.0,-0.06155406394366817,0.0,0.004183296819921614,0.0
2.567499999999956,0.0,0.0,0.04793645392865147,0.0,0.03828654286684395,0.0,0.0,0.0,-0.0628289858500306,0.0,0.00417360101466227,0.0
2.569999999999956,0.0,0.0,0.04777772889338129,0.0,0.03829697043664525,0.0,0.0,0.0,-0.06414968953976097,0.0,0.004168416334440589,0.0
2.572499999999956,0.0,0.0,0.0476156443723953,0.0,0.03830739059305561,0.0,0.0,0.0,-0.06551653646489017,0.0,0.004167668408651294,0.0
2.574999999999956,0.0,0.0,0.04745008486089506,0.0,0.03831781432441379,0.0,0.0,0.0,-0.06692964330770083,0.0,0.004171274383249994,0.0
2.577499999999956,0.0,0.0,0.04728093471500458,0.0,0.03832825239048206,0.0,0.0,0.0,-0.06838900479096667,0.0,0.004179134258394147,0.0
2.579999999999956,0.0,0.0,0.04710807846984007,0.0,0.03833871527228902,0.0,0.0,0.0,-0.06989448303034809,0.0,0.004191125058196228,0.0
2.582499999999956,0.0,0.0,0.0469314013126358,0.0,0.03834921313913253,0.0,0.0,0.0,-0.07144569380384862,0.0,0.004207120455177045,0.0
2.584999999999956,0.0,0.0,0.04675078933386711,0.0,0.03835975581502214,0.0,0.0,0.0,-0.07304230038877815,0.0,0.004226970316816762,0.0
2.587499999999956,0.0,0.0,0.04656612986193578,0.0,0.03837035273188533,0.0,0.0,0.0,-0.0746821176834473,0.0,0.004250187043178685,0.0
2.589999999999956,0.0,0.0,0.0463774020587364,0.0,0.0383809938115502,0.0,0.0,0.0,-0.07628236654911501,0.0,0.004259213262568106,0.0
2.592499999999956,0.0,0.0,0.04618468490990713,0.0,0.03839164783440165,0.0,0.0,0.0,-0.07786504699150508,0.0,0.004258866003358766,0.0
2.594999999999956,0.0,0.0,0.04598838558766674,0.0,0.03840221687155193,0.0,0.0,0.0,-0.07911654773253092,0.0,0.004184753344479231,0.0
2.597499999999956,0.0,0.0,0.04578911622669143,0.0,0.03841256082454732,0.0,0.0,0.0,-0.080283617874089,0.0,0.004087543699892901,0.0
2.599999999999956,0.0,0.0,0.04558697997744418,0.0,0.03842264431506367,0.0,0.0,0.0,-0.08141117464159432,0.0,0.003976624471874081,0.0
2.602499999999956,0.0,0.0,0.04538206279635924,0.0,0.03843243594803179,0.0,0.0,0.0,-0.08251034519936878,0.0,0.003854477575970205,0.0
2.604999999999956,0.0,0.0,0.04517412013194488,0.0,0.03844197466930702,0.0,0.0,0.0,-0.08383990675248963,0.0,0.003776060854957229,0.0
2.607499999999956,0.0,0.0,0.04496228590736325,0.0,0.03845142778318376,0.0,0.0,0.0,-0.08571690653811383,0.0,0.003805126613337704,0.0
2.609999999999955,0.0,0.0,0.04474549170823627,0.0,0.03846100254990217,0.0,0.0,0.0,-0.08771648973955411,0.0,0.003854626876643381,0.0
2.612499999999955,0.0,0.0,0.04452366251823862,0.0,0.03847070281617487,0.0,0.0,0.0,-0.08974486211705528,0.0,0.003905524923017178,0.0
2.614999999999955,0.0,0.0,0.044296729690456,0.0,0.03848053173298596,0.0,0.0,0.0,-0.09179936391001764,0.0,0.003957546055047986,0.0
2.617499999999955,0.0,0.0,0.04406463139584103,0.0,0.03849049175144668,0.0,0.0,0.0,-0.09387720060425336,0.0,0.004010405084136968,0.0
2.619999999999955,0.0,0.0,0.04382731288320314,0.0,0.038500584612477,0.0,0.0,0.0,-0.09597550438259296,0.0,0.004063819053977649,0.0
2.622499999999955,0.0,0.0,0.04358472655640912,0.0,0.03851081133862937,0.0,0.0,0.0,-0.09809142071245729,0.0,0.004117496604691495,0.0
2.624999999999955,0.0,0.0,0.04333683218424128,0.0,0.03852117221830268,0.0,0.0,0.0,-0.100221907833817,0.0,0.004171140719515222,0.0
2.627499999999955,0.0,0.0,0.0430835972288139,0.0,0.03853166679478305,0.0,0.0,0.0,-0.1023638563390115,0.0,0.004224453255986103,0.0
2.629999999999955,0.0,0.0,0.04282499701590747,0.0,0.03854229386353978,0.0,0.0,0.0,-0.1045140847980994,0.0,0.004277133947555958,0.0
2.632499999999955,0.0,0.0,0.04256101476371916,0.0,0.03855305148211652,0.0,0.0,0.0,-0.1066694595882196,0.0,0.004328892639177304,0.0
2.634999999999955,0.0,0.0,0.04229320721117285,0.0,0.03856364728939762,0.0,0.0,0.0,-0.1075752139340009,0.0,0.004147858058357195,0.0
2.637499999999955,0.0,0.0,0.04202481136619002,0.0,0.03857347879941965,0.0,0.0,0.0,-0.1070566257766747,0.0,0.003702017388970723,0.0
2.639999999999955,0.0,0.0,0.04175538344549065,0.0,0.03858278571310352,0.0,0.0,0.0,-0.1080610551842,0.0,0.003758361988567934,0.0
2.642499999999955,0.0,0.0,0.04148633365473905,0.0,0.03859229336639267,0.0,0.0,0.0,-0.1071008150477662,0.0,0.003848743157637732,0.0
2.644999999999955,0.0,0.0,0.04122051823312799,0.0,0.03860182719388222,0.0,0.0,0.0,-0.1051731815455655,0.0,0.003684171631090033,0.0
2.647499999999955,0.0,0.0,0.04096089132175217,0.0,0.03861048745254474,0.0,0.0,0.0,-0.1024190649094296,0.0,0.003192849960196316,0.0
2.649999999999955,0.0,0.0,0.04070376190570262,0.0,0.03861851523893312,0.0,0.0,0.0,-0.1034331567624781,0.0,0.003238658711014499,0.0
2.652499999999955,0.0,0.0,0.04044307766081807,0.0,0.03862666771385949,0.0,0.0,0.0,-0.1050661156162108,0.0,0.00328492620231668,0.0
2.654999999999955,0.0,0.0,0.04018343557492469,0.0,0.03863448983791579,0.0,0.0,0.0,-0.1017337563906401,0.0,0.002861204426995718,0.0
2.657499999999954,0.0,0.0,0.03993468876666746,0.0,0.0386408089803073,0.0,0.0,0.0,-0.0973357854404448,0.0,0.002181961420230828,0.0
2.659999999999954,0.0,0.0,0.03969071973557864,0.0,0.03864630770829235,0.0,0.0,0.0,-0.0980304518609808,0.0,0.002227342038368123,0.0
2.662499999999954,0.0,0.0,0.03944387293737471,0.0,0.03865192616074133,0.0,0.0,0.0,-0.09955641416441344,0.0,0.002265072208774421,0.0
2.664999999999954,0.0,0.0,0.03919320571235387,0.0,0.03865763646158643,0.0,0.0,0.0,-0.1005902183487478,0.0,0.002349241693935879,0.0
2.667499999999954,0.0,0.0,0.0389503350885923,0.0,0.03866313511026704,0.0,0.0,0.0,-0.09238984532182302,0.0,0.001950919630528825,0.0
2.669999999999954,0.0,0.0,0.03871952120106573,0.0,0.03866806784409658,0.0,0.0,0.0,-0.09253818499551328,0.0,0.002001269966826694,0.0
2.672499999999954,0.0,0.0,0.03848706322330408,0.0,0.03867311748977403,0.0,0.0,0.0,-0.09355195419041258,0.0,0.002034950441645027,0.0
2.674999999999954,0.0,0.0,0.03825177591832592,0.0,0.03867834452169951,0.0,0.0,0.0,-0.09460007665019404,0.0,0.002179556931838248,0.0
2.677499999999954,0.0,0.0,0.03801307924022126,0.0,0.03868379192395486,0.0,0.0,0.0,-0.09605228489801976,0.0,0.002188918799676428,0.0
2.679999999999954,0.0,0.0,0.03777716134775055,0.0,0.03868960571929655,0.0,0.0,0.0,-0.09172249493657916,0.0,0.002559882026661273,0.0
2.682499999999954,0.0,0.0,0.03754936928455905,0.0,0.03869676371289654,0.0,0.0,0.0,-0.0905313994469428,0.0,0.00318126395731276,0.0
2.684999999999954,0.0,0.0,0.03732300077238429,0.0,0.03870516344043146,0.0,0.0,0.0,-0.09066706718709704,0.0,0.003516464859432835,0.0
2.687499999999954,0.0,0.0,0.0370942933249479,0.0,0.03871392599116513,0.0,0.0,0.0,-0.0923196541832948,0.0,0.003488379490697596,0.0
2.689999999999954,0.0,0.0,0.036861470806279,0.0,0.03872259741727366,0.0,0.0,0.0,-0.09393646333787552,0.0,0.00344873798223466,0.0
2.692499999999954,0.0,0.0,0.03662468103131726,0.0,0.03873116181764073,0.0,0.0,0.0,-0.0954934662370878,0.0,0.0034027623675058,0.0
2.694999999999954,0.0,0.0,0.03638798185490746,0.0,0.03873976562621414,0.0,0.0,0.0,-0.09386623661339576,0.0,0.003480173230214671,0.0
2.697499999999954,0.0,0.0,0.03615150827702561,0.0,0.03874839266919914,0.0,0.0,0.0,-0.09531079142161168,0.0,0.0034214474388703,0.0
2.699999999999954,0.0,0.0,0.03591149987496382,0.0,0.03875686543508117,0.0,0.0,0.0,-0.09669410761962664,0.0,0.00335675535197618,0.0
2.702499999999953,0.0,0.0,0.03567385891637805,0.0,0.03876529005579844,0.0,0.0,0.0,-0.09306395287659576,0.0,0.003331263090036581,0.0
2.704999999999953,0.0,0.0,0.03544152760608092,0.0,0.03877324566798433,0.0,0.0,0.0,-0.09289362033992685,0.0,0.003046808371363987,0.0
2.707499999999953,0.0,0.0,0.03521232051530275,0.0,0.03878092544358016,0.0,0.0,0.0,-0.09059016620828177,0.0,0.003113801315841772,0.0
2.709999999999953,0.0,0.0,0.03498625671182674,0.0,0.03878834465758283,0.0,0.0,0.0,-0.08994565552694503,0.0,0.002778547794771493,0.0
2.712499999999953,0.0,0.0,0.03476786874113218,0.0,0.03879508232734624,0.0,0.0,0.0,-0.08437063816854742,0.0,0.002655329249887379,0.0
2.714999999999953,0.0,0.0,0.03455751398844155,0.0,0.03880133880246694,0.0,0.0,0.0,-0.08402014850102936,0.0,0.002364762328939613,0.0
2.717499999999953,0.0,0.0,0.03435037500066329,0.0,0.03880734797395749,0.0,0.0,0.0,-0.08163900196332888,0.0,0.002464151934418561,0.0
2.719999999999953,0.0,0.0,0.03414576869832919,0.0,0.0388135547609821,0.0,0.0,0.0,-0.08195111155620725,0.0,0.002524555302472765,0.0
2.722499999999953,0.0,0.0,0.03394103772339897,0.0,0.03882005342392942,0.0,0.0,0.0,-0.0817625776766909,0.0,0.002691728719274178,0.0
2.724999999999953,0.0,0.0,0.03373559209942845,0.0,0.03882665332930266,0.0,0.0,0.0,-0.08260980174904332,0.0,0.002583922554897258,0.0
2.727499999999953,0.0,0.0,0.03352805349454663,0.0,0.03883296897597038,0.0,0.0,0.0,-0.08341970045814294,0.0,0.002468623317138823,0.0
2.729999999999953,0.0,0.0,0.03331855726258189,0.0,0.03883899271072916,0.0,0.0,0.0,-0.0841759152515208,0.0,0.002350395848276636,0.0
2.732499999999953,0.0,0.0,0.0331072366475758,0.0,0.0388447174967882,0.0,0.0,0.0,-0.08487922360189268,0.0,0.002229467388257379,0.0
2.734999999999953,0.0,0.0,0.03289422299854149,0.0,0.03885013685810491,0.0,0.0,0.0,-0.08553035646825917,0.0,0.002106058810260001,0.0
2.737499999999953,0.0,0.0,0.03267964592412881,0.0,0.03885524486582286,0.0,0.0,0.0,-0.08612997796686504,0.0,0.001980387179611856,0.0
2.739999999999953,0.0,0.0,0.03246363359474398,0.0,0.03886003610001001,0.0,0.0,0.0,-0.08667857248737927,0.0,0.001852642257685023,0.0
2.742499999999953,0.0,0.0,0.03224631398741946,0.0,0.0388645054445309,0.0,0.0,0.0,-0.08717581240966124,0.0,0.001722877636937651,0.0
2.744999999999953,0.0,0.0,0.03202781523339042,0.0,0.03886864801953131,0.0,0.0,0.0,-0.08762190415975143,0.0,0.001591229060206827,0.0
2.747499999999953,0.0,0.0,0.03180858051381037,0.0,0.03887254237848222,0.0,0.0,0.0,-0.08767458358231767,0.0,0.001547945609833549,0.0
2.749999999999952,0.0,0.0,0.03158994657842971,0.0,0.03887650276040303,0.0,0.0,0.0,-0.08715030914098665,0.0,0.001641680894350093,0.0
2.752499999999952,0.0,0.0,0.03137325635065412,0.0,0.03888084621871087,0.0,0.0,0.0,-0.08612847885160041,0.0,0.001852085921707531,0.0
2.754999999999952,0.0,0.0,0.03115766308128389,0.0,0.03888531608905411,0.0,0.0,0.0,-0.08636587419761385,0.0,0.001718364479289563,0.0
2.757499999999952,0.0,0.0,0.030941481067374,0.0,0.03888943680715404,0.0,0.0,0.0,-0.08657856644109053,0.0,0.001578261245068061,0.0
2.759999999999952,0.0,0.0,0.03072488999756619,0.0,0.03889322459244152,0.0,0.0,0.0,-0.0866445215599814,0.0,0.001465122457720379,0.0
2.762499999999952,0.0,0.0,0.03050887213106123,0.0,0.03889691353936985,0.0,0.0,0.0,-0.0860712813669684,0.0,0.001512326941095419,0.0
2.764999999999952,0.0,0.0,0.03029360907546028,0.0,0.03890052363283084,0.0,0.0,0.0,-0.08614839551762174,0.0,0.001373015180038358,0.0
2.767499999999952,0.0,0.0,0.03007817613778046,0.0,0.03890377845399973,0.0,0.0,0.0,-0.08619685869427568,0.0,0.001230898818788242,0.0
2.769999999999952,0.0,0.0,0.02986266847569369,0.0,0.03890667823101406,0.0,0.0,0.0,-0.08620818959991569,0.0,0.001088981699263727,0.0
2.772499999999952,0.0,0.0,0.02965452329392271,0.0,0.03890988399309106,0.0,0.0,0.0,-0.08031114869029961,0.0,0.001475297136696223,0.0
2.774999999999952,0.0,0.0,0.02945379371554029,0.0,0.03891339408341405,0.0,0.0,0.0,-0.08027153457999214,0.0,0.001332831349430171,0.0
2.777499999999952,0.0,0.0,0.02925320141690793,0.0,0.03891654899446644,0.0,0.0,0.0,-0.08020133811367906,0.0,0.001191155275790598,0.0
2.779999999999952,0.0,0.0,0.02905281990595253,0.0,0.03891935097177619,0.0,0.0,0.0,-0.08010291652091991,0.0,0.001050485789590584,0.0
2.782499999999952,0.0,0.0,0.02885271687532815,0.0,0.03892180278258572,0.0,0.0,0.0,-0.07997856493533007,0.0,0.0009110234139750444,0.0
2.784999999999952,0.0,0.0,0.02865295424774585,0.0,0.03892390769219832,0.0,0.0,0.0,-0.07983060489843197,0.0,0.0007729660187133526,0.0
2.787499999999952,0.0,0.0,0.02845358807334386,0.0,0.03892566944850758,0.0,0.0,0.0,-0.07966141208037612,0.0,0.0006365018665610613,0.0
2.789999999999952,0.0,0.0,0.02825659865403121,0.0,0.03892729241309906,0.0,0.0,0.0,-0.07793034165120391,0.0,0.0006618136135787176,0.0
2.792499999999952,0.0,0.0,0.02806202151001166,0.0,0.03892878036394631,0.0,0.0,0.0,-0.07773048762394585,0.0,0.0005286098973267407,0.0
2.794999999999952,0.0,0.0,0.02787086803872829,0.0,0.03893023936275959,0.0,0.0,0.0,-0.07381818535074874,0.0,0.0007810353925981411,0.0
2.797499999999951,0.0,0.0,0.02768734449476072,0.0,0.03893224344773129,0.0,0.0,0.0,-0.07280558529427487,0.0,0.0008773256580068566,0.0
2.799999999999951,0.0,0.0,0.02750639856193385,0.0,0.03893450132088054,0.0,0.0,0.0,-0.07212116617316945,0.0,0.0008806313029054395,0.0
2.802499999999951,0.0,0.0,0.02732643711075663,0.0,0.03893656268780989,0.0,0.0,0.0,-0.0718717251033526,0.0,0.0007615692986440907,0.0
2.804999999999951,0.0,0.0,0.02714734315426887,0.0,0.03893839977857474,0.0,0.0,0.0,-0.07137187366554863,0.0,0.000717090821034655,0.0
2.807499999999951,0.0,0.0,0.02697177657894056,0.0,0.03894032681566727,0.0,0.0,0.0,-0.06785293379342594,0.0,0.0009603672695223334,0.0
2.809999999999951,0.0,0.0,0.02680241509256918,0.0,0.03894257929907004,0.0,0.0,0.0,-0.06763550917679208,0.0,0.0008416717709111862,0.0
2.812499999999951,0.0,0.0,0.02663359192898451,0.0,0.03894453897480579,0.0,0.0,0.0,-0.06742227420380309,0.0,0.000726121163176592,0.0
2.814999999999951,0.0,0.0,0.02646607710597732,0.0,0.03894630593622026,0.0,0.0,0.0,-0.0659548861696837,0.0,0.0007619930968915856,0.0
2.817499999999951,0.0,0.0,0.02630143163168933,0.0,0.03894807424391312,0.0,0.0,0.0,-0.0657607562553515,0.0,0.0006527034040519945,0.0
2.819999999999951,0.0,0.0,0.02613749277651801,0.0,0.03894964371335992,0.0,0.0,0.0,-0.06427665664390189,0.0,0.000733683943601676,0.0
2.822499999999951,0.0,0.0,0.02597761995093633,0.0,0.03895142158811697,0.0,0.0,0.0,-0.06352426069970596,0.0,0.000702380417047118,0.0
2.824999999999951,0.0,0.0,0.02582184894011504,0.0,0.03895340897016004,0.0,0.0,0.0,-0.06109428079672709,0.0,0.0008872577766511197,0.0
2.827499999999951,0.0,0.0,0.0256701048151846,0.0,0.03895575638251226,0.0,0.0,0.0,-0.06033233596808948,0.0,0.0009811954232892858,0.0
2.829999999999951,0.0,0.0,0.02551939808509762,0.0,0.03895809355939204,0.0,0.0,0.0,-0.06023234045782513,0.0,0.0008885855567402477,0.0
2.832499999999951,0.0,0.0,0.02536891323591516,0.0,0.03896020444138686,0.0,0.0,0.0,-0.060154821678047,0.0,0.0008001583793006399,0.0
2.834999999999951,0.0,0.0,0.02521889002502071,0.0,0.03896219038276968,0.0,0.0,0.0,-0.05978596774889818,0.0,0.0008120595117590757,0.0
2.837499999999951,0.0,0.0,0.02507081875427075,0.0,0.03896431257509322,0.0,0.0,0.0,-0.05870137593612205,0.0,0.0008764110863462432,0.0
2.839999999999951,0.0,0.0,0.02492405798114014,0.0,0.03896640892411871,0.0,0.0,0.0,-0.05870650594255033,0.0,0.0008007003229581798,0.0
2.842499999999951,0.0,0.0,0.02477724675909735,0.0,0.03896832185788485,0.0,0.0,0.0,-0.05874171955954466,0.0,0.0007296775540815139,0.0
2.84499999999995,0.0,0.0,0.02463030747899132,0.0,0.03897006320723642,0.0,0.0,0.0,-0.05880893580652188,0.0,0.000663431384311726,0.0
2.84749999999995,0.0,0.0,0.02448315753151075,0.0,0.03897164501488241,0.0,0.0,0.0,-0.05843385027376662,0.0,0.0006678976462530403,0.0
2.84999999999995,0.0,0.0,0.02434305640311634,0.0,0.0389741165987719,0.0,0.0,0.0,-0.05394510506129693,0.0,0.001282803713218062,0.0
2.85249999999995,0.0,0.0,0.02420918441145834,0.0,0.03897759791313021,0.0,0.0,0.0,-0.0531607098358972,0.0,0.00151589385510061,0.0
2.85499999999995,0.0,0.0,0.02407667623775038,0.0,0.03898153913680896,0.0,0.0,0.0,-0.05299661251145715,0.0,0.001589968838118756,0.0
2.85749999999995,0.0,0.0,0.02394388920256316,0.0,0.03898547382569358,0.0,0.0,0.0,-0.05325282233314532,0.0,0.00155138909760633,0.0
2.85999999999995,0.0,0.0,0.02381199032982061,0.0,0.03898953959774861,0.0,0.0,0.0,-0.05146908886434814,0.0,0.001816822407420779,0.0
2.86249999999995,0.0,0.0,0.02368285206336269,0.0,0.0389940367581348,0.0,0.0,0.0,-0.05184072240380217,0.0,0.001780907613638908,0.0
2.86499999999995,0.0,0.0,0.02355272605632853,0.0,0.0389984503142658,0.0,0.0,0.0,-0.05225925603671245,0.0,0.001749936846150342,0.0
2.86749999999995,0.0,0.0,0.02342149323884243,0.0,0.03900279256561084,0.0,0.0,0.0,-0.05272613905062342,0.0,0.001723862162382267,0.0
2.86999999999995,0.0,0.0,0.02328953440633142,0.0,0.03900715207627244,0.0,0.0,0.0,-0.05259438435320728,0.0,0.001801093910386154,0.0
2.87249999999995,0.0,0.0,0.02315733880190008,0.0,0.0390116339429389,0.0,0.0,0.0,-0.05316119055455285,0.0,0.001784392291145044,0.0
2.87499999999995,0.0,0.0,0.02302366411530874,0.0,0.03901607997833496,0.0,0.0,0.0,-0.05377761928933966,0.0,0.001772426869978304,0.0
2.87749999999995,0.0,0.0,0.02288838615249613,0.0,0.03902050192643155,0.0,0.0,0.0,-0.05444378002985484,0.0,0.001765120405288462,0.0
2.87999999999995,0.0,0.0,0.02275138019397038,0.0,0.03902491130476358,0.0,0.0,0.0,-0.05515998332382953,0.0,0.001762369020362332,0.0
2.88249999999995,0.0,0.0,0.02261252127313059,0.0,0.03902931936350053,0.0,0.0,0.0,-0.05592611779990322,0.0,0.001764062644589488,0.0
2.88499999999995,0.0,0.0,0.02247168465549118,0.0,0.03903373705187936,0.0,0.0,0.0,-0.05674210760392706,0.0,0.00177007066768256,0.0
2.88749999999995,0.0,0.0,0.02232874615011507,0.0,0.03903817498276244,0.0,0.0,0.0,-0.05760759433752791,0.0,0.001780254606586121,0.0
2.889999999999949,0.0,0.0,0.02218358274221069,0.0,0.03904264339400856,0.0,0.0,0.0,-0.05852199555277122,0.0,0.001794452922690885,0.0
2.892499999999949,0.0,0.0,0.02203607256446287,0.0,0.03904715209214155,0.0,0.0,0.0,-0.05948497604088848,0.0,0.00181248213884448,0.0
2.894999999999949,0.0,0.0,0.02188609522201271,0.0,0.03905171041312862,0.0,0.0,0.0,-0.06049569292704689,0.0,0.001834149248020973,0.0
2.897499999999949,0.0,0.0,0.02173353266951725,0.0,0.03905632720286499,0.0,0.0,0.0,-0.06155310952339244,0.0,0.001859255232355034,0.0
2.899999999999949,0.0,0.0,0.02157826954089245,0.0,0.03906101078290325,0.0,0.0,0.0,-0.06265611926113018,0.0,0.001887579643089568,0.0
2.902499999999949,0.0,0.0,0.02142019320144133,0.0,0.03906576889308726,0.0,0.0,0.0,-0.06380364287299838,0.0,0.001918877605547457,0.0
2.904999999999949,0.0,0.0,0.02125919370820786,0.0,0.03907060863739418,0.0,0.0,0.0,-0.06499460767304736,0.0,0.001952885241108213,0.0
2.907499999999949,0.0,0.0,0.02109516477445231,0.0,0.03907553648782118,0.0,0.0,0.0,-0.06622716126212602,0.0,0.001989360870506567,0.0
2.909999999999949,0.0,0.0,0.02092800480958762,0.0,0.03908055829166941,0.0,0.0,0.0,-0.06749939863616192,0.0,0.002028046482434973,0.0
2.912499999999949,0.0,0.0,0.02075761726199792,0.0,0.03908567923571497,0.0,0.0,0.0,-0.06880919478295049,0.0,0.002068671518353792,0.0
2.914999999999949,0.0,0.0,0.02058391108940126,0.0,0.03909090381854784,0.0,0.0,0.0,-0.07015426647340708,0.0,0.002110956127377568,0.0
2.917499999999949,0.0,0.0,0.02040680108953417,0.0,0.03909623582416556,0.0,0.0,0.0,-0.071532224993204,0.0,0.002154608509138746,0.0
2.919999999999949,0.0,0.0,0.02022620823250551,0.0,0.03910167830004066,0.0,0.0,0.0,-0.07294052111840164,0.0,0.002199331132951243,0.0
2.922499999999949,0.0,0.0,0.02004206002909453,0.0,0.03910723356027778,0.0,0.0,0.0,-0.07437647228069372,0.0,0.002244834930115216,0.0
2.924999999999949,0.0,0.0,0.01985429090531352,0.0,0.0391129031894939,0.0,0.0,0.0,-0.07583722944146808,0.0,0.002290825460714657,0.0
2.927499999999949,0.0,0.0,0.01966284260639624,0.0,0.03911868803183344,0.0,0.0,0.0,-0.07731978496262647,0.0,0.002337004616702617,0.0
2.929999999999949,0.0,0.0,0.01946766438394433,0.0,0.03912458817289968,0.0,0.0,0.0,-0.07882114181346146,0.0,0.002383063753098946,0.0
2.932499999999949,0.0,0.0,0.01926871310084315,0.0,0.03913060293215246,0.0,0.0,0.0,-0.08033820847903662,0.0,0.002428698616724975,0.0
2.934999999999949,0.0,0.0,0.01906595341054303,0.0,0.03913673087819371,0.0,0.0,0.0,-0.08186784414970318,0.0,0.002473612808632577,0.0
2.937499999999948,0.0,0.0,0.01885935793377224,0.0,0.0391429698361331,0.0,0.0,0.0,-0.0834068145767704,0.0,0.002517507776567014,0.0
2.939999999999948,0.0,0.0,0.01864890744636288,0.0,0.0391493168836651,0.0,0.0,0.0,-0.08495183141632284,0.0,0.00256008431491345,0.0
2.942499999999948,0.0,0.0,0.01843459101004231,0.0,0.03915576835114577,0.0,0.0,0.0,-0.08649955397591612,0.0,0.002601043738774641,0.0
2.944999999999948,0.0,0.0,0.01821640593339579,0.0,0.03916231982681732,0.0,0.0,0.0,-0.08804672520050065,0.0,0.002640091002478869,0.0
2.947499999999948,0.0,0.0,0.01799435774852561,0.0,0.03916896616298916,0.0,0.0,0.0,-0.08959002356353313,0.0,0.002676932418109667,0.0
2.949999999999948,0.0,0.0,0.01776846034474328,0.0,0.03917570149149041,0.0,0.0,0.0,-0.09112608482386958,0.0,0.002711285291012492,0.0
2.952499999999948,0.0,0.0,0.01753873594206254,0.0,0.03918251923683391,0.0,0.0,0.0,-0.09265160763490889,0.0,0.002742866749557453,0.0
2.954999999999948,0.0,0.0,0.01730521503751504,0.0,0.03918941212891831,0.0,0.0,0.0,-0.0941632747353315,0.0,0.002771403140320036,0.0
2.957499999999948,0.0,0.0,0.01706793647991611,0.0,0.03919637222808267,0.0,0.0,0.0,-0.09565771920322771,0.0,0.002796633305959456,0.0
2.959999999999948,0.0,0.0,0.01682694729091557,0.0,0.03920339094942688,0.0,0.0,0.0,-0.09713177037064127,0.0,0.002818301955460295,0.0
2.962499999999948,0.0,0.0,0.01658230250873665,0.0,0.0392104590785054,0.0,0.0,0.0,-0.09858218606092556,0.0,0.002836160687837349,0.0
2.964999999999948,0.0,0.0,0.01633450129484799,0.0,0.03921757581009921,0.0,0.0,0.0,-0.09949628790156306,0.0,0.002860508057362386,0.0
2.967499999999948,0.0,0.0,0.01608481767131386,0.0,0.03922475558985842,0.0,0.0,0.0,-0.1003074363408779,0.0,0.002882063416422822,0.0
2.969999999999948,0.0,0.0,0.01583248902474472,0.0,0.03923196989986677,0.0,0.0,0.0,-0.101612096964532,0.0,0.002888138380927454,0.0
2.972499999999948,0.0,0.0,0.01557679881424511,0.0,0.03923919024414145,0.0,0.0,0.0,-0.1029381969638729,0.0,0.00288810270495026,0.0
2.974999999999948,0.0,0.0,0.01531889599258026,0.0,0.03924643295297465,0.0,0.0,0.0,-0.1032226885959162,0.0,0.002910427457410479,0.0
2.977499999999948,0.0,0.0,0.0150605584825101,0.0,0.03925373066909763,0.0,0.0,0.0,-0.1035578794998298,0.0,0.002924616739740017,0.0
2.979999999999948,0.0,0.0,0.01480070734652926,0.0,0.03926103638924123,0.0,0.0,0.0,-0.1043883160500579,0.0,0.002918081228125195,0.0
2.982499999999948,0.0,0.0,0.01453831932671289,0.0,0.03926830387190548,0.0,0.0,0.0,-0.1055312182221194,0.0,0.002895577766562325,0.0
2.984999999999947,0.0,0.0,0.01427311081742459,0.0,0.03927550660946927,0.0,0.0,0.0,-0.1066337575901129,0.0,0.002866590129763107,0.0
2.987499999999947,0.0,0.0,0.0140069642553457,0.0,0.03928268953045438,0.0,0.0,0.0,-0.1062832630867806,0.0,0.002879671390305754,0.0
2.989999999999947,0.0,0.0,0.01374000690548476,0.0,0.0392898365259844,0.0,0.0,0.0,-0.1072808217546039,0.0,0.002837909050326783,0.0
2.992499999999947,0.0,0.0,0.0134706267297047,0.0,0.03929687119506469,0.0,0.0,0.0,-0.1082215376301432,0.0,0.002789813878099623,0.0
2.994999999999947,0.0,0.0,0.01319896738525273,0.0,0.03930377777424861,0.0,0.0,0.0,-0.1091041722123282,0.0,0.002735440904835347,0.0
2.997499999999947,0.0,0.0,0.01292517486985941,0.0,0.03931054067116309,0.0,0.0,0.0,-0.10992809135536,0.0,0.002674871951237716,0.0
2.999999999999947,0.0,0.0,0.01265301784487339,0.0,0.03931729484579281,0.0,0.0,0.0,-0.1077979028896854,0.0,0.002728377865076428,0.0
3.002499999999947,0.0,0.0,0.01238262931637502,0.0,0.03932402466853163,0.0,0.0,0.0,-0.108511242705815,0.0,0.002655482446750098,0.0
3.004999999999947,0.0,0.0,0.01211053203997023,0.0,0.03933056506530903,0.0,0.0,0.0,-0.1091649213535189,0.0,0.002576841130385511,0.0
3.007499999999947,0.0,0.0,0.01183687527712036,0.0,0.03933690191094611,0.0,0.0,0.0,-0.1097588529915342,0.0,0.002492645586742271,0.0
3.009999999999947,0.0,0.0,0.01156180834696894,0.0,0.0393430215854075,0.0,0.0,0.0,-0.1102930773528836,0.0,0.002403108258367853,0.0
3.012499999999947,0.0,0.0,0.01128721944351371,0.0,0.03934899523212762,0.0,0.0,0.0,-0.1085728404689741,0.0,0.002414730829242816,0.0
3.014999999999947,0.0,0.0,0.01101602419150357,0.0,0.03935509270566698,0.0,0.0,0.0,-0.1083822689258382,0.0,0.002463159316987717,0.0
3.017499999999947,0.0,0.0,0.01074617448406354,0.0,0.03936149815332383,0.0,0.0,0.0,-0.1073360315106691,0.0,0.002699910729116051,0.0
3.019999999999947,0.0,0.0,0.01047750232119131,0.0,0.03936812476755874,0.0,0.0,0.0,-0.1076244063753687,0.0,0.00259555788748372,0.0
3.022499999999947,0.0,0.0,0.01021004305201447,0.0,0.03937457716908969,0.0,0.0,0.0,-0.1063437745256941,0.0,0.002566266148839634,0.0
3.024999999999947,0.0,0.0,0.009943927085502293,0.0,0.03938084488144432,0.0,0.0,0.0,-0.1065475997842087,0.0,0.002447934246504704,0.0
3.027499999999947,0.0,0.0,0.009677370906841813,0.0,0.03938681236289773,0.0,0.0,0.0,-0.1066959682592113,0.0,0.00232608496638898,0.0
3.029999999999947,0.0,0.0,0.009410512365856645,0.0,0.03939247115019227,0.0,0.0,0.0,-0.106789512998621,0.0,0.002200982258717369,0.0
3.032499999999946,0.0,0.0,0.00914348778064109,0.0,0.03939781339171056,0.0,0.0,0.0,-0.1068288260221596,0.0,0.002072851551719022,0.0
3.034999999999946,0.0,0.0,0.008876432011455299,0.0,0.03940283178175531,0.0,0.0,0.0,-0.1068144836652341,0.0,0.001941904071622726,0.0
3.037499999999946,0.0,0.0,0.008609478510135202,0.0,0.03940751952430432,0.0,0.0,0.0,-0.106747034506428,0.0,0.001808336516487009,0.0
3.039999999999946,0.0,0.0,0.008342759500541266,0.0,0.0394118703085926,0.0,0.0,0.0,-0.1066269108552183,0.0,0.001672340010534158,0.0
3.042499999999946,0.0,0.0,0.00808232519991272,0.0,0.03941628730619588,0.0,0.0,0.0,-0.1015376002329738,0.0,0.001908404682106028,0.0
3.044999999999946,0.0,0.0,0.007829704828604775,0.0,0.03942112661943212,0.0,0.0,0.0,-0.1003703145888228,0.0,0.002010967382644351,0.0
3.047499999999946,0.0,0.0,0.007581133793127888,0.0,0.03942649223501157,0.0,0.0,0.0,-0.09840068540239016,0.0,0.002303230661845854,0.0
3.049999999999946,0.0,0.0,0.007335867194959704,0.0,0.0394321575174378,0.0,0.0,0.0,-0.097758237606835,0.0,0.002243227706282482,0.0
3.052499999999946,0.0,0.0,0.007092838745009358,0.0,0.0394378206451832,0.0,0.0,0.0,-0.09658132319031532,0.0,0.002308897816975859,0.0
3.054999999999946,0.0,0.0,0.006853406202286279,0.0,0.0394438016186929,0.0,0.0,0.0,-0.09488775249637103,0.0,0.002495874239990746,0.0
3.057499999999946,0.0,0.0,0.006616795061194321,0.0,0.03944986179600477,0.0,0.0,0.0,-0.09442041477113108,0.0,0.002347007717219785,0.0
3.059999999999946,0.0,0.0,0.006381359662399898,0.0,0.03945553520962417,0.0,0.0,0.0,-0.09392696906337286,0.0,0.002191774535457731,0.0
3.062499999999946,0.0,0.0,0.006147213998489528,0.0,0.03946081949859603,0.0,0.0,0.0,-0.09338865189846504,0.0,0.002035710476456302,0.0
3.064999999999946,0.0,0.0,0.005914468282723946,0.0,0.03946571287522321,0.0,0.0,0.0,-0.09280703564450712,0.0,0.001879047105635279,0.0
3.067499999999946,0.0,0.0,0.005683228608238542,0.0,0.03947021413944819,0.0,0.0,0.0,-0.09218384352808792,0.0,0.001722022821042785,0.0
3.069999999999946,0.0,0.0,0.005453596667690661,0.0,0.03947432267694672,0.0,0.0,0.0,-0.09152087333290732,0.0,0.00156486782991572,0.0
3.072499999999946,0.0,0.0,0.005225669558953973,0.0,0.03947803844044984,0.0,0.0,0.0,-0.09082000161386136,0.0,0.001407805803337159,0.0
3.074999999999946,0.0,0.0,0.004999539570755791,0.0,0.03948136194066863,0.0,0.0,0.0,-0.09008320051589824,0.0,0.001251059192617872,0.0
3.077499999999946,0.0,0.0,0.004775293982972167,0.0,0.03948429424098082,0.0,0.0,0.0,-0.08931250459097158,0.0,0.00109484776832471,0.0
3.079999999999945,0.0,0.0,0.004553014788910527,0.0,0.03948683695445197,0.0,0.0,0.0,-0.08851010786012345,0.0,0.0009393914733493916,0.0
3.082499999999945,0.0,0.0,0.00433277850775149,0.0,0.03948899223435721,0.0,0.0,0.0,-0.08767819607817055,0.0,0.0007849025715989262,0.0
3.084999999999945,0.0,0.0,0.004114656063184828,0.0,0.03949076275765236,0.0,0.0,0.0,-0.08681905975020919,0.0,0.0006315876815668061,0.0
3.087499999999945,0.0,0.0,0.00389871260537452,0.0,0.03949215171550994,0.0,0.0,0.0,-0.08593502699735726,0.0,0.0004796516253980866,0.0
3.089999999999945,0.0,0.0,0.003685007416550175,0.0,0.0394931627993762,0.0,0.0,0.0,-0.08502846404836523,0.0,0.0003292897673758258,0.0
3.092499999999945,0.0,0.0,0.003473593789026166,0.0,0.03949380019134829,0.0,0.0,0.0,-0.08409508259738183,0.0,0.0001826016525684228,0.0
3.094999999999945,0.0,0.0,0.003265030345456099,0.0,0.03949421346004969,0.0,0.0,0.0,-0.08264132468539996,0.0,0.0001803115130329651,0.0
3.097499999999945,0.0,0.0,0.003060861629561013,0.0,0.03949483371854021,0.0,0.0,0.0,-0.08060821632486515,0.0,0.00034000505435182,0.0
3.099999999999945,0.0,0.0,0.002860682783243238,0.0,0.03949554194269006,0.0,0.0,0.0,-0.07958765575107904,0.0,0.0002115276537679019,0.0
3.102499999999945,0.0,0.0,0.002662934400571729,0.0,0.03949589424118079,0.0,0.0,0.0,-0.07861049972209051,0.0,7.038477112905632e-05,0.0
3.104999999999945,0.0,0.0,0.002467638139629434,0.0,0.03949589696214512,0.0,0.0,0.0,-0.0776259718748273,0.0,-6.813377401283979e-05,0.0
3.107499999999945,0.0,0.0,0.0022748092423553,0.0,0.03949555687035788,0.0,0.0,0.0,-0.0766126192243352,0.0,-0.0001968982359970184,0.0
3.109999999999945,0.0,0.0,0.002085117730784208,0.0,0.03949507303205185,0.0,0.0,0.0,-0.07503357815421065,0.0,-0.0001591873124988645,0.0
3.112499999999945,0.0,0.0,0.001898973593118966,0.0,0.03949457126402511,0.0,0.0,0.0,-0.07396276205757117,0.0,-0.0002658165713870983,0.0
3.114999999999945,0.0,0.0,0.001715299187482847,0.0,0.03949374780499437,0.0,0.0,0.0,-0.07297627922088801,0.0,-0.0003928775638176271,0.0
3.117499999999945,0.0,0.0,0.001534084381885257,0.0,0.03949261091734158,0.0,0.0,0.0,-0.07199508972068389,0.0,-0.0005165594726338498,0.0
3.119999999999945,0.0,0.0,0.001355312883585606,0.0,0.03949116921589796,0.0,0.0,0.0,-0.07102163981342138,0.0,-0.0006367287231954545,0.0
3.122499999999945,0.0,0.0,0.001178962376630287,0.0,0.03948943165080231,0.0,0.0,0.0,-0.0700349475602655,0.0,-0.0007463105193160507,0.0
3.124999999999944,0.0,0.0,0.001005728985955077,0.0,0.03948762277682349,0.0,0.0,0.0,-0.06856557079216984,0.0,-0.0007049575564264137,0.0
3.127499999999944,0.0,0.0,0.000835505972806523,0.0,0.03948573063777789,0.0,0.0,0.0,-0.06762183646458297,0.0,-0.0008114902998006497,0.0
3.129999999999944,0.0,0.0,0.0006675970012323422,0.0,0.03948357016898955,0.0,0.0,0.0,-0.06670489445813589,0.0,-0.0009168153304682852,0.0
3.132499999999944,0.0,0.0,0.0005019558551632375,0.0,0.03948115155375572,0.0,0.0,0.0,-0.06580757627829405,0.0,-0.001018008172419915,0.0
3.134999999999944,0.0,0.0,0.00033853057285306,0.0,0.0394784852725899,0.0,0.0,0.0,-0.06493220932901425,0.0,-0.001114948982198248,0.0
3.137499999999944,0.0,0.0,0.0001772633675520733,0.0,0.03947558209224446,0.0,0.0,0.0,-0.0640565826835965,0.0,-0.001200071670072847,0.0
3.139999999999944,0.0,0.0,1.883854437135507e-05,0.0,0.0394726803961062,0.0,0.0,0.0,-0.06255769260507266,0.0,-0.001083172643128268,0.0
3.142499999999944,0.0,0.0,-0.0001355155291808089,0.0,0.03947018589321531,0.0,0.0,0.0,-0.06105568267448943,0.0,-0.000952067834724196,0.0
3.144999999999944,0.0,0.0,-0.0002871527339689174,0.0,0.03946772091582577,0.0,0.0,0.0,-0.0602737394152322,0.0,-0.001025966642907759,0.0
3.147499999999944,0.0,0.0,-0.0004369255367896478,0.0,0.03946506204665976,0.0,0.0,0.0,-0.05954405950304082,0.0,-0.001101072363469466,0.0
3.149999999999944,0.0,0.0,-0.0005849169472432351,0.0,0.03946222169846608,0.0,0.0,0.0,-0.0588486175957483,0.0,-0.001171151494620919,0.0
3.152499999999944,0.0,0.0,-0.0007312151624557534,0.0,0.03945921255063118,0.0,0.0,0.0,-0.0581894938593128,0.0,-0.001236113777156138,0.0
3.154999999999944,0.0,0.0,-0.0008759134556253712,0.0,0.0394560474910413,0.0,0.0,0.0,-0.05756866901388848,0.0,-0.001295882690845122,0.0
3.157499999999944,0.0,0.0,-0.001019109943058691,0.0,0.03945273956803862,0.0,0.0,0.0,-0.05698803697717316,0.0,-0.001350406392875794,0.0
3.159999999999944,0.0,0.0,-0.001160907443879051,0.0,0.0394493019608204,0.0,0.0,0.0,-0.05644946603050505,0.0,-0.001399632022501834,0.0
3.162499999999944,0.0,0.0,-0.00129806173795785,0.0,0.03944623439967929,0.0,0.0,0.0,-0.05327541201823171,0.0,-0.001054661450848939,0.0
3.164999999999944,0.0,0.0,-0.001430698980012072,0.0,0.03944354800287177,0.0,0.0,0.0,-0.0528338905316392,0.0,-0.001094417256634449,0.0
3.167499999999944,0.0,0.0,-0.001562291359275476,0.0,0.0394407688264073,0.0,0.0,0.0,-0.05241294106436134,0.0,-0.001120443663282464,0.0
3.169999999999944,0.0,0.0,-0.001692174190247284,0.0,0.03943815929248465,0.0,0.0,0.0,-0.05150933233268857,0.0,-0.0009724079573774796,0.0
3.172499999999943,0.0,0.0,-0.001820554320985796,0.0,0.03943570579862539,0.0,0.0,0.0,-0.05095727445499019,0.0,-0.00095605061645918,0.0
3.174999999999943,0.0,0.0,-0.001942806450669137,0.0,0.03943402701288888,0.0,0.0,0.0,-0.04701250675852239,0.0,-0.000412600901836181,0.0
3.177499999999943,0.0,0.0,-0.002059908049218282,0.0,0.03943300668668444,0.0,0.0,0.0,-0.04675109721286691,0.0,-0.0004162395880886141,0.0
3.179999999999943,0.0,0.0,-0.002176629230749223,0.0,0.03943195194748977,0.0,0.0,0.0,-0.04662530155139838,0.0,-0.000427535464107031,0.0
3.182499999999943,0.0,0.0,-0.002293102237587608,0.0,0.03943087503283711,0.0,0.0,0.0,-0.04655253395014838,0.0,-0.0004339822483735179,0.0
3.184999999999943,0.0,0.0,-0.002409459622674471,0.0,0.03942978793245656,0.0,0.0,0.0,-0.04653277979722095,0.0,-0.0004356863409533679,0.0
3.187499999999943,0.0,0.0,-0.002525834223464869,0.0,0.03942870233839547,0.0,0.0,0.0,-0.04656628162887729,0.0,-0.0004327794869844196,0.0
3.189999999999943,0.0,0.0,-0.002642358922148973,0.0,0.03942762960825568,0.0,0.0,0.0,-0.04665283220402263,0.0,-0.0004253974692931321,0.0
3.192499999999943,0.0,0.0,-0.002759166031594903,0.0,0.03942658072690342,0.0,0.0,0.0,-0.04679218473848613,0.0,-0.00041370273512524,0.0
3.194999999999943,0.0,0.0,-0.002875513597551335,0.0,0.0394257111439089,0.0,0.0,0.0,-0.04628567973189513,0.0,-0.0002820471521681092,0.0
3.197499999999943,0.0,0.0,-0.00299153534193455,0.0,0.03942503035566178,0.0,0.0,0.0,-0.0465310023442724,0.0,-0.0002625843375909627,0.0
3.199999999999943,0.0,0.0,-0.003108234439561277,0.0,0.03942440290602353,0.0,0.0,0.0,-0.04682753487849979,0.0,-0.0002393783141017043,0.0
3.202499999999943,0.0,0.0,-0.003225737628107053,0.0,0.03942383788676676,0.0,0.0,0.0,-0.0471742478818731,0.0,-0.0002126420966048508,0.0
3.204999999999943,0.0,0.0,-0.0033441688928119,0.0,0.03942334383312794,0.0,0.0,0.0,-0.04756996853003267,0.0,-0.0001826078165811627,0.0
3.207499999999943,0.0,0.0,-0.003463649213150755,0.0,0.03942292868233505,0.0,0.0,0.0,-0.04801346512038063,0.0,-0.0001495217397042517,0.0
3.209999999999943,0.0,0.0,-0.003584296306727557,0.0,0.03942259973868093,0.0,0.0,0.0,-0.04850335870911105,0.0,-0.000113644038735931,0.0
3.212499999999943,0.0,0.0,-0.003706224857279849,0.0,0.03942236361868905,0.0,0.0,0.0,-0.04903860404565698,0.0,-7.52643993053939e-05,0.0
3.214999999999943,0.0,0.0,-0.003829545963609938,0.0,0.03942222623587099,0.0,0.0,0.0,-0.04961737659477954,0.0,-3.465593245860008e-05,0.0
3.217499999999943,0.0,0.0,-0.003954365905689761,0.0,0.03942219280869903,0.0,0.0,0.0,-0.05023764632553663,0.0,7.898584094878932e-06,0.0
3.219999999999942,0.0,0.0,-0.004080785720695331,0.0,0.03942226783652915,0.0,0.0,0.0,-0.05089724927696426,0.0,5.210664957869042e-05,0.0
3.222499999999942,0.0,0.0,-0.004208900845213638,0.0,0.03942245507587414,0.0,0.0,0.0,-0.05159386895769824,0.0,9.766650482247806e-05,0.0
3.224999999999942,0.0,0.0,-0.004338800735822239,0.0,0.03942275752872588,0.0,0.0,0.0,-0.05232503789163821,0.0,0.0001442762772843541,0.0
3.227499999999942,0.0,0.0,-0.004470568555527788,0.0,0.03942317742588327,0.0,0.0,0.0,-0.05308818881984378,0.0,0.0001916209017138795,0.0
3.229999999999942,0.0,0.0,-0.00460428082778282,0.0,0.03942371621022557,0.0,0.0,0.0,-0.05388057746966742,0.0,0.0002393851124449058,0.0
3.232499999999942,0.0,0.0,-0.004740006945624967,0.0,0.03942437453976453,0.0,0.0,0.0,-0.05469924448536528,0.0,0.0002872563272971312,0.0
3.234999999999942,0.0,0.0,-0.004877808830307334,0.0,0.03942515229177382,0.0,0.0,0.0,-0.05554117025906016,0.0,0.0003349223806545759,0.0
3.237499999999942,0.0,0.0,-0.005017740799720273,0.0,0.03942604856901058,0.0,0.0,0.0,-0.05640329318600356,0.0,0.0003820760006994076,0.0
3.239999999999942,0.0,0.0,-0.005159849486225152,0.0,0.03942706169181111,0.0,0.0,0.0,-0.05728252602497944,0.0,0.000428398477498175,0.0
3.242499999999942,0.0,0.0,-0.005304173501936037,0.0,0.03942818920294532,0.0,0.0,0.0,-0.05817553991756266,0.0,0.0004735864494532692,0.0
3.244999999999942,0.0,0.0,-0.005450743230278313,0.0,0.039429427892748,0.0,0.0,0.0,-0.05907908081059088,0.0,0.0005173413422217131,0.0
3.247499999999942,0.0,0.0,-0.005599580720911148,0.0,0.03943077378939748,0.0,0.0,0.0,-0.05998973589307272,0.0,0.0005593520309924686,0.0
3.249999999999942,0.0,0.0,-0.005750699564998392,0.0,0.03943222217537924,0.0,0.0,0.0,-0.06090415109883751,0.0,0.0005993330526309314,0.0
3.252499999999942,0.0,0.0,-0.005904105039914638,0.0,0.03943376760896584,0.0,0.0,0.0,-0.06181902946554582,0.0,0.0006369905190893988,0.0
3.254999999999942,0.0,0.0,-0.006059794068805411,0.0,0.03943540392093482,0.0,0.0,0.0,-0.06273098475955362,0.0,0.0006720363093295629,0.0
3.257499999999942,0.0,0.0,-0.006217755130206718,0.0,0.03943712423115945,0.0,0.0,0.0,-0.06363665377332671,0.0,0.0007041896304772263,0.0
3.259999999999942,0.0,0.0,-0.006377968231578856,0.0,0.03943892096484405,0.0,0.0,0.0,-0.0645326034728259,0.0,0.0007331763495064534,0.0
3.262499999999942,0.0,0.0,-0.006540404962182128,0.0,0.03944078588934228,0.0,0.0,0.0,-0.06541555288396886,0.0,0.0007587431304512015,0.0
3.264999999999942,0.0,0.0,-0.006705028656839839,0.0,0.03944271014683473,0.0,0.0,0.0,-0.06628217139571152,0.0,0.0007806439296435201,0.0
3.267499999999941,0.0,0.0,-0.006871794284932002,0.0,0.03944468427986607,0.0,0.0,0.0,-0.0671290979737258,0.0,0.0007986449388518034,0.0
3.269999999999941,0.0,0.0,-0.007040648484793557,0.0,0.03944669825673098,0.0,0.0,0.0,-0.0679530287669963,0.0,0.000812520496598624,0.0
3.272499999999941,0.0,0.0,-0.007211528980308696,0.0,0.03944874146198105,0.0,0.0,0.0,-0.06875013465831101,0.0,0.0008220293391832134,0.0
3.274999999999941,0.0,0.0,-0.00738436394142175,0.0,0.03945080264340409,0.0,0.0,0.0,-0.069516605269061,0.0,0.0008269031996706175,0.0
3.277499999999941,0.0,0.0,-0.007559072635459904,0.0,0.03945286984548003,0.0,0.0,0.0,-0.07024912602798673,0.0,0.0008268478693408335,0.0
3.279999999999941,0.0,0.0,-0.007735565916604482,0.0,0.03945493037943042,0.0,0.0,0.0,-0.07094428143776446,0.0,0.0008215709819447072,0.0
3.282499999999941,0.0,0.0,-0.007913746309492927,0.0,0.03945697084312757,0.0,0.0,0.0,-0.07159882379412606,0.0,0.0008107942291807965,0.0
3.284999999999941,0.0,0.0,-0.008093508596538712,0.0,0.03945897718566453,0.0,0.0,0.0,-0.07220980670402088,0.0,0.000794276777265722,0.0
3.287499999999941,0.0,0.0,-0.008274740512711307,0.0,0.03946093481225828,0.0,0.0,0.0,-0.07277453976224642,0.0,0.0007718245036316903,0.0
3.289999999999941,0.0,0.0,-0.008457323998204449,0.0,0.03946282871945117,0.0,0.0,0.0,-0.07329107702883166,0.0,0.0007433045226057012,0.0
3.292499999999941,0.0,0.0,-0.008641136280974486,0.0,0.03946464367343554,0.0,0.0,0.0,-0.07375759420667287,0.0,0.0007086653553420816,0.0
3.294999999999941,0.0,0.0,-0.008826050259999232,0.0,0.0394663643719719,0.0,0.0,0.0,-0.07417245232713512,0.0,0.0006679037046708464,0.0
3.297499999999941,0.0,0.0,-0.009011935119920694,0.0,0.03946797555794646,0.0,0.0,0.0,-0.07453431876302168,0.0,0.0006210589508388672,0.0
3.299999999999941,0.0,0.0,-0.009198657484848322,0.0,0.03946946210177612,0.0,0.0,0.0,-0.07484247742298951,0.0,0.0005681937308992585,0.0
3.302499999999941,0.0,0.0,-0.009386082313262364,0.0,0.03947080909901755,0.0,0.0,0.0,-0.07509631189891135,0.0,0.000509425490528586,0.0
3.304999999999941,0.0,0.0,-0.00957407303875434,0.0,0.03947200199096878,0.0,0.0,0.0,-0.07529521849582313,0.0,0.0004449133299495436,0.0
3.307499999999941,0.0,0.0,-0.009762492280357075,0.0,0.03947302660310258,0.0,0.0,0.0,-0.07543914892199968,0.0,0.0003748054867608518,0.0
3.309999999999941,0.0,0.0,-0.009951202430150949,0.0,0.03947386918117306,0.0,0.0,0.0,-0.0755279702632178,0.0,0.0002992899578256867,0.0
3.31249999999994,0.0,0.0,-0.01014006599709727,0.0,0.03947451647852755,0.0,0.0,0.0,-0.07556190991156156,0.0,0.0002185849057726088,0.0
3.31499999999994,0.0,0.0,-0.01032894618455854,0.0,0.03947495582510523,0.0,0.0,0.0,-0.07554129217823302,0.0,0.0001329330547157833,0.0
3.31749999999994,0.0,0.0,-0.01051770675856722,0.0,0.03947517512490664,0.0,0.0,0.0,-0.07546624519552582,0.0,4.255116085534268e-05,0.0
3.31999999999994,0.0,0.0,-0.01070621188272677,0.0,0.03947516284099428,0.0,0.0,0.0,-0.07533695883435895,0.0,-5.233028408252485e-05,0.0
3.32249999999994,0.0,0.0,-0.01089432643726654,0.0,0.03947490802914674,0.0,0.0,0.0,-0.07515381644706273,0.0,-0.0001514676207269077,0.0
3.32499999999994,0.0,0.0,-0.0110819162577073,0.0,0.03947440036784962,0.0,0.0,0.0,-0.07491719887451467,0.0,-0.0002546063427889529,0.0
3.32749999999994,0.0,0.0,-0.01126884839364918,0.0,0.03947363019960282,0.0,0.0,0.0,-0.07462769634570349,0.0,-0.0003614697727835225,0.0
3.32999999999994,0.0,0.0,-0.01145499137758322,0.0,0.03947258855151971,0.0,0.0,0.0,-0.074285905073469,0.0,-0.0004717868749204393,0.0
3.33249999999994,0.0,0.0,-0.01164021531961656,0.0,0.0394712671182204,0.0,0.0,0.0,-0.07389249037220529,0.0,-0.0005852948044950603,0.0
3.33499999999994,0.0,0.0,-0.01182439167871207,0.0,0.03946965818045001,0.0,0.0,0.0,-0.07344786635044859,0.0,-0.0007017874344608906,0.0
3.33749999999994,0.0,0.0,-0.0120073929061142,0.0,0.03946775451995264,0.0,0.0,0.0,-0.07295241288509023,0.0,-0.0008210700554768639,0.0
3.33999999999994,0.0,0.0,-0.01218909244099258,0.0,0.03946554938756911,0.0,0.0,0.0,-0.07240654031969054,0.0,-0.000942962069679485,0.0
3.34249999999994,0.0,0.0,-0.01236936416616309,0.0,0.03946303642327791,0.0,0.0,0.0,-0.07181019163675012,0.0,-0.001067333033495691,0.0
3.34499999999994,0.0,0.0,-0.01254808119176662,0.0,0.03946020948941662,0.0,0.0,0.0,-0.07116280869254914,0.0,-0.001194135045094408,0.0
3.34749999999994,0.0,0.0,-0.01272511620460235,0.0,0.03945706270058765,0.0,0.0,0.0,-0.07046461059168747,0.0,-0.001323214262146909,0.0
3.34999999999994,0.0,0.0,-0.01290034265937253,0.0,0.03945359058686884,0.0,0.0,0.0,-0.06971599215311956,0.0,-0.001454392219053647,0.0
3.35249999999994,0.0,0.0,-0.01307360759281738,0.0,0.03944979551038656,0.0,0.0,0.0,-0.06886031120334504,0.0,-0.001572360707863337,0.0
3.35499999999994,0.0,0.0,-0.01324408362790776,0.0,0.03944585811493108,0.0,0.0,0.0,-0.06742911843863149,0.0,-0.001553595816305085,0.0
3.35749999999994,0.0,0.0,-0.01341028912532485,0.0,0.03944213212223827,0.0,0.0,0.0,-0.06545456774199346,0.0,-0.001406035053789458,0.0
3.359999999999939,0.0,0.0,-0.01357091087310281,0.0,0.03943892830759546,0.0,0.0,0.0,-0.06296575702002792,0.0,-0.001136798420224474,0.0
3.362499999999939,0.0,0.0,-0.01372470294500744,0.0,0.03943654114330349,0.0,0.0,0.0,-0.05999761474519915,0.0,-0.000754486439467952,0.0
3.364999999999939,0.0,0.0,-0.01387335021637952,0.0,0.0394344968869509,0.0,0.0,0.0,-0.05895203352661939,0.0,-0.0008892720833539633,0.0
3.367499999999939,0.0,0.0,-0.01401935089178748,0.0,0.03943211023511493,0.0,0.0,0.0,-0.05781070447596585,0.0,-0.001009846372127098,0.0
3.369999999999939,0.0,0.0,-0.01416179598349687,0.0,0.03942959750061018,0.0,0.0,0.0,-0.05603738697629857,0.0,-0.0009712143192727278,0.0
3.372499999999939,0.0,0.0,-0.01429907614938366,0.0,0.03942736548094477,0.0,0.0,0.0,-0.05370608773766842,0.0,-0.0007926295756404631,0.0
3.374999999999939,0.0,0.0,-0.01443044367657816,0.0,0.03942559050513007,0.0,0.0,0.0,-0.05158840440155354,0.0,-0.0006813369011100887,0.0
3.377499999999939,0.0,0.0,-0.01455785407378053,0.0,0.03942372219544219,0.0,0.0,0.0,-0.05036629472552905,0.0,-0.0008203638918986329,0.0
3.379999999999939,0.0,0.0,-0.01468223509288243,0.0,0.03942148914087307,0.0,0.0,0.0,-0.04913844857190863,0.0,-0.0009659935676839204,0.0
3.382499999999939,0.0,0.0,-0.01480341176509347,0.0,0.03941891975256051,0.0,0.0,0.0,-0.04774188638140538,0.0,-0.001072578352388798,0.0
3.384999999999939,0.0,0.0,-0.01492032406334523,0.0,0.03941628907101845,0.0,0.0,0.0,-0.04569054684272456,0.0,-0.001004958030268991,0.0
3.387499999999939,0.0,0.0,-0.01503155707513821,0.0,0.03941397225539488,0.0,0.0,0.0,-0.04343507012911779,0.0,-0.0008868848102271571,0.0
3.389999999999939,0.0,0.0,-0.01513843191761497,0.0,0.03941159023758298,0.0,0.0,0.0,-0.04208511623242083,0.0,-0.001024240959376961,0.0
3.392499999999939,0.0,0.0,-0.01524195627532568,0.0,0.03940885276301333,0.0,0.0,0.0,-0.0407344594602177,0.0,-0.001165651916563049,0.0
3.394999999999939,0.0,0.0,-0.01534208076899439,0.0,0.03940576393034347,0.0,0.0,0.0,-0.03936524884945878,0.0,-0.00130532646460114,0.0
3.397499999999939,0.0,0.0,-0.01543853816968181,0.0,0.03940239175452214,0.0,0.0,0.0,-0.03773291248638837,0.0,-0.001373088382541003,0.0
3.399999999999939,0.0,0.0,-0.01553016511840749,0.0,0.0393990603679634,0.0,0.0,0.0,-0.03545929490653211,0.0,-0.001260904621289216,0.0
3.402499999999939,0.0,0.0,-0.01561633505735047,0.0,0.03939594401492903,0.0,0.0,0.0,-0.03363327239812279,0.0,-0.00127641315115211,0.0
3.404999999999939,0.0,0.0,-0.01569859567395489,0.0,0.03939260313559942,0.0,0.0,0.0,-0.0321974361617538,0.0,-0.001402436128941222,0.0
3.407499999999938,0.0,0.0,-0.01577731436185242,0.0,0.03938893487120515,0.0,0.0,0.0,-0.03077775746082814,0.0,-0.00153208983453367,0.0
3.409999999999938,0.0,0.0,-0.01585247978323914,0.0,0.03938494592617901,0.0,0.0,0.0,-0.02935484046355709,0.0,-0.001658980380627057,0.0
3.412499999999938,0.0,0.0,-0.0159237683829081,0.0,0.03938073592594649,0.0,0.0,0.0,-0.02758426608814876,0.0,-0.001682216824845053,0.0
3.414999999999938,0.0,0.0,-0.01599095295724783,0.0,0.03937637880053341,0.0,0.0,0.0,-0.02616369142059148,0.0,-0.001803398759155041,0.0
3.417499999999938,0.0,0.0,-0.01605459173900652,0.0,0.03937172274686496,0.0,0.0,0.0,-0.02474764591317645,0.0,-0.001921359544695663,0.0
3.419999999999938,0.0,0.0,-0.01611469923947488,0.0,0.0393667759990075,0.0,0.0,0.0,-0.02333867901160727,0.0,-0.002035954346773646,0.0
3.422499999999938,0.0,0.0,-0.01617129623940445,0.0,0.03936154714394119,0.0,0.0,0.0,-0.02193925687590833,0.0,-0.002147045672602853,0.0
3.424999999999938,0.0,0.0,-0.01622440970364303,0.0,0.03935604511147112,0.0,0.0,0.0,-0.02055186057119354,0.0,-0.00225449675389157,0.0
3.427499999999938,0.0,0.0,-0.01627373607443999,0.0,0.03935037920751365,0.0,0.0,0.0,-0.01880650975004241,0.0,-0.002247512523896348,0.0
3.429999999999938,0.0,0.0,-0.01631789072587887,0.0,0.03934498207978926,0.0,0.0,0.0,-0.01660550714756378,0.0,-0.002096240517770591,0.0
3.432499999999938,0.0,0.0,-0.01635769753715197,0.0,0.03933963219682635,0.0,0.0,0.0,-0.01525639466579561,0.0,-0.002188362200568725,0.0
3.434999999999938,0.0,0.0,-0.01639419894040682,0.0,0.03933404520502755,0.0,0.0,0.0,-0.01394512250747187,0.0,-0.002281155132096847,0.0
3.437499999999938,0.0,0.0,-0.01642745245511693,0.0,0.03932823150639472,0.0,0.0,0.0,-0.01265808725497961,0.0,-0.002369728724873099,0.0
3.439999999999938,0.0,0.0,-0.01645752152810396,0.0,0.03932220178466214,0.0,0.0,0.0,-0.01139211613458565,0.0,-0.002452316045673333,0.0
3.442499999999938,0.0,0.0,-0.01648401653628796,0.0,0.03931610650344403,0.0,0.0,0.0,-0.009693995620144393,0.0,-0.002390299825480617,0.0
3.444999999999938,0.0,0.0,-0.01650546079522593,0.0,0.03931042867071289,0.0,0.0,0.0,-0.007358283826266382,0.0,-0.002120417830551349,0.0
3.447499999999938,0.0,0.0,-0.01652152694382276,0.0,0.03930530376225451,0.0,0.0,0.0,-0.005690086299057027,0.0,-0.002038747965581774,0.0
3.449999999999938,0.0,0.0,-0.01653428022595543,0.0,0.03930014172048154,0.0,0.0,0.0,-0.004538964128586197,0.0,-0.002098728922733197,0.0
3.452499999999938,0.0,0.0,-0.01654426799043386,0.0,0.03929481599314125,0.0,0.0,0.0,-0.003451674346272547,0.0,-0.00216179434104606,0.0
3.454999999999937,0.0,0.0,-0.01655158706697087,0.0,0.0392893388622054,0.0,0.0,0.0,-0.002396460686929166,0.0,-0.00221750673744287,0.0
3.457499999999937,0.0,0.0,-0.01655575531633885,0.0,0.03928390450044789,0.0,0.0,0.0,-0.0008129280179834904,0.0,-0.002090863170193122,0.0
3.459999999999937,0.0,0.0,-0.01655602532557621,0.0,0.03927879135840018,0.0,0.0,0.0,0.0004805008389471226,0.0,-0.002035676225213189,0.0
3.462499999999937,0.0,0.0,-0.01655363537574376,0.0,0.03927366204165833,0.0,0.0,0.0,0.001412930183504595,0.0,-0.002073364799276394,0.0
3.464999999999937,0.0,0.0,-0.01654901879956944,0.0,0.03926843105240868,0.0,0.0,0.0,0.002279932545776043,0.0,-0.002111381905808745,0.0
3.467499999999937,0.0,0.0,-0.01654229615794209,0.0,0.03926311168747033,0.0,0.0,0.0,0.003097795933123355,0.0,-0.002144067689216942,0.0
3.469999999999937,0.0,0.0,-0.01653359208128332,0.0,0.03925771728363531,0.0,0.0,0.0,0.003871949939086545,0.0,-0.002169236372920626,0.0
3.472499999999937,0.0,0.0,-0.01652301788154855,0.0,0.039252266604441,0.0,0.0,0.0,0.004587055425630816,0.0,-0.002191269516282531,0.0
3.474999999999937,0.0,0.0,-0.01651072306367063,0.0,0.03924676745871384,0.0,0.0,0.0,0.005248461714474064,0.0,-0.002208012098197463,0.0
3.477499999999937,0.0,0.0,-0.01649684317830891,0.0,0.03924123301150616,0.0,0.0,0.0,0.005855127754688823,0.0,-0.00221951323828965,0.0
3.479999999999937,0.0,0.0,-0.01648151716569913,0.0,0.03923567627929637,0.0,0.0,0.0,0.006405383270752128,0.0,-0.002225842656726339,0.0
3.482499999999937,0.0,0.0,-0.0164648878433514,0.0,0.03923011006438214,0.0,0.0,0.0,0.006897796571315437,0.0,-0.002227101969250465,0.0
3.484999999999937,0.0,0.0,-0.01644710035944792,0.0,0.03922454693783373,0.0,0.0,0.0,0.007331934508352401,0.0,-0.002223374537232798,0.0
3.487499999999937,0.0,0.0,-0.01642830052947079,0.0,0.03921899924647123,0.0,0.0,0.0,0.007707696083170352,0.0,-0.002214756394295771,0.0
3.489999999999937,0.0,0.0,-0.01640863442331926,0.0,0.03921347907966293,0.0,0.0,0.0,0.008024978779513468,0.0,-0.002201357467147791,0.0
3.492499999999937,0.0,0.0,-0.01638824813491967,0.0,0.03920799822676275,0.0,0.0,0.0,0.008283865818651585,0.0,-0.002183307822970587,0.0
3.494999999999937,0.0,0.0,-0.01636728769640608,0.0,0.03920256813064051,0.0,0.0,0.0,0.008484323471976401,0.0,-0.002160754575625285,0.0
3.497499999999937,0.0,0.0,-0.01634589878178127,0.0,0.0391971998466395,0.0,0.0,0.0,0.008626671802754218,0.0,-0.002133860615719388,0.0
3.499999999999936,0.0,0.0,-0.01632422613862616,0.0,0.03919190401441286,0.0,0.0,0.0,0.008711331833027384,0.0,-0.002102795600563256,0.0
3.502499999999936,0.0,0.0,-0.01630241322692096,0.0,0.03918669081825021,0.0,0.0,0.0,0.008738912523583846,0.0,-0.002067754152908098,0.0
3.504999999999936,0.0,0.0,-0.01628060152894122,0.0,0.03918156995879,0.0,0.0,0.0,0.00871038690134933,0.0,-0.002028928568956405,0.0
3.507499999999936,0.0,0.0,-0.01625893065258824,0.0,0.03917655059771491,0.0,0.0,0.0,0.008626281644914859,0.0,-0.001986557690613682,0.0
3.509999999999936,0.0,0.0,-0.01623753803402745,0.0,0.03917164130693956,0.0,0.0,0.0,0.008487806432101053,0.0,-0.001940874392117619,0.0
3.512499999999936,0.0,0.0,-0.01621655792896114,0.0,0.03916685005949042,0.0,0.0,0.0,0.00829629796481351,0.0,-0.001892125201369678,0.0
3.514999999999936,0.0,0.0,-0.0161961211590456,0.0,0.03916218419573218,0.0,0.0,0.0,0.008053164659609612,0.0,-0.001840569410282395,0.0
3.517499999999936,0.0,0.0,-0.01617635514435376,0.0,0.03915765037683095,0.0,0.0,0.0,0.007759720054280897,0.0,-0.001786491173984739,0.0
3.519999999999936,0.0,0.0,-0.01615738404206777,0.0,0.03915325453196809,0.0,0.0,0.0,0.007417260993891619,0.0,-0.001730191906787613,0.0
3.522499999999936,0.0,0.0,-0.01613932791095539,0.0,0.03914900185272859,0.0,0.0,0.0,0.007027769003062148,0.0,-0.001671960281155541,0.0
3.524999999999936,0.0,0.0,-0.01612230172835902,0.0,0.03914489679533469,0.0,0.0,0.0,0.00659332761366777,0.0,-0.001612095906297162,0.0
3.527499999999936,0.0,0.0,-0.01610641499374442,0.0,0.0391409430609127,0.0,0.0,0.0,0.006116235497323673,0.0,-0.001550903240209564,0.0
3.529999999999936,0.0,0.0,-0.01609177137019299,0.0,0.03913714358481903,0.0,0.0,0.0,0.005598863011465781,0.0,-0.001488690440503432,0.0
3.532499999999936,0.0,0.0,-0.0160784683699378,0.0,0.03913350051682676,0.0,0.0,0.0,0.00504376036986694,0.0,-0.001425777805436808,0.0
3.534999999999936,0.0,0.0,-0.0160665969274645,0.0,0.03913001519843504,0.0,0.0,0.0,0.004453639442327965,0.0,-0.001362491653707985,0.0
3.537499999999936,0.0,0.0,-0.0160562410052361,0.0,0.03912668816796836,0.0,0.0,0.0,0.003831365891065097,0.0,-0.001299148202570013,0.0
3.539999999999936,0.0,0.0,-0.01604747723061481,0.0,0.03912351917100781,0.0,0.0,0.0,0.00317994203004926,0.0,-0.001236065430732585,0.0
3.542499999999936,0.0,0.0,-0.01604037460570585,0.0,0.03912050717135238,0.0,0.0,0.0,0.002502465674464006,0.0,-0.001173550783235175,0.0
3.544999999999936,0.0,0.0,-0.01603499437266009,0.0,0.03911765035181983,0.0,0.0,0.0,0.00180204692819817,0.0,-0.00111192159706778,0.0
3.547499999999935,0.0,0.0,-0.01603138983619369,0.0,0.03911494609932176,0.0,0.0,0.0,0.001081925545215867,0.0,-0.001051497254228581,0.0
3.549999999999935,0.0,0.0,-0.0160296060983665,0.0,0.03911239102445044,0.0,0.0,0.0,0.0003454238252325637,0.0,-0.0009925794345867754,0.0
3.552499999999935,0.0,0.0,-0.01602967986560745,0.0,0.03910998097244722,0.0,0.0,0.0,-0.0004040640981956639,0.0,-0.0009354787362756298,0.0
3.554999999999935,0.0,0.0,-0.01603163942481476,0.0,0.03910771103337837,0.0,0.0,0.0,-0.001163196772746576,0.0,-0.0008804887106672243,0.0
3.557499999999935,0.0,0.0,-0.01603550463438353,0.0,0.03910557555905462,0.0,0.0,0.0,-0.001928572887544233,0.0,-0.000827906400732088,0.0
3.559999999999935,0.0,0.0,-0.01604128691981162,0.0,0.03910356816499141,0.0,0.0,0.0,-0.002696847426449617,0.0,-0.0007780237918048211,0.0
3.562499999999935,0.0,0.0,-0.01604898926522994,0.0,0.03910168175539303,0.0,0.0,0.0,-0.003464612384491134,0.0,-0.0007311179539197588,0.0
3.564999999999935,0.0,0.0,-0.01605860604503884,0.0,0.03909990854958122,0.0,0.0,0.0,-0.004228388045173281,0.0,-0.0006874597194593231,0.0
3.567499999999935,0.0,0.0,-0.01607012311452306,0.0,0.03909824012632338,0.0,0.0,0.0,-0.00498483882318034,0.0,-0.0006472907166628997,0.0
3.569999999999935,0.0,0.0,-0.01608351788189562,0.0,0.03909666746443653,0.0,0.0,0.0,-0.005730542723641774,0.0,-0.0006108492729479952,0.0
3.572499999999935,0.0,0.0,-0.0160987592576027,0.0,0.03909518096470663,0.0,0.0,0.0,-0.006462123489147188,0.0,-0.0005783594838805744,0.0
3.574999999999935,0.0,0.0,-0.01611580774730086,0.0,0.03909377047495366,0.0,0.0,0.0,-0.007176233656337667,0.0,-0.0005500396374314116,0.0
3.577499999999935,0.0,0.0,-0.01613461438560031,0.0,0.03909242530714431,0.0,0.0,0.0,-0.007868643667144888,0.0,-0.0005261000978177234,0.0
3.579999999999935,0.0,0.0,-0.01615512057092571,0.0,0.03909113417416141,0.0,0.0,0.0,-0.008535875508156267,0.0,-0.0005068098150402807,0.0
3.582499999999935,0.0,0.0,-0.01617725894564708,0.0,0.03908988511690886,0.0,0.0,0.0,-0.009174400797517942,0.0,-0.0004924373410247016,0.0
3.584999999999935,0.0,0.0,-0.01620095327241908,0.0,0.03908866551418027,0.0,0.0,0.0,-0.009780644713553244,0.0,-0.0004832438342229221,0.0
3.587499999999935,0.0,0.0,-0.01622611851555838,0.0,0.03908746213402494,0.0,0.0,0.0,-0.01035114339750562,0.0,-0.0004794567404289258,0.0
3.589999999999935,0.0,0.0,-0.01625266147372885,0.0,0.03908626118897419,0.0,0.0,0.0,-0.01088282799273393,0.0,-0.0004812930100446509,0.0
3.592499999999935,0.0,0.0,-0.01628048219481327,0.0,0.0390850483810077,0.0,0.0,0.0,-0.01137336659409341,0.0,-0.0004889441496666817,0.0
3.594999999999934,0.0,0.0,-0.016309474808466,0.0,0.03908380904067971,0.0,0.0,0.0,-0.01182035658109214,0.0,-0.0005025158466251828,0.0
3.597499999999934,0.0,0.0,-0.01633952845767662,0.0,0.03908252828141866,0.0,0.0,0.0,-0.01222221085363907,0.0,-0.0005220761335956765,0.0
3.599999999999934,0.0,0.0,-0.01637052819684023,0.0,0.03908119112297091,0.0,0.0,0.0,-0.01257724571356014,0.0,-0.0005476319516270581,0.0
3.602499999999934,0.0,0.0,-0.01640235533520955,0.0,0.03907978261786631,0.0,0.0,0.0,-0.01288414858458731,0.0,-0.0005791501514629399,0.0
3.604999999999934,0.0,0.0,-0.01643488859387181,0.0,0.03907828793621898,0.0,0.0,0.0,-0.01314216125049983,0.0,-0.0006165698269566533,0.0
3.607499999999934,0.0,0.0,-0.01646800497731176,0.0,0.03907669247049952,0.0,0.0,0.0,-0.01335066860338822,0.0,-0.0006597740279873832,0.0
3.609999999999934,0.0,0.0,-0.0165015799415182,0.0,0.03907498194252237,0.0,0.0,0.0,-0.01350904692363938,0.0,-0.0007086162493200684,0.0
3.612499999999934,0.0,0.0,-0.0165354880350951,0.0,0.03907314244415447,0.0,0.0,0.0,-0.01361719377490334,0.0,-0.000762946955996657,0.0
3.614999999999934,0.0,0.0,-0.01656960358242316,0.0,0.03907116048194048,0.0,0.0,0.0,-0.01367503226871976,0.0,-0.0008225839582689189,0.0
3.617499999999934,0.0,0.0,-0.0166038010645876,0.0,0.03906902306807131,0.0,0.0,0.0,-0.01368276377315278,0.0,-0.0008873049010610317,0.0
3.619999999999934,0.0,0.0,-0.01663795543325737,0.0,0.03906671776924853,0.0,0.0,0.0,-0.01364056469675117,0.0,-0.0009568886532455584,0.0
3.622499999999934,0.0,0.0,-0.01667194192530935,0.0,0.03906423268485087,0.0,0.0,0.0,-0.01354848679243181,0.0,-0.001031130179312706,0.0
3.624999999999934,0.0,0.0,-0.01670563608425936,0.0,0.03906155645511944,0.0,0.0,0.0,-0.01340672232080913,0.0,-0.001109801748461829,0.0
3.627499999999934,0.0,0.0,-0.01673891407941206,0.0,0.03905867830646125,0.0,0.0,0.0,-0.01321558024142714,0.0,-0.001192662213325762,0.0
3.629999999999934,0.0,0.0,-0.01677165288574526,0.0,0.03905558806992877,0.0,0.0,0.0,-0.01297539611192491,0.0,-0.00127946900858829,0.0
3.632499999999934,0.0,0.0,-0.01680373058821743,0.0,0.03905227621822701,0.0,0.0,0.0,-0.0126867222534309,0.0,-0.001369951397854846,0.0
3.634999999999934,0.0,0.0,-0.01683502667681784,0.0,0.03904873389658763,0.0,0.0,0.0,-0.01235013033620061,0.0,-0.001463842093241256,0.0
3.637499999999934,0.0,0.0,-0.01686542217160405,0.0,0.03904495290999331,0.0,0.0,0.0,-0.01196627278122246,0.0,-0.001560880588342924,0.0
3.639999999999934,0.0,0.0,-0.01689479945427535,0.0,0.03904092565073152,0.0,0.0,0.0,-0.01153558654589852,0.0,-0.001660857514977639,0.0
3.642499999999933,0.0,0.0,-0.01692304186480036,0.0,0.03903664499940367,0.0,0.0,0.0,-0.01105840136948394,0.0,-0.001763591580099241,0.0
3.644999999999933,0.0,0.0,-0.01695003365951192,0.0,0.03903210429577977,0.0,0.0,0.0,-0.01053512052263169,0.0,-0.001868896741424163,0.0
3.647499999999933,0.0,0.0,-0.01697565966172668,0.0,0.03902729729012888,0.0,0.0,0.0,-0.009965795045504338,0.0,-0.00197663065645409,0.0
3.649999999999933,0.0,0.0,-0.01699980393287732,0.0,0.03902221795894387,0.0,0.0,0.0,-0.009349763511423907,0.0,-0.002086754483951031,0.0
3.652499999999933,0.0,0.0,-0.01702234988573098,0.0,0.03901686050677936,0.0,0.0,0.0,-0.00868716916390107,0.0,-0.00219912488143621,0.0
3.654999999999933,0.0,0.0,-0.0170431815965356,0.0,0.03901121953584773,0.0,0.0,0.0,-0.007978398779428363,0.0,-0.002313566959117444,0.0
3.657499999999933,0.0,0.0,-0.01706203075666011,0.0,0.03900533052703447,0.0,0.0,0.0,-0.00704956784368077,0.0,-0.002384005038267825,0.0
3.659999999999933,0.0,0.0,-0.01707794098636132,0.0,0.03899941078069158,0.0,0.0,0.0,-0.00559289624841363,0.0,-0.002329125240451695,0.0
3.662499999999933,0.0,0.0,-0.01708953669903172,0.0,0.03899378892420598,0.0,0.0,0.0,-0.003604649411605795,0.0,-0.002147442079212341,0.0
3.664999999999933,0.0,0.0,-0.01709552664792656,0.0,0.03898877271935634,0.0,0.0,0.0,-0.001208611763705775,0.0,-0.001870941189890755,0.0
3.667499999999933,0.0,0.0,-0.01709734011387216,0.0,0.03898395683403938,0.0,0.0,0.0,-0.0002683046357156621,0.0,-0.001988442341052021,0.0
3.669999999999933,0.0,0.0,-0.01709681794106546,0.0,0.038978829321506,0.0,0.0,0.0,0.0006856147002871195,0.0,-0.002113480180582697,0.0
3.672499999999933,0.0,0.0,-0.01709370856198078,0.0,0.03897343033092014,0.0,0.0,0.0,0.001860393417067076,0.0,-0.002189731962809434,0.0
3.674999999999933,0.0,0.0,-0.01708695674137271,0.0,0.03896801825075036,0.0,0.0,0.0,0.003635757616858645,0.0,-0.002114190012941332,0.0
3.677499999999933,0.0,0.0,-0.01707651447568294,0.0,0.03896258170377542,0.0,0.0,0.0,0.004706476890802694,0.0,-0.002237936149183458,0.0
3.679999999999933,0.0,0.0,-0.01706338223305092,0.0,0.03895682851069195,0.0,0.0,0.0,0.00579876243453124,0.0,-0.002364526986715115,0.0
3.682499999999933,0.0,0.0,-0.01704748090497473,0.0,0.0389507592853434,0.0,0.0,0.0,0.006921720007446446,0.0,-0.002490760880614567,0.0
3.684999999999933,0.0,0.0,-0.01702873632883783,0.0,0.0389443752010263,0.0,0.0,0.0,0.008073333212674397,0.0,-0.002616412546607739,0.0
3.687499999999932,0.0,0.0,-0.01700675821375788,0.0,0.03893776676213621,0.0,0.0,0.0,0.00960065911285666,0.0,-0.002644775824116929,0.0
3.689999999999932,0.0,0.0,-0.01698020535068982,0.0,0.03893128926786201,0.0,0.0,0.0,0.01173299173971253,0.0,-0.002511688805562131,0.0
3.692499999999932,0.0,0.0,-0.01694812300470696,0.0,0.03892519317023843,0.0,0.0,0.0,0.01376984853576938,0.0,-0.00240997062314162,0.0
3.694999999999932,0.0,0.0,-0.01691209219624299,0.0,0.03891903006451117,0.0,0.0,0.0,0.01503128429053003,0.0,-0.002526718451590716,0.0
3.697499999999932,0.0,0.0,-0.01687294286254655,0.0,0.03891256130441272,0.0,0.0,0.0,0.01628742081366634,0.0,-0.002648197835349701,0.0
3.699999999999932,0.0,0.0,-0.01683063427370831,0.0,0.03890579104046001,0.0,0.0,0.0,0.01756410963631387,0.0,-0.002766378839657646,0.0
3.702499999999932,0.0,0.0,-0.01678468484197907,0.0,0.03889885050096061,0.0,0.0,0.0,0.01930001797809807,0.0,-0.002756101244766926,0.0
3.704999999999932,0.0,0.0,-0.01673362624125078,0.0,0.03889215267089994,0.0,0.0,0.0,0.02161295329262161,0.0,-0.002583112700004851,0.0
3.707499999999932,0.0,0.0,-0.01667793052098663,0.0,0.03888556294993091,0.0,0.0,0.0,0.02292654306289051,0.0,-0.00269316976717907,0.0
3.709999999999932,0.0,0.0,-0.01661898503500521,0.0,0.03887868964392668,0.0,0.0,0.0,0.02422896257420508,0.0,-0.00280538655840979,0.0
3.712499999999932,0.0,0.0,-0.01655678037759139,0.0,0.03887153904800828,0.0,0.0,0.0,0.02553386421564651,0.0,-0.002915001707945297,0.0
3.714999999999932,0.0,0.0,-0.01649131354757314,0.0,0.03886411786235888,0.0,0.0,0.0,0.02684698894563194,0.0,-0.003019448506804897,0.0
3.717499999999932,0.0,0.0,-0.01642204087868721,0.0,0.03885659199006324,0.0,0.0,0.0,0.02866867332657298,0.0,-0.002972586548630164,0.0
3.719999999999932,0.0,0.0,-0.01634872809639092,0.0,0.03884903978068002,0.0,0.0,0.0,0.02997229019504285,0.0,-0.003071508093048296,0.0
3.722499999999932,0.0,0.0,-0.01627218684007231,0.0,0.03884123823703613,0.0,0.0,0.0,0.03125975494884295,0.0,-0.003169641467350697,0.0
3.724999999999932,0.0,0.0,-0.01619243987989243,0.0,0.03883319554011872,0.0,0.0,0.0,0.03253684353092914,0.0,-0.003264431321537006,0.0
3.727499999999932,0.0,0.0,-0.01610951623277332,0.0,0.03882492021204088,0.0,0.0,0.0,0.03380109600906379,0.0,-0.003355747121547139,0.0
3.729999999999932,0.0,0.0,-0.01602345108158326,0.0,0.0388164211037207,0.0,0.0,0.0,0.03507018929017967,0.0,-0.003437468735494603,0.0
3.732499999999932,0.0,0.0,-0.01593360606230184,0.0,0.03880790935335606,0.0,0.0,0.0,0.0369247360207238,0.0,-0.003336221745658842,0.0
3.734999999999931,0.0,0.0,-0.01583956220448634,0.0,0.03879953297582631,0.0,0.0,0.0,0.03822150288540049,0.0,-0.00339090390253932,0.0
3.737499999999931,0.0,0.0,-0.01574252430661686,0.0,0.0387909595814021,0.0,0.0,0.0,0.03940780402647109,0.0,-0.003467734278379815,0.0
3.739999999999931,0.0,0.0,-0.01564255184520968,0.0,0.03878219919102157,0.0,0.0,0.0,0.04056915198656999,0.0,-0.00354050195879476,0.0
3.742499999999931,0.0,0.0,-0.01553971026362054,0.0,0.03877326210394193,0.0,0.0,0.0,0.04170310011832929,0.0,-0.003609093033628699,0.0
3.744999999999931,0.0,0.0,-0.01543407089319493,0.0,0.03876415889133322,0.0,0.0,0.0,0.0428295593163456,0.0,-0.00366666108437496,0.0
3.747499999999931,0.0,0.0,-0.01532499629495791,0.0,0.03875511764083461,0.0,0.0,0.0,0.04455490168521934,0.0,-0.003528020706592097,0.0
3.749999999999931,0.0,0.0,-0.01521168641552177,0.0,0.03874641784620606,0.0,0.0,0.0,0.04596347419523659,0.0,-0.003470823650016819,0.0
3.752499999999931,0.0,0.0,-0.01509547737786927,0.0,0.03873769141012628,0.0,0.0,0.0,0.04698233243370597,0.0,-0.003516465395696052,0.0
3.754999999999931,0.0,0.0,-0.014976820649694,0.0,0.03872884118211391,0.0,0.0,0.0,0.04794203773734275,0.0,-0.00356365492220398,0.0
3.757499999999931,0.0,0.0,-0.01485581575945892,0.0,0.03871987891704547,0.0,0.0,0.0,0.04886087078975605,0.0,-0.00360609710434949,0.0
3.759999999999931,0.0,0.0,-0.01473256738614697,0.0,0.03871081667218361,0.0,0.0,0.0,0.04973683375147521,0.0,-0.003643640730491518,0.0
3.762499999999931,0.0,0.0,-0.01460718484972021,0.0,0.03870166689235914,0.0,0.0,0.0,0.05056821387705886,0.0,-0.003676127567477872,0.0
3.764999999999931,0.0,0.0,-0.01447978202276176,0.0,0.0386924423380366,0.0,0.0,0.0,0.05135307923854193,0.0,-0.003703462759967662,0.0
3.767499999999931,0.0,0.0,-0.01435047739149542,0.0,0.03868315596795691,0.0,0.0,0.0,0.05208967167614546,0.0,-0.003725582698253787,0.0
3.769999999999931,0.0,0.0,-0.01421939401320464,0.0,0.038673820889458,0.0,0.0,0.0,0.05277609273640601,0.0,-0.003742432101644727,0.0
3.772499999999931,0.0,0.0,-0.01408665945862738,0.0,0.03866445031596705,0.0,0.0,0.0,0.0534106298788748,0.0,-0.003753981368966239,0.0
3.774999999999931,0.0,0.0,-0.01395240524791074,0.0,0.03865505750350504,0.0,0.0,0.0,0.05399182505344868,0.0,-0.003760225652216939,0.0
3.777499999999931,0.0,0.0,-0.0138167668351274,0.0,0.03864565570503555,0.0,0.0,0.0,0.05451802244528405,0.0,-0.003761173315277104,0.0
3.779999999999931,0.0,0.0,-0.01367988357211941,0.0,0.03863625812581595,0.0,0.0,0.0,0.05498772630188681,0.0,-0.003756853065772504,0.0
3.78249999999993,0.0,0.0,-0.01354189800501925,0.0,0.03862687787680417,0.0,0.0,0.0,0.05539988791135978,0.0,-0.003747311996947839,0.0
3.78499999999993,0.0,0.0,-0.01340295600165513,0.0,0.03861752792601197,0.0,0.0,0.0,0.05575289841944065,0.0,-0.003732617368192019,0.0
3.78749999999993,0.0,0.0,-0.01326320728012952,0.0,0.03860822103554779,0.0,0.0,0.0,0.05604528726642648,0.0,-0.003712866599094466,0.0
3.78999999999993,0.0,0.0,-0.01312280405521754,0.0,0.03859896973730387,0.0,0.0,0.0,0.05627652813284078,0.0,-0.003688146414888556,0.0
3.79249999999993,0.0,0.0,-0.01298189932148344,0.0,0.03858978634256485,0.0,0.0,0.0,0.05644652148040328,0.0,-0.003658546628709022,0.0
3.79499999999993,0.0,0.0,-0.01284064631892888,0.0,0.03858068291560811,0.0,0.0,0.0,0.0565551709626156,0.0,-0.0036241750121755,0.0
3.79749999999993,0.0,0.0,-0.01269919833034305,0.0,0.03857167122483693,0.0,0.0,0.0,0.05660253857746825,0.0,-0.003585160476945034,0.0
3.79999999999993,0.0,0.0,-0.01255770860683006,0.0,0.03856276269969254,0.0,0.0,0.0,0.0565885879919467,0.0,-0.003541645266997093,0.0
3.80249999999993,0.0,0.0,-0.01241633009003535,0.0,0.03855396839168656,0.0,0.0,0.0,0.05651360271461567,0.0,-0.003493789476222579,0.0
3.80499999999993,0.0,0.0,-0.0122752148451173,0.0,0.03854529894910048,0.0,0.0,0.0,0.05637800036778005,0.0,-0.003441755590850196,0.0
3.80749999999993,0.0,0.0,-0.01213451371760977,0.0,0.0385367645754523,0.0,0.0,0.0,0.05618233896371731,0.0,-0.003385736924942385,0.0
3.80999999999993,0.0,0.0,-0.01199437565101178,0.0,0.0385283749997564,0.0,0.0,0.0,0.05592758177781098,0.0,-0.003325919752714797,0.0
3.81249999999993,0.0,0.0,-0.01185494777163986,0.0,0.03852013942279903,0.0,0.0,0.0,0.05561421976956324,0.0,-0.003262540369368171,0.0
3.81499999999993,0.0,0.0,-0.01171637507339352,0.0,0.03851206647181817,0.0,0.0,0.0,0.0552434684877319,0.0,-0.003195821430637046,0.0
3.81749999999993,0.0,0.0,-0.01157879942953466,0.0,0.03850416418925538,0.0,0.0,0.0,0.05481660621252967,0.0,-0.003126007772318585,0.0
3.81999999999993,0.0,0.0,-0.01144235937136464,0.0,0.03849643998589438,0.0,0.0,0.0,0.054335030627536,0.0,-0.003053360209438165,0.0
3.82249999999993,0.0,0.0,-0.01130719002502942,0.0,0.03848890059977082,0.0,0.0,0.0,0.0538000668689458,0.0,-0.002978156024437238,0.0
3.82499999999993,0.0,0.0,-0.0111734233381723,0.0,0.03848155205037555,0.0,0.0,0.0,0.05321293335444792,0.0,-0.002900692711155499,0.0
3.82749999999993,0.0,0.0,-0.01104118730344829,0.0,0.03847439962865942,0.0,0.0,0.0,0.05257557588390188,0.0,-0.002821255614748607,0.0
3.829999999999929,0.0,0.0,-0.01091060481595166,0.0,0.0384674479062026,0.0,0.0,0.0,0.05189012553648161,0.0,-0.002740134909854911,0.0
3.832499999999929,0.0,0.0,-0.0107817933063119,0.0,0.03846070070946982,0.0,0.0,0.0,0.05115882155590805,0.0,-0.002657636322412997,0.0
3.834999999999929,0.0,0.0,-0.01065486441697836,0.0,0.03845416109232334,0.0,0.0,0.0,0.05038405980714252,0.0,-0.002574072725476839,0.0
3.837499999999929,0.0,0.0,-0.01052992359930333,0.0,0.03844783132811615,0.0,0.0,0.0,0.04956839246623698,0.0,-0.002489755122059785,0.0
3.839999999999929,0.0,0.0,-0.01040706981920714,0.0,0.03844171290672738,0.0,0.0,0.0,0.04871445718241574,0.0,-0.002404999465801774,0.0
3.842499999999929,0.0,0.0,-0.0102863951763793,0.0,0.03843580651746748,0.0,0.0,0.0,0.04782510922745977,0.0,-0.002320130241497977,0.0
3.844999999999929,0.0,0.0,-0.01016798443543455,0.0,0.03843011205631083,0.0,0.0,0.0,0.04690336124816573,0.0,-0.002235457643629595,0.0
3.847499999999929,0.0,0.0,-0.01005191470765444,0.0,0.03842462864658919,0.0,0.0,0.0,0.0459523231421463,0.0,-0.002151289592830173,0.0
3.849999999999929,0.0,0.0,-0.009938255386259136,0.0,0.03841935463298425,0.0,0.0,0.0,0.04497505945907229,0.0,-0.002067941080809249,0.0
3.852499999999929,0.0,0.0,-0.009827067956325711,0.0,0.03841428757531937,0.0,0.0,0.0,0.04397483198577547,0.0,-0.001985725000771507,0.0
3.854999999999929,0.0,0.0,-0.009718405743523648,0.0,0.0384094242553677,0.0,0.0,0.0,0.04295490651478982,0.0,-0.00190495089859064,0.0
3.857499999999929,0.0,0.0,-0.009612313817845972,0.0,0.03840476068840104,0.0,0.0,0.0,0.04191862166571488,0.0,-0.001825922430634659,0.0
3.859999999999929,0.0,0.0,-0.009508828787350165,0.0,0.03840029211889529,0.0,0.0,0.0,0.04086940839142719,0.0,-0.001748952581180078,0.0
3.862499999999929,0.0,0.0,-0.009407978846025022,0.0,0.03839601303155483,0.0,0.0,0.0,0.03981056684251546,0.0,-0.001674336180787305,0.0
3.864999999999929,0.0,0.0,-0.009309783816233728,0.0,0.0383919171801482,0.0,0.0,0.0,0.03874549417444141,0.0,-0.001602363151429561,0.0
3.867499999999929,0.0,0.0,-0.00921425496934278,0.0,0.0383879976108923,0.0,0.0,0.0,0.03767763396877795,0.0,-0.001533309618395484,0.0
3.869999999999929,0.0,0.0,-0.009121395007105787,0.0,0.03838424669522582,0.0,0.0,0.0,0.03661039876306395,0.0,-0.001467439134708383,0.0
3.872499999999929,0.0,0.0,-0.009031198059487546,0.0,0.03838065616406786,0.0,0.0,0.0,0.03554723207595637,0.0,-0.001405001013889653,0.0
3.874999999999929,0.0,0.0,-0.00894364966348086,0.0,0.03837721714898528,0.0,0.0,0.0,0.03449156600367154,0.0,-0.001346224984729028,0.0
3.877499999999928,0.0,0.0,-0.008858726910222551,0.0,0.03837392021810333,0.0,0.0,0.0,0.03344672472040403,0.0,-0.001291332220987927,0.0
3.879999999999928,0.0,0.0,-0.008776398465086564,0.0,0.03837075539912854,0.0,0.0,0.0,0.03241612462898746,0.0,-0.001240533890452567,0.0
3.882499999999928,0.0,0.0,-0.008696624134772303,0.0,0.03836771221509305,0.0,0.0,0.0,0.03140343538143821,0.0,-0.001194022570122011,0.0
3.884999999999928,0.0,0.0,-0.008619354181683319,0.0,0.03836477967480672,0.0,0.0,0.0,0.03041262399901839,0.0,-0.001152016982314294,0.0
3.887499999999928,0.0,0.0,-0.008544529755898068,0.0,0.03836194618913943,0.0,0.0,0.0,0.02944701252495543,0.0,-0.001114776801509838,0.0
3.889999999999928,0.0,0.0,-0.008472083389926477,0.0,0.0383591995281739,0.0,0.0,0.0,0.02851017307859095,0.0,-0.001082554977119742,0.0
3.892499999999928,0.0,0.0,-0.008401938746196255,0.0,0.03835652685309921,0.0,0.0,0.0,0.02760562969368997,0.0,-0.00105558570401156,0.0
3.894999999999928,0.0,0.0,-0.008334011001797611,0.0,0.03835391477764804,0.0,0.0,0.0,0.02673664672699376,0.0,-0.001034072757589119,0.0
3.897499999999928,0.0,0.0,-0.008268207665243497,0.0,0.03835134942105462,0.0,0.0,0.0,0.02590609481313927,0.0,-0.001018207964307364,0.0
3.899999999999928,0.0,0.0,-0.008204429710030766,0.0,0.03834881642184684,0.0,0.0,0.0,0.02511633158240303,0.0,-0.001008184053305489,0.0
3.902499999999928,0.0,0.0,-0.00814257247997891,0.0,0.03834630105311161,0.0,0.0,0.0,0.02436950365787632,0.0,-0.001004100739045703,0.0
3.904999999999928,0.0,0.0,-0.008082526309762486,0.0,0.03834378841506455,0.0,0.0,0.0,0.0236674714197201,0.0,-0.001005996583099116,0.0
3.907499999999928,0.0,0.0,-0.00802417745728995,0.0,0.03834126355786767,0.0,0.0,0.0,0.02301163611275444,0.0,-0.001013873082983636,0.0
3.909999999999928,0.0,0.0,-0.007967408855231603,0.0,0.03833871158385517,0.0,0.0,0.0,0.02240325842620915,0.0,-0.001027687409833714,0.0
3.912499999999928,0.0,0.0,-0.00791210098423656,0.0,0.03833611774412897,0.0,0.0,0.0,0.02184303444768189,0.0,-0.001047362239321833,0.0
3.914999999999928,0.0,0.0,-0.007858132595015799,0.0,0.03833346754650589,0.0,0.0,0.0,0.02133165710701766,0.0,-0.001072770699798596,0.0
3.917499999999928,0.0,0.0,-0.007805381127141447,0.0,0.03833074683225769,0.0,0.0,0.0,0.02086948078281554,0.0,-0.001103772515824701,0.0
3.919999999999928,0.0,0.0,-0.007753723274239795,0.0,0.03832794181834057,0.0,0.0,0.0,0.02045674792264136,0.0,-0.001140207425423732,0.0
3.922499999999927,0.0,0.0,-0.007703035353988052,0.0,0.03832503914881458,0.0,0.0,0.0,0.02009351695966758,0.0,-0.001181894023405109,0.0
3.924999999999927,0.0,0.0,-0.00765319359854293,0.0,0.0383220259540152,0.0,0.0,0.0,0.01977979800907231,0.0,-0.001228624721436848,0.0
3.927499999999927,0.0,0.0,-0.007604074840805889,0.0,0.03831888992970942,0.0,0.0,0.0,0.01951510073002538,0.0,-0.001280154795733664,0.0
3.929999999999927,0.0,0.0,-0.007555556801860232,0.0,0.0383156193630607,0.0,0.0,0.0,0.01929920384042216,0.0,-0.001336255751921562,0.0
3.932499999999927,0.0,0.0,-0.007507517786566571,0.0,0.03831220312204399,0.0,0.0,0.0,0.01913186225247765,0.0,-0.001396691506391392,0.0
3.934999999999927,0.0,0.0,-0.00745983678878189,0.0,0.0383086306668035,0.0,0.0,0.0,0.01901276988519861,0.0,-0.001461224411699135,0.0
3.937499999999927,0.0,0.0,-0.007412393783435944,0.0,0.03830489207971513,0.0,0.0,0.0,0.01894144779785944,0.0,-0.001529594356356915,0.0
3.939999999999927,0.0,0.0,-0.007365070048015326,0.0,0.03830097810085907,0.0,0.0,0.0,0.01891733369408966,0.0,-0.00160153525963186,0.0
3.942499999999927,0.0,0.0,-0.007317748427427924,0.0,0.03829688014648404,0.0,0.0,0.0,0.01893973529531953,0.0,-0.001676772312138062,0.0
3.944999999999927,0.0,0.0,-0.007270313517849875,0.0,0.03829259029813289,0.0,0.0,0.0,0.01900794385586064,0.0,-0.00175504803198474,0.0
3.947499999999927,0.0,0.0,-0.007222651411263052,0.0,0.03828810122158759,0.0,0.0,0.0,0.0191214714194609,0.0,-0.001836152493688557,0.0
3.949999999999927,0.0,0.0,-0.007174649392579537,0.0,0.03828340609358451,0.0,0.0,0.0,0.01927985080092069,0.0,-0.001919886707594642,0.0
3.952499999999927,0.0,0.0,-0.007126195888843325,0.0,0.03827849857881131,0.0,0.0,0.0,0.0194826379548074,0.0,-0.002006059792780478,0.0
3.954999999999927,0.0,0.0,-0.007077180346602054,0.0,0.03827337281435927,0.0,0.0,0.0,0.0197294583391609,0.0,-0.002094484145124591,0.0
3.957499999999927,0.0,0.0,-0.007027492169593942,0.0,0.03826802324452859,0.0,0.0,0.0,0.02002072281411461,0.0,-0.002185102036430266,0.0
3.959999999999927,0.0,0.0,-0.006977020229475887,0.0,0.03826244452337731,0.0,0.0,0.0,0.02035644251156169,0.0,-0.002277802570998021,0.0
3.962499999999927,0.0,0.0,-0.006925586927042614,0.0,0.03825664924278855,0.0,0.0,0.0,0.02083745588455529,0.0,-0.002345829743221129,0.0
3.964999999999927,0.0,0.0,-0.006872284903561156,0.0,0.03825084248367767,0.0,0.0,0.0,0.02188798774313818,0.0,-0.002277375223602694,0.0
3.967499999999927,0.0,0.0,-0.00681569266594799,0.0,0.03824536543035613,0.0,0.0,0.0,0.0234643377814521,0.0,-0.002083446298884192,0.0
3.969999999999926,0.0,0.0,-0.006754529284450116,0.0,0.03824052355584511,0.0,0.0,0.0,0.02527813485186231,0.0,-0.001839278620646542,0.0
3.972499999999926,0.0,0.0,-0.006690599242899471,0.0,0.03823581337834506,0.0,0.0,0.0,0.02584024263882894,0.0,-0.001935381348255325,0.0
3.974999999999926,0.0,0.0,-0.006625278466044078,0.0,0.03823084535288253,0.0,0.0,0.0,0.02641579626503105,0.0,-0.002038964545786457,0.0
3.977499999999926,0.0,0.0,-0.006558472357480349,0.0,0.03822561753251488,0.0,0.0,0.0,0.02702848411536862,0.0,-0.002143215659470479,0.0
3.979999999999926,0.0,0.0,-0.006490089980811162,0.0,0.03822012853070984,0.0,0.0,0.0,0.0276767872242273,0.0,-0.002247908199174569,0.0
3.982499999999926,0.0,0.0,-0.006420044378602675,0.0,0.03821437752351881,0.0,0.0,0.0,0.02835904141528045,0.0,-0.002352818581995823,0.0
3.984999999999926,0.0,0.0,-0.006348252871772115,0.0,0.03820836424596713,0.0,0.0,0.0,0.02907348825296795,0.0,-0.00245772321702576,0.0
3.987499999999926,0.0,0.0,-0.006274637256375207,0.0,0.03820208898036753,0.0,0.0,0.0,0.02981830341922393,0.0,-0.0025624077041127,0.0
3.989999999999926,0.0,0.0,-0.00619912406206356,0.0,0.03819555255108486,0.0,0.0,0.0,0.03059153252531495,0.0,-0.002666653281972436,0.0
3.992499999999926,0.0,0.0,-0.006121353338045345,0.0,0.03818883686457005,0.0,0.0,0.0,0.0317085367550757,0.0,-0.002682530237841339,0.0
3.994999999999926,0.0,0.0,-0.006040072665091083,0.0,0.03818227246416624,0.0,0.0,0.0,0.03340557705151555,0.0,-0.00254393701570109,0.0
3.997499999999926,0.0,0.0,-0.00595433492226449,0.0,0.03817610746723763,0.0,0.0,0.0,0.03503013158936834,0.0,-0.002430462222374056,0.0
3.999999999999926,0.0,0.0,-0.005865628966666211,0.0,0.03816991867127403,0.0,0.0,0.0,0.0359119405634566,0.0,-0.002526538593386358,0.0
4.002499999999926,0.0,0.0,-0.005774751328146172,0.0,0.03816347633827843,0.0,0.0,0.0,0.03678932156832367,0.0,-0.002627248340736723,0.0
4.004999999999926,0.0,0.0,-0.005681661365290978,0.0,0.03815678423028825,0.0,0.0,0.0,0.03768178319147409,0.0,-0.002726358227071759,0.0
4.007499999999927,0.0,0.0,-0.005586018354324652,0.0,0.03814993327708892,0.0,0.0,0.0,0.03892703547088772,0.0,-0.002727326171594666,0.0
4.009999999999927,0.0,0.0,-0.005486450638656237,0.0,0.03814330865439779,0.0,0.0,0.0,0.04082405342330551,0.0,-0.002544580726910122,0.0
4.012499999999927,0.0,0.0,-0.005383117935232921,0.0,0.03813686380686533,0.0,0.0,0.0,0.04179218171150129,0.0,-0.00262510359290284,0.0
4.014999999999928,0.0,0.0,-0.005277480925509665,0.0,0.03813018578405702,0.0,0.0,0.0,0.04271648069494487,0.0,-0.002717239129009686,0.0
4.017499999999928,0.0,0.0,-0.005169529809185406,0.0,0.03812328046781277,0.0,0.0,0.0,0.04364345540834977,0.0,-0.002806938547826312,0.0
4.019999999999929,0.0,0.0,-0.005059261108026545,0.0,0.03811615414438532,0.0,0.0,0.0,0.04457801943538495,0.0,-0.002891873845621325,0.0
4.022499999999929,0.0,0.0,-0.00494617731860309,0.0,0.03810895872062545,0.0,0.0,0.0,0.04599527133264716,0.0,-0.002833267962596713,0.0
4.024999999999929,0.0,0.0,-0.004829864885848348,0.0,0.03810182394966863,0.0,0.0,0.0,0.04698347552552774,0.0,-0.002894853359341965,0.0
4.02749999999993,0.0,0.0,-0.004711266887488411,0.0,0.03809448805632171,0.0,0.0,0.0,0.0478939226058092,0.0,-0.002973789954772055,0.0
4.02999999999993,0.0,0.0,-0.004590405340835788,0.0,0.03808695877424912,0.0,0.0,0.0,0.04879430841065184,0.0,-0.003049565160045183,0.0
4.03249999999993,0.0,0.0,-0.004467308467025626,0.0,0.03807924417480112,0.0,0.0,0.0,0.04968218063566964,0.0,-0.003122044699016935,0.0
4.034999999999931,0.0,0.0,-0.004342010617602608,0.0,0.03807135265674268,0.0,0.0,0.0,0.05056224413116552,0.0,-0.003188973676408311,0.0
4.037499999999931,0.0,0.0,-0.00421399893846972,0.0,0.03806345735140008,0.0,0.0,0.0,0.05196811039230156,0.0,-0.00309094494073904,0.0
4.039999999999932,0.0,0.0,-0.004082487514644191,0.0,0.0380558145764639,0.0,0.0,0.0,0.05312794217445395,0.0,-0.00305651057176278,0.0
4.042499999999932,0.0,0.0,-0.003948608019835882,0.0,0.03804811289140655,0.0,0.0,0.0,0.05395675850326944,0.0,-0.003110084562894259,0.0
4.044999999999932,0.0,0.0,-0.003812731844412561,0.0,0.03804026884329634,0.0,0.0,0.0,0.0547431555628583,0.0,-0.00316509345227429,0.0
4.047499999999933,0.0,0.0,-0.003674923268168175,0.0,0.03803229224684906,0.0,0.0,0.0,0.05550268315067921,0.0,-0.003216124751675716,0.0
4.049999999999933,0.0,0.0,-0.00353525243918852,0.0,0.03802419318081433,0.0,0.0,0.0,0.05624057683375147,0.0,-0.003260755764198371,0.0
4.052499999999934,0.0,0.0,-0.003393225171948646,0.0,0.03801615532202562,0.0,0.0,0.0,0.05750658690738946,0.0,-0.003131056770876575,0.0
4.054999999999934,0.0,0.0,-0.00324833958489554,0.0,0.03800836664369637,0.0,0.0,0.0,0.05828522381308846,0.0,-0.003134997559983624,0.0
4.057499999999934,0.0,0.0,-0.003101841459474571,0.0,0.03800048566664897,0.0,0.0,0.0,0.05891227236335114,0.0,-0.003169734737995204,0.0
4.059999999999935,0.0,0.0,-0.002953823390883389,0.0,0.03799252342035216,0.0,0.0,0.0,0.05950118953837146,0.0,-0.003200014998382661,0.0
4.062499999999935,0.0,0.0,-0.002804383234057988,0.0,0.03798449116230852,0.0,0.0,0.0,0.06004995593519838,0.0,-0.003225746246296474,0.0
4.064999999999936,0.0,0.0,-0.00265362341229609,0.0,0.03797640048018003,0.0,0.0,0.0,0.06055693534458778,0.0,-0.003246756276976179,0.0
4.067499999999936,0.0,0.0,-0.002501650645908439,0.0,0.03796826335051743,0.0,0.0,0.0,0.06102032856383485,0.0,-0.003262906813586426,0.0
4.069999999999936,0.0,0.0,-0.002348576286048763,0.0,0.03796009204677125,0.0,0.0,0.0,0.06143822733623515,0.0,-0.003274098038322885,0.0
4.072499999999937,0.0,0.0,-0.002194516481837498,0.0,0.03795189905557183,0.0,0.0,0.0,0.06180870259974931,0.0,-0.003280259365364897,0.0
4.074999999999937,0.0,0.0,-0.002039591950581664,0.0,0.03794369701540755,0.0,0.0,0.0,0.06213002787917872,0.0,-0.003281339710770136,0.0
4.077499999999938,0.0,0.0,-0.00188392785208725,0.0,0.03793549867360382,0.0,0.0,0.0,0.0624003787753791,0.0,-0.003277303590664023,0.0
4.079999999999938,0.0,0.0,-0.001727653548405904,0.0,0.03792731684054439,0.0,0.0,0.0,0.06261821448848807,0.0,-0.003268135517241431,0.0
4.082499999999938,0.0,0.0,-0.001570902202022655,0.0,0.03791916434230037,0.0,0.0,0.0,0.06278203677506615,0.0,-0.003253838585568879,0.0
4.084999999999939,0.0,0.0,-0.001413810734058039,0.0,0.03791105398080516,0.0,0.0,0.0,0.06289033715516877,0.0,-0.003234428997907733,0.0
4.087499999999939,0.0,0.0,-0.001256519457249287,0.0,0.03790299848698698,0.0,0.0,0.0,0.06294190990151538,0.0,-0.003209947351351251,0.0
4.089999999999939,0.0,0.0,-0.001099172219112382,0.0,0.03789501045452623,0.0,0.0,0.0,0.062935133608757,0.0,-0.003180462836438619,0.0
4.09249999999994,0.0,0.0,-0.0009419167260407172,0.0,0.03788710227440009,0.0,0.0,0.0,0.0628685428801412,0.0,-0.003146068216675877,0.0
4.09499999999994,0.0,0.0,-0.0007849025879895125,0.0,0.03787928615177139,0.0,0.0,0.0,0.06274208045537875,0.0,-0.003106819913956112,0.0
4.097499999999941,0.0,0.0,-0.0006282798571988751,0.0,0.03787157411271049,0.0,0.0,0.0,0.06255544818319153,0.0,-0.003062804258127349,0.0
4.099999999999941,0.0,0.0,-0.0004721991915457363,0.0,0.03786397794228907,0.0,0.0,0.0,0.06230846013266549,0.0,-0.003014127886412404,0.0
4.102499999999941,0.0,0.0,-0.0003168114322329954,0.0,0.0378565091498441,0.0,0.0,0.0,0.0620011553636201,0.0,-0.002960904739542739,0.0
4.104999999999942,0.0,0.0,-0.0001622674505885805,0.0,0.03784917892755077,0.0,0.0,0.0,0.06163347093455473,0.0,-0.00290327458829209,0.0
4.107499999999942,0.0,0.0,-8.717908865908696e-06,0.0,0.03784199811353599,0.0,0.0,0.0,0.06120563640680424,0.0,-0.002841380768594194,0.0
4.109999999999943,0.0,0.0,0.0001436872736577847,0.0,0.03783497716791159,0.0,0.0,0.0,0.06071801795284143,0.0,-0.002775382734879806,0.0
4.112499999999943,0.0,0.0,0.0002947992819634605,0.0,0.0378281261243104,0.0,0.0,0.0,0.0601711312416132,0.0,-0.002705461818248808,0.0
4.114999999999943,0.0,0.0,0.0004444709338053036,0.0,0.03782145455385504,0.0,0.0,0.0,0.05956576710929846,0.0,-0.002631806828405042,0.0
4.117499999999944,0.0,0.0,0.0005925568721205337,0.0,0.03781497152126514,0.0,0.0,0.0,0.05890259508896799,0.0,-0.002554634045445489,0.0
4.119999999999944,0.0,0.0,0.000738913884435707,0.0,0.03780868554418672,0.0,0.0,0.0,0.05818266107642627,0.0,-0.002474164851733333,0.0
4.122499999999945,0.0,0.0,0.0008834015940214781,0.0,0.03780260457345053,0.0,0.0,0.0,0.05740718767423527,0.0,-0.002390631308549155,0.0
4.124999999999945,0.0,0.0,0.001025882878561611,0.0,0.03779673595372075,0.0,0.0,0.0,0.05657755575302909,0.0,-0.002304286271395048,0.0
4.127499999999945,0.0,0.0,0.001166223701708919,0.0,0.0377910863604634,0.0,0.0,0.0,0.05569485263508848,0.0,-0.002215412264248281,0.0
4.129999999999946,0.0,0.0,0.001304293153117355,0.0,0.03778566176563414,0.0,0.0,0.0,0.05476049312643012,0.0,-0.002124289493888134,0.0
4.132499999999946,0.0,0.0,0.001439964542457256,0.0,0.03778046745903444,0.0,0.0,0.0,0.05377643747934727,0.0,-0.002031183522253878,0.0
4.134999999999946,0.0,0.0,0.001573116265254415,0.0,0.03777550803282874,0.0,0.0,0.0,0.05274479389867238,0.0,-0.001936386892401202,0.0
4.137499999999947,0.0,0.0,0.001703632158835508,0.0,0.0377707873497929,0.0,0.0,0.0,0.05166780771167096,0.0,-0.001840190551191297,0.0
4.139999999999947,0.0,0.0,0.001831401895335188,0.0,0.03776630852140329,0.0,0.0,0.0,0.05054790121571482,0.0,-0.001742904592063719,0.0
4.142499999999948,0.0,0.0,0.001956321311321074,0.0,0.03776207388223993,0.0,0.0,0.0,0.04938758356857512,0.0,-0.00164484042793344,0.0
4.144999999999948,0.0,0.0,0.00207829267036862,0.0,0.03775808499508315,0.0,0.0,0.0,0.04818948717269408,0.0,-0.001546304094690912,0.0
4.147499999999948,0.0,0.0,0.002197225073116626,0.0,0.03775434265742744,0.0,0.0,0.0,0.04695644917609162,0.0,-0.00144760177469336,0.0
4.149999999999949,0.0,0.0,0.002313034914642104,0.0,0.03775084689153151,0.0,0.0,0.0,0.04569146783329871,0.0,-0.00134904747236998,0.0
4.152499999999949,0.0,0.0,0.002425646217219451,0.0,0.03774759695138839,0.0,0.0,0.0,0.04439764657136923,0.0,-0.001250941802644317,0.0
4.15499999999995,0.0,0.0,0.002534990724165905,0.0,0.03774459132108599,0.0,0.0,0.0,0.04307805870485606,0.0,-0.00115360006819622,0.0
4.15749999999995,0.0,0.0,0.002641007950871408,0.0,0.03774182771137859,0.0,0.0,0.0,0.04173584856623776,0.0,-0.001057325629955032,0.0
4.15999999999995,0.0,0.0,0.002743645458087927,0.0,0.03773930306713291,0.0,0.0,0.0,0.04037430800230578,0.0,-0.0009624278298613736,0.0
4.162499999999951,0.0,0.0,0.002842859124957531,0.0,0.03773701356733516,0.0,0.0,0.0,0.03899679985286319,0.0,-0.0008692100241714214,0.0
4.164999999999951,0.0,0.0,0.002938613173181812,0.0,0.03773495462385082,0.0,0.0,0.0,0.03760663524688497,0.0,-0.0007779825587152868,0.0
4.167499999999952,0.0,0.0,0.003030880137251366,0.0,0.03773312088836785,0.0,0.0,0.0,0.03620715252572868,0.0,-0.0006890432732234243,0.0
4.169999999999952,0.0,0.0,0.003119640960183203,0.0,0.03773150627574272,0.0,0.0,0.0,0.03480174226066942,0.0,-0.0006026836999325526,0.0
4.172499999999952,0.0,0.0,0.003204885033409456,0.0,0.03773010398651139,0.0,0.0,0.0,0.03339377038520931,0.0,-0.0005191838722843743,0.0
4.174999999999953,0.0,0.0,0.003286610245736034,0.0,0.0377289065402862,0.0,0.0,0.0,0.03198666958438681,0.0,-0.0004388084520514182,0.0
4.177499999999953,0.0,0.0,0.003364823089320799,0.0,0.03772790581109972,0.0,0.0,0.0,0.0305838903758041,0.0,-0.0003618090529634513,0.0
4.179999999999954,0.0,0.0,0.003439538587733383,0.0,0.03772709305740982,0.0,0.0,0.0,0.02918880563282553,0.0,-0.0002884271284865838,0.0
4.182499999999954,0.0,0.0,0.003510780167237599,0.0,0.03772645896247726,0.0,0.0,0.0,0.02780476634852845,0.0,-0.000218880785385521,0.0
4.184999999999954,0.0,0.0,0.003578579684027056,0.0,0.03772599367428878,0.0,0.0,0.0,0.02643516476886015,0.0,-0.000153380339410617,0.0
4.187499999999955,0.0,0.0,0.003642977386729422,0.0,0.03772568682770304,0.0,0.0,0.0,0.02508332271736451,0.0,-9.212598443612744e-05,0.0
4.189999999999955,0.0,0.0,0.003704022586827432,0.0,0.0377255275847983,0.0,0.0,0.0,0.02375316776647595,0.0,-3.529575683482681e-05,0.0
4.192499999999955,0.0,0.0,0.00376177384048773,0.0,0.03772550459440874,0.0,0.0,0.0,0.0224481692142988,0.0,1.687784019471498e-05,0.0
4.194999999999956,0.0,0.0,0.003816298297703697,0.0,0.03772560590404071,0.0,0.0,0.0,0.0211717321854476,0.0,6.414621986759645e-05,0.0
4.197499999999956,0.0,0.0,0.003867671734274947,0.0,0.03772581894126236,0.0,0.0,0.0,0.01992735225768641,0.0,0.0001062620247453751,0.0
4.199999999999957,0.0,0.0,0.003915978588364341,0.0,0.03772613054357465,0.0,0.0,0.0,0.0187184638052556,0.0,0.0001430005377891282,0.0
4.202499999999957,0.0,0.0,0.003961311364607132,0.0,0.03772652700044653,0.0,0.0,0.0,0.01754808573708274,0.0,0.0001741480348462321,0.0
4.204999999999957,0.0,0.0,0.004003769415476121,0.0,0.03772699407883413,0.0,0.0,0.0,0.01641867770040829,0.0,0.0001995002567013716,0.0
4.207499999999958,0.0,0.0,0.004043458533295619,0.0,0.03772751710901817,0.0,0.0,0.0,0.0153329318229853,0.0,0.0002189121084661448,0.0
4.209999999999958,0.0,0.0,0.00408049026876727,0.0,0.03772808109491657,0.0,0.0,0.0,0.01429276300304229,0.0,0.0002322675847619578,0.0
4.212499999999959,0.0,0.0,0.004114980968369679,0.0,0.03772867084749023,0.0,0.0,0.0,0.01330009306561762,0.0,0.0002395282718257372,0.0
4.214999999999959,0.0,0.0,0.004147051187579802,0.0,0.03772927115052321,0.0,0.0,0.0,0.0123563674522918,0.0,0.0002407108364428424,0.0
4.217499999999959,0.0,0.0,0.004176824400665285,0.0,0.03772986686202906,0.0,0.0,0.0,0.01146247598243066,0.0,0.0002358579835129842,0.0
4.21999999999996,0.0,0.0,0.004204426212358698,0.0,0.03773044300836338,0.0,0.0,0.0,0.0106192342017194,0.0,0.0002250614665527694,0.0
4.22249999999996,0.0,0.0,0.004229984142743461,0.0,0.03773098490156,0.0,0.0,0.0,0.009827355963371509,0.0,0.0002084586302057516,0.0
4.224999999999961,0.0,0.0,0.004253626843590206,0.0,0.03773147819714,0.0,0.0,0.0,0.009087035890030194,0.0,0.0001861863426269031,0.0
4.227499999999961,0.0,0.0,0.004275483507811551,0.0,0.03773190893284546,0.0,0.0,0.0,0.008398511299975603,0.0,0.0001584136898046888,0.0
4.229999999999961,0.0,0.0,0.004295683784493949,0.0,0.03773226358943529,0.0,0.0,0.0,0.007761909852790449,0.0,0.0001253259867180269,0.0
4.232499999999962,0.0,0.0,0.004314357423277677,0.0,0.03773252914128786,0.0,0.0,0.0,0.007177184425246246,0.0,8.71328011277092e-05,0.0
4.234999999999962,0.0,0.0,0.004331633826210894,0.0,0.03773269310763555,0.0,0.0,0.0,0.006644104172262432,0.0,4.40604348414193e-05,0.0
4.237499999999963,0.0,0.0,0.004347641488726946,0.0,0.03773274361029028,0.0,0.0,0.0,0.006162174847487135,0.0,-3.635373628187572e-06,0.0
4.239999999999963,0.0,0.0,0.004362507569290385,0.0,0.03773266942164856,0.0,0.0,0.0,0.005730820917613897,0.0,-5.56898793408541e-05,0.0
4.242499999999963,0.0,0.0,0.004376357886248189,0.0,0.03773245996281974,0.0,0.0,0.0,0.005349545923242501,0.0,-0.0001118488674854835,0.0
4.244999999999964,0.0,0.0,0.004389317037969011,0.0,0.0377321053023033,0.0,0.0,0.0,0.005017870367938304,0.0,-0.0001718486518794547,0.0
4.247499999999964,0.0,0.0,0.004401508160215229,0.0,0.03773159617613431,0.0,0.0,0.0,0.004735103771804674,0.0,-0.0002354188967917697,0.0
4.249999999999964,0.0,0.0,0.004413052718154581,0.0,0.03773092399781491,0.0,0.0,0.0,0.004500600130149199,0.0,-0.000302287968351417,0.0
4.252499999999965,0.0,0.0,0.004424070362697301,0.0,0.03773008084753652,0.0,0.0,0.0,0.004313554086726388,0.0,-0.0003721941425504499,0.0
4.254999999999965,0.0,0.0,0.004434678878947288,0.0,0.03772905941968484,0.0,0.0,0.0,0.004173278276176183,0.0,-0.0004449077723561793,0.0
4.257499999999966,0.0,0.0,0.004444994452789951,0.0,0.03772785295197902,0.0,0.0,0.0,0.00407918066429809,0.0,-0.000520223831840967,0.0
4.259999999999966,0.0,0.0,0.004455131819214492,0.0,0.03772645520040255,0.0,0.0,0.0,0.004030692566286138,0.0,-0.0005979327408552948,0.0
4.262499999999966,0.0,0.0,0.004465204314959012,0.0,0.03772486043431782,0.0,0.0,0.0,0.00402726457843391,0.0,-0.0006778334722043901,0.0
4.264999999999967,0.0,0.0,0.004475324635023203,0.0,0.03772306330089736,0.0,0.0,0.0,0.004068930520681717,0.0,-0.0007598244122410989,0.0
4.267499999999967,0.0,0.0,0.004486153372812563,0.0,0.03772119871186144,0.0,0.0,0.0,0.004900206738277369,0.0,-0.000653287904373778,0.0
4.269999999999968,0.0,0.0,0.004499131956815692,0.0,0.03771960601081113,0.0,0.0,0.0,0.005568722882009874,0.0,-0.0005981933666818979,0.0
4.272499999999968,0.0,0.0,0.004514444475916482,0.0,0.03771830850069163,0.0,0.0,0.0,0.006759611049496728,0.0,-0.0004191617171869341,0.0
4.274999999999968,0.0,0.0,0.00453182862838731,0.0,0.03771720476885467,0.0,0.0,0.0,0.007059480462155428,0.0,-0.0004868952575735488,0.0
4.277499999999969,0.0,0.0,0.004549794651349724,0.0,0.03771587229768657,0.0,0.0,0.0,0.007313132311694142,0.0,-0.0005790302432716279,0.0
4.279999999999969,0.0,0.0,0.004568445616141731,0.0,0.03771430815640137,0.0,0.0,0.0,0.007607412328782555,0.0,-0.0006722296703329926,0.0
4.28249999999997,0.0,0.0,0.004587881436986583,0.0,0.0377125099489795,0.0,0.0,0.0,0.007973012736536474,0.0,-0.0007576526663453467,0.0
4.28499999999997,0.0,0.0,0.004608920047543808,0.0,0.03771067024333059,0.0,0.0,0.0,0.008959698756957103,0.0,-0.0006865423878922767,0.0
4.28749999999997,0.0,0.0,0.004633140474293213,0.0,0.03770918826312042,0.0,0.0,0.0,0.01029893383839128,0.0,-0.0005306318993390728,0.0
4.289999999999971,0.0,0.0,0.004659479313766912,0.0,0.03770775272940019,0.0,0.0,0.0,0.01075415720928148,0.0,-0.0006224965143584594,0.0
4.292499999999971,0.0,0.0,0.004686952922040369,0.0,0.03770607562939182,0.0,0.0,0.0,0.01122437333843408,0.0,-0.0007191283781139954,0.0
4.294999999999972,0.0,0.0,0.004715640531713067,0.0,0.03770415720055049,0.0,0.0,0.0,0.01172533890052846,0.0,-0.0008155584961195225,0.0
4.297499999999972,0.0,0.0,0.004745697399077022,0.0,0.03770202052872206,0.0,0.0,0.0,0.01236283014363062,0.0,-0.0008818168221069036,0.0
4.299999999999972,0.0,0.0,0.004778030199894636,0.0,0.03769989827773872,0.0,0.0,0.0,0.01360627164674789,0.0,-0.0007873810128187982,0.0
4.302499999999973,0.0,0.0,0.004813089177837755,0.0,0.0376978989233558,0.0,0.0,0.0,0.01431258528162772,0.0,-0.0008473954369080924,0.0
4.304999999999973,0.0,0.0,0.004849622156375953,0.0,0.03769566240444384,0.0,0.0,0.0,0.01510558696041327,0.0,-0.0008886214581205209,0.0
4.307499999999973,0.0,0.0,0.004888254750262193,0.0,0.03769334975820438,0.0,0.0,0.0,0.01576284268390516,0.0,-0.0009717122363285615,0.0
4.309999999999974,0.0,0.0,0.004928459717383169,0.0,0.03769080542092487,0.0,0.0,0.0,0.01640063445691707,0.0,-0.001063700914010105,0.0
4.312499999999974,0.0,0.0,0.004970361002149169,0.0,0.03768805649123996,0.0,0.0,0.0,0.01717888399646031,0.0,-0.001118669516999434,0.0
4.314999999999975,0.0,0.0,0.005015024501108201,0.0,0.0376853990825275,0.0,0.0,0.0,0.01866032359474036,0.0,-0.0009763391071368896,0.0
4.317499999999975,0.0,0.0,0.005064092841707789,0.0,0.03768329484352334,0.0,0.0,0.0,0.02044563757156461,0.0,-0.0007489796106209328,0.0
4.319999999999975,0.0,0.0,0.005116108338851807,0.0,0.03768132921514918,0.0,0.0,0.0,0.02114500587794891,0.0,-0.0008294718351551102,0.0
4.322499999999976,0.0,0.0,0.005169825976846223,0.0,0.03767915010628044,0.0,0.0,0.0,0.02182851431323451,0.0,-0.0009137649142864538,0.0
4.324999999999976,0.0,0.0,0.005225255851667983,0.0,0.03767676321393827,0.0,0.0,0.0,0.02251478662517781,0.0,-0.0009956988200984086,0.0
4.327499999999977,0.0,0.0,0.005282679494274463,0.0,0.03767425524806482,0.0,0.0,0.0,0.02349381060863415,0.0,-0.0009902243628317892,0.0
4.329999999999977,0.0,0.0,0.005342309944670354,0.0,0.03767169524517069,0.0,0.0,0.0,0.02419351949244782,0.0,-0.001062493070687483,0.0
4.332499999999977,0.0,0.0,0.005403642598589193,0.0,0.03766894616037032,0.0,0.0,0.0,0.02487198054205578,0.0,-0.001136726964121182,0.0
4.334999999999978,0.0,0.0,0.005466662237976276,0.0,0.03766601515931248,0.0,0.0,0.0,0.02554310398611143,0.0,-0.001208026715174157,0.0
4.337499999999978,0.0,0.0,0.005531347430863772,0.0,0.03766290975311035,0.0,0.0,0.0,0.02620442071096216,0.0,-0.001276251828971885,0.0
4.339999999999979,0.0,0.0,0.005597670589796864,0.0,0.03765963778884536,0.0,0.0,0.0,0.02685347546184754,0.0,-0.001341274019676555,0.0
4.342499999999979,0.0,0.0,0.00566588394370561,0.0,0.03765629236301234,0.0,0.0,0.0,0.02780896579081215,0.0,-0.00130756999893965,0.0
4.344999999999979,0.0,0.0,0.005737274843113778,0.0,0.0376532762085677,0.0,0.0,0.0,0.02922514400588841,0.0,-0.00112848368042143,0.0
4.34749999999998,0.0,0.0,0.005811119871437076,0.0,0.03765039662274242,0.0,0.0,0.0,0.02983500650866945,0.0,-0.001179670719396723,0.0
4.34999999999998,0.0,0.0,0.005886424194969068,0.0,0.03764738232375384,0.0,0.0,0.0,0.03040780936353899,0.0,-0.001231731315394383,0.0
4.35249999999998,0.0,0.0,0.005963130323354814,0.0,0.03764424257682709,0.0,0.0,0.0,0.0309564556449229,0.0,-0.001280030417523015,0.0
4.354999999999981,0.0,0.0,0.006041174954488026,0.0,0.03764098692009637,0.0,0.0,0.0,0.03147861821302258,0.0,-0.001324460609269676,0.0
4.357499999999981,0.0,0.0,0.006120785642480991,0.0,0.03763771533169505,0.0,0.0,0.0,0.03230342961490228,0.0,-0.001264160649298163,0.0
4.359999999999982,0.0,0.0,0.006202779015825905,0.0,0.03763470885430215,0.0,0.0,0.0,0.03321160380934447,0.0,-0.001165025634025449,0.0
4.362499999999982,0.0,0.0,0.00628638129436416,0.0,0.03763176688713318,0.0,0.0,0.0,0.03365405254332424,0.0,-0.001193249541494376,0.0
4.364999999999982,0.0,0.0,0.00637100658914304,0.0,0.03762874784601702,0.0,0.0,0.0,0.03404557905112636,0.0,-0.001221958592077892,0.0
4.367499999999983,0.0,0.0,0.006456564201400583,0.0,0.03762566248642867,0.0,0.0,0.0,0.03439992057367453,0.0,-0.001246306176479204,0.0
4.369999999999983,0.0,0.0,0.006542959322762153,0.0,0.03762252193108514,0.0,0.0,0.0,0.03471560151211823,0.0,-0.001266117227208951,0.0
4.372499999999984,0.0,0.0,0.006630092798173249,0.0,0.03761933767906114,0.0,0.0,0.0,0.03499062028791568,0.0,-0.001281265697737458,0.0
4.374999999999984,0.0,0.0,0.006717860689984563,0.0,0.03761612150265204,0.0,0.0,0.0,0.03522315238853113,0.0,-0.001291659024351492,0.0
4.377499999999984,0.0,0.0,0.00680615427339755,0.0,0.03761288539161643,0.0,0.0,0.0,0.03541119273053237,0.0,-0.001297215785141572,0.0
4.379999999999985,0.0,0.0,0.006894860161097995,0.0,0.03760964150147422,0.0,0.0,0.0,0.0355530162194373,0.0,-0.001297884778953418,0.0
4.382499999999985,0.0,0.0,0.006983860512561631,0.0,0.03760640210328147,0.0,0.0,0.0,0.03564678565825247,0.0,-0.001293624762626725,0.0
4.384999999999986,0.0,0.0,0.00707303314700261,0.0,0.03760317954666602,0.0,0.0,0.0,0.03569086567832341,0.0,-0.001284414122608663,0.0
4.387499999999986,0.0,0.0,0.007162251894261056,0.0,0.03759998622289301,0.0,0.0,0.0,0.03568370023111509,0.0,-0.001270241149975763,0.0
4.389999999999986,0.0,0.0,0.007251386965791258,0.0,0.03759683451125875,0.0,0.0,0.0,0.03562395083087163,0.0,-0.001251127104901305,0.0
4.392499999999987,0.0,0.0,0.007340305051497812,0.0,0.03759373673097644,0.0,0.0,0.0,0.03551013818570556,0.0,-0.001227098806733205,0.0
4.394999999999987,0.0,0.0,0.007428869108718733,0.0,0.03759070509244512,0.0,0.0,0.0,0.03534075610177178,0.0,-0.001198216456087507,0.0
4.397499999999988,0.0,0.0,0.00751693845534957,0.0,0.03758775162973265,0.0,0.0,0.0,0.03511439948212325,0.0,-0.001164560893137791,0.0
4.399999999999988,0.0,0.0,0.007604370575241715,0.0,0.03758488820671687,0.0,0.0,0.0,0.03483100520984309,0.0,-0.001126187453939117,0.0
4.402499999999988,0.0,0.0,0.007691022469134739,0.0,0.03758212652642435,0.0,0.0,0.0,0.03449024993952492,0.0,-0.001083169473642925,0.0
4.404999999999989,0.0,0.0,0.007776750437387879,0.0,0.03757947807542957,0.0,0.0,0.0,0.03409189663315557,0.0,-0.001035606766745558,0.0
4.407499999999989,0.0,0.0,0.007861410424430814,0.0,0.03757695408395516,0.0,0.0,0.0,0.03363589749033339,0.0,-0.0009836045971749897,0.0
4.409999999999989,0.0,0.0,0.007944858217082417,0.0,0.0375745654802881,0.0,0.0,0.0,0.03312217432828293,0.0,-0.0009272992251866688,0.0
4.41249999999999,0.0,0.0,0.008026949744030662,0.0,0.03757232285791966,0.0,0.0,0.0,0.03255091863132627,0.0,-0.0008668222337264801,0.0
4.41499999999999,0.0,0.0,0.00810754157530402,0.0,0.03757023645109107,0.0,0.0,0.0,0.03192245193900464,0.0,-0.0008023294256910264,0.0
4.417499999999991,0.0,0.0,0.00818649127095286,0.0,0.03756831608337106,0.0,0.0,0.0,0.03123724466201015,0.0,-0.0007339935272665081,0.0
4.419999999999991,0.0,0.0,0.008263657833471072,0.0,0.03756657113379355,0.0,0.0,0.0,0.03049598020154442,0.0,-0.0006619974353990073,0.0
4.422499999999991,0.0,0.0,0.008338901985819632,0.0,0.03756501049279398,0.0,0.0,0.0,0.02969935161402407,0.0,-0.0005865491112131498,0.0
4.424999999999992,0.0,0.0,0.008412086534596725,0.0,0.03756364252167796,0.0,0.0,0.0,0.02884833256838957,0.0,-0.0005078638935088805,0.0
4.427499999999992,0.0,0.0,0.008483076938266193,0.0,0.03756247502894351,0.0,0.0,0.0,0.02794407078378051,0.0,-0.0004261686880271183,0.0
4.429999999999993,0.0,0.0,0.008551741800388105,0.0,0.03756151523345966,0.0,0.0,0.0,0.02698793452345435,0.0,-0.0003417082752581181,0.0
4.432499999999993,0.0,0.0,0.008617952564822316,0.0,0.03756076969528049,0.0,0.0,0.0,0.02598082761885147,0.0,-0.0002547649239528645,0.0
4.434999999999993,0.0,0.0,0.00868158375796339,0.0,0.03756024428835256,0.0,0.0,0.0,0.02492431277214812,0.0,-0.0001656052174988355,0.0
4.437499999999994,0.0,0.0,0.008742514262302175,0.0,0.03755994422291881,0.0,0.0,0.0,0.02382031153936816,0.0,-7.449355490619756e-05,0.0
4.439999999999994,0.0,0.0,0.008800627947480044,0.0,0.03755987402911413,0.0,0.0,0.0,0.0226708919530821,0.0,1.82903779516121e-05,0.0
4.442499999999995,0.0,0.0,0.008855814085476484,0.0,0.03756003752129987,0.0,0.0,0.0,0.02147830782549532,0.0,0.0001124536671187005,0.0
4.444999999999995,0.0,0.0,0.008907967736342252,0.0,0.03756043777240399,0.0,0.0,0.0,0.02024493564078071,0.0,0.0002076960793536293,0.0
4.447499999999995,0.0,0.0,0.008956990066180073,0.0,0.03756107709684332,0.0,0.0,0.0,0.01897328370493243,0.0,0.0003037110461383931,0.0
4.449999999999996,0.0,0.0,0.009002788632133264,0.0,0.03756195704274024,0.0,0.0,0.0,0.01766595646394411,0.0,0.0004001921034018691,0.0
4.452499999999996,0.0,0.0,0.00904527778482931,0.0,0.03756307840181081,0.0,0.0,0.0,0.01632578411956254,0.0,0.0004968405934552742,0.0
4.454999999999997,0.0,0.0,0.009084379111465054,0.0,0.03756444120516232,0.0,0.0,0.0,0.01495572570134152,0.0,0.0005933466827735274,0.0
4.457499999999997,0.0,0.0,0.009120021752349897,0.0,0.03756604472305149,0.0,0.0,0.0,0.01355886445377762,0.0,0.0006894115249557754,0.0
4.459999999999997,0.0,0.0,0.009152142547627026,0.0,0.03756788745720569,0.0,0.0,0.0,0.01213827702925062,0.0,0.0007847191589539984,0.0
4.462499999999998,0.0,0.0,0.009180686066934752,0.0,0.03756996713630775,0.0,0.0,0.0,0.01069707032822933,0.0,0.0008789671027044141,0.0
4.464999999999998,0.0,0.0,0.00920560488372397,0.0,0.03757228073612802,0.0,0.0,0.0,0.009238540365275244,0.0,0.000971855508753836,0.0
4.467499999999998,0.0,0.0,0.009226859798247292,0.0,0.03757482447807651,0.0,0.0,0.0,0.007765972567334386,0.0,0.001063080748666161,0.0
4.469999999999999,0.0,0.0,0.009244419892444185,0.0,0.03757759382045029,0.0,0.0,0.0,0.006282706815712133,0.0,0.001152335973133718,0.0
4.472499999999999,0.0,0.0,0.00925826262386871,0.0,0.03758058346008089,0.0,0.0,0.0,0.004792103626458745,0.0,0.001239318843602498,0.0
4.475,0.0,0.0,0.009268373741081975,0.0,0.03758378735224115,0.0,0.0,0.0,0.003297435282106396,0.0,0.001323738441931048,0.0
4.4775,0.0,0.0,0.009274747330660736,0.0,0.03758719873182709,0.0,0.0,0.0,0.001802099819250381,0.0,0.001405309383912035,0.0
4.48,0.0,0.0,0.009277386020756558,0.0,0.03759081014318985,0.0,0.0,0.0,0.0003095324054005499,0.0,0.001483764609727777,0.0
4.482500000000001,0.0,0.0,0.009276300933422075,0.0,0.03759461347107699,0.0,0.0,0.0,-0.001176907012069111,0.0,0.001558843495030879,0.0
4.485000000000001,0.0,0.0,0.00927151162171789,0.0,0.0375985999651413,0.0,0.0,0.0,-0.002653833627281008,0.0,0.001630298586542657,0.0
4.487500000000002,0.0,0.0,0.009263046117695004,0.0,0.03760276028966905,0.0,0.0,0.0,-0.004117849086589051,0.0,0.001697909034965858,0.0
4.490000000000002,0.0,0.0,0.009250940808731964,0.0,0.0376070845594501,0.0,0.0,0.0,-0.005565667468855272,0.0,0.001761456086965158,0.0
4.492500000000002,0.0,0.0,0.00923524039184591,0.0,0.03761156236427597,0.0,0.0,0.0,-0.006993927047848439,0.0,0.001820738494127895,0.0
4.495000000000003,0.0,0.0,0.009215998146536808,0.0,0.03761618280824956,0.0,0.0,0.0,-0.00839912362545303,0.0,0.001875568942053679,0.0
4.497500000000003,0.0,0.0,0.0091932765939334,0.0,0.03762093450682921,0.0,0.0,0.0,-0.009777368324904914,0.0,0.00192574381953923,0.0
4.500000000000004,0.0,0.0,0.00916714712478782,0.0,0.03762580549933797,0.0,0.0,0.0,-0.01112545403588451,0.0,0.001971005867456068,0.0
4.502500000000004,0.0,0.0,0.009137689501047186,0.0,0.03763078318998168,0.0,0.0,0.0,-0.0124398910870059,0.0,0.002011104253564296,0.0
4.505000000000004,0.0,0.0,0.00910499208062557,0.0,0.03763585436749382,0.0,0.0,0.0,-0.01371729247933051,0.0,0.002045797441351395,0.0
4.507500000000005,0.0,0.0,0.009069151423579428,0.0,0.03764100522523213,0.0,0.0,0.0,-0.01495448355204484,0.0,0.002074850649679255,0.0
4.510000000000005,0.0,0.0,0.009030271485129724,0.0,0.03764622140320012,0.0,0.0,0.0,-0.01614872254957795,0.0,0.002098056009354047,0.0
4.512500000000006,0.0,0.0,0.008988462512225227,0.0,0.03765148805173111,0.0,0.0,0.0,-0.0172977176446007,0.0,0.002115229649823711,0.0
4.515000000000006,0.0,0.0,0.00894384046172635,0.0,0.03765678993943012,0.0,0.0,0.0,-0.01839919284175122,0.0,0.00212625004427849,0.0
4.517500000000006,0.0,0.0,0.008896526657949638,0.0,0.03766211160916655,0.0,0.0,0.0,-0.01945112997871857,0.0,0.002131058094120021,0.0
4.520000000000007,0.0,0.0,0.008846647021944435,0.0,0.03766743752291557,0.0,0.0,0.0,-0.02045186747349044,0.0,0.002129648343567326,0.0
4.522500000000007,0.0,0.0,0.00879433078592832,0.0,0.03767275216882825,0.0,0.0,0.0,-0.02140042529426268,0.0,0.00212204671947806,0.0
4.525000000000007,0.0,0.0,0.008739709492160849,0.0,0.03767804016719388,0.0,0.0,0.0,-0.02229592749190738,0.0,0.002108333401039201,0.0
4.527500000000008,0.0,0.0,0.00868291667884798,0.0,0.03768328639443146,0.0,0.0,0.0,-0.02313765584492217,0.0,0.002088632950650166,0.0
4.530000000000008,0.0,0.0,0.008624087249071143,0.0,0.037688476055867,0.0,0.0,0.0,-0.02392523643873318,0.0,0.002063083914706618,0.0
4.532500000000009,0.0,0.0,0.008563356854853451,0.0,0.03769359473515262,0.0,0.0,0.0,-0.02465844394875935,0.0,0.002031850389489158,0.0
4.535000000000009,0.0,0.0,0.00850086155224838,0.0,0.03769862844247183,0.0,0.0,0.0,-0.02533718043927331,0.0,0.001995109497038282,0.0
4.537500000000009,0.0,0.0,0.008436737588086623,0.0,0.0377035636664509,0.0,0.0,0.0,-0.02596139122032436,0.0,0.001953066855645953,0.0
4.54000000000001,0.0,0.0,0.008371120981765305,0.0,0.03770838742745476,0.0,0.0,0.0,-0.02653131282999321,0.0,0.001905942231706309,0.0
4.54250000000001,0.0,0.0,0.008304147024049876,0.0,0.03771308732689319,0.0,0.0,0.0,-0.0270472922383983,0.0,0.001853980791302875,0.0
4.545000000000011,0.0,0.0,0.008235949870871617,0.0,0.03771765160330781,0.0,0.0,0.0,-0.0275098888144459,0.0,0.001797446779202168,0.0
4.547500000000011,0.0,0.0,0.008166662048088098,0.0,0.03772206917027746,0.0,0.0,0.0,-0.02791984734277022,0.0,0.00173661613383484,0.0
4.550000000000011,0.0,0.0,0.008096414564655775,0.0,0.03772632961514213,0.0,0.0,0.0,-0.02827763713832553,0.0,0.001671751924529515,0.0
4.552500000000012,0.0,0.0,0.00802533700450004,0.0,0.03773042319334308,0.0,0.0,0.0,-0.02858392879382743,0.0,0.001603125554336095,0.0
4.555000000000012,0.0,0.0,0.007953557333947151,0.0,0.03773434084117322,0.0,0.0,0.0,-0.0288393458421366,0.0,0.001531010293938481,0.0
4.557500000000013,0.0,0.0,0.007881201683537477,0.0,0.03773807417464251,0.0,0.0,0.0,-0.02904473316112731,0.0,0.001455676631907614,0.0
4.560000000000013,0.0,0.0,0.007808394134319226,0.0,0.03774161545764494,0.0,0.0,0.0,-0.02920088522097775,0.0,0.001377372354778647,0.0
4.562500000000013,0.0,0.0,0.007735257005397567,0.0,0.03774495752576532,0.0,0.0,0.0,-0.02930841728542988,0.0,0.001296307071999458,0.0
4.565000000000014,0.0,0.0,0.007661911039811766,0.0,0.03774809374567878,0.0,0.0,0.0,-0.02936797499751603,0.0,0.001212696049905125,0.0
4.567500000000014,0.0,0.0,0.007588475468428529,0.0,0.03775101800950234,0.0,0.0,0.0,-0.02938012254599871,0.0,0.001126744388402805,0.0
4.570000000000014,0.0,0.0,0.007515512467265983,0.0,0.03775383821863285,0.0,0.0,0.0,-0.02876247724827972,0.0,0.001187611049214598,0.0
4.572500000000015,0.0,0.0,0.007443820708538378,0.0,0.03775672299787491,0.0,0.0,0.0,-0.02863076621277557,0.0,0.001110017228999491,0.0
4.575000000000015,0.0,0.0,0.007372796308802608,0.0,0.03775948539075108,0.0,0.0,0.0,-0.02810031679192209,0.0,0.001123077572168607,0.0
4.577500000000016,0.0,0.0,0.007303756954760678,0.0,0.03776243593671025,0.0,0.0,0.0,-0.02705333951684648,0.0,0.00125776065487061,0.0
4.580000000000016,0.0,0.0,0.007237973153437353,0.0,0.03776587377095431,0.0,0.0,0.0,-0.02549712183826019,0.0,0.001512588250740557,0.0
4.582500000000016,0.0,0.0,0.007174602840155284,0.0,0.03776954443819693,0.0,0.0,0.0,-0.02522001504904918,0.0,0.001418445199442189,0.0
4.585000000000017,0.0,0.0,0.007111926403560809,0.0,0.03777296437593405,0.0,0.0,0.0,-0.02492097641883364,0.0,0.001317538598845935,0.0
4.587500000000017,0.0,0.0,0.007050049733171194,0.0,0.03777613077370064,0.0,0.0,0.0,-0.02457456462728649,0.0,0.001217140365254426,0.0
4.590000000000018,0.0,0.0,0.006989510921210421,0.0,0.03777915872294053,0.0,0.0,0.0,-0.02375690254295869,0.0,0.001232062769218551,0.0
4.592500000000018,0.0,0.0,0.006931759343064557,0.0,0.03778241042730741,0.0,0.0,0.0,-0.02242570381708675,0.0,0.001374340595283388,0.0
4.595000000000018,0.0,0.0,0.006876298973136134,0.0,0.03778572543394082,0.0,0.0,0.0,-0.02195768685434974,0.0,0.001273619440536286,0.0
4.597500000000019,0.0,0.0,0.006822014751190516,0.0,0.03778877822144254,0.0,0.0,0.0,-0.02146966364448786,0.0,0.001168647918225312,0.0
4.600000000000019,0.0,0.0,0.006768992233596165,0.0,0.03779156863258187,0.0,0.0,0.0,-0.0209483441310077,0.0,0.001063719663455771,0.0
4.60250000000002,0.0,0.0,0.006717312241594687,0.0,0.0377940970358922,0.0,0.0,0.0,-0.02037491717421332,0.0,0.0009647775407901544,0.0
4.60500000000002,0.0,0.0,0.006667646998315037,0.0,0.0377965291541029,0.0,0.0,0.0,-0.01925862705278274,0.0,0.001008234698415366,0.0
4.60750000000002,0.0,0.0,0.00662148182051571,0.0,0.03779925742415328,0.0,0.0,0.0,-0.01765954504227411,0.0,0.001178297191313506,0.0
4.610000000000021,0.0,0.0,0.006578160884722258,0.0,0.03780208446433898,0.0,0.0,0.0,-0.0170137063437287,0.0,0.001078837596229655,0.0
4.612500000000021,0.0,0.0,0.006536441705516488,0.0,0.03780465281015751,0.0,0.0,0.0,-0.0163617502242875,0.0,0.0009758777205256372,0.0
4.615000000000022,0.0,0.0,0.006496377691060711,0.0,0.03780696528765999,0.0,0.0,0.0,-0.01568959110162766,0.0,0.0008741436316396837,0.0
4.617500000000022,0.0,0.0,0.006458016394761923,0.0,0.03780902520020779,0.0,0.0,0.0,-0.01497828436537172,0.0,0.0007798632290951136,0.0
4.620000000000022,0.0,0.0,0.006422077901257754,0.0,0.0378110285435086,0.0,0.0,0.0,-0.01365618644180446,0.0,0.0008558533167515612,0.0
4.622500000000023,0.0,0.0,0.006390194768011877,0.0,0.0378134319893315,0.0,0.0,0.0,-0.01184232828091762,0.0,0.001069255220210195,0.0
4.625000000000023,0.0,0.0,0.006361539561869699,0.0,0.03781599741515636,0.0,0.0,0.0,-0.0111003762858058,0.0,0.000977928699686964,0.0
4.627500000000023,0.0,0.0,0.006334703239461548,0.0,0.03781832413504603,0.0,0.0,0.0,-0.01036890855248168,0.0,0.0008834825666860611,0.0
4.630000000000024,0.0,0.0,0.006309702235410579,0.0,0.03782041753347762,0.0,0.0,0.0,-0.0096321320919287,0.0,0.0007912715892686588,0.0
4.632500000000024,0.0,0.0,0.006286546613800348,0.0,0.0378222833933155,0.0,0.0,0.0,-0.008851144490202618,0.0,0.0007134870800057534,0.0
4.635000000000025,0.0,0.0,0.006266066925833924,0.0,0.03782416785757977,0.0,0.0,0.0,-0.007513417951292601,0.0,0.0007997606077184335,0.0
4.637500000000025,0.0,0.0,0.006248227984263839,0.0,0.03782606800190904,0.0,0.0,0.0,-0.006767968085186511,0.0,0.0007174967756209659,0.0
4.640000000000025,0.0,0.0,0.006232221684903171,0.0,0.0378277587849442,0.0,0.0,0.0,-0.006037349906206815,0.0,0.0006351619991482265,0.0
4.642500000000026,0.0,0.0,0.006218032703849552,0.0,0.0378292474294255,0.0,0.0,0.0,-0.00531411793632841,0.0,0.000555785459195508,0.0
4.645000000000026,0.0,0.0,0.006205639549103698,0.0,0.03783054149798099,0.0,0.0,0.0,-0.004600692123006099,0.0,0.0004795006778940907,0.0
4.647500000000027,0.0,0.0,0.006195048203577112,0.0,0.03783165885110763,0.0,0.0,0.0,-0.00382893694440661,0.0,0.0004274080551603495,0.0
4.650000000000027,0.0,0.0,0.006187155243358056,0.0,0.03783288407650381,0.0,0.0,0.0,-0.002366276151037206,0.0,0.0005882922822620281,0.0
4.652500000000027,0.0,0.0,0.006182250065667152,0.0,0.03783432338130507,0.0,0.0,0.0,-0.001628781615445934,0.0,0.0005421951663934116,0.0
4.655000000000028,0.0,0.0,0.006178987755515641,0.0,0.03783559943655988,0.0,0.0,0.0,-0.000981368692300027,0.0,0.0004786737790842843,0.0
4.657500000000028,0.0,0.0,0.00617731674726935,0.0,0.03783672127965385,0.0,0.0,0.0,-0.0003557368417084609,0.0,0.0004188243574916443,0.0
4.660000000000029,0.0,0.0,0.006177179695406169,0.0,0.03783769823015234,0.0,0.0,0.0,0.0002458010100815097,0.0,0.000362758520346778,0.0
4.662500000000029,0.0,0.0,0.006178587472094596,0.0,0.03783856238192954,0.0,0.0,0.0,0.000925450846329506,0.0,0.0003423633119963072,0.0
4.665000000000029,0.0,0.0,0.006182432103447854,0.0,0.03783961573288689,0.0,0.0,0.0,0.002176516199442841,0.0,0.0005084055547299154,0.0
4.66750000000003,0.0,0.0,0.006188545013015098,0.0,0.03784083971960879,0.0,0.0,0.0,0.002701620335704944,0.0,0.000467179589459383,0.0
4.67000000000003,0.0,0.0,0.006195899553101673,0.0,0.03784195680991128,0.0,0.0,0.0,0.003181735242615937,0.0,0.000426506504706622,0.0
4.672500000000031,0.0,0.0,0.006204410742625456,0.0,0.03784297758892989,0.0,0.0,0.0,0.003626951442394845,0.0,0.0003901289225966105,0.0
4.675000000000031,0.0,0.0,0.006213989341648181,0.0,0.03784391302103123,0.0,0.0,0.0,0.004035675484017773,0.0,0.000358227174823547,0.0
4.677500000000031,0.0,0.0,0.006224541835649806,0.0,0.03784477445166339,0.0,0.0,0.0,0.004406081308677323,0.0,0.0003309258261326741,0.0
4.680000000000032,0.0,0.0,0.006235969998789587,0.0,0.03784557350867181,0.0,0.0,0.0,0.004736226021601393,0.0,0.0003083262456013624,0.0
4.682500000000032,0.0,0.0,0.006248170599352631,0.0,0.03784632203925804,0.0,0.0,0.0,0.005024047895915122,0.0,0.000290502563051238,0.0
4.685000000000032,0.0,0.0,0.006261035644451134,0.0,0.03784703206231873,0.0,0.0,0.0,0.005267799604338697,0.0,0.0002775180119046962,0.0
4.687500000000033,0.0,0.0,0.006274452597326411,0.0,0.03784771573127988,0.0,0.0,0.0,0.005465593474524916,0.0,0.0002694169925538231,0.0
4.690000000000033,0.0,0.0,0.006288304546116896,0.0,0.03784838528727903,0.0,0.0,0.0,0.005615816955278693,0.0,0.0002662252824576011,0.0
4.692500000000034,0.0,0.0,0.006302470544968463,0.0,0.03784905301991072,0.0,0.0,0.0,0.005716855453308541,0.0,0.0002679558781023692,0.0
4.695000000000034,0.0,0.0,0.00631682584073703,0.0,0.03784973121707456,0.0,0.0,0.0,0.00576727767540878,0.0,0.0002745944405914768,0.0
4.697500000000034,0.0,0.0,0.006331242213489467,0.0,0.03785043212141279,0.0,0.0,0.0,0.005765741382812102,0.0,0.0002861191073802331,0.0
4.700000000000035,0.0,0.0,0.006345587698196618,0.0,0.03785116787442149,0.0,0.0,0.0,0.005710592958286045,0.0,0.0003024708449742565,0.0
4.702500000000035,0.0,0.0,0.006359726453932897,0.0,0.03785195044838178,0.0,0.0,0.0,0.005600385224278945,0.0,0.0003235733229762591,0.0
4.705000000000036,0.0,0.0,0.006373520584529426,0.0,0.03785279165081369,0.0,0.0,0.0,0.005434920737659932,0.0,0.0003493710617336043,0.0
4.707500000000036,0.0,0.0,0.006386831522622331,0.0,0.03785370313263028,0.0,0.0,0.0,0.005213859818681083,0.0,0.0003797942542612326,0.0
4.710000000000036,0.0,0.0,0.006399519960876427,0.0,0.03785469633512927,0.0,0.0,0.0,0.004936950201586001,0.0,0.0004147450346446484,0.0
4.712500000000037,0.0,0.0,0.006411446198380185,0.0,0.03785578245142968,0.0,0.0,0.0,0.004604129183232339,0.0,0.000454122725745796,0.0
4.715000000000037,0.0,0.0,0.006422470286710964,0.0,0.03785697238132397,0.0,0.0,0.0,0.004215261542290339,0.0,0.0004977933641892547,0.0
4.717500000000038,0.0,0.0,0.006432452334173017,0.0,0.03785827669702941,0.0,0.0,0.0,0.003770527705220084,0.0,0.0005456288513280947,0.0
4.720000000000038,0.0,0.0,0.006441252982975085,0.0,0.03785970561242362,0.0,0.0,0.0,0.003270174335084329,0.0,0.0005974706290092288,0.0
4.722500000000038,0.0,0.0,0.006448733788337629,0.0,0.03786126893965482,0.0,0.0,0.0,0.002714685062243252,0.0,0.0006531558752197389,0.0
4.725000000000039,0.0,0.0,0.006454757721243774,0.0,0.0378629760556095,0.0,0.0,0.0,0.002104708789884216,0.0,0.0007124992172835586,0.0
4.727500000000039,0.0,0.0,0.006459189355330019,0.0,0.03786483585456035,0.0,0.0,0.0,0.001440878744633977,0.0,0.0007752999433666691,0.0
4.73000000000004,0.0,0.0,0.006461895221913897,0.0,0.03786685670412175,0.0,0.0,0.0,0.000724127710191386,0.0,0.000841337454594814,0.0
4.73250000000004,0.0,0.0,0.006462744474047446,0.0,0.03786904642152755,0.0,0.0,0.0,-4.437984750966023e-05,0.0,0.0009103920430715712,0.0
4.73500000000004,0.0,0.0,0.006461609330575347,0.0,0.03787141224078441,0.0,0.0,0.0,-0.0008633558139615746,0.0,0.0009822168522424844,0.0
4.737500000000041,0.0,0.0,0.006458364963991679,0.0,0.03787396074639112,0.0,0.0,0.0,-0.00173172530214166,0.0,0.001056539149284604,0.0
4.740000000000041,0.0,0.0,0.00645288956527338,0.0,0.03787669783960412,0.0,0.0,0.0,-0.00264814850474818,0.0,0.001133085073645597,0.0
4.742500000000041,0.0,0.0,0.006445065334508355,0.0,0.03787962875182756,0.0,0.0,0.0,-0.003610758234727708,0.0,0.001211592601483379,0.0
4.745000000000042,0.0,0.0,0.006434779390297627,0.0,0.03788275803486892,0.0,0.0,0.0,-0.004617486989689299,0.0,0.001291780089576342,0.0
4.747500000000042,0.0,0.0,0.006421924168760918,0.0,0.03788608952865275,0.0,0.0,0.0,-0.005666148332835171,0.0,0.00137335968139947,0.0
4.750000000000043,0.0,0.0,0.006406397779107132,0.0,0.03788962633529373,0.0,0.0,0.0,-0.006754390326455055,0.0,0.001456028996646837,0.0
4.752500000000043,0.0,0.0,0.006388104400830937,0.0,0.03789337079441326,0.0,0.0,0.0,-0.007879708779771606,0.0,0.001539480423825997,0.0
4.755000000000043,0.0,0.0,0.006366954534362683,0.0,0.03789732447947672,0.0,0.0,0.0,-0.009039551167168937,0.0,0.001623408653324595,0.0
4.757500000000044,0.0,0.0,0.006342865370669617,0.0,0.03790148820165355,0.0,0.0,0.0,-0.01023111775747959,0.0,0.001707509154880876,0.0
4.760000000000044,0.0,0.0,0.006315761272680511,0.0,0.03790586200928112,0.0,0.0,0.0,-0.01145147079510639,0.0,0.001791476200094696,0.0
4.762500000000045,0.0,0.0,0.006285574128361452,0.0,0.03791044518525311,0.0,0.0,0.0,-0.01269752810156641,0.0,0.001875003163986871,0.0
4.765000000000045,0.0,0.0,0.006252243489899653,0.0,0.03791523624315671,0.0,0.0,0.0,-0.01396624048935699,0.0,0.001957781230137436,0.0
4.767500000000045,0.0,0.0,0.006215716576846185,0.0,0.03792023292828157,0.0,0.0,0.0,-0.01525452329468367,0.0,0.00203950457959677,0.0
4.770000000000046,0.0,0.0,0.006175948591342176,0.0,0.03792543222486303,0.0,0.0,0.0,-0.01655907525125982,0.0,0.002119870186984108,0.0
4.772500000000046,0.0,0.0,0.00613290295843524,0.0,0.03793083035883773,0.0,0.0,0.0,-0.01787661931393099,0.0,0.002198574440624477,0.0
4.775000000000047,0.0,0.0,0.006086551389103521,0.0,0.03793642280246358,0.0,0.0,0.0,-0.01920380384090659,0.0,0.002275318020331344,0.0
4.777500000000047,0.0,0.0,0.006036873994624606,0.0,0.03794220428253945,0.0,0.0,0.0,-0.02053726026718778,0.0,0.002349803894710344,0.0
4.780000000000047,0.0,0.0,0.005983859197122404,0.0,0.03794816877677894,0.0,0.0,0.0,-0.02187370850991939,0.0,0.002421729805811312,0.0
4.782500000000048,0.0,0.0,0.005927503739906383,0.0,0.03795430952828178,0.0,0.0,0.0,-0.02320977180165409,0.0,0.00249081031586834,0.0
4.785000000000048,0.0,0.0,0.00586781286746062,0.0,0.03796061908224774,0.0,0.0,0.0,-0.02454202600321635,0.0,0.002556772545900546,0.0
4.787500000000048,0.0,0.0,0.005804800303057678,0.0,0.0379670893135047,0.0,0.0,0.0,-0.0258671123103308,0.0,0.00261935305802097,0.0
4.790000000000049,0.0,0.0,0.00573848820746771,0.0,0.03797371145430296,0.0,0.0,0.0,-0.02718163945875842,0.0,0.002678301241674805,0.0
4.792500000000049,0.0,0.0,0.005668907189872777,0.0,0.03798047613893658,0.0,0.0,0.0,-0.02848224011390224,0.0,0.002733389324892509,0.0
4.79500000000005,0.0,0.0,0.005596096199473353,0.0,0.03798737343848042,0.0,0.0,0.0,-0.029765609521924,0.0,0.002784394497062572,0.0
4.79750000000005,0.0,0.0,0.005520102512810189,0.0,0.03799439288912447,0.0,0.0,0.0,-0.03102839069911744,0.0,0.002831111664509426,0.0
4.80000000000005,0.0,0.0,0.005440981958064388,0.0,0.03800152352151107,0.0,0.0,0.0,-0.0322670989079664,0.0,0.00287334147352274,0.0
4.802500000000051,0.0,0.0,0.005358799693781305,0.0,0.03800875385692715,0.0,0.0,0.0,-0.0334777556576089,0.0,0.002910875738033365,0.0
4.805000000000051,0.0,0.0,0.005273629867461548,0.0,0.03801607182072504,0.0,0.0,0.0,-0.03465714741815408,0.0,0.002943445977013489,0.0
4.807500000000052,0.0,0.0,0.005185554995819065,0.0,0.03802346468093403,0.0,0.0,0.0,-0.03580179265779362,0.0,0.00297079480912577,0.0
4.810000000000052,0.0,0.0,0.00509466619991588,0.0,0.03803091906967676,0.0,0.0,0.0,-0.03690828961975855,0.0,0.002992670925511104,0.0
4.812500000000052,0.0,0.0,0.005001062771265318,0.0,0.03803842100494764,0.0,0.0,0.0,-0.0379735038106083,0.0,0.003008834324461665,0.0
4.815000000000053,0.0,0.0,0.004904851344056401,0.0,0.03804595594273615,0.0,0.0,0.0,-0.03899469523176537,0.0,0.003019075413851851,0.0
4.817500000000053,0.0,0.0,0.004806144839021506,0.0,0.03805350884778731,0.0,0.0,0.0,-0.03996957443290741,0.0,0.003023210782481128,0.0
4.820000000000054,0.0,0.0,0.004705061876208427,0.0,0.03806106430773862,0.0,0.0,0.0,-0.04089587150353215,0.0,0.003021122137309488,0.0
4.822500000000054,0.0,0.0,0.004601726396352518,0.0,0.03806860669592547,0.0,0.0,0.0,-0.04177160039160551,0.0,0.003012756384556203,0.0
4.825000000000054,0.0,0.0,0.004496266572809371,0.0,0.03807612031578697,0.0,0.0,0.0,-0.04259536033494237,0.0,0.002998110616293283,0.0
4.827500000000055,0.0,0.0,0.004388813863005521,0.0,0.03808358953136913,0.0,0.0,0.0,-0.04336592469002778,0.0,0.00297723618937804,0.0
4.830000000000055,0.0,0.0,0.004279502135034328,0.0,0.03809099886680103,0.0,0.0,0.0,-0.04408259135644788,0.0,0.002950209806551358,0.0
4.832500000000056,0.0,0.0,0.004168466968688242,0.0,0.03809833309967353,0.0,0.0,0.0,-0.04474469305987776,0.0,0.00291715750366226,0.0
4.835000000000056,0.0,0.0,0.004055845199235704,0.0,0.03810557734765787,0.0,0.0,0.0,-0.0453518923781299,0.0,0.002878225282976429,0.0
4.837500000000056,0.0,0.0,0.003941774354572361,0.0,0.03811271711638049,0.0,0.0,0.0,-0.04590397261363428,0.0,0.002833577493931569,0.0
4.840000000000057,0.0,0.0,0.0038263923047862,0.0,0.03811973834533905,0.0,0.0,0.0,-0.04640087666343826,0.0,0.002783396873116701,0.0
4.842500000000057,0.0,0.0,0.00370983699620489,0.0,0.038126627465383,0.0,0.0,0.0,-0.04684260062746296,0.0,0.002727893750688795,0.0
4.845000000000057,0.0,0.0,0.003592246015854493,0.0,0.03813337145272293,0.0,0.0,0.0,-0.04722943589431101,0.0,0.002667294100825058,0.0
4.847500000000058,0.0,0.0,0.003473755935648955,0.0,0.03813995789050633,0.0,0.0,0.0,-0.04756190386652014,0.0,0.002601857549281044,0.0
4.850000000000058,0.0,0.0,0.003354502039550782,0.0,0.03814637501826068,0.0,0.0,0.0,-0.04784051046581929,0.0,0.002531849275735561,0.0
4.852500000000059,0.0,0.0,0.003234618374027971,0.0,0.03815261171554939,0.0,0.0,0.0,-0.04806574160450553,0.0,0.002457516312585075,0.0
4.855000000000059,0.0,0.0,0.003114237761980406,0.0,0.03815865750942661,0.0,0.0,0.0,-0.04823809024888174,0.0,0.002379129613126054,0.0
4.857500000000059,0.0,0.0,0.002993491592994733,0.0,0.03816450260403526,0.0,0.0,0.0,-0.04835821002346054,0.0,0.00229695988675697,0.0
4.86000000000006,0.0,0.0,0.002872509522075035,0.0,0.03817013788782291,0.0,0.0,0.0,-0.04842683491867222,0.0,0.002211283858129927,0.0
4.86250000000006,0.0,0.0,0.002751419356912399,0.0,0.03817555492974895,0.0,0.0,0.0,-0.04844470849040361,0.0,0.002122369162371106,0.0
4.865000000000061,0.0,0.0,0.002630347162068801,0.0,0.03818074591782094,0.0,0.0,0.0,-0.0484124815217913,0.0,0.002030443395088669,0.0
4.867500000000061,0.0,0.0,0.002509417454241716,0.0,0.0381857035796079,0.0,0.0,0.0,-0.04833074170072606,0.0,0.001935710663397301,0.0
4.870000000000061,0.0,0.0,0.002388753318761081,0.0,0.03819042115745006,0.0,0.0,0.0,-0.04820004653061031,0.0,0.001838378682263187,0.0
4.872500000000062,0.0,0.0,0.002268819956073801,0.0,0.03819498022427394,0.0,0.0,0.0,-0.04756627998478934,0.0,0.001854892656492489,0.0
4.875000000000062,0.0,0.0,0.002150612986110027,0.0,0.0381995984216333,0.0,0.0,0.0,-0.04677950927689345,0.0,0.001895770839072348,0.0
4.877500000000063,0.0,0.0,0.002034005518355535,0.0,0.03820420649079417,0.0,0.0,0.0,-0.04650602734276661,0.0,0.001790715288385166,0.0
4.880000000000063,0.0,0.0,0.001918386632381648,0.0,0.03820861352476215,0.0,0.0,0.0,-0.04591556196043865,0.0,0.001754142228132749,0.0
4.882500000000063,0.0,0.0,0.001804911107925656,0.0,0.03821308638416863,0.0,0.0,0.0,-0.04478377694520833,0.0,0.001845368966378949,0.0
4.885000000000064,0.0,0.0,0.001694918635799568,0.0,0.03821794157212909,0.0,0.0,0.0,-0.04313232498761618,0.0,0.002059171772291909,0.0
4.887500000000064,0.0,0.0,0.001587703727013627,0.0,0.03822295972784202,0.0,0.0,0.0,-0.04265866474986608,0.0,0.001950299940946663,0.0
4.890000000000065,0.0,0.0,0.001481679598166236,0.0,0.03822769139907824,0.0,0.0,0.0,-0.04216036004494714,0.0,0.001835071902934519,0.0
4.892500000000065,0.0,0.0,0.001376954658285975,0.0,0.03823213368684199,0.0,0.0,0.0,-0.04161933859806122,0.0,0.001718795146268235,0.0
4.895000000000065,0.0,0.0,0.001273886947286419,0.0,0.03823635244374071,0.0,0.0,0.0,-0.04075422039218151,0.0,0.001677912302245062,0.0
4.897500000000066,0.0,0.0,0.001173744918409282,0.0,0.03824066045388008,0.0,0.0,0.0,-0.03926736502446291,0.0,0.001793284889921888,0.0
4.900000000000066,0.0,0.0,0.001076430030754053,0.0,0.0382450037382294,0.0,0.0,0.0,-0.03859761096496218,0.0,0.001677816389302673,0.0
4.902500000000066,0.0,0.0,0.0009808016158046927,0.0,0.03824904921430321,0.0,0.0,0.0,-0.03790498394361005,0.0,0.001558604763274928,0.0
4.905000000000067,0.0,0.0,0.0008869475442446176,0.0,0.03825279671121737,0.0,0.0,0.0,-0.03717815982742986,0.0,0.001439434583248987,0.0
4.907500000000067,0.0,0.0,0.0007949508662991577,0.0,0.03825624660018036,0.0,0.0,0.0,-0.03641304894874312,0.0,0.001322190303218284,0.0
4.910000000000068,0.0,0.0,0.0007053304181372074,0.0,0.03825952162475196,0.0,0.0,0.0,-0.03518768736667525,0.0,0.001324286155396957,0.0
4.912500000000068,0.0,0.0,0.000619469743837476,0.0,0.03826298553321979,0.0,0.0,0.0,-0.03341563434983225,0.0,0.001470427719602962,0.0
4.915000000000068,0.0,0.0,0.0005371864585501808,0.0,0.03826657123828391,0.0,0.0,0.0,-0.03249398178488772,0.0,0.00137523805407803,0.0
4.917500000000069,0.0,0.0,0.0004570291101405249,0.0,0.03826986293293144,0.0,0.0,0.0,-0.03163191588237568,0.0,0.00125816072973773,0.0
4.920000000000069,0.0,0.0,0.0003790532897242255,0.0,0.03827286349402217,0.0,0.0,0.0,-0.03074877885753874,0.0,0.001142332090455866,0.0
4.92250000000007,0.0,0.0,0.0003033086975221978,0.0,0.03827557628107341,0.0,0.0,0.0,-0.02984079336943834,0.0,0.001029687053422283,0.0
4.92500000000007,0.0,0.0,0.0002303229904341324,0.0,0.03827814224740588,0.0,0.0,0.0,-0.0284373983600723,0.0,0.001054423679048632,0.0
4.92750000000007,0.0,0.0,0.0001616150863432237,0.0,0.03828098536574993,0.0,0.0,0.0,-0.02644061060056609,0.0,0.001245162760461668,0.0
4.930000000000071,0.0,0.0,9.67283970163497e-05,0.0,0.03828397206934802,0.0,0.0,0.0,-0.02548549384771117,0.0,0.00113953208758265,0.0
4.932500000000071,0.0,0.0,3.419877918203231e-05,0.0,0.03828668556857851,0.0,0.0,0.0,-0.02453834754174362,0.0,0.001031308745816862,0.0
4.935000000000072,0.0,0.0,-2.595528671218716e-05,0.0,0.03828913135391457,0.0,0.0,0.0,-0.02358506572993044,0.0,0.0009253612032029376,0.0
4.937500000000072,0.0,0.0,-8.372174020824566e-05,0.0,0.03829131531921125,0.0,0.0,0.0,-0.02260593259249125,0.0,0.0008283361366465078,0.0
4.940000000000072,0.0,0.0,-0.0001384606245696683,0.0,0.03829342786952103,0.0,0.0,0.0,-0.02112893109747063,0.0,0.0008781218998724813,0.0
4.942500000000073,0.0,0.0,-0.0001900679361620011,0.0,0.03829550605984431,0.0,0.0,0.0,-0.02016572934140968,0.0,0.000781971712390148,0.0
4.945000000000073,0.0,0.0,-0.0002392939388435574,0.0,0.0382973412292287,0.0,0.0,0.0,-0.01921528487837934,0.0,0.000686203323187343,0.0
4.947500000000074,0.0,0.0,-0.0002861521205787642,0.0,0.03829894074888524,0.0,0.0,0.0,-0.01827147967493574,0.0,0.0005934516849288683,0.0
4.950000000000074,0.0,0.0,-0.0003306621819825357,0.0,0.03830031233642373,0.0,0.0,0.0,-0.01733679481076361,0.0,0.0005038571962097157,0.0
4.952500000000074,0.0,0.0,-0.000372849995402854,0.0,0.03830146404737207,0.0,0.0,0.0,-0.01639142096394377,0.0,0.0004241660341817443,0.0
4.955000000000075,0.0,0.0,-0.0004120313124291897,0.0,0.03830261704808398,0.0,0.0,0.0,-0.01483214805031425,0.0,0.0005344391205547904,0.0
4.957500000000075,0.0,0.0,-0.0004473999690742032,0.0,0.0383040308002001,0.0,0.0,0.0,-0.01358887063390048,0.0,0.000559201103103266,0.0
4.960000000000075,0.0,0.0,-0.0004802357600077139,0.0,0.03830534701868996,0.0,0.0,0.0,-0.0126989699652511,0.0,0.0004881742531487414,0.0
4.962500000000076,0.0,0.0,-0.000510920711066957,0.0,0.03830647627279121,0.0,0.0,0.0,-0.01184924579169981,0.0,0.0004152604780395104,0.0
4.965000000000076,0.0,0.0,-0.0005395107244982673,0.0,0.03830742806459447,0.0,0.0,0.0,-0.01102301822345022,0.0,0.0003462033588885716,0.0
4.967500000000077,0.0,0.0,-0.0005660675500578596,0.0,0.03830821217506803,0.0,0.0,0.0,-0.0101995568235157,0.0,0.0002881488113376683,0.0
4.970000000000077,0.0,0.0,-0.0005899333555560605,0.0,0.0383090591957766,0.0,0.0,0.0,-0.008884386374250442,0.0,0.0003922141768053559,0.0
4.972500000000077,0.0,0.0,-0.0006111955332787334,0.0,0.0383099750606992,0.0,0.0,0.0,-0.008134911215620568,0.0,0.0003376729131388375,0.0
4.975000000000078,0.0,0.0,-0.0006306480567381247,0.0,0.03831075282523607,0.0,0.0,0.0,-0.00742735044611311,0.0,0.0002845618116423513,0.0
4.977500000000078,0.0,0.0,-0.0006483749832117305,0.0,0.03831140327042069,0.0,0.0,0.0,-0.006754425164605936,0.0,0.0002358158573186835,0.0
4.980000000000079,0.0,0.0,-0.0006644648834114172,0.0,0.03831193753936436,0.0,0.0,0.0,-0.006117719864724508,0.0,0.0001916190973260856,0.0
4.982500000000079,0.0,0.0,-0.0006790106806252357,0.0,0.0383123671822494,0.0,0.0,0.0,-0.005519131857912109,0.0,0.0001521131697868846,0.0
4.985000000000079,0.0,0.0,-0.000692110122414756,0.0,0.03831270406187366,0.0,0.0,0.0,-0.004960623229485614,0.0,0.0001174065385129439,0.0
4.98750000000008,0.0,0.0,-0.0007038658345601504,0.0,0.03831296027344181,0.0,0.0,0.0,-0.004444134452996205,0.0,8.757667880020913e-05,0.0
4.99000000000008,0.0,0.0,-0.0007143852781478809,0.0,0.03831314808760781,0.0,0.0,0.0,-0.003971593294989648,0.0,6.268648154804222e-05,0.0
4.992500000000081,0.0,0.0,-0.0007237805791286946,0.0,0.03831327991794486,0.0,0.0,0.0,-0.003544803910996796,0.0,4.278739625211577e-05,0.0
4.995000000000081,0.0,0.0,-0.0007321681585879098,0.0,0.0383133682730344,0.0,0.0,0.0,-0.003165398315573888,0.0,2.790399371063383e-05,0.0
4.997500000000081,0.0,0.0,-0.0007396685869197217,0.0,0.03831342570643236,0.0,0.0,0.0,-0.002835063932229518,0.0,1.804768927353697e-05,0.0
5.000000000000082,0.0,0.0,-0.0007464064159452466,0.0,0.03831346476886249,0.0,0.0,0.0,-0.002555298502879471,0.0,1.320481576889939e-05,0.0
5.002500000000082,0.0,0.0,-0.0007525095872954378,0.0,0.03831349797016303,0.0,0.0,0.0,-0.002327316283127423,0.0,1.335633511973329e-05,0.0
5.005000000000082,0.0,0.0,-0.0007581096066405641,0.0,0.03831353772769535,0.0,0.0,0.0,-0.002152753992187611,0.0,1.844732333488949e-05,0.0
5.007500000000083,0.0,0.0,-0.0007633417300457679,0.0,0.03831359630177144,0.0,0.0,0.0,-0.002032975401016638,0.0,2.840707325142722e-05,0.0
5.010000000000083,0.0,0.0,-0.0007683442531945502,0.0,0.03831368575925204,0.0,0.0,0.0,-0.001969048558826009,0.0,4.315153827876816e-05,0.0
5.012500000000084,0.0,0.0,-0.0007732568364447271,0.0,0.03831381798343566,0.0,0.0,0.0,-0.001960997599042204,0.0,6.261790795218939e-05,0.0
5.015000000000084,0.0,0.0,-0.0007782194606435819,0.0,0.0383140046648968,0.0,0.0,0.0,-0.00200905469216474,0.0,8.671482849124335e-05,0.0
5.017500000000084,0.0,0.0,-0.0007833724383686728,0.0,0.03831425724555393,0.0,0.0,0.0,-0.002113253144144008,0.0,0.0001153347381713456,0.0
5.020000000000085,0.0,0.0,-0.0007888564125194717,0.0,0.03831458687262198,0.0,0.0,0.0,-0.002273823815740884,0.0,0.0001483494474427494,0.0
5.022500000000085,0.0,0.0,-0.0007948120977080806,0.0,0.03831500436122778,0.0,0.0,0.0,-0.002490593401645914,0.0,0.0001856214818200563,0.0
5.025000000000086,0.0,0.0,-0.0008013796938333757,0.0,0.03831552016312303,0.0,0.0,0.0,-0.002763323467305011,0.0,0.0002269976252811169,0.0
5.027500000000086,0.0,0.0,-0.0008086985119730661,0.0,0.03831614433432759,0.0,0.0,0.0,-0.00309154150319472,0.0,0.0002723145149742051,0.0
5.030000000000086,0.0,0.0,-0.0008169063440160851,0.0,0.03831688649404295,0.0,0.0,0.0,-0.003474504802475104,0.0,0.000321386072178949,0.0
5.032500000000087,0.0,0.0,-0.000826139496606788,0.0,0.03831775576435966,0.0,0.0,0.0,-0.003911767735117064,0.0,0.0003740007013357104,0.0
5.035000000000087,0.0,0.0,-0.0008365325162113504,0.0,0.03831876073708971,0.0,0.0,0.0,-0.004402368044419235,0.0,0.0004299457775531547,0.0
5.037500000000088,0.0,0.0,-0.0008482172854086706,0.0,0.03831990945591966,0.0,0.0,0.0,-0.004945136975738807,0.0,0.000488995434283281,0.0
5.040000000000088,0.0,0.0,-0.0008613226780775017,0.0,0.03832120937036614,0.0,0.0,0.0,-0.005538836368852815,0.0,0.0005509002157034125,0.0
5.042500000000088,0.0,0.0,-0.0008759743085634282,0.0,0.03832266730431481,0.0,0.0,0.0,-0.00618209679107875,0.0,0.0006154090784552808,0.0
5.045000000000089,0.0,0.0,-0.0008922948070623005,0.0,0.03832428939455509,0.0,0.0,0.0,-0.006873900245787397,0.0,0.0006822234114278885,0.0
5.047500000000089,0.0,0.0,-0.0009104033224070328,0.0,0.03832608107313085,0.0,0.0,0.0,-0.007612480030759701,0.0,0.000751078014373868,0.0
5.05000000000009,0.0,0.0,-0.0009304142336313092,0.0,0.03832804708669615,0.0,0.0,0.0,-0.008395787123334776,0.0,0.0008216897899953079,0.0
5.05250000000009,0.0,0.0,-0.0009524366523907876,0.0,0.03833019146464314,0.0,0.0,0.0,-0.00922165673117854,0.0,0.0008937680311711052,0.0
5.05500000000009,0.0,0.0,-0.0009765741356287667,0.0,0.03833251749355022,0.0,0.0,0.0,-0.01008780995406459,0.0,0.0009670092028692884,0.0
5.057500000000091,0.0,0.0,-0.001002924273346198,0.0,0.03833502769529192,0.0,0.0,0.0,-0.01099175225376933,0.0,0.001041105083112108,0.0
5.060000000000091,0.0,0.0,-0.00103157837649313,0.0,0.03833772382339726,0.0,0.0,0.0,-0.0119309549720399,0.0,0.001115749216671706,0.0
5.062500000000091,0.0,0.0,-0.001062621193349396,0.0,0.03834060685336046,0.0,0.0,0.0,-0.01290269675747267,0.0,0.001190625638604007,0.0
5.065000000000092,0.0,0.0,-0.001096130380497563,0.0,0.03834367698244255,0.0,0.0,0.0,-0.01390402573333525,0.0,0.001265427725379839,0.0
5.067500000000092,0.0,0.0,-0.001132176103638366,0.0,0.0383469336367087,0.0,0.0,0.0,-0.01493190114643005,0.0,0.001339845149820305,0.0
5.070000000000093,0.0,0.0,-0.001170820896007286,0.0,0.03835037546687292,0.0,0.0,0.0,-0.01598325781773192,0.0,0.001413567959869244,0.0
5.072500000000093,0.0,0.0,-0.001212119615117976,0.0,0.03835400035155187,0.0,0.0,0.0,-0.01705501970365663,0.0,0.001486288454439712,0.0
5.075000000000093,0.0,0.0,-0.001256119161473412,0.0,0.03835780539684244,0.0,0.0,0.0,-0.01814389935960443,0.0,0.001557696252484741,0.0
5.077500000000094,0.0,0.0,-0.001302858232800797,0.0,0.03836178694042712,0.0,0.0,0.0,-0.01924662007264528,0.0,0.001627487072350079,0.0
5.080000000000094,0.0,0.0,-0.001352367239634531,0.0,0.0383659405695626,0.0,0.0,0.0,-0.02035982950343954,0.0,0.001695364835355096,0.0
5.082500000000095,0.0,0.0,-0.001404668127307795,0.0,0.03837026112199542,0.0,0.0,0.0,-0.0214801079279101,0.0,0.001761026031054904,0.0
5.085000000000095,0.0,0.0,-0.001459774490443595,0.0,0.03837474268505242,0.0,0.0,0.0,-0.02260419442385401,0.0,0.001824173817332844,0.0
5.087500000000095,0.0,0.0,-0.00151769161798335,0.0,0.03837937861302263,0.0,0.0,0.0,-0.0237287054956583,0.0,0.001884518605239619,0.0
5.090000000000096,0.0,0.0,-0.001578416279718316,0.0,0.03838416155638147,0.0,0.0,0.0,-0.02485020938562577,0.0,0.00194178692761614,0.0
5.092500000000096,0.0,0.0,-0.001641936745902395,0.0,0.03838908348732564,0.0,0.0,0.0,-0.02596533822771871,0.0,0.001995709630471371,0.0
5.095000000000097,0.0,0.0,-0.001708232809755645,0.0,0.03839413573072239,0.0,0.0,0.0,-0.02707067832598493,0.0,0.002046037998169158,0.0
5.097500000000097,0.0,0.0,-0.001777275792025827,0.0,0.03839930901082565,0.0,0.0,0.0,-0.02816286539750165,0.0,0.002092540245556226,0.0
5.100000000000097,0.0,0.0,-0.001849028661206553,0.0,0.03840459348014493,0.0,0.0,0.0,-0.02923858195045402,0.0,0.002134990761375029,0.0
5.102500000000098,0.0,0.0,-0.001923446030652817,0.0,0.03840997874645311,0.0,0.0,0.0,-0.03029446144796403,0.0,0.002173179367691711,0.0
5.105000000000098,0.0,0.0,-0.00200047373816956,0.0,0.03841545390441622,0.0,0.0,0.0,-0.0313268494929994,0.0,0.002206905735402143,0.0
5.107500000000099,0.0,0.0,-0.002080048183836438,0.0,0.03842100751323719,0.0,0.0,0.0,-0.0323318514775401,0.0,0.002235941772583357,0.0
5.110000000000099,0.0,0.0,-0.002162096779413791,0.0,0.0384266275075739,0.0,0.0,0.0,-0.03330617080909735,0.0,0.002260016074557075,0.0
5.112500000000099,0.0,0.0,-0.002246538433308216,0.0,0.03843230115611881,0.0,0.0,0.0,-0.03424630122457412,0.0,0.002278867205639407,0.0
5.1150000000001,0.0,0.0,-0.002333283382014556,0.0,0.03843801509274734,0.0,0.0,0.0,-0.03514881178008126,0.0,0.002292248798419561,0.0
5.1175000000001,0.0,0.0,-0.002422233692041498,0.0,0.0384437553559461,0.0,0.0,0.0,-0.0360105974901704,0.0,0.002299930902323706,0.0
5.1200000000001,0.0,0.0,-0.002513284117494161,0.0,0.03844950743726452,0.0,0.0,0.0,-0.03682891261220636,0.0,0.002301705926704933,0.0
5.122500000000101,0.0,0.0,-0.002606323121036092,0.0,0.03845525633901303,0.0,0.0,0.0,-0.03760147087893469,0.0,0.002297389998445412,0.0
5.125000000000101,0.0,0.0,-0.002701233618662953,0.0,0.03846098670957859,0.0,0.0,0.0,-0.03832612080862115,0.0,0.002286883999541329,0.0
5.127500000000102,0.0,0.0,-0.002797893617435005,0.0,0.03846668304133919,0.0,0.0,0.0,-0.03900108629426916,0.0,0.002270162094207803,0.0
5.130000000000102,0.0,0.0,-0.002896177027721572,0.0,0.0384723298123183,0.0,0.0,0.0,-0.03962486601951678,0.0,0.002247238618281968,0.0
5.132500000000102,0.0,0.0,-0.002995954787669194,0.0,0.03847791156439211,0.0,0.0,0.0,-0.04019658323464751,0.0,0.002218150307604826,0.0
5.135000000000103,0.0,0.0,-0.003097095765867805,0.0,0.03848341300594162,0.0,0.0,0.0,-0.04071545904596983,0.0,0.002182993603260604,0.0
5.137500000000103,0.0,0.0,-0.003199467086198488,0.0,0.03848881913542192,0.0,0.0,0.0,-0.0411808764327582,0.0,0.002141904091792488,0.0
5.140000000000104,0.0,0.0,-0.003302934723890262,0.0,0.03849411530575511,0.0,0.0,0.0,-0.04159253325561419,0.0,0.002095029746656346,0.0
5.142500000000104,0.0,0.0,-0.003407364043735777,0.0,0.03849928726575679,0.0,0.0,0.0,-0.04195024328346806,0.0,0.002042539291284329,0.0
5.145000000000104,0.0,0.0,-0.003512620172650436,0.0,0.03850432120804152,0.0,0.0,0.0,-0.04225400243818897,0.0,0.001984619039173562,0.0
5.147500000000105,0.0,0.0,-0.003618568323697782,0.0,0.03850920383198826,0.0,0.0,0.0,-0.04250388192497591,0.0,0.001921487921903865,0.0
5.150000000000105,0.0,0.0,-0.003725074436135841,0.0,0.03851392242398841,0.0,0.0,0.0,-0.04270039739751601,0.0,0.001853397131918099,0.0
5.152500000000106,0.0,0.0,-0.003832005523880539,0.0,0.03851846488296763,0.0,0.0,0.0,-0.04284388517231652,0.0,0.001780584802209439,0.0
5.155000000000106,0.0,0.0,-0.003939229405703825,0.0,0.03852281971243546,0.0,0.0,0.0,-0.04293465613448543,0.0,0.001703296749970394,0.0
5.157500000000106,0.0,0.0,-0.00404661479234059,0.0,0.0385269760311308,0.0,0.0,0.0,-0.04297311284850793,0.0,0.001621779386168549,0.0
5.160000000000107,0.0,0.0,-0.004154031566625272,0.0,0.03853092359894006,0.0,0.0,0.0,-0.04295979046193783,0.0,0.001536299135772089,0.0
5.162500000000107,0.0,0.0,-0.004261351068915756,0.0,0.03853465285401681,0.0,0.0,0.0,-0.04289531958321068,0.0,0.001447132200015171,0.0
5.165000000000108,0.0,0.0,-0.004368446415915977,0.0,0.03853815492697229,0.0,0.0,0.0,-0.04278049070377416,0.0,0.001354556382769863,0.0
5.167500000000108,0.0,0.0,-0.004475192442878147,0.0,0.03854142160219298,0.0,0.0,0.0,-0.04261588795176987,0.0,0.001258816783158192,0.0
5.170000000000108,0.0,0.0,-0.004581465346215005,0.0,0.03854444523111898,0.0,0.0,0.0,-0.04240201628126911,0.0,0.001160122014297257,0.0
5.172500000000109,0.0,0.0,-0.004687142646535509,0.0,0.03854721867808712,0.0,0.0,0.0,-0.04213943008616129,0.0,0.001058673804869816,0.0
5.175000000000109,0.0,0.0,-0.004792103104139547,0.0,0.03854973529984018,0.0,0.0,0.0,-0.04182856702490818,0.0,0.0009546643965248564,0.0
5.177500000000109,0.0,0.0,-0.004896226205319015,0.0,0.03855198888255544,0.0,0.0,0.0,-0.04146956843810439,0.0,0.0008482447983514509,0.0
5.18000000000011,0.0,0.0,-0.004999391086792471,0.0,0.03855397346390842,0.0,0.0,0.0,-0.04106201724719701,0.0,0.0007394655858459688,0.0
5.18250000000011,0.0,0.0,-0.005100974680534215,0.0,0.0385558116685387,0.0,0.0,0.0,-0.03994994799627031,0.0,0.0007962470542242449,0.0
5.185000000000111,0.0,0.0,-0.005199749180319435,0.0,0.03855778279358445,0.0,0.0,0.0,-0.03911846616551678,0.0,0.0007685489484181973,0.0
5.187500000000111,0.0,0.0,-0.005296087809865456,0.0,0.03855976260681666,0.0,0.0,0.0,-0.03786344527078005,0.0,0.0008386598957388609,0.0
5.190000000000111,0.0,0.0,-0.005388610696722352,0.0,0.03856207869528813,0.0,0.0,0.0,-0.03607622945916292,0.0,0.001034858102666187,0.0
5.192500000000112,0.0,0.0,-0.00547796410187041,0.0,0.0385645278176415,0.0,0.0,0.0,-0.03542498589273133,0.0,0.0009195946358523902,0.0
5.195000000000112,0.0,0.0,-0.005565681738374466,0.0,0.03856667503985231,0.0,0.0,0.0,-0.03474900746482501,0.0,0.0007982336077097188,0.0
5.197500000000113,0.0,0.0,-0.005651656818301393,0.0,0.03856851763141848,0.0,0.0,0.0,-0.03403096757048096,0.0,0.0006758921596368685,0.0
5.200000000000113,0.0,0.0,-0.005735569619843926,0.0,0.03857011173592973,0.0,0.0,0.0,-0.03302744412209371,0.0,0.0006187878508362991,0.0
5.202500000000113,0.0,0.0,-0.005816235460015758,0.0,0.03857174821136577,0.0,0.0,0.0,-0.03141208805886728,0.0,0.0007155400969287638,0.0
5.205000000000114,0.0,0.0,-0.005893695082327904,0.0,0.03857338933801065,0.0,0.0,0.0,-0.0305679905307501,0.0,0.0005940811179369127,0.0
5.207500000000114,0.0,0.0,-0.005969031138208451,0.0,0.03857471836826019,0.0,0.0,0.0,-0.02970088748412706,0.0,0.0004691994563474681,0.0
5.210000000000115,0.0,0.0,-0.006042157514766466,0.0,0.03857573535001103,0.0,0.0,0.0,-0.0288002724310934,0.0,0.0003444438645398689,0.0
5.212500000000115,0.0,0.0,-0.006112992910146089,0.0,0.03857644087418291,0.0,0.0,0.0,-0.0278681281329649,0.0,0.0002200349487332647,0.0
5.215000000000115,0.0,0.0,-0.006181151708941586,0.0,0.03857692161642069,0.0,0.0,0.0,-0.02657015924951188,0.0,0.0001891817017767413,0.0
5.217500000000116,0.0,0.0,-0.006245325935449153,0.0,0.0385775211942776,0.0,0.0,0.0,-0.02467914685273991,0.0,0.0003154758169197073,0.0
5.220000000000116,0.0,0.0,-0.006305563661230738,0.0,0.03857821037695068,0.0,0.0,0.0,-0.02359016600132041,0.0,0.0002141030278761358,0.0
5.222500000000116,0.0,0.0,-0.006363247936531228,0.0,0.03857859300524555,0.0,0.0,0.0,-0.02255745133839485,0.0,9.2059321505131e-05,0.0
5.225000000000117,0.0,0.0,-0.006418324934262621,0.0,0.03857867221044343,0.0,0.0,0.0,-0.02150436509505335,0.0,-2.863457503075904e-05,0.0
5.227500000000117,0.0,0.0,-0.006470746710070801,0.0,0.03857845160594636,0.0,0.0,0.0,-0.02042825060238766,0.0,-0.0001463587538274102,0.0
5.230000000000118,0.0,0.0,-0.006520046570859124,0.0,0.03857805563419042,0.0,0.0,0.0,-0.01890988765871878,0.0,-0.000141455299199516,0.0
5.232500000000118,0.0,0.0,-0.006564783405528796,0.0,0.03857788700210713,0.0,0.0,0.0,-0.01678825641635925,0.0,3.256335465802205e-05,0.0
5.235000000000118,0.0,0.0,-0.006604932906617227,0.0,0.03857794916739327,0.0,0.0,0.0,-0.01550724392095827,0.0,-3.252191752142157e-05,0.0
5.237500000000119,0.0,0.0,-0.006642308905335325,0.0,0.03857772702151861,0.0,0.0,0.0,-0.01439389148409937,0.0,-0.0001451370002471074,0.0
5.240000000000119,0.0,0.0,-0.006676894794842039,0.0,0.03857722632057099,0.0,0.0,0.0,-0.01327517161574458,0.0,-0.0002553657751602749,0.0
5.24250000000012,0.0,0.0,-0.006708680396746132,0.0,0.03857645323248132,0.0,0.0,0.0,-0.01214563040809807,0.0,-0.0003607116279877878,0.0
5.24500000000012,0.0,0.0,-0.006737132580979862,0.0,0.03857556797206637,0.0,0.0,0.0,-0.01050434991319059,0.0,-0.000314890599669337,0.0
5.24750000000012,0.0,0.0,-0.006761929653783958,0.0,0.03857467161597815,0.0,0.0,0.0,-0.009360157437388827,0.0,-0.0004098153783374879,0.0
5.250000000000121,0.0,0.0,-0.006783938514282385,0.0,0.03857352249604361,0.0,0.0,0.0,-0.008247340177228456,0.0,-0.0005094248439516564,0.0
5.252500000000121,0.0,0.0,-0.006803174641750807,0.0,0.03857212826281773,0.0,0.0,0.0,-0.007141980032799138,0.0,-0.0006059063790487672,0.0
5.255000000000122,0.0,0.0,-0.006819659774554626,0.0,0.03857049691193015,0.0,0.0,0.0,-0.006046552214463861,0.0,-0.0006991194579489614,0.0
5.257500000000122,0.0,0.0,-0.006833421798099994,0.0,0.03856863678058796,0.0,0.0,0.0,-0.004955449037396601,0.0,-0.000786539218908246,0.0
5.260000000000122,0.0,0.0,-0.006843896417358297,0.0,0.03856673430649592,0.0,0.0,0.0,-0.003296677998386703,0.0,-0.0006973507305357881,0.0
5.262500000000123,0.0,0.0,-0.006850255310040368,0.0,0.03856505645677712,0.0,0.0,0.0,-0.001909335873994602,0.0,-0.0006800764930439849,0.0
5.265000000000123,0.0,0.0,-0.006853696410397068,0.0,0.03856327017068276,0.0,0.0,0.0,-0.0008623712993072144,0.0,-0.000754361580208587,0.0
5.267500000000124,0.0,0.0,-0.006854593600584873,0.0,0.0385612893535305,0.0,0.0,0.0,0.0001441573690265754,0.0,-0.00083024470381562,0.0
5.270000000000124,0.0,0.0,-0.006853004964561976,0.0,0.03855912379648486,0.0,0.0,0.0,0.001126289835211972,0.0,-0.0009021546263712488,0.0
5.272500000000124,0.0,0.0,-0.006848994450236715,0.0,0.03855678356623882,0.0,0.0,0.0,0.002102000627054725,0.0,-0.0009638001444719004,0.0
5.275000000000125,0.0,0.0,-0.006841961112815887,0.0,0.038554482920097,0.0,0.0,0.0,0.003590105979152367,0.0,-0.0008566390396834755,0.0
5.277500000000125,0.0,0.0,-0.006831728526194077,0.0,0.03855230901075588,0.0,0.0,0.0,0.004539375531183342,0.0,-0.0008995137642063326,0.0
5.280000000000125,0.0,0.0,-0.006819304973403548,0.0,0.0385499907259599,0.0,0.0,0.0,0.005399008591939865,0.0,-0.0009550756388023092,0.0
5.282500000000126,0.0,0.0,-0.006804776982593993,0.0,0.03854753912486165,0.0,0.0,0.0,0.006222933157048597,0.0,-0.00100616845658833,0.0
5.285000000000126,0.0,0.0,-0.006788236085942143,0.0,0.03854496555416476,0.0,0.0,0.0,0.007009341665055987,0.0,-0.00105265311900388,0.0
5.287500000000127,0.0,0.0,-0.006769778343503756,0.0,0.03854228175564305,0.0,0.0,0.0,0.007756419552218885,0.0,-0.001094352654389496,0.0
5.290000000000127,0.0,0.0,-0.006749504519850682,0.0,0.03853949983608299,0.0,0.0,0.0,0.008462217809170232,0.0,-0.001131151998282146,0.0
5.292500000000127,0.0,0.0,-0.006727520210564725,0.0,0.03853663215710495,0.0,0.0,0.0,0.009124820640961538,0.0,-0.001162962340308189,0.0
5.295000000000128,0.0,0.0,-0.006703935750094875,0.0,0.03853369126730381,0.0,0.0,0.0,0.009742352713517142,0.0,-0.001189722895145878,0.0
5.297500000000128,0.0,0.0,-0.006678866119031598,0.0,0.03853068986160732,0.0,0.0,0.0,0.01031297246439319,0.0,-0.001211377384125957,0.0
5.300000000000129,0.0,0.0,-0.006652430783735765,0.0,0.03852764073497499,0.0,0.0,0.0,0.0108349328388098,0.0,-0.001227902038179191,0.0
5.302500000000129,0.0,0.0,-0.00662475333737734,0.0,0.03852455672606388,0.0,0.0,0.0,0.01130667930464071,0.0,-0.001239285664932752,0.0
5.305000000000129,0.0,0.0,-0.006595961180856621,0.0,0.03852145067537165,0.0,0.0,0.0,0.01172672022001493,0.0,-0.001245537974407346,0.0
5.30750000000013,0.0,0.0,-0.006566185383665939,0.0,0.03851833538283496,0.0,0.0,0.0,0.01209361242983078,0.0,-0.001246681691308843,0.0
5.31000000000013,0.0,0.0,-0.006535560443429272,0.0,0.03851522355578774,0.0,0.0,0.0,0.01240605633867178,0.0,-0.001242768166480841,0.0
5.312500000000131,0.0,0.0,-0.006504224408390765,0.0,0.03851212775032371,0.0,0.0,0.0,0.01266251133593065,0.0,-0.001233867027614049,0.0
5.315000000000131,0.0,0.0,-0.006472319054145014,0.0,0.03850906031481018,0.0,0.0,0.0,0.01286153692619153,0.0,-0.001220074780332217,0.0
5.317500000000131,0.0,0.0,-0.006439987939016799,0.0,0.03850603339942808,0.0,0.0,0.0,0.01300314450837473,0.0,-0.001201453569260084,0.0
5.320000000000132,0.0,0.0,-0.006407374944351982,0.0,0.03850305896073077,0.0,0.0,0.0,0.01308706648825241,0.0,-0.00117809605229446,0.0
5.322500000000132,0.0,0.0,-0.006374624469806134,0.0,0.03850014870037576,0.0,0.0,0.0,0.01311315504803279,0.0,-0.00115011350803176,0.0
5.325000000000133,0.0,0.0,-0.006341881053260353,0.0,0.03849731402986362,0.0,0.0,0.0,0.01308144731499438,0.0,-0.001117626774368694,0.0
5.327500000000133,0.0,0.0,-0.006309289196670596,0.0,0.03849456602681981,0.0,0.0,0.0,0.01299193496614893,0.0,-0.001080782099651807,0.0
5.330000000000133,0.0,0.0,-0.00627699304783383,0.0,0.03849191539580484,0.0,0.0,0.0,0.01284490947993622,0.0,-0.001039731683900202,0.0
5.332500000000134,0.0,0.0,-0.006245135871386139,0.0,0.03848937244668496,0.0,0.0,0.0,0.01264078586198938,0.0,-0.0009946390728637069,0.0
5.335000000000134,0.0,0.0,-0.006213859708773636,0.0,0.03848694704619902,0.0,0.0,0.0,0.01238012757583071,0.0,-0.0009456952092593636,0.0
5.337500000000134,0.0,0.0,-0.006183304883944697,0.0,0.03848464857586781,0.0,0.0,0.0,0.01206374502305564,0.0,-0.0008930973204722791,0.0
5.340000000000135,0.0,0.0,-0.006153609782394061,0.0,0.03848248589485987,0.0,0.0,0.0,0.01169237862523089,0.0,-0.0008370660450161796,0.0
5.342500000000135,0.0,0.0,-0.006124910451817156,0.0,0.03848046729830684,0.0,0.0,0.0,0.01126715799154488,0.0,-0.0007778319669360058,0.0
5.345000000000136,0.0,0.0,-0.006097339966748389,0.0,0.03847860049427591,0.0,0.0,0.0,0.01078933197788574,0.0,-0.0007156341472523654,0.0
5.347500000000136,0.0,0.0,-0.00607102802389754,0.0,0.03847689256674627,0.0,0.0,0.0,0.01026035388605304,0.0,-0.0006507327841651316,0.0
5.350000000000136,0.0,0.0,-0.006046101181502513,0.0,0.03847534991214018,0.0,0.0,0.0,0.009681281254545707,0.0,-0.000583417711702768,0.0
5.352500000000137,0.0,0.0,-0.006022682790785423,0.0,0.03847397821571531,0.0,0.0,0.0,0.00905362218228283,0.0,-0.0005139680182901335,0.0
5.355000000000137,0.0,0.0,-0.006000891789759519,0.0,0.03847278245992591,0.0,0.0,0.0,0.008379398760416703,0.0,-0.0004426668608496915,0.0
5.357500000000138,0.0,0.0,-0.00598084191598412,0.0,0.03847176690807953,0.0,0.0,0.0,0.007660749168791247,0.0,-0.0003698063937832323,0.0
5.360000000000138,0.0,0.0,-0.005962641424811603,0.0,0.03847093507564893,0.0,0.0,0.0,0.006899920936469975,0.0,-0.0002956927197316734,0.0
5.362500000000138,0.0,0.0,-0.005946392686651894,0.0,0.03847028971142386,0.0,0.0,0.0,0.006099374352093852,0.0,-0.0002206330799811832,0.0
5.365000000000139,0.0,0.0,-0.005932191840414044,0.0,0.03846983279241898,0.0,0.0,0.0,0.005261634270660745,0.0,-0.000144937648570363,0.0
5.367500000000139,0.0,0.0,-0.005920128525872273,0.0,0.03846956551347609,0.0,0.0,0.0,0.00438937504813075,0.0,-6.89219851159423e-05,0.0
5.37000000000014,0.0,0.0,-0.005910285397984933,0.0,0.03846948827971394,0.0,0.0,0.0,0.003485510043151434,0.0,7.097695271734393e-06,0.0
5.37250000000014,0.0,0.0,-0.005902737734766265,0.0,0.03846960071087106,0.0,0.0,0.0,0.002553027382758462,0.0,8.28093032415592e-05,0.0
5.37500000000014,0.0,0.0,-0.005897553176328173,0.0,0.03846990165460182,0.0,0.0,0.0,0.001595049162334038,0.0,0.0001579072600357906,0.0
5.377500000000141,0.0,0.0,-0.00589479163165689,0.0,0.03847038918295519,0.0,0.0,0.0,0.0006146381833169854,0.0,0.000232076667364627,0.0
5.380000000000141,0.0,0.0,-0.005894505095741096,0.0,0.03847106058812991,0.0,0.0,0.0,-0.0003849372833748555,0.0,0.0003050085434774039,0.0
5.382500000000142,0.0,0.0,-0.005896737398432183,0.0,0.03847191238924908,0.0,0.0,0.0,-0.001400413430868681,0.0,0.0003763934121873135,0.0
5.385000000000142,0.0,0.0,-0.005901524110576568,0.0,0.03847294034632497,0.0,0.0,0.0,-0.002428446222713749,0.0,0.0004459337043088563,0.0
5.387500000000142,0.0,0.0,-0.005908892310828256,0.0,0.03847413946684141,0.0,0.0,0.0,-0.003465588155630939,0.0,0.0005133242406043961,0.0
5.390000000000143,0.0,0.0,-0.005918860691408214,0.0,0.03847550400377969,0.0,0.0,0.0,-0.004508575405437566,0.0,0.0005782673286385842,0.0
5.392500000000143,0.0,0.0,-0.005931439627261627,0.0,0.03847702747393882,0.0,0.0,0.0,-0.005554018790782469,0.0,0.0006404714686644652,0.0
5.395000000000143,0.0,0.0,-0.005946630979298775,0.0,0.03847870268485049,0.0,0.0,0.0,-0.006598496321003633,0.0,0.0006996607401355043,0.0
5.397500000000144,0.0,0.0,-0.005964428075613174,0.0,0.03848052176841649,0.0,0.0,0.0,-0.007638603759902694,0.0,0.0007555705594346271,0.0
5.400000000000144,0.0,0.0,-0.005984815724854173,0.0,0.03848247620807155,0.0,0.0,0.0,-0.008670929838281698,0.0,0.0008079467329359269,0.0
5.402500000000145,0.0,0.0,-0.006007770221785871,0.0,0.03848455688408055,0.0,0.0,0.0,-0.00969207473416796,0.0,0.0008565609069623924,0.0
5.405000000000145,0.0,0.0,-0.006033259477665014,0.0,0.03848675410788743,0.0,0.0,0.0,-0.01069873147177225,0.0,0.0009011863794918676,0.0
5.407500000000145,0.0,0.0,-0.006061243023823445,0.0,0.03848905764286352,0.0,0.0,0.0,-0.01168750317807288,0.0,0.0009416113913503716,0.0
5.410000000000146,0.0,0.0,-0.006091671544143525,0.0,0.03849145673949576,0.0,0.0,0.0,-0.01265470865941982,0.0,0.0009776373826248191,0.0
5.412500000000146,0.0,0.0,-0.006124486215829257,0.0,0.03849394011494797,0.0,0.0,0.0,-0.01359642441895579,0.0,0.001009036251680967,0.0
5.415000000000147,0.0,0.0,-0.00615961916684544,0.0,0.0384964958681921,0.0,0.0,0.0,-0.01450933394998511,0.0,0.001035541588758277,0.0
5.417500000000147,0.0,0.0,-0.006196993952442509,0.0,0.03849911143874137,0.0,0.0,0.0,-0.01538989584523752,0.0,0.001056892236889004,0.0
5.420000000000147,0.0,0.0,-0.006236525370981831,0.0,0.03850177364002884,0.0,0.0,0.0,-0.01623464606345077,0.0,0.001072848496432365,0.0
5.422500000000148,0.0,0.0,-0.006278119911597984,0.0,0.03850446871542289,0.0,0.0,0.0,-0.01704040122158187,0.0,0.001083194004055435,0.0
5.425000000000148,0.0,0.0,-0.006321676617611155,0.0,0.0385071823785109,0.0,0.0,0.0,-0.01780438784845718,0.0,0.001087721298738737,0.0
5.427500000000149,0.0,0.0,-0.006367088170201529,0.0,0.03850989985032938,0.0,0.0,0.0,-0.0185242895871482,0.0,0.00108624380961982,0.0
5.430000000000149,0.0,0.0,-0.006414241753957925,0.0,0.03851260600427803,0.0,0.0,0.0,-0.01919802575227471,0.0,0.00107866999211293,0.0
5.432500000000149,0.0,0.0,-0.006463019702153206,0.0,0.03851528556321036,0.0,0.0,0.0,-0.01982379557413668,0.0,0.001064970890086892,0.0
5.43500000000015,0.0,0.0,-0.006513300201754322,0.0,0.03851792323019569,0.0,0.0,0.0,-0.02040008269726295,0.0,0.001045159614838812,0.0
5.43750000000015,0.0,0.0,-0.00656495845547722,0.0,0.03852050376705491,0.0,0.0,0.0,-0.02092601577642944,0.0,0.0010192700471296,0.0
5.44000000000015,0.0,0.0,-0.006617867576480651,0.0,0.03852301209660094,0.0,0.0,0.0,-0.02140079451433823,0.0,0.0009873970711766983,0.0
5.442500000000151,0.0,0.0,-0.006671898882438744,0.0,0.0385254334287884,0.0,0.0,0.0,-0.02182378269913184,0.0,0.0009496754885308722,0.0
5.445000000000151,0.0,0.0,-0.006726922516292394,0.0,0.03852775332341438,0.0,0.0,0.0,-0.02219467655423803,0.0,0.0009062503619818612,0.0
5.447500000000152,0.0,0.0,-0.006782807986181535,0.0,0.03852995772977078,0.0,0.0,0.0,-0.0225132720030855,0.0,0.0008572882108468313,0.0
5.450000000000152,0.0,0.0,-0.006839424541798048,0.0,0.03853203303837658,0.0,0.0,0.0,-0.02277956632114813,0.0,0.0008029754911048077,0.0
5.452500000000152,0.0,0.0,-0.00689664153347053,0.0,0.03853396614590347,0.0,0.0,0.0,-0.02299364279712015,0.0,0.0007435306621863834,0.0
5.455000000000153,0.0,0.0,-0.006954329089029559,0.0,0.03853574453903014,0.0,0.0,0.0,-0.02315603981445007,0.0,0.0006792072374821943,0.0
5.457500000000153,0.0,0.0,-0.007012358256517169,0.0,0.03853735630251854,0.0,0.0,0.0,-0.02326695467701498,0.0,0.0006102301182935604,0.0
5.460000000000154,0.0,0.0,-0.007070600695490641,0.0,0.03853879010274164,0.0,0.0,0.0,-0.02332667976158843,0.0,0.0005368397322663358,0.0
5.462500000000154,0.0,0.0,-0.007128928855928683,0.0,0.03854003521046086,0.0,0.0,0.0,-0.02333555498680905,0.0,0.0004592791590713099,0.0
5.465000000000154,0.0,0.0,-0.007187216276002451,0.0,0.03854108153156226,0.0,0.0,0.0,-0.02329411088995917,0.0,0.000377813403003218,0.0
5.467500000000155,0.0,0.0,-0.007245337905881623,0.0,0.03854191964152509,0.0,0.0,0.0,-0.02320294651576721,0.0,0.0002927131308931758,0.0
5.470000000000155,0.0,0.0,-0.007303170348153266,0.0,0.03854254080184049,0.0,0.0,0.0,-0.0230627847332987,0.0,0.0002042564653442573,0.0
5.472500000000156,0.0,0.0,-0.007360591962874675,0.0,0.03854293693061912,0.0,0.0,0.0,-0.0228743083730739,0.0,0.0001126905729762845,0.0
5.475000000000156,0.0,0.0,-0.007417482497212542,0.0,0.03854310051092392,0.0,0.0,0.0,-0.02263794457754342,0.0,1.822027923921358e-05,0.0
5.477500000000156,0.0,0.0,-0.007473722863715689,0.0,0.03854302452406771,0.0,0.0,0.0,-0.02235419845426791,0.0,-7.896062862930702e-05,0.0
5.480000000000157,0.0,0.0,-0.007529195137231552,0.0,0.03854270243538076,0.0,0.0,0.0,-0.02202349479273504,0.0,-0.000178658720965146,0.0
5.482500000000157,0.0,0.0,-0.007583782063561449,0.0,0.03854212813715834,0.0,0.0,0.0,-0.02164594518372387,0.0,-0.0002807259190844808,0.0
5.485000000000158,0.0,0.0,-0.007637366002285926,0.0,0.03854129577350465,0.0,0.0,0.0,-0.02122113014250822,0.0,-0.0003851086870835993,0.0
5.487500000000158,0.0,0.0,-0.007689828973388252,0.0,0.03854019972664369,0.0,0.0,0.0,-0.02074919724770607,0.0,-0.0004916701032845723,0.0
5.490000000000158,0.0,0.0,-0.007740969003112825,0.0,0.03853885705592032,0.0,0.0,0.0,-0.02010815658319358,0.0,-0.000568054913160288,0.0
5.492500000000159,0.0,0.0,-0.007789789088221238,0.0,0.03853749455282541,0.0,0.0,0.0,-0.01886045688650783,0.0,-0.0004989186630699798,0.0
5.495000000000159,0.0,0.0,-0.007834813762633577,0.0,0.03853646580709112,0.0,0.0,0.0,-0.0170804191928768,0.0,-0.0003032964346011236,0.0
5.497500000000159,0.0,0.0,-0.00787475532180427,0.0,0.03853607633666337,0.0,0.0,0.0,-0.01506967130783203,0.0,-5.989206573096559e-05,0.0
5.50000000000016,0.0,0.0,-0.007911508050254173,0.0,0.03853579736323382,0.0,0.0,0.0,-0.0143587632390851,0.0,-0.000170085267856254,0.0
5.50250000000016,0.0,0.0,-0.007946497731336868,0.0,0.03853522457312514,0.0,0.0,0.0,-0.01363314461636693,0.0,-0.0002880852879699604,0.0
5.505000000000161,0.0,0.0,-0.00797962408129511,0.0,0.03853435587379238,0.0,0.0,0.0,-0.01286812484756192,0.0,-0.0004068107894702424,0.0
5.507500000000161,0.0,0.0,-0.008010790595475813,0.0,0.0385331897444044,0.0,0.0,0.0,-0.01206530221729527,0.0,-0.0005260275781447651,0.0
5.510000000000161,0.0,0.0,-0.008039904912310127,0.0,0.03853172523992868,0.0,0.0,0.0,-0.01122639283597201,0.0,-0.0006455092132788877,0.0
5.512500000000162,0.0,0.0,-0.00806687903278363,0.0,0.03852996198098078,0.0,0.0,0.0,-0.01035317058646071,0.0,-0.0007650296205039916,0.0
5.515000000000162,0.0,0.0,-0.008091629492748042,0.0,0.03852790014255146,0.0,0.0,0.0,-0.009447489413951534,0.0,-0.0008843713717773593,0.0
5.517500000000163,0.0,0.0,-0.008114077611771775,0.0,0.03852554044532969,0.0,0.0,0.0,-0.008511322286250341,0.0,-0.001003315342383167,0.0
5.520000000000163,0.0,0.0,-0.008133854186910002,0.0,0.03852296586423152,0.0,0.0,0.0,-0.007225185273348942,0.0,-0.001032756284579151,0.0
5.522500000000163,0.0,0.0,-0.008149692752047228,0.0,0.03852050936780179,0.0,0.0,0.0,-0.005355670803473436,0.0,-0.000907391867325322,0.0
5.525000000000164,0.0,0.0,-0.008160645798982099,0.0,0.03851841773005773,0.0,0.0,0.0,-0.003561730474028094,0.0,-0.0008085723054565824,0.0
5.527500000000164,0.0,0.0,-0.008168206664315373,0.0,0.0385162650849965,0.0,0.0,0.0,-0.002509202207761272,0.0,-0.000919501442743664,0.0
5.530000000000165,0.0,0.0,-0.008173166516600598,0.0,0.03851382177860505,0.0,0.0,0.0,-0.001459139855396992,0.0,-0.001035074242039439,0.0
5.532500000000165,0.0,0.0,-0.008175479993952368,0.0,0.03851109150801748,0.0,0.0,0.0,-0.0003921220506532068,0.0,-0.001149072163328885,0.0
5.535000000000165,0.0,0.0,-0.008174796434622055,0.0,0.03850816663905664,0.0,0.0,0.0,0.001034959264699747,0.0,-0.00116341473989474,0.0
5.537500000000166,0.0,0.0,-0.008169728270201293,0.0,0.03850543550142212,0.0,0.0,0.0,0.003116647592348021,0.0,-0.0009937754656492363,0.0
5.540000000000166,0.0,0.0,-0.008160243828860618,0.0,0.03850290443186583,0.0,0.0,0.0,0.004342951744223769,0.0,-0.001067109891562391,0.0
5.542500000000167,0.0,0.0,-0.008148003417877784,0.0,0.03850010260364081,0.0,0.0,0.0,0.005448803825668125,0.0,-0.001174286123588706,0.0
5.545000000000167,0.0,0.0,-0.008132992839389556,0.0,0.03849703586246769,0.0,0.0,0.0,0.006559071179711865,0.0,-0.00127904018298199,0.0
5.547500000000167,0.0,0.0,-0.008115204288976453,0.0,0.03849371046138127,0.0,0.0,0.0,0.007678805651072675,0.0,-0.001378997308449604,0.0
5.550000000000168,0.0,0.0,-0.008094130666864924,0.0,0.0384902798304942,0.0,0.0,0.0,0.00928752675180296,0.0,-0.001334082114549738,0.0
5.552500000000168,0.0,0.0,-0.00806941251515355,0.0,0.03848685678254066,0.0,0.0,0.0,0.01044016584407625,0.0,-0.001417700003060258,0.0
5.555000000000168,0.0,0.0,-0.00804193558152547,0.0,0.0384831949476355,0.0,0.0,0.0,0.01154073776512547,0.0,-0.001511704077330815,0.0
5.557500000000169,0.0,0.0,-0.00801171771758406,0.0,0.03847930205469725,0.0,0.0,0.0,0.01263290164432204,0.0,-0.001602546933864222,0.0
5.560000000000169,0.0,0.0,-0.007978783034211083,0.0,0.03847518617845408,0.0,0.0,0.0,0.01371418612158153,0.0,-0.001690091342058351,0.0
5.56250000000017,0.0,0.0,-0.007943161787277976,0.0,0.03847085572776905,0.0,0.0,0.0,0.01478945172726925,0.0,-0.001772036467334611,0.0
5.56500000000017,0.0,0.0,-0.0079043293405086,0.0,0.03846648613277961,0.0,0.0,0.0,0.01639886325024225,0.0,-0.001687022193177969,0.0
5.56750000000017,0.0,0.0,-0.007861489745299158,0.0,0.0384623355187265,0.0,0.0,0.0,0.01775900175852744,0.0,-0.001667028206906768,0.0
5.570000000000171,0.0,0.0,-0.007815783057867915,0.0,0.03845808880596366,0.0,0.0,0.0,0.01878770917566366,0.0,-0.001735619629635938,0.0
5.572500000000171,0.0,0.0,-0.007767578212135213,0.0,0.03845366214329907,0.0,0.0,0.0,0.01977547623135723,0.0,-0.001805655839251395,0.0
5.575000000000172,0.0,0.0,-0.007716935577894073,0.0,0.03844906538609278,0.0,0.0,0.0,0.02073794108502061,0.0,-0.001871696435638584,0.0
5.577500000000172,0.0,0.0,-0.007663921434555889,0.0,0.03844430865896225,0.0,0.0,0.0,0.02169104183882367,0.0,-0.001928051763318581,0.0
5.580000000000172,0.0,0.0,-0.007607976285308567,0.0,0.03843959439854381,0.0,0.0,0.0,0.02318140695825652,0.0,-0.001807728326983354,0.0
5.582500000000173,0.0,0.0,-0.007548641601967887,0.0,0.03843509630527982,0.0,0.0,0.0,0.02416872463094847,0.0,-0.001826251964590617,0.0
5.585000000000173,0.0,0.0,-0.007487174028028324,0.0,0.03843046851813882,0.0,0.0,0.0,0.02500464918065042,0.0,-0.001875932989866031,0.0
5.587500000000174,0.0,0.0,-0.007423662476515366,0.0,0.03842572213704465,0.0,0.0,0.0,0.02580391461276178,0.0,-0.001921128916679347,0.0
5.590000000000174,0.0,0.0,-0.007358201148282713,0.0,0.03842086851123967,0.0,0.0,0.0,0.02656448009000357,0.0,-0.00196173065029159,0.0
5.592500000000174,0.0,0.0,-0.007290888899141452,0.0,0.03841591935386094,0.0,0.0,0.0,0.02728466220234486,0.0,-0.001997556214861976,0.0
5.595000000000175,0.0,0.0,-0.007221829001099122,0.0,0.03841088676831692,0.0,0.0,0.0,0.02796261137643053,0.0,-0.002028475352997139,0.0
5.597500000000175,0.0,0.0,-0.007151129512938634,0.0,0.03840578313358304,0.0,0.0,0.0,0.02859634788860559,0.0,-0.002054397843934973,0.0
5.600000000000176,0.0,0.0,-0.007078903252896739,0.0,0.03840062102498831,0.0,0.0,0.0,0.02918404380318819,0.0,-0.002075256809423728,0.0
5.602500000000176,0.0,0.0,-0.007005267664730949,0.0,0.03839541317567922,0.0,0.0,0.0,0.02972382673925851,0.0,-0.002090992872432804,0.0
5.605000000000176,0.0,0.0,-0.00693034474962964,0.0,0.03839017242294127,0.0,0.0,0.0,0.03021392309569809,0.0,-0.002101582075270999,0.0
5.607500000000177,0.0,0.0,-0.006854260622467245,0.0,0.03838491165484679,0.0,0.0,0.0,0.03065281531952994,0.0,-0.002107007745841785,0.0
5.610000000000177,0.0,0.0,-0.006777145179417346,0.0,0.03837964377178237,0.0,0.0,0.0,0.03103899608454511,0.0,-0.002107276689671338,0.0
5.612500000000177,0.0,0.0,-0.006699132108184536,0.0,0.03837438163557236,0.0,0.0,0.0,0.03137093956131416,0.0,-0.00210241293247316,0.0
5.615000000000178,0.0,0.0,-0.006620358464753001,0.0,0.03836913802553248,0.0,0.0,0.0,0.03164747641124983,0.0,-0.002092458466143586,0.0
5.617500000000178,0.0,0.0,-0.006540964814089397,0.0,0.03836392557534749,0.0,0.0,0.0,0.03186696933195,0.0,-0.002077487776299105,0.0
5.620000000000179,0.0,0.0,-0.006461095622081646,0.0,0.03835875670704852,0.0,0.0,0.0,0.03202793478840433,0.0,-0.002057595704619069,0.0
5.622500000000179,0.0,0.0,-0.006380897323446206,0.0,0.03835364364877674,0.0,0.0,0.0,0.03213028062609957,0.0,-0.002032842313997559,0.0
5.625000000000179,0.0,0.0,-0.006300516820600919,0.0,0.03834859843663831,0.0,0.0,0.0,0.03217372569573629,0.0,-0.002003321574322365,0.0
5.62750000000018,0.0,0.0,-0.006220101542339792,0.0,0.03834363285592825,0.0,0.0,0.0,0.0321581294564408,0.0,-0.001969139973998963,0.0
5.63000000000018,0.0,0.0,-0.006139799068789919,0.0,0.03833875841110008,0.0,0.0,0.0,0.03208351035386332,0.0,-0.00193041557038782,0.0
5.632500000000181,0.0,0.0,-0.006059756998947967,0.0,0.03833398627636492,0.0,0.0,0.0,0.03194983569574861,0.0,-0.001887294557830505,0.0
5.635000000000181,0.0,0.0,-0.00598012262197715,0.0,0.03832932725815832,0.0,0.0,0.0,0.0317573840344807,0.0,-0.00183992516601877,0.0
5.637500000000181,0.0,0.0,-0.005901042401886182,0.0,0.03832479177116662,0.0,0.0,0.0,0.03150654197077182,0.0,-0.001788471974997086,0.0
5.640000000000182,0.0,0.0,-0.005822661659146105,0.0,0.03832038979359553,0.0,0.0,0.0,0.03119783259996079,0.0,-0.001733120153331001,0.0
5.642500000000182,0.0,0.0,-0.005745124040609063,0.0,0.03831613083150434,0.0,0.0,0.0,0.03083207323891782,0.0,-0.001674062056308658,0.0
5.645000000000183,0.0,0.0,-0.005668571299567627,0.0,0.03831202387220422,0.0,0.0,0.0,0.03040996156321511,0.0,-0.001611520301096203,0.0
5.647500000000183,0.0,0.0,-0.005593142941513704,0.0,0.0383080773419359,0.0,0.0,0.0,0.02993259789471895,0.0,-0.001545721123626811,0.0
5.650000000000183,0.0,0.0,-0.005518975541915708,0.0,0.03830429908723087,0.0,0.0,0.0,0.02940122584917146,0.0,-0.001476902051428716,0.0
5.652500000000184,0.0,0.0,-0.005446202375425821,0.0,0.03830069633661761,0.0,0.0,0.0,0.02881724239756828,0.0,-0.001405319947333509,0.0
5.655000000000184,0.0,0.0,-0.005374953522486298,0.0,0.03829727564094046,0.0,0.0,0.0,0.02818180550756225,0.0,-0.001331260097321632,0.0
5.657500000000184,0.0,0.0,-0.005305355895391087,0.0,0.03829404284073172,0.0,0.0,0.0,0.0274962929098017,0.0,-0.001255005417821216,0.0
5.660000000000185,0.0,0.0,-0.005237532222059454,0.0,0.03829100307395589,0.0,0.0,0.0,0.02676267317984589,0.0,-0.001176835073927341,0.0
5.662500000000185,0.0,0.0,-0.005171600109200526,0.0,0.03828816076224902,0.0,0.0,0.0,0.02598307474547894,0.0,-0.001097042956716982,0.0
5.665000000000186,0.0,0.0,-0.005107671705931518,0.0,0.03828551958858079,0.0,0.0,0.0,0.02515973523257995,0.0,-0.001015926097839776,0.0
5.667500000000186,0.0,0.0,-0.005045853327614864,0.0,0.03828308247670111,0.0,0.0,0.0,0.02429508388862449,0.0,-0.0009337948365122976,0.0
5.670000000000186,0.0,0.0,-0.004986245135875208,0.0,0.03828085157427435,0.0,0.0,0.0,0.02339161437331851,0.0,-0.000850959695008401,0.0
5.672500000000187,0.0,0.0,-0.004928940831885382,0.0,0.03827882824494153,0.0,0.0,0.0,0.02245200128322254,0.0,-0.0007677373665870335,0.0
5.675000000000187,0.0,0.0,-0.004874027194299151,0.0,0.03827701306675797,0.0,0.0,0.0,0.02147910793888693,0.0,-0.0006844396257313759,0.0
5.677500000000188,0.0,0.0,-0.004821583689145354,0.0,0.03827540583498887,0.0,0.0,0.0,0.02047592100750183,0.0,-0.0006013809250452253,0.0
5.680000000000188,0.0,0.0,-0.004771682156395548,0.0,0.03827400557118402,0.0,0.0,0.0,0.0194455545907714,0.0,-0.0005188657929684729,0.0
5.682500000000188,0.0,0.0,-0.004724386736573919,0.0,0.03827281052260446,0.0,0.0,0.0,0.01839105410239105,0.0,-0.0004372091190270712,0.0
5.685000000000189,0.0,0.0,-0.004679753704267507,0.0,0.03827181815821737,0.0,0.0,0.0,0.01731566677176586,0.0,-0.0003567186501209908,0.0
5.687500000000189,0.0,0.0,-0.004637831183822857,0.0,0.03827102517596037,0.0,0.0,0.0,0.0162226655253119,0.0,-0.0002777034586132865,0.0
5.69000000000019,0.0,0.0,-0.004598659036119129,0.0,0.03827042750429114,0.0,0.0,0.0,0.01511538812757002,0.0,-0.0002004700558552432,0.0
5.69250000000019,0.0,0.0,-0.004562268681724972,0.0,0.03827002031305434,0.0,0.0,0.0,0.01399724904620916,0.0,-0.0001253188202971751,0.0
5.69500000000019,0.0,0.0,-0.00452868317220189,0.0,0.03826979802029269,0.0,0.0,0.0,0.01287152896953227,0.0,-5.255081597269147e-05,0.0
5.697500000000191,0.0,0.0,-0.004497917229752475,0.0,0.03826975430331351,0.0,0.0,0.0,0.01174161062296118,0.0,1.754242872952327e-05,0.0
5.700000000000191,0.0,0.0,-0.004469977061152481,0.0,0.03826988212731505,0.0,0.0,0.0,0.01061092358267522,0.0,8.468275046519673e-05,0.0
5.702500000000192,0.0,0.0,-0.004444860332561171,0.0,0.03827017377841898,0.0,0.0,0.0,0.009482870720540186,0.0,0.0001486050460763602,0.0
5.705000000000192,0.0,0.0,-0.004422556167266133,0.0,0.03827062089341626,0.0,0.0,0.0,0.00836088342594562,0.0,0.0002090549530591159,0.0
5.707500000000192,0.0,0.0,-0.004403045146069876,0.0,0.0382712145026315,0.0,0.0,0.0,0.007248364256532815,0.0,0.0002658016498124793,0.0
5.710000000000193,0.0,0.0,-0.004386299443779221,0.0,0.03827194506881176,0.0,0.0,0.0,0.006148635457765247,0.0,0.0003186218965178534,0.0
5.712500000000193,0.0,0.0,-0.004372282830387928,0.0,0.03827280250887574,0.0,0.0,0.0,0.005065098553882342,0.0,0.0003673022646336979,0.0
5.715000000000193,0.0,0.0,-0.00436095050470084,0.0,0.03827377622457811,0.0,0.0,0.0,0.004001208825995094,0.0,0.0004116440449310275,0.0
5.717500000000194,0.0,0.0,-0.004352248147053725,0.0,0.0382748551158976,0.0,0.0,0.0,0.002961125598011553,0.0,0.0004514445355594941,0.0
5.720000000000194,0.0,0.0,-0.004346112194588352,0.0,0.03827602750266614,0.0,0.0,0.0,0.00194808436604114,0.0,0.0004864423448217402,0.0
5.722500000000195,0.0,0.0,-0.004342470611777722,0.0,0.03827728105354789,0.0,0.0,0.0,0.0009656275889370802,0.0,0.0005163779307561066,0.0
5.725000000000195,0.0,0.0,-0.004341242582426376,0.0,0.03827860281346891,0.0,0.0,0.0,1.723732491126312e-05,0.0,0.0005410118403189775,0.0
5.727500000000195,0.0,0.0,-0.004342338804636234,0.0,0.03827997925662199,0.0,0.0,0.0,-0.0008937798935750633,0.0,0.0005601269313558008,0.0
5.730000000000196,0.0,0.0,-0.004345662269463104,0.0,0.03828139632835074,0.0,0.0,0.0,-0.001764564797889861,0.0,0.0005735172619524639,0.0
5.732500000000196,0.0,0.0,-0.004351109459894374,0.0,0.03828283947191223,0.0,0.0,0.0,-0.002592769937707902,0.0,0.0005809871204204508,0.0
5.735000000000197,0.0,0.0,-0.004358570734346035,0.0,0.03828429374229391,0.0,0.0,0.0,-0.003375843338560882,0.0,0.0005824215782575312,0.0
5.737500000000197,0.0,0.0,-0.004367931385221452,0.0,0.0382857439707283,0.0,0.0,0.0,-0.004112283666282112,0.0,0.0005777565346446942,0.0
5.740000000000197,0.0,0.0,-0.0043790727766893,0.0,0.03828717491136183,0.0,0.0,0.0,-0.004800449748208161,0.0,0.0005669943891685236,0.0
5.742500000000198,0.0,0.0,-0.004391872609829265,0.0,0.03828857136633307,0.0,0.0,0.0,-0.005439052139062851,0.0,0.0005501711205002356,0.0
5.745000000000198,0.0,0.0,-0.004406206059535804,0.0,0.03828991827462918,0.0,0.0,0.0,-0.006027359089163725,0.0,0.0005273602107526989,0.0
5.747500000000199,0.0,0.0,-0.004421946494722325,0.0,0.03829120082089558,0.0,0.0,0.0,-0.006564657564823967,0.0,0.0004986846797332305,0.0
5.750000000000199,0.0,0.0,-0.00443896593176437,0.0,0.038292404514828,0.0,0.0,0.0,-0.00705057839256016,0.0,0.0004642815376931933,0.0
5.752500000000199,0.0,0.0,-0.004457135625071188,0.0,0.03829351524094108,0.0,0.0,0.0,-0.007484881108298386,0.0,0.0004243136138955398,0.0
5.7550000000002,0.0,0.0,-0.004476326421720254,0.0,0.03829451930606165,0.0,0.0,0.0,-0.007867480252458163,0.0,0.0003789559216785378,0.0
5.7575000000002,0.0,0.0,-0.004496409045911932,0.0,0.03829540349435712,0.0,0.0,0.0,-0.008198362955104219,0.0,0.0003284153038295026,0.0
5.760000000000201,0.0,0.0,-0.004517254609820213,0.0,0.0382961551392089,0.0,0.0,0.0,-0.008477852490488162,0.0,0.0002729242915499428,0.0
5.762500000000201,0.0,0.0,-0.00453873521404938,0.0,0.03829676217968653,0.0,0.0,0.0,-0.008706415727977623,0.0,0.0002127348381914583,0.0
5.765000000000201,0.0,0.0,-0.004560723883659295,0.0,0.03829721316522054,0.0,0.0,0.0,-0.008884325736232341,0.0,0.0001480833110868188,0.0
5.767500000000202,0.0,0.0,-0.004583094348792581,0.0,0.03829749724260383,0.0,0.0,0.0,-0.009011873487488874,0.0,7.921123133338612e-05,0.0
5.770000000000202,0.0,0.0,-0.004605721370284289,0.0,0.03829760418266851,0.0,0.0,0.0,-0.009089592453445103,0.0,6.376295475635119e-06,0.0
5.772500000000202,0.0,0.0,-0.004628481076213425,0.0,0.03829752441510576,0.0,0.0,0.0,-0.009118042941470271,0.0,-7.015211350351207e-05,0.0
5.775000000000203,0.0,0.0,-0.004651251134122018,0.0,0.03829724904967865,0.0,0.0,0.0,-0.009097896167385737,0.0,-0.0001500993291174857,0.0
5.777500000000203,0.0,0.0,-0.004673911020603335,0.0,0.03829676987266689,0.0,0.0,0.0,-0.009029928052096332,0.0,-0.0002331988102277522,0.0
5.780000000000204,0.0,0.0,-0.004696341810555007,0.0,0.03829607927375536,0.0,0.0,0.0,-0.008914641451969366,0.0,-0.0003192343534991444,0.0
5.782500000000204,0.0,0.0,-0.00471842587194714,0.0,0.03829517017018245,0.0,0.0,0.0,-0.008752567954226048,0.0,-0.0004080001095235174,0.0
5.785000000000204,0.0,0.0,-0.004740046830020546,0.0,0.03829403597648938,0.0,0.0,0.0,-0.008544181822587203,0.0,-0.0004993040787027073,0.0
5.787500000000205,0.0,0.0,-0.004761089455896822,0.0,0.03829267059419441,0.0,0.0,0.0,-0.008289925500619027,0.0,-0.0005929486884998267,0.0
5.790000000000205,0.0,0.0,-0.004781438659637908,0.0,0.03829106825847849,0.0,0.0,0.0,-0.007989468063840575,0.0,-0.0006888645216514791,0.0
5.792500000000206,0.0,0.0,-0.00480097886020818,0.0,0.03828922342040499,0.0,0.0,0.0,-0.007642747593174148,0.0,-0.0007869482848586207,0.0
5.795000000000206,0.0,0.0,-0.004819526795002052,0.0,0.03828714872884685,0.0,0.0,0.0,-0.007157424679624431,0.0,-0.0008626990680926816,0.0
5.797500000000206,0.0,0.0,-0.004836221914666183,0.0,0.03828503549531236,0.0,0.0,0.0,-0.006105823746657072,0.0,-0.0008034173577883727,0.0
5.800000000000207,0.0,0.0,-0.004849598276259492,0.0,0.03828323507753235,0.0,0.0,0.0,-0.004516110254579014,0.0,-0.0006160339576899339,0.0
5.802500000000207,0.0,0.0,-0.004858367076500401,0.0,0.03828205351214697,0.0,0.0,0.0,-0.002518298135977949,0.0,-0.000334199676192494,0.0
5.805000000000208,0.0,0.0,-0.004863903534841874,0.0,0.03828109853598957,0.0,0.0,0.0,-0.00193614204524931,0.0,-0.0004362990463853772,0.0
5.807500000000208,0.0,0.0,-0.004867996623448907,0.0,0.03827987063048873,0.0,0.0,0.0,-0.001338586197393539,0.0,-0.0005459652964089109,0.0
5.810000000000208,0.0,0.0,-0.00487054700015202,0.0,0.03827836759650334,0.0,0.0,0.0,-0.000701997407391284,0.0,-0.0006564000759050872,0.0
5.812500000000209,0.0,0.0,-0.004871458968020889,0.0,0.03827658779671615,0.0,0.0,0.0,-2.788375139653874e-05,0.0,-0.0007673762830918443,0.0
5.815000000000209,0.0,0.0,-0.004870640807503233,0.0,0.03827453015770181,0.0,0.0,0.0,0.0006820810327790948,0.0,-0.0008786699090563058,0.0
5.81750000000021,0.0,0.0,-0.004868005102430114,0.0,0.03827219416723888,0.0,0.0,0.0,0.001426128041727709,0.0,-0.00099005600338673,0.0
5.82000000000021,0.0,0.0,-0.004863468936607405,0.0,0.03826957986541719,0.0,0.0,0.0,0.002202426250740629,0.0,-0.001101317666533767,0.0
5.82250000000021,0.0,0.0,-0.004856954096919332,0.0,0.03826668783731103,0.0,0.0,0.0,0.003009044299242531,0.0,-0.001212235815978137,0.0
5.825000000000211,0.0,0.0,-0.004848142515072641,0.0,0.03826358686723279,0.0,0.0,0.0,0.004104622404697157,0.0,-0.001250552026369802,0.0
5.827500000000211,0.0,0.0,-0.004835929822067237,0.0,0.03826056504598302,0.0,0.0,0.0,0.005764209423638007,0.0,-0.001139436054343009,0.0
5.830000000000211,0.0,0.0,-0.004818866148424258,0.0,0.03825800794660586,0.0,0.0,0.0,0.007741757606707521,0.0,-0.000946118870348312,0.0
5.832500000000212,0.0,0.0,-0.004798333649684641,0.0,0.03825552033253921,0.0,0.0,0.0,0.008662890434959571,0.0,-0.001049664685979997,0.0
5.835000000000212,0.0,0.0,-0.004775526291562654,0.0,0.0382527611063548,0.0,0.0,0.0,0.009582456199651696,0.0,-0.001157649896239533,0.0
5.837500000000213,0.0,0.0,-0.004750398854122378,0.0,0.03824973380573107,0.0,0.0,0.0,0.0105189356598913,0.0,-0.001264123685860115,0.0
5.840000000000213,0.0,0.0,-0.004722658946624652,0.0,0.0382465141537638,0.0,0.0,0.0,0.01175572128998816,0.0,-0.001287927903695003,0.0
5.842500000000213,0.0,0.0,-0.004691041757559518,0.0,0.03824345555635539,0.0,0.0,0.0,0.0136371175232598,0.0,-0.001130642212941513,0.0
5.845000000000214,0.0,0.0,-0.004654995693506361,0.0,0.03824071150517133,0.0,0.0,0.0,0.0150377268466567,0.0,-0.001110260167856759,0.0
5.847500000000214,0.0,0.0,-0.004616125684032048,0.0,0.03823782668553748,0.0,0.0,0.0,0.01603503468584254,0.0,-0.001203935807891866,0.0
5.850000000000215,0.0,0.0,-0.004574813323569884,0.0,0.03823469461114583,0.0,0.0,0.0,0.01701419229354253,0.0,-0.001301661274696331,0.0
5.852500000000215,0.0,0.0,-0.004531050737630446,0.0,0.03823132135972338,0.0,0.0,0.0,0.01799520323154378,0.0,-0.001396877551767268,0.0
5.855000000000215,0.0,0.0,-0.004484500107360893,0.0,0.03822781102145347,0.0,0.0,0.0,0.01934188346912399,0.0,-0.001383101294748343,0.0
5.857500000000216,0.0,0.0,-0.004434884140595998,0.0,0.03822425234420684,0.0,0.0,0.0,0.0203340153095523,0.0,-0.001468474756290046,0.0
5.860000000000216,0.0,0.0,-0.004382835535131261,0.0,0.03822047218734862,0.0,0.0,0.0,0.02130416114660928,0.0,-0.001555590779295925,0.0
5.862500000000217,0.0,0.0,-0.00432837196472658,0.0,0.03821647810487631,0.0,0.0,0.0,0.02226598033507806,0.0,-0.001639615817753435,0.0
5.865000000000217,0.0,0.0,-0.004271517324009701,0.0,0.03821227799508907,0.0,0.0,0.0,0.02321701172824283,0.0,-0.001720413315239945,0.0
5.867500000000217,0.0,0.0,-0.004212301658189308,0.0,0.03820788008984186,0.0,0.0,0.0,0.0241602872110308,0.0,-0.001796221269209282,0.0
5.870000000000218,0.0,0.0,-0.004150294872553732,0.0,0.03820343149126317,0.0,0.0,0.0,0.02555448174191918,0.0,-0.001729895123463187,0.0
5.872500000000218,0.0,0.0,-0.004084546355219336,0.0,0.03819923603421468,0.0,0.0,0.0,0.02694412777443938,0.0,-0.00165597297206904,0.0
5.875000000000218,0.0,0.0,-0.004016042537650982,0.0,0.03819502402679507,0.0,0.0,0.0,0.02784149583509794,0.0,-0.001718539051150968,0.0
5.877500000000219,0.0,0.0,-0.003945365618721016,0.0,0.03819064798175065,0.0,0.0,0.0,0.02869929319628181,0.0,-0.001782246780944278,0.0
5.880000000000219,0.0,0.0,-0.003872575708416901,0.0,0.03818611756892552,0.0,0.0,0.0,0.02953189125419757,0.0,-0.001842034590638522,0.0
5.88250000000022,0.0,0.0,-0.003797738792130234,0.0,0.03818144272713848,0.0,0.0,0.0,0.03034292156657917,0.0,-0.001895960986544384,0.0
5.88500000000022,0.0,0.0,-0.003720441834661853,0.0,0.03817678107547869,0.0,0.0,0.0,0.03160705968722625,0.0,-0.001798911563065823,0.0
5.88750000000022,0.0,0.0,-0.003639976932485792,0.0,0.03817238186233334,0.0,0.0,0.0,0.03266190546401471,0.0,-0.001751497958105348,0.0
5.890000000000221,0.0,0.0,-0.003557394298786046,0.0,0.03816796170555228,0.0,0.0,0.0,0.03338581663104417,0.0,-0.001789954479341512,0.0
5.892500000000221,0.0,0.0,-0.003473091700606008,0.0,0.03816343750087073,0.0,0.0,0.0,0.03405553634656112,0.0,-0.001829371468429192,0.0
5.895000000000222,0.0,0.0,-0.003387163009678171,0.0,0.03815882039520171,0.0,0.0,0.0,0.03468670196667781,0.0,-0.00186427716741411,0.0
5.897500000000222,0.0,0.0,-0.003299706626266149,0.0,0.03815412188578873,0.0,0.0,0.0,0.03527770289618845,0.0,-0.0018944964927097,0.0
5.900000000000222,0.0,0.0,-0.003210825273903406,0.0,0.03814935386111332,0.0,0.0,0.0,0.03582669089960957,0.0,-0.001919891559066746,0.0
5.902500000000223,0.0,0.0,-0.003120626421035714,0.0,0.03814452850389735,0.0,0.0,0.0,0.03633171889076588,0.0,-0.001940364784160824,0.0
5.905000000000223,0.0,0.0,-0.003029222395916598,0.0,0.0381396582077633,0.0,0.0,0.0,0.03679084475368311,0.0,-0.001955845125376806,0.0
5.907500000000224,0.0,0.0,-0.002936730125123465,0.0,0.03813475551998332,0.0,0.0,0.0,0.03720233328923053,0.0,-0.001966280576386195,0.0
5.910000000000224,0.0,0.0,-0.002843271024875684,0.0,0.03812983309752343,0.0,0.0,0.0,0.03756432761044614,0.0,-0.00197163541722485,0.0
5.912500000000224,0.0,0.0,-0.002748970752933879,0.0,0.03812490366475275,0.0,0.0,0.0,0.03787529110032849,0.0,-0.001971891437049432,0.0
5.915000000000225,0.0,0.0,-0.002653958774514035,0.0,0.03811997996534098,0.0,0.0,0.0,0.0381337146176937,0.0,-0.001967051390824767,0.0
5.917500000000225,0.0,0.0,-0.002558368365221702,0.0,0.03811507471834989,0.0,0.0,0.0,0.03833805906607637,0.0,-0.001957132198684531,0.0
5.920000000000226,0.0,0.0,-0.002462336220242318,0.0,0.03811020057450244,0.0,0.0,0.0,0.03848712727694412,0.0,-0.001942171611185632,0.0
5.922500000000226,0.0,0.0,-0.00236600256966487,0.0,0.0381053700516444,0.0,0.0,0.0,0.03857928903948734,0.0,-0.001922238158700818,0.0
5.925000000000226,0.0,0.0,-0.002269511485843447,0.0,0.03810059546661537,0.0,0.0,0.0,0.03861310068024361,0.0,-0.001897424103735931,0.0
5.927500000000227,0.0,0.0,-0.002173009078117079,0.0,0.03809588894991715,0.0,0.0,0.0,0.03858837673143842,0.0,-0.001867786232388055,0.0
5.930000000000227,0.0,0.0,-0.002076642009512136,0.0,0.03809126245324369,0.0,0.0,0.0,0.03850485824981556,0.0,-0.001833410831341341,0.0
5.932500000000227,0.0,0.0,-0.001980557520772188,0.0,0.03808672769034809,0.0,0.0,0.0,0.03836234240691615,0.0,-0.001794401951447613,0.0
5.935000000000228,0.0,0.0,-0.001884903065535459,0.0,0.03808229609944347,0.0,0.0,0.0,0.03816086176444313,0.0,-0.0017508758808016,0.0
5.937500000000228,0.0,0.0,-0.001789826151283395,0.0,0.03807797880029602,0.0,0.0,0.0,0.03790034020433387,0.0,-0.001702971316140779,0.0
5.940000000000229,0.0,0.0,-0.001695474093304039,0.0,0.03807378655870176,0.0,0.0,0.0,0.03758100808369479,0.0,-0.001650832489273855,0.0
5.942500000000229,0.0,0.0,-0.001601993480873536,0.0,0.03806972976182357,0.0,0.0,0.0,0.03720321553016218,0.0,-0.001594618152009325,0.0
5.945000000000229,0.0,0.0,-0.001509529801696164,0.0,0.03806581837344337,0.0,0.0,0.0,0.03676749359154347,0.0,-0.001534508243375146,0.0
5.94750000000023,0.0,0.0,-0.00141822691443198,0.0,0.0380620618931143,0.0,0.0,0.0,0.03627461429355996,0.0,-0.001470694203526884,0.0
5.95000000000023,0.0,0.0,-0.001328226887128,0.0,0.03805846931351745,0.0,0.0,0.0,0.03572523865365749,0.0,-0.0014033900325933,0.0
5.952500000000231,0.0,0.0,-0.001239669657720927,0.0,0.03805504907943204,0.0,0.0,0.0,0.03512040832653195,0.0,-0.001332820159230025,0.0
5.955000000000231,0.0,0.0,-0.001152692340971538,0.0,0.03805180906478117,0.0,0.0,0.0,0.03446134128970148,0.0,-0.00125921672084761,0.0
5.957500000000231,0.0,0.0,-0.001067428799207364,0.0,0.03804875653924672,0.0,0.0,0.0,0.03374942104834854,0.0,-0.001182830998478675,0.0
5.960000000000232,0.0,0.0,-0.0009840097447532175,0.0,0.03804589810560213,0.0,0.0,0.0,0.03298578379568919,0.0,-0.001103945240901913,0.0
5.962500000000232,0.0,0.0,-0.0009025628049474295,0.0,0.03804323966215355,0.0,0.0,0.0,0.03217176207125197,0.0,-0.001022840725636924,0.0
5.965000000000233,0.0,0.0,-0.0008232114676743331,0.0,0.03804078641519611,0.0,0.0,0.0,0.03130933424687519,0.0,-0.0009397898097127368,0.0
5.967500000000233,0.0,0.0,-0.0007460741365642492,0.0,0.03803854286942816,0.0,0.0,0.0,0.03040058914651306,0.0,-0.0008550814085753199,0.0
5.970000000000233,0.0,0.0,-0.0006712638191091595,0.0,0.03803651280168747,0.0,0.0,0.0,0.0294477548527651,0.0,-0.0007690088845305975,0.0
5.972500000000234,0.0,0.0,-0.0005988877138940559,0.0,0.0380346992328883,0.0,0.0,0.0,0.02845325026098927,0.0,-0.0006818836076208682,0.0
5.975000000000234,0.0,0.0,-0.000529046891764771,0.0,0.0380331044152361,0.0,0.0,0.0,0.02741955861401697,0.0,-0.0005940091718818439,0.0
5.977500000000235,0.0,0.0,-0.0004618360213655654,0.0,0.03803172982729626,0.0,0.0,0.0,0.02634931833607299,0.0,-0.000505700886368116,0.0
5.980000000000235,0.0,0.0,-0.0003973429006475043,0.0,0.03803057616753925,0.0,0.0,0.0,0.02524538742692938,0.0,-0.0004172675201820633,0.0
5.982500000000235,0.0,0.0,-0.0003356480510792284,0.0,0.03802964335530531,0.0,0.0,0.0,0.02411072898390391,0.0,-0.0003290236034861135,0.0
5.985000000000236,0.0,0.0,-0.0002768243984784718,0.0,0.03802893054302082,0.0,0.0,0.0,0.02294845631100565,0.0,-0.0002412681463047902,0.0
5.987500000000236,0.0,0.0,-0.0002209371432963796,0.0,0.03802843611447031,0.0,0.0,0.0,0.02176163637040707,0.0,-0.0001543170395465942,0.0
5.990000000000236,0.0,0.0,-0.0001680437284483554,0.0,0.03802815767630976,0.0,0.0,0.0,0.02055340817996369,0.0,-6.847609495500259e-05,0.0
5.992500000000237,0.0,0.0,-0.0001181935474868489,0.0,0.03802809206888284,0.0,0.0,0.0,0.01932707211232127,0.0,1.594745374333801e-05,0.0
5.995000000000237,0.0,0.0,-7.14276546217497e-05,0.0,0.03802823536701549,0.0,0.0,0.0,0.0180859991860408,0.0,9.864842545866398e-05,0.0
5.997500000000238,0.0,0.0,-2.777875431808342e-05,0.0,0.038028582891655,0.0,0.0,0.0,0.01683349821327491,0.0,0.0001793289093067354,0.0
6.000000000000238,0.0,0.0,1.272879228222605e-05,0.0,0.03802912920465046,0.0,0.0,0.0,0.01557293492721492,0.0,0.0002576795255015866,0.0
6.002500000000238,0.0,0.0,5.007904661136809e-05,0.0,0.03802986812076008,0.0,0.0,0.0,0.01430768159655302,0.0,0.0003334119760807186,0.0
6.005000000000239,0.0,0.0,8.426448980263602e-05,0.0,0.0380307927411349,0.0,0.0,0.0,0.01304110170421599,0.0,0.0004062436714727808,0.0
6.007500000000239,0.0,0.0,0.0001152860913085795,0.0,0.03803189548105726,0.0,0.0,0.0,0.01177662232058662,0.0,0.0004759084949403469,0.0
6.01000000000024,0.0,0.0,0.0001431534126041266,0.0,0.03803316810660962,0.0,0.0,0.0,0.01051768999707008,0.0,0.0005421532105682484,0.0
6.01250000000024,0.0,0.0,0.0001678845300072683,0.0,0.03803460176517183,0.0,0.0,0.0,0.009267670003549422,0.0,0.0006047360769544257,0.0
6.01500000000024,0.0,0.0,0.0001895059053009118,0.0,0.0380361870264962,0.0,0.0,0.0,0.008029905451157275,0.0,0.0006634367329516439,0.0
6.017500000000241,0.0,0.0,0.0002080524443097301,0.0,0.03803791391652259,0.0,0.0,0.0,0.006807808361766129,0.0,0.0007180404837399982,0.0
6.020000000000241,0.0,0.0,0.0002235674560572455,0.0,0.03803977194209952,0.0,0.0,0.0,0.005604689318600339,0.0,0.0007683467488543392,0.0
6.022500000000242,0.0,0.0,0.000236103451797106,0.0,0.03804175012755587,0.0,0.0,0.0,0.004424599008118212,0.0,0.000814170078498915,0.0
6.025000000000242,0.0,0.0,0.0002457222251380913,0.0,0.03804383695361249,0.0,0.0,0.0,0.003270913155783695,0.0,0.0008552610781194244,0.0
6.027500000000242,0.0,0.0,0.0002524941342126229,0.0,0.03804602026990452,0.0,0.0,0.0,0.002147107398720979,0.0,0.0008913642696112533,0.0
6.030000000000243,0.0,0.0,0.0002564982246932886,0.0,0.0380482872962076,0.0,0.0,0.0,0.001056656105773842,0.0,0.000922231244982764,0.0
6.032500000000243,0.0,0.0,0.0002578221558679462,0.0,0.03805062465747642,0.0,0.0,0.0,2.97576172447308e-06,0.0,0.0009476345499008384,0.0
6.035000000000244,0.0,0.0,0.0002565615386092524,0.0,0.03805301842691666,0.0,0.0,0.0,-0.001010988720228108,0.0,0.0009673602219302266,0.0
6.037500000000244,0.0,0.0,0.0002528186873109587,0.0,0.03805545415339585,0.0,0.0,0.0,-0.001982819116586802,0.0,0.0009812027864270429,0.0
6.040000000000244,0.0,0.0,0.0002467022657240661,0.0,0.03805791695787877,0.0,0.0,0.0,-0.002909854304123321,0.0,0.0009890253658659282,0.0
6.042500000000245,0.0,0.0,0.0002383265490376224,0.0,0.03806039166148481,0.0,0.0,0.0,-0.003790266033031898,0.0,0.000990724965933904,0.0
6.045000000000245,0.0,0.0,0.0002278102745523819,0.0,0.03806286294117164,0.0,0.0,0.0,-0.004622312796978969,0.0,0.0009862892018416651,0.0
6.047500000000245,0.0,0.0,0.0002152761034321157,0.0,0.03806531548337742,0.0,0.0,0.0,-0.00540459685167113,0.0,0.0009757380259826875,0.0
6.050000000000246,0.0,0.0,0.0002008494757138183,0.0,0.03806773406759906,0.0,0.0,0.0,-0.006136292596227131,0.0,0.0009591259168592644,0.0
6.052500000000246,0.0,0.0,0.0001846577710006765,0.0,0.03807010366814684,0.0,0.0,0.0,-0.006816673953270603,0.0,0.00093655422564672,0.0
6.055000000000247,0.0,0.0,0.0001668301152625471,0.0,0.03807240956555814,0.0,0.0,0.0,-0.007445069860949612,0.0,0.0009081665571613794,0.0
6.057500000000247,0.0,0.0,0.0001474966468420847,0.0,0.03807463740138084,0.0,0.0,0.0,-0.008021341223530135,0.0,0.0008741081110936606,0.0
6.060000000000247,0.0,0.0,0.0001267879258097619,0.0,0.03807677321259123,0.0,0.0,0.0,-0.008545289789591941,0.0,0.0008345500162320609,0.0
6.062500000000248,0.0,0.0,0.0001048348694134158,0.0,0.03807880349270719,0.0,0.0,0.0,-0.009016828029628304,0.0,0.0007896863650818043,0.0
6.065000000000248,0.0,0.0,8.176831280882926e-05,0.0,0.03808071524818357,0.0,0.0,0.0,-0.009436109051052684,0.0,0.0007397334032635447,0.0
6.067500000000249,0.0,0.0,5.771849012726844e-05,0.0,0.03808249605263425,0.0,0.0,0.0,-0.009803460631856942,0.0,0.0006849286137164337,0.0
6.070000000000249,0.0,0.0,3.28144495186264e-05,0.0,0.03808413411745407,0.0,0.0,0.0,-0.01011950318148235,0.0,0.0006255446728998888,0.0
6.072500000000249,0.0,0.0,7.184123768761169e-06,0.0,0.03808561828843576,0.0,0.0,0.0,-0.01038450886107867,0.0,0.0005618164508564635,0.0
6.07500000000025,0.0,0.0,-1.904550567722863e-05,0.0,0.03808693802187221,0.0,0.0,0.0,-0.01059896657341233,0.0,0.0004939974750307396,0.0
6.07750000000025,0.0,0.0,-4.574876117147314e-05,0.0,0.03808808342667488,0.0,0.0,0.0,-0.0107634304306001,0.0,0.0004223563030164616,0.0
6.080000000000251,0.0,0.0,-7.280145456249584e-05,0.0,0.03808904528713468,0.0,0.0,0.0,-0.01087853787262593,0.0,0.0003471646747490783,0.0
6.082500000000251,0.0,0.0,-0.0001000811643912298,0.0,0.03808981507074304,0.0,0.0,0.0,-0.01094506472698917,0.0,0.000268697402986704,0.0
6.085000000000251,0.0,0.0,-0.0001274672353936813,0.0,0.03809038489446778,0.0,0.0,0.0,-0.01096364809159204,0.0,0.0001871992522728103,0.0
6.087500000000252,0.0,0.0,-0.0001548405650133172,0.0,0.03809074745080687,0.0,0.0,0.0,-0.01093489327620753,0.0,0.0001028858690110797,0.0
6.090000000000252,0.0,0.0,-0.0001820834844907736,0.0,0.03809089594717389,0.0,0.0,0.0,-0.01085934145864544,0.0,1.595365286460867e-05,0.0
6.092500000000252,0.0,0.0,-0.0002090796543999448,0.0,0.03809082409546337,0.0,0.0,0.0,-0.01073751554763223,0.0,-7.339031785202049e-05,0.0
6.095000000000253,0.0,0.0,-0.0002357137260301191,0.0,0.0380905260700347,0.0,0.0,0.0,-0.01056968492557063,0.0,-0.000164983128148958,0.0
6.097500000000253,0.0,0.0,-0.0002618702732636394,0.0,0.03808999632109354,0.0,0.0,0.0,-0.01035551884790036,0.0,-0.0002587669276318856,0.0
6.100000000000254,0.0,0.0,-0.0002874335699900539,0.0,0.03808922953107361,0.0,0.0,0.0,-0.01007496222435239,0.0,-0.0003493234398154642,0.0
6.102500000000254,0.0,0.0,-0.0003117159757122023,0.0,0.03808837117456196,0.0,0.0,0.0,-0.009257850062854327,0.0,-0.0003128546229850265,0.0
6.105000000000254,0.0,0.0,-0.0003332736801669318,0.0,0.03808776625253715,0.0,0.0,0.0,-0.007909322637315159,0.0,-0.0001502765392525955,0.0
6.107500000000255,0.0,0.0,-0.0003508218448870529,0.0,0.03808771915810053,0.0,0.0,0.0,-0.006053474464664269,0.0,0.0001325604806937806,0.0
6.110000000000255,0.0,0.0,-0.0003653620022045165,0.0,0.03808793511983945,0.0,0.0,0.0,-0.005602056845512307,0.0,3.414744415286784e-05,0.0
6.112500000000256,0.0,0.0,-0.0003787803304820804,0.0,0.0380878884199869,0.0,0.0,0.0,-0.005132760962344608,0.0,-7.145505525579212e-05,0.0
6.115000000000256,0.0,0.0,-0.0003909756340718705,0.0,0.03808757663448828,0.0,0.0,0.0,-0.004598495280657603,0.0,-0.0001711368867757631,0.0
6.117500000000256,0.0,0.0,-0.0004014785114095772,0.0,0.03808709806296376,0.0,0.0,0.0,-0.003812691010539419,0.0,-0.0002140054631060021,0.0
6.120000000000257,0.0,0.0,-0.0004102807568575971,0.0,0.03808642831106697,0.0,0.0,0.0,-0.003229334878103376,0.0,-0.0003217396419420839,0.0
6.122500000000257,0.0,0.0,-0.0004175808844478958,0.0,0.0380854889755728,0.0,0.0,0.0,-0.002611019456465703,0.0,-0.0004296708929900418,0.0
6.125000000000258,0.0,0.0,-0.0004232937706026258,0.0,0.03808427983424415,0.0,0.0,0.0,-0.001959564011213149,0.0,-0.0005375829679640038,0.0
6.127500000000258,0.0,0.0,-0.0004273389477332791,0.0,0.03808280120797252,0.0,0.0,0.0,-0.001276874001439191,0.0,-0.0006452576156556208,0.0
6.130000000000258,0.0,0.0,-0.0004295660508538828,0.0,0.03808107460207798,0.0,0.0,0.0,-0.0004633758969071789,0.0,-0.0007244251142880857,0.0
6.132500000000259,0.0,0.0,-0.0004290884383494782,0.0,0.03807932697704737,0.0,0.0,0.0,0.000947389333336523,0.0,-0.0006453468206257014,0.0
6.135000000000259,0.0,0.0,-0.000424361726143921,0.0,0.0380779690948921,0.0,0.0,0.0,0.002917430651213664,0.0,-0.0004177314616847225,0.0
6.13750000000026,0.0,0.0,-0.0004160443619189078,0.0,0.03807680481947442,0.0,0.0,0.0,0.003717191448724399,0.0,-0.0005188445188277075,0.0
6.14000000000026,0.0,0.0,-0.0004057493472615267,0.0,0.03807537624933983,0.0,0.0,0.0,0.004518393192874311,0.0,-0.0006239530934138752,0.0
6.14250000000026,0.0,0.0,-0.0003934288302129698,0.0,0.03807368666971157,0.0,0.0,0.0,0.005337576065442017,0.0,-0.0007276515338719436,0.0
6.145000000000261,0.0,0.0,-0.0003789647469989971,0.0,0.03807176140446256,0.0,0.0,0.0,0.006288605692053019,0.0,-0.0007968116269556154,0.0
6.147500000000261,0.0,0.0,-0.000361330055211636,0.0,0.03806988547796995,0.0,0.0,0.0,0.00792729146432708,0.0,-0.0006730964430980726,0.0
6.150000000000261,0.0,0.0,-0.0003393334107470949,0.0,0.03806839260762947,0.0,0.0,0.0,0.009525488538716816,0.0,-0.0005619511535810607,0.0
6.152500000000262,0.0,0.0,-0.0003143899862104597,0.0,0.03806688020873303,0.0,0.0,0.0,0.01040800771097342,0.0,-0.0006537816969730412,0.0
6.155000000000262,0.0,0.0,-0.0002872850850369504,0.0,0.03806512638039265,0.0,0.0,0.0,0.01127536983584084,0.0,-0.0007492262423834502,0.0
6.157500000000263,0.0,0.0,-0.0002580080176841256,0.0,0.03806313695743238,0.0,0.0,0.0,0.01214572963859255,0.0,-0.0008422574716845428,0.0
6.160000000000263,0.0,0.0,-0.0002264471044020218,0.0,0.0380609493270094,0.0,0.0,0.0,0.01317066420115065,0.0,-0.0008879903911918365,0.0
6.162500000000263,0.0,0.0,-0.0001916139204714233,0.0,0.03805885756329998,0.0,0.0,0.0,0.01463940552364747,0.0,-0.0008015935396048315,0.0
6.165000000000264,0.0,0.0,-0.0001539055429338393,0.0,0.03805675581822411,0.0,0.0,0.0,0.01551396584153324,0.0,-0.0008834483597010889,0.0
6.167500000000264,0.0,0.0,-0.0001140516221109894,0.0,0.03805444393012061,0.0,0.0,0.0,0.01636857149284718,0.0,-0.0009660115248958268,0.0
6.170000000000265,0.0,0.0,-7.207328567216233e-05,0.0,0.03805192954539519,0.0,0.0,0.0,0.01721349345284691,0.0,-0.001045446282778957,0.0
6.172500000000265,0.0,0.0,-2.79977980657694e-05,0.0,0.03804922064502958,0.0,0.0,0.0,0.01804628879361181,0.0,-0.001121624769187848,0.0
6.175000000000265,0.0,0.0,1.839581072124159e-05,0.0,0.03804640111325079,0.0,0.0,0.0,0.01914333931518002,0.0,-0.001111562539231506,0.0
6.177500000000266,0.0,0.0,6.79528582190585e-05,0.0,0.03804374243119638,0.0,0.0,0.0,0.02044049909182632,0.0,-0.001033517274753687,0.0
6.180000000000266,0.0,0.0,0.0001200657993889399,0.0,0.03804108641878291,0.0,0.0,0.0,0.02123467864471605,0.0,-0.00109557278490354,0.0
6.182500000000267,0.0,0.0,0.0001741006396721443,0.0,0.0380382691145557,0.0,0.0,0.0,0.02199257074581931,0.0,-0.001158228117761976,0.0
6.185000000000267,0.0,0.0,0.0002300001330548405,0.0,0.03803529996055157,0.0,0.0,0.0,0.02272640412396194,0.0,-0.001217053855316973,0.0
6.187500000000267,0.0,0.0,0.0002877011616228325,0.0,0.03803218867010474,0.0,0.0,0.0,0.02343380330211775,0.0,-0.001271938627652086,0.0
6.190000000000268,0.0,0.0,0.0003474076214753794,0.0,0.03802902817005077,0.0,0.0,0.0,0.02441958887206848,0.0,-0.001229413279704203,0.0
6.192500000000268,0.0,0.0,0.0004100252851654177,0.0,0.03802612677108259,0.0,0.0,0.0,0.0255997458047675,0.0,-0.001114227613137551,0.0
6.195000000000269,0.0,0.0,0.0004748281984821838,0.0,0.03802329859197962,0.0,0.0,0.0,0.0262268753106701,0.0,-0.001152875056270428,0.0
6.197500000000269,0.0,0.0,0.0005411169381223344,0.0,0.0380203677193813,0.0,0.0,0.0,0.0268035176984814,0.0,-0.001191792630166595,0.0
6.200000000000269,0.0,0.0,0.0006088005616571526,0.0,0.03801734508859608,0.0,0.0,0.0,0.02734279412166062,0.0,-0.001226283416833397,0.0
6.20250000000027,0.0,0.0,0.0006777837555547511,0.0,0.03801424199064111,0.0,0.0,0.0,0.02784318954374315,0.0,-0.001256168064518782,0.0
6.20500000000027,0.0,0.0,0.0007479669008735519,0.0,0.03801107011583233,0.0,0.0,0.0,0.02830276691645215,0.0,-0.001281307268795783,0.0
6.20750000000027,0.0,0.0,0.0008192456181749416,0.0,0.03800784144148989,0.0,0.0,0.0,0.028719662696243,0.0,-0.001301609909429969,0.0
6.210000000000271,0.0,0.0,0.0008915106926067926,0.0,0.03800456815690761,0.0,0.0,0.0,0.0290918695769913,0.0,-0.001316997776307369,0.0
6.212500000000271,0.0,0.0,0.000964648231803206,0.0,0.0380012626233668,0.0,0.0,0.0,0.02941765280641838,0.0,-0.001327411478217304,0.0
6.215000000000272,0.0,0.0,0.001038539825701484,0.0,0.03799793732153082,0.0,0.0,0.0,0.02969513306132934,0.0,-0.001332814886240677,0.0
6.217500000000272,0.0,0.0,0.001113062735891182,0.0,0.03799460480299453,0.0,0.0,0.0,0.02992272674494918,0.0,-0.001333187379955191,0.0
6.220000000000272,0.0,0.0,0.001188090350366053,0.0,0.03799127765154028,0.0,0.0,0.0,0.03009891872953963,0.0,-0.001328523816063712,0.0
6.222500000000273,0.0,0.0,0.001263492227332763,0.0,0.03798796844145773,0.0,0.0,0.0,0.03022216041261032,0.0,-0.001318836917297233,0.0
6.225000000000273,0.0,0.0,0.001339134456026466,0.0,0.03798468968911568,0.0,0.0,0.0,0.03029122468767766,0.0,-0.001304160297257816,0.0
6.227500000000274,0.0,0.0,0.001414879543773861,0.0,0.03798145378965613,0.0,0.0,0.0,0.03030447360305775,0.0,-0.00128455730227457,0.0
6.230000000000274,0.0,0.0,0.001490586159063372,0.0,0.03797827295524891,0.0,0.0,0.0,0.03026047398643394,0.0,-0.001260110955563848,0.0
6.232500000000274,0.0,0.0,0.001566110868013733,0.0,0.03797515921662169,0.0,0.0,0.0,0.03015897733426092,0.0,-0.001230883368565855,0.0
6.235000000000275,0.0,0.0,0.001641309585705101,0.0,0.03797212443542047,0.0,0.0,0.0,0.02999971018727039,0.0,-0.001196947719824423,0.0
6.237500000000275,0.0,0.0,0.001716037611093366,0.0,0.03796918025097828,0.0,0.0,0.0,0.02978245340696171,0.0,-0.00115840865912418,0.0
6.240000000000276,0.0,0.0,0.001790149972699376,0.0,0.03796633803581683,0.0,0.0,0.0,0.02950720958337479,0.0,-0.001115374982240716,0.0
6.242500000000276,0.0,0.0,0.00186350154667431,0.0,0.03796360885687964,0.0,0.0,0.0,0.02917385454265587,0.0,-0.001067982331829627,0.0
6.245000000000276,0.0,0.0,0.00193594731246497,0.0,0.0379610034407981,0.0,0.0,0.0,0.02878259477113232,0.0,-0.001016367321520498,0.0
6.247500000000277,0.0,0.0,0.002007342892238033,0.0,0.03795853214743185,0.0,0.0,0.0,0.02833373790991298,0.0,-0.0009606867412376524,0.0
6.250000000000277,0.0,0.0,0.002077544926531625,0.0,0.0379562049223209,0.0,0.0,0.0,0.02782779093441289,0.0,-0.000901115247454382,0.0
6.252500000000278,0.0,0.0,0.002146411583680609,0.0,0.03795403125705287,0.0,0.0,0.0,0.02726546897191386,0.0,-0.000837841338829911,0.0
6.255000000000278,0.0,0.0,0.002213802746839919,0.0,0.03795202014632575,0.0,0.0,0.0,0.02664742884781972,0.0,-0.0007710740122722121,0.0
6.257500000000278,0.0,0.0,0.002279580330573154,0.0,0.03795018004665476,0.0,0.0,0.0,0.02597463869446312,0.0,-0.0007010348081602037,0.0
6.260000000000279,0.0,0.0,0.002343608989806273,0.0,0.03794851885739021,0.0,0.0,0.0,0.0252483225185888,0.0,-0.0006279479186996907,0.0
6.262500000000279,0.0,0.0,0.002405756562350197,0.0,0.03794704388614335,0.0,0.0,0.0,0.02446980253859222,0.0,-0.0005520625251851683,0.0
6.265000000000279,0.0,0.0,0.002465893936758091,0.0,0.03794576178028936,0.0,0.0,0.0,0.02364019704239555,0.0,-0.0004736576337526314,0.0
6.26750000000028,0.0,0.0,0.002523895050819173,0.0,0.03794467848812753,0.0,0.0,0.0,0.02276082755286356,0.0,-0.0003930134626541516,0.0
6.27000000000028,0.0,0.0,0.002579637912084918,0.0,0.03794379927729296,0.0,0.0,0.0,0.02183362781754097,0.0,-0.0003103943455436301,0.0
6.272500000000281,0.0,0.0,0.002633005516881576,0.0,0.0379431287270021,0.0,0.0,0.0,0.02086065494184476,0.0,-0.0002260866786658636,0.0
6.275000000000281,0.0,0.0,0.002683886224899466,0.0,0.0379426706953031,0.0,0.0,0.0,0.01984414247384917,0.0,-0.0001403809907087925,0.0
6.277500000000281,0.0,0.0,0.002732174155052706,0.0,0.03794242829638953,0.0,0.0,0.0,0.01878646413071065,0.0,-5.358182613262881e-05,0.0
6.280000000000282,0.0,0.0,0.002777769514296526,0.0,0.03794240387520573,0.0,0.0,0.0,0.01769011652443071,0.0,3.399996180179185e-05,0.0
6.282500000000282,0.0,0.0,0.002820578884074639,0.0,0.03794259900416547,0.0,0.0,0.0,0.01655770257312817,0.0,0.0001220572060678228,0.0
6.285000000000283,0.0,0.0,0.002860515615266663,0.0,0.03794301449027696,0.0,0.0,0.0,0.01539203480035734,0.0,0.0002102847510671721,0.0
6.287500000000283,0.0,0.0,0.002897500271605761,0.0,0.03794365036933173,0.0,0.0,0.0,0.01419607082991088,0.0,0.0002983707811926477,0.0
6.290000000000283,0.0,0.0,0.002931461000920422,0.0,0.03794450590856711,0.0,0.0,0.0,0.012972920215035,0.0,0.00038601226532189,0.0
6.292500000000284,0.0,0.0,0.002962333648899513,0.0,0.03794557960469423,0.0,0.0,0.0,0.01172563168868187,0.0,0.0004728958257862242,0.0
6.295000000000284,0.0,0.0,0.002990061772051874,0.0,0.03794686918240391,0.0,0.0,0.0,0.0104573250947542,0.0,0.0005587172178487361,0.0
6.297500000000285,0.0,0.0,0.003014596923604745,0.0,0.03794837160096873,0.0,0.0,0.0,0.009171277881831088,0.0,0.0006431683595866776,0.0
6.300000000000285,0.0,0.0,0.003035898963102138,0.0,0.03795008306011098,0.0,0.0,0.0,0.007870857562333524,0.0,0.0007259496889347907,0.0
6.302500000000285,0.0,0.0,0.003053936107637884,0.0,0.03795199900564526,0.0,0.0,0.0,0.006559382693368179,0.0,0.0008067576620459131,0.0
6.305000000000286,0.0,0.0,0.003068684889102316,0.0,0.03795411412732818,0.0,0.0,0.0,0.00524018647536293,0.0,0.0008852909641772861,0.0
6.307500000000286,0.0,0.0,0.003080130222445985,0.0,0.03795642237053783,0.0,0.0,0.0,0.003916642081174745,0.0,0.0009612553989688968,0.0
6.310000000000286,0.0,0.0,0.003088265426706165,0.0,0.0379589169571856,0.0,0.0,0.0,0.002592099120150352,0.0,0.001034366236788554,0.0
6.312500000000287,0.0,0.0,0.003093092272514,0.0,0.03796159041515636,0.0,0.0,0.0,0.001269970583160919,0.0,0.001104353432979042,0.0
6.315000000000287,0.0,0.0,0.00309462110750862,0.0,0.03796443461449303,0.0,0.0,0.0,-4.629637321258516e-05,0.0,0.001170960298101693,0.0
6.317500000000288,0.0,0.0,0.003092870778766069,0.0,0.03796744079438848,0.0,0.0,0.0,-0.00135334887524332,0.0,0.001233938997146018,0.0
6.320000000000288,0.0,0.0,0.003087868507999437,0.0,0.03797059960545523,0.0,0.0,0.0,-0.002647840111557656,0.0,0.00129306649044655,0.0
6.322500000000288,0.0,0.0,0.003079649928532511,0.0,0.03797390114847647,0.0,0.0,0.0,-0.003926387669136971,0.0,0.00134812594574895,0.0
6.325000000000289,0.0,0.0,0.00306825906808644,0.0,0.03797733500000525,0.0,0.0,0.0,-0.005185658474594877,0.0,0.001398914811860936,0.0
6.327500000000289,0.0,0.0,0.003053748802129485,0.0,0.03798089024392832,0.0,0.0,0.0,-0.006421907525709151,0.0,0.001445241490862948,0.0
6.33000000000029,0.0,0.0,0.003036181309822455,0.0,0.03798455544230978,0.0,0.0,0.0,-0.007631436974066412,0.0,0.001486880135770839,0.0
6.33250000000029,0.0,0.0,0.003015627555941105,0.0,0.03798831854913079,0.0,0.0,0.0,-0.00881091600333778,0.0,0.001523570151819734,0.0
6.33500000000029,0.0,0.0,0.002992166998320127,0.0,0.03799216687666815,0.0,0.0,0.0,-0.009956881116364604,0.0,0.001555058771034995,0.0
6.337500000000291,0.0,0.0,0.002965887726000092,0.0,0.03799608712023141,0.0,0.0,0.0,-0.01106589096832569,0.0,0.001581105196184273,0.0
6.340000000000291,0.0,0.0,0.002936885965923472,0.0,0.03800006539371859,0.0,0.0,0.0,-0.01213487650639072,0.0,0.001601485074690329,0.0
6.342500000000292,0.0,0.0,0.002905264848036971,0.0,0.03800408726511947,0.0,0.0,0.0,-0.01316138401695063,0.0,0.001615986064225918,0.0
6.345000000000292,0.0,0.0,0.002871133968838111,0.0,0.03800813784920699,0.0,0.0,0.0,-0.01414269413400808,0.0,0.001624457909375452,0.0
6.347500000000292,0.0,0.0,0.002834608765750746,0.0,0.0380122019226277,0.0,0.0,0.0,-0.01507685321902448,0.0,0.001626780364690718,0.0
6.350000000000293,0.0,0.0,0.002795809460910091,0.0,0.03801626406909572,0.0,0.0,0.0,-0.0159619873624441,0.0,0.001622919315292536,0.0
6.352500000000293,0.0,0.0,0.002754860490133446,0.0,0.03802030884655298,0.0,0.0,0.0,-0.01679659916564816,0.0,0.001612888210809679,0.0
6.355000000000294,0.0,0.0,0.00271188924313657,0.0,0.03802432088004859,0.0,0.0,0.0,-0.0175798226303117,0.0,0.00159672727497222,0.0
6.357500000000294,0.0,0.0,0.002667025205903476,0.0,0.03802828496000946,0.0,0.0,0.0,-0.01831084674188064,0.0,0.001574528562856599,0.0
6.360000000000294,0.0,0.0,0.002620399791962399,0.0,0.03803218616465586,0.0,0.0,0.0,-0.01898894041828557,0.0,0.001546430226275766,0.0
6.362500000000295,0.0,0.0,0.002572145508032957,0.0,0.03803600991714396,0.0,0.0,0.0,-0.01961395986699838,0.0,0.001512570057049605,0.0
6.365000000000295,0.0,0.0,0.002522395389797163,0.0,0.03803974202568902,0.0,0.0,0.0,-0.02018562580236001,0.0,0.001473118289533238,0.0
6.367500000000295,0.0,0.0,0.002471282896423151,0.0,0.03804336874480359,0.0,0.0,0.0,-0.02070387861439447,0.0,0.001428261720064781,0.0
6.370000000000296,0.0,0.0,0.0024189415170361,0.0,0.03804687682490184,0.0,0.0,0.0,-0.02116875393084974,0.0,0.001378210262241024,0.0
6.372500000000296,0.0,0.0,0.002365504333263024,0.0,0.03805025357092551,0.0,0.0,0.0,-0.02158054210759912,0.0,0.001323197620362034,0.0
6.375000000000297,0.0,0.0,0.002311103356136352,0.0,0.03805348690943713,0.0,0.0,0.0,-0.02193980926099201,0.0,0.001263487380552155,0.0
6.377500000000297,0.0,0.0,0.002255869321794351,0.0,0.03805656541036805,0.0,0.0,0.0,-0.02224700816602329,0.0,0.001199330551152586,0.0
6.380000000000297,0.0,0.0,0.002199931825594818,0.0,0.03805947826965408,0.0,0.0,0.0,-0.022502599401736,0.0,0.001130976995834445,0.0
6.382500000000298,0.0,0.0,0.002143419265911077,0.0,0.03806221533336906,0.0,0.0,0.0,-0.02270707987960322,0.0,0.001058696947446239,0.0
6.385000000000298,0.0,0.0,0.002086458620333424,0.0,0.0380647671225932,0.0,0.0,0.0,-0.0228610893532792,0.0,0.0009827601764884318,0.0
6.387500000000299,0.0,0.0,0.002029175103869062,0.0,0.03806712484088341,0.0,0.0,0.0,-0.02296539802883064,0.0,0.0009034428831488472,0.0
6.390000000000299,0.0,0.0,0.001971692100067069,0.0,0.03806928036046365,0.0,0.0,0.0,-0.02302070070815929,0.0,0.000821003776153425,0.0
6.392500000000299,0.0,0.0,0.001914131314223569,0.0,0.03807122615745553,0.0,0.0,0.0,-0.02302764519100491,0.0,0.0007356672814144813,0.0
6.3950000000003,0.0,0.0,0.00185661293027364,0.0,0.03807295523929119,0.0,0.0,0.0,-0.02298680085449697,0.0,0.0006476340474219265,0.0
6.3975000000003,0.0,0.0,0.001799255743041752,0.0,0.0380744611238084,0.0,0.0,0.0,-0.02289870896734088,0.0,0.0005571117974521216,0.0
6.400000000000301,0.0,0.0,0.001742177296837731,0.0,0.03807573782852841,0.0,0.0,0.0,-0.02276383053350209,0.0,0.0004642923720490737,0.0
6.402500000000301,0.0,0.0,0.001685494848378723,0.0,0.03807677970090322,0.0,0.0,0.0,-0.02258193269920444,0.0,0.0003692480510616633,0.0
6.405000000000301,0.0,0.0,0.001629852026459938,0.0,0.03807771580412257,0.0,0.0,0.0,-0.02166080339698076,0.0,0.0004490977448076228,0.0
6.407500000000302,0.0,0.0,0.001576443821291468,0.0,0.03807881949370683,0.0,0.0,0.0,-0.02097611563162657,0.0,0.0004574024052737152,0.0
6.410000000000302,0.0,0.0,0.001525409183046131,0.0,0.03808010050746669,0.0,0.0,0.0,-0.01977368400890513,0.0,0.0005878832642806629,0.0
6.412500000000303,0.0,0.0,0.001478018707476226,0.0,0.0380818586287834,0.0,0.0,0.0,-0.01806219896205648,0.0,0.0008387253092909841,0.0
6.415000000000303,0.0,0.0,0.001433416169169085,0.0,0.03808383635045286,0.0,0.0,0.0,-0.01764113582015195,0.0,0.0007378937336753761,0.0
6.417500000000303,0.0,0.0,0.001389865790796714,0.0,0.0380855465293698,0.0,0.0,0.0,-0.01719916466291321,0.0,0.0006302944391607809,0.0
6.420000000000304,0.0,0.0,0.001347471488454646,0.0,0.03808698652264845,0.0,0.0,0.0,-0.01671629873172937,0.0,0.0005217470463655309,0.0
6.422500000000304,0.0,0.0,0.001306333707615862,0.0,0.03808815423916739,0.0,0.0,0.0,-0.01619397103527873,0.0,0.0004124747636656046,0.0
6.425000000000304,0.0,0.0,0.001266549124759188,0.0,0.03808904814144856,0.0,0.0,0.0,-0.01563376365708006,0.0,0.0003026972921022909,0.0
6.427500000000305,0.0,0.0,0.001228210277133903,0.0,0.03808966724840281,0.0,0.0,0.0,-0.01503740579705139,0.0,0.0001926400341410589,0.0
6.430000000000305,0.0,0.0,0.001191405316384584,0.0,0.03809001113388144,0.0,0.0,0.0,-0.0144066766977775,0.0,8.252153938013114e-05,0.0
6.432500000000306,0.0,0.0,0.001156217792499681,0.0,0.03809007991722912,0.0,0.0,0.0,-0.01374347835643009,0.0,-2.744034956818929e-05,0.0
6.435000000000306,0.0,0.0,0.001122726440441977,0.0,0.03808987425371114,0.0,0.0,0.0,-0.01302798111498646,0.0,-0.0001310143515372834,0.0
6.437500000000306,0.0,0.0,0.001091621805557007,0.0,0.03808956582796391,0.0,0.0,0.0,-0.0117545317566813,0.0,-8.764911952472562e-05,0.0
6.440000000000307,0.0,0.0,0.001064422408515718,0.0,0.03808955717264496,0.0,0.0,0.0,-0.009919673284521294,0.0,0.0001044175283275541,0.0
6.442500000000307,0.0,0.0,0.001041934551957089,0.0,0.03809005595389013,0.0,0.0,0.0,-0.008255611161805726,0.0,0.0002435901870359875,0.0
6.445000000000308,0.0,0.0,0.001022341542040781,0.0,0.03809054686120857,0.0,0.0,0.0,-0.007444132385333939,0.0,0.0001422602898429234,0.0
6.447500000000308,0.0,0.0,0.001004738642597605,0.0,0.03809076878268223,0.0,0.0,0.0,-0.006638482783170592,0.0,3.532874004126705e-05,0.0
6.450000000000308,0.0,0.0,0.000989170947666248,0.0,0.03809072526856482,0.0,0.0,0.0,-0.005793563124047927,0.0,-6.373461971289665e-05,0.0
6.452500000000309,0.0,0.0,0.0009763783965352784,0.0,0.03809061891150313,0.0,0.0,0.0,-0.004322341640845651,0.0,1.226467474484235e-05,0.0
6.455000000000309,0.0,0.0,0.0009678725216685,0.0,0.03809087306875253,0.0,0.0,0.0,-0.002605957973328357,0.0,0.0001561904732117454,0.0
6.45750000000031,0.0,0.0,0.000962471732624902,0.0,0.03809115023398644,0.0,0.0,0.0,-0.00173364989760244,0.0,6.032160844678129e-05,0.0
6.46000000000031,0.0,0.0,0.0009592137809202204,0.0,0.03809117728265599,0.0,0.0,0.0,-0.0008731062838825737,0.0,-3.863420495385144e-05,0.0
6.46250000000031,0.0,0.0,0.0009581125751947886,0.0,0.03809095986958314,0.0,0.0,0.0,-8.264655437240196e-06,0.0,-0.0001352477548161147,0.0
6.465000000000311,0.0,0.0,0.0009591756624155836,0.0,0.03809050404398904,0.0,0.0,0.0,0.0009012727341993832,0.0,-0.0002168969930507944,0.0
6.467500000000311,0.0,0.0,0.000963254677593934,0.0,0.03809006308025062,0.0,0.0,0.0,0.002352665212014848,0.0,-0.0001383959396933351,0.0
6.470000000000312,0.0,0.0,0.0009702381210062132,0.0,0.03808961291814109,0.0,0.0,0.0,0.003223421785849105,0.0,-0.0002246551985141878,0.0
6.472500000000312,0.0,0.0,0.0009793654855334158,0.0,0.03808894335142526,0.0,0.0,0.0,0.004078018513571516,0.0,-0.0003109528460830272,0.0
6.475000000000312,0.0,0.0,0.00099061884812764,0.0,0.03808806187308609,0.0,0.0,0.0,0.004924214758284324,0.0,-0.0003941850116560855,0.0
6.477500000000313,0.0,0.0,0.001003974126272401,0.0,0.03808697631528504,0.0,0.0,0.0,0.005759546731786887,0.0,-0.0004742170401581179,0.0
6.480000000000313,0.0,0.0,0.001019473755356638,0.0,0.03808571642758024,0.0,0.0,0.0,0.006685675258558822,0.0,-0.0005199861681829739,0.0
6.482500000000313,0.0,0.0,0.001038042197983178,0.0,0.0380845761400999,0.0,0.0,0.0,0.008289628441297445,0.0,-0.0003562438344058415,0.0
6.485000000000314,0.0,0.0,0.001060018241984982,0.0,0.03808367740253108,0.0,0.0,0.0,0.009182827501534922,0.0,-0.000394769505283294,0.0
6.487500000000314,0.0,0.0,0.001083931919195003,0.0,0.0380826067819223,0.0,0.0,0.0,0.00994763199125126,0.0,-0.0004616898808165072,0.0
6.490000000000315,0.0,0.0,0.00110972898017896,0.0,0.03808137358115125,0.0,0.0,0.0,0.01068953690607577,0.0,-0.0005248347697658773,0.0
6.492500000000315,0.0,0.0,0.001137349349216064,0.0,0.03807998737728393,0.0,0.0,0.0,0.01140628215298431,0.0,-0.0005840935971727518,0.0
6.495000000000315,0.0,0.0,0.001166806768221669,0.0,0.03807848221273194,0.0,0.0,0.0,0.01220666869168495,0.0,-0.0006055662155238683,0.0
6.497500000000316,0.0,0.0,0.001199021968226752,0.0,0.03807716992223144,0.0,0.0,0.0,0.01352936783604376,0.0,-0.0004550789562499448,0.0
6.500000000000316,0.0,0.0,0.001233658371510302,0.0,0.03807598197588552,0.0,0.0,0.0,0.01416691409188948,0.0,-0.0004990118610968398,0.0
6.502500000000317,0.0,0.0,0.001269814924799542,0.0,0.0380746801388438,0.0,0.0,0.0,0.01475786700726938,0.0,-0.0005424318841756861,0.0
6.505000000000317,0.0,0.0,0.001307403608013767,0.0,0.03807327522805175,0.0,0.0,0.0,0.01531262941733326,0.0,-0.0005814725089710515,0.0
6.507500000000317,0.0,0.0,0.001346332045534261,0.0,0.0380717784240923,0.0,0.0,0.0,0.01582968251765979,0.0,-0.0006159482757336981,0.0
6.510000000000318,0.0,0.0,0.001386503552711741,0.0,0.0380702013107222,0.0,0.0,0.0,0.01630709849145316,0.0,-0.0006457220353104751,0.0
6.512500000000318,0.0,0.0,0.001427816602046725,0.0,0.03806855576462819,0.0,0.0,0.0,0.01674293096228239,0.0,-0.0006706965624660445,0.0
6.515000000000319,0.0,0.0,0.001470164859689793,0.0,0.0380668538864508,0.0,0.0,0.0,0.01713528120325555,0.0,-0.0006907899091757078,0.0
6.517500000000319,0.0,0.0,0.001513437315327548,0.0,0.03806510795314167,0.0,0.0,0.0,0.01748230680497875,0.0,-0.000705942961828994,0.0
6.520000000000319,0.0,0.0,0.00155751829826826,0.0,0.03806333036965948,0.0,0.0,0.0,0.01778212188023095,0.0,-0.0007161124189143186,0.0
6.52250000000032,0.0,0.0,0.001602287787792643,0.0,0.03806153362181068,0.0,0.0,0.0,0.01803313211004626,0.0,-0.0007212768918799684,0.0
6.52500000000032,0.0,0.0,0.001647621771410472,0.0,0.03805973024070267,0.0,0.0,0.0,0.01823373864783701,0.0,-0.0007214215268768825,0.0
6.52750000000032,0.0,0.0,0.001693392367356019,0.0,0.03805793275418578,0.0,0.0,0.0,0.01838244470285175,0.0,-0.0007165637617939551,0.0
6.530000000000321,0.0,0.0,0.001739468294944428,0.0,0.03805615363812362,0.0,0.0,0.0,0.01847802775020628,0.0,-0.0007067277472272318,0.0
6.532500000000321,0.0,0.0,0.001785714657854008,0.0,0.0380544052626075,0.0,0.0,0.0,0.01851881812791569,0.0,-0.000691973929744438,0.0
6.535000000000322,0.0,0.0,0.001831992680088894,0.0,0.0380526998246753,0.0,0.0,0.0,0.01850338161935832,0.0,-0.0006723802999464475,0.0
6.537500000000322,0.0,0.0,0.001878161182115915,0.0,0.03805104933842133,0.0,0.0,0.0,0.01843122974107008,0.0,-0.0006480152046766328,0.0
6.540000000000322,0.0,0.0,0.001924078119366889,0.0,0.03804946564811498,0.0,0.0,0.0,0.01830215810505275,0.0,-0.0006189461759121456,0.0
6.542500000000323,0.0,0.0,0.001969600873766326,0.0,0.03804796039116506,0.0,0.0,0.0,0.01811591249395476,0.0,-0.000585271151089308,0.0
6.545000000000323,0.0,0.0,0.002014586499118545,0.0,0.0380465449511688,0.0,0.0,0.0,0.01787248448297434,0.0,-0.0005470952371595904,0.0
6.547500000000324,0.0,0.0,0.002058891824681367,0.0,0.03804523041304642,0.0,0.0,0.0,0.0175717030078205,0.0,-0.0005045522469742472,0.0
6.550000000000324,0.0,0.0,0.002102373702582564,0.0,0.03804402752443167,0.0,0.0,0.0,0.01721375730419464,0.0,-0.0004577782015055764,0.0
6.552500000000324,0.0,0.0,0.002144889549247042,0.0,0.03804294666959507,0.0,0.0,0.0,0.01679890941400649,0.0,-0.0004069277554571659,0.0
6.555000000000325,0.0,0.0,0.002186297749690618,0.0,0.0380419978288576,0.0,0.0,0.0,0.01632767208606812,0.0,-0.0003521694077905246,0.0
6.557500000000325,0.0,0.0,0.00222645824938837,0.0,0.03804119054183771,0.0,0.0,0.0,0.01580078083049691,0.0,-0.0002936872117305923,0.0
6.560000000000326,0.0,0.0,0.00226523249859008,0.0,0.03804053385457318,0.0,0.0,0.0,0.01521870410061967,0.0,-0.0002316919631000684,0.0
6.562500000000326,0.0,0.0,0.002302483814205843,0.0,0.03804003627729294,0.0,0.0,0.0,0.01458246652225079,0.0,-0.0001664015050629676,0.0
6.565000000000326,0.0,0.0,0.002338078263093996,0.0,0.03803970577201909,0.0,0.0,0.0,0.01389324330406857,0.0,-9.803656061294656e-05,0.0
6.567500000000327,0.0,0.0,0.002371884997785068,0.0,0.03803954970964413,0.0,0.0,0.0,0.01315232773927453,0.0,-2.684929075679944e-05,0.0
6.570000000000327,0.0,0.0,0.002403776305607094,0.0,0.0380395748151366,0.0,0.0,0.0,0.0123609342539187,0.0,4.689573071356897e-05,0.0
6.572500000000328,0.0,0.0,0.002433627465927296,0.0,0.03803978712400174,0.0,0.0,0.0,0.01152024234801506,0.0,0.0001229115294161531,0.0
6.575000000000328,0.0,0.0,0.002461317572210304,0.0,0.03804019198557575,0.0,0.0,0.0,0.01063212339786706,0.0,0.0002009361346477331,0.0
6.577500000000328,0.0,0.0,0.002486730645372159,0.0,0.03804079406617574,0.0,0.0,0.0,0.009698647781617857,0.0,0.0002806851088473947,0.0
6.580000000000329,0.0,0.0,0.002509756010434486,0.0,0.03804159731372793,0.0,0.0,0.0,0.00872198836332703,0.0,0.0003618681825812236,0.0
6.582500000000329,0.0,0.0,0.002530288645476093,0.0,0.03804260493541091,0.0,0.0,0.0,0.007704494623099876,0.0,0.0004441830383901227,0.0
6.585000000000329,0.0,0.0,0.002548229603397781,0.0,0.03804381937448546,0.0,0.0,0.0,0.006648676818215776,0.0,0.0005273208620473632,0.0
6.58750000000033,0.0,0.0,0.002563486261839077,0.0,0.03804524230331655,0.0,0.0,0.0,0.00555708401055216,0.0,0.000610973610834103,0.0
6.59000000000033,0.0,0.0,0.002575972653538223,0.0,0.03804687462357143,0.0,0.0,0.0,0.004432492411468432,0.0,0.0006948332062326068,0.0
6.592500000000331,0.0,0.0,0.002585609973836213,0.0,0.03804871646790726,0.0,0.0,0.0,0.003277854438209661,0.0,0.0007785920822815691,0.0
6.595000000000331,0.0,0.0,0.002592326957578613,0.0,0.03805076720026609,0.0,0.0,0.0,0.002096249629294927,0.0,0.0008619429831384564,0.0
6.597500000000331,0.0,0.0,0.002596060007467981,0.0,0.03805302541383092,0.0,0.0,0.0,0.0008907327101873793,0.0,0.0009445765597465068,0.0
6.600000000000332,0.0,0.0,0.002596753211123603,0.0,0.03805548893142991,0.0,0.0,0.0,-0.0003356031620163896,0.0,0.001026185878890596,0.0
6.602500000000332,0.0,0.0,0.00259435865005922,0.0,0.03805815481090666,0.0,0.0,0.0,-0.001579456147580241,0.0,0.001106465887784488,0.0
6.605000000000333,0.0,0.0,0.002588836660642002,0.0,0.0380610193492406,0.0,0.0,0.0,-0.002837524247478388,0.0,0.001185112951275854,0.0
6.607500000000333,0.0,0.0,0.002580155878897833,0.0,0.03806407808570331,0.0,0.0,0.0,-0.004106469764565673,0.0,0.001261824545416011,0.0
6.610000000000333,0.0,0.0,0.002568293336408624,0.0,0.03806732581174847,0.0,0.0,0.0,-0.005382913997116118,0.0,0.001336304946602284,0.0
6.612500000000334,0.0,0.0,0.002553234411455641,0.0,0.03807075657171217,0.0,0.0,0.0,-0.00666355832074187,0.0,0.0014082521716759,0.0
6.615000000000334,0.0,0.0,0.002534972823296218,0.0,0.03807436367733411,0.0,0.0,0.0,-0.007945028660269348,0.0,0.00147738212107005,0.0
6.617500000000335,0.0,0.0,0.002513510806735325,0.0,0.03807813974350875,0.0,0.0,0.0,-0.00922388672402438,0.0,0.001543421411962332,0.0
6.620000000000335,0.0,0.0,0.002488859108915596,0.0,0.03808207671514515,0.0,0.0,0.0,-0.01049676092065927,0.0,0.001606107445154077,0.0
6.622500000000335,0.0,0.0,0.002461036946109426,0.0,0.03808616589947022,0.0,0.0,0.0,-0.01176024760988769,0.0,0.00166519266364961,0.0
6.625000000000336,0.0,0.0,0.002430072000769949,0.0,0.03809039801074417,0.0,0.0,0.0,-0.01301097751661648,0.0,0.001720450241493621,0.0
6.627500000000336,0.0,0.0,0.002396000299140138,0.0,0.03809476319888645,0.0,0.0,0.0,-0.01424564485455482,0.0,0.001771655530943079,0.0
6.630000000000337,0.0,0.0,0.002358866222852302,0.0,0.03809925107964678,0.0,0.0,0.0,-0.01546087122262296,0.0,0.001818605841107913,0.0
6.632500000000337,0.0,0.0,0.002318722903230131,0.0,0.03810385076957267,0.0,0.0,0.0,-0.01665303511289914,0.0,0.001861104487082259,0.0
6.635000000000337,0.0,0.0,0.002275632815578941,0.0,0.03810855086486296,0.0,0.0,0.0,-0.01781828346599004,0.0,0.001898931860464451,0.0
6.637500000000338,0.0,0.0,0.002229667349606257,0.0,0.03811333935622641,0.0,0.0,0.0,-0.01895333724939285,0.0,0.001931823229011439,0.0
6.640000000000338,0.0,0.0,0.002180906361120473,0.0,0.03811820358109932,0.0,0.0,0.0,-0.0200547037406398,0.0,0.001959520845336732,0.0
6.642500000000338,0.0,0.0,0.002129438338970712,0.0,0.0381231302511838,0.0,0.0,0.0,-0.0211189670412129,0.0,0.001981781488018071,0.0
6.645000000000339,0.0,0.0,0.002075359947097542,0.0,0.0381281054836792,0.0,0.0,0.0,-0.0221430046816007,0.0,0.001998373113925251,0.0
6.647500000000339,0.0,0.0,0.0020187751566096,0.0,0.03813311484868889,0.0,0.0,0.0,-0.02312409316244142,0.0,0.002009090034593886,0.0
6.65000000000034,0.0,0.0,0.001959794193970631,0.0,0.03813814343404487,0.0,0.0,0.0,-0.02405995123254713,0.0,0.002013752094948442,0.0
6.65250000000034,0.0,0.0,0.001898532943334336,0.0,0.03814317596007109,0.0,0.0,0.0,-0.02494833411347211,0.0,0.002012245429759463,0.0
6.65500000000034,0.0,0.0,0.001835112443743326,0.0,0.03814819695667563,0.0,0.0,0.0,-0.02578736283682326,0.0,0.002004531574416943,0.0
6.657500000000341,0.0,0.0,0.001769657990708411,0.0,0.03815319091862489,0.0,0.0,0.0,-0.02657551074623872,0.0,0.001990620819073278,0.0
6.660000000000341,0.0,0.0,0.001702297902511557,0.0,0.03815814239819795,0.0,0.0,0.0,-0.02731188599334062,0.0,0.001970548870318462,0.0
6.662500000000342,0.0,0.0,0.001633162651838695,0.0,0.03816303610510934,0.0,0.0,0.0,-0.02799565692425707,0.0,0.001944405946865082,0.0
6.665000000000342,0.0,0.0,0.001562384565662914,0.0,0.03816785702387399,0.0,0.0,0.0,-0.02862617161508187,0.0,0.001912321635494496,0.0
6.667500000000342,0.0,0.0,0.001490097195593513,0.0,0.03817259048515548,0.0,0.0,0.0,-0.0292031021419541,0.0,0.001874443278686072,0.0
6.670000000000343,0.0,0.0,0.001416434762190709,0.0,0.0381772222102709,0.0,0.0,0.0,-0.02972624112542151,0.0,0.001830936013533213,0.0
6.672500000000343,0.0,0.0,0.001341531808996049,0.0,0.03818173835602898,0.0,0.0,0.0,-0.03019553755680358,0.0,0.001781983098881312,0.0
6.675000000000344,0.0,0.0,0.001265522924603338,0.0,0.03818612557117572,0.0,0.0,0.0,-0.03061100642569758,0.0,0.001727794816621206,0.0
6.677500000000344,0.0,0.0,0.001188542291803385,0.0,0.03819037105798716,0.0,0.0,0.0,-0.03097295740456741,0.0,0.001668603710449869,0.0
6.680000000000344,0.0,0.0,0.001110722952457566,0.0,0.03819446263996571,0.0,0.0,0.0,-0.03128199338648162,0.0,0.001604674194046265,0.0
6.682500000000345,0.0,0.0,0.001032196784947802,0.0,0.03819838878343557,0.0,0.0,0.0,-0.0315384411912132,0.0,0.001536255999708069,0.0
6.685000000000345,0.0,0.0,0.0009530946430018918,0.0,0.03820213857514888,0.0,0.0,0.0,-0.03174279450356747,0.0,0.001463595822367123,0.0
6.687500000000346,0.0,0.0,0.0008735461802759185,0.0,0.03820570174562831,0.0,0.0,0.0,-0.03189551974214604,0.0,0.001386961970494408,0.0
6.690000000000346,0.0,0.0,0.0007936796249316903,0.0,0.03820906870248052,0.0,0.0,0.0,-0.03199729081164725,0.0,0.001306627798305863,0.0
6.692500000000346,0.0,0.0,0.0007136214785526891,0.0,0.03821223053540301,0.0,0.0,0.0,-0.03204881500496603,0.0,0.001222865615936864,0.0
6.695000000000347,0.0,0.0,0.0006334964337105666,0.0,0.03821517900626031,0.0,0.0,0.0,-0.03205083199845853,0.0,0.001135940808160442,0.0
6.697500000000347,0.0,0.0,0.000553427528131157,0.0,0.03821790648152953,0.0,0.0,0.0,-0.03200392601602635,0.0,0.001046071699005501,0.0
6.700000000000347,0.0,0.0,0.0004735363501010412,0.0,0.03822040585455288,0.0,0.0,0.0,-0.03190867246325708,0.0,0.0009534614856709288,0.0
6.702500000000348,0.0,0.0,0.0003939430922932203,0.0,0.03822267053018913,0.0,0.0,0.0,-0.03176561250030115,0.0,0.000858316187381764,0.0
6.705000000000348,0.0,0.0,0.000314766723135957,0.0,0.03822469441026681,0.0,0.0,0.0,-0.03157518398756859,0.0,0.0007608273029655625,0.0
6.707500000000349,0.0,0.0,0.0002361260660232244,0.0,0.03822647171397012,0.0,0.0,0.0,-0.03133706528022892,0.0,0.00066105724717716,0.0
6.710000000000349,0.0,0.0,0.0001586513592893593,0.0,0.03822812754239639,0.0,0.0,0.0,-0.03038365236068776,0.0,0.0007298184969387464,0.0
6.712500000000349,0.0,0.0,8.336507100277443e-05,0.0,0.0382298895347224,0.0,0.0,0.0,-0.02976905847110355,0.0,0.0006998033844647933,0.0
6.71500000000035,0.0,0.0,1.029139310575888e-05,0.0,0.0382317365343684,0.0,0.0,0.0,-0.02860850436502229,0.0,0.000799160699352912,0.0
6.71750000000035,0.0,0.0,-5.922800439218168e-05,0.0,0.03823398645269271,0.0,0.0,0.0,-0.02692945817455547,0.0,0.001021142355966584,0.0
6.720000000000351,0.0,0.0,-0.0001259271362785168,0.0,0.03823641333954136,0.0,0.0,0.0,-0.02644950814500161,0.0,0.0009152192635316104,0.0
6.722500000000351,0.0,0.0,-0.0001914221221255238,0.0,0.03823856093459863,0.0,0.0,0.0,-0.02594639719090388,0.0,0.0008029023835710161,0.0
6.725000000000351,0.0,0.0,-0.0002556072963120757,0.0,0.03824042651024519,0.0,0.0,0.0,-0.02540168353661823,0.0,0.0006896056443193007,0.0
6.727500000000352,0.0,0.0,-0.0003181977259191095,0.0,0.03824205713801728,0.0,0.0,0.0,-0.02460529807794077,0.0,0.000632552198593548,0.0
6.730000000000352,0.0,0.0,-0.0003787981570273174,0.0,0.03824353119090412,0.0,0.0,0.0,-0.02380878322776205,0.0,0.0005645978093691269,0.0
6.732500000000353,0.0,0.0,-0.0004374961043052289,0.0,0.0382447986028646,0.0,0.0,0.0,-0.02314959489237534,0.0,0.0004493832523817477,0.0
6.735000000000353,0.0,0.0,-0.0004945022082380957,0.0,0.03824577785651011,0.0,0.0,0.0,-0.02245533214061301,0.0,0.0003340726801009149,0.0
6.737500000000353,0.0,0.0,-0.0005497311869413426,0.0,0.0382464689892129,0.0,0.0,0.0,-0.02172791781250938,0.0,0.0002188879131996748,0.0
6.740000000000354,0.0,0.0,-0.0006031025944433697,0.0,0.03824687257967455,0.0,0.0,0.0,-0.02096257149561961,0.0,0.0001058995020749227,0.0
6.742500000000354,0.0,0.0,-0.0006540733775275203,0.0,0.03824711898723832,0.0,0.0,0.0,-0.01971401567215812,0.0,0.0001189662316193499,0.0
6.745000000000354,0.0,0.0,-0.0007012102282066766,0.0,0.03824758662828098,0.0,0.0,0.0,-0.0179097733383757,0.0,0.0002789263249237867,0.0
6.747500000000355,0.0,0.0,-0.0007433583521497856,0.0,0.03824857894143689,0.0,0.0,0.0,-0.01597953382745461,0.0,0.000467809144591326,0.0
6.750000000000355,0.0,0.0,-0.0007821803511514904,0.0,0.03824962263447539,0.0,0.0,0.0,-0.01510177931941237,0.0,0.0003607009771299843,0.0
6.752500000000356,0.0,0.0,-0.0008188417494719828,0.0,0.03825038394840181,0.0,0.0,0.0,-0.01422757253913579,0.0,0.0002484025100570016,0.0
6.755000000000356,0.0,0.0,-0.0008532956416717383,0.0,0.03825086638364013,0.0,0.0,0.0,-0.01332904767523046,0.0,0.0001395096829250739,0.0
6.757500000000356,0.0,0.0,-0.0008849860238286781,0.0,0.0382512198519736,0.0,0.0,0.0,-0.01190865323374355,0.0,0.0001758643135709325,0.0
6.760000000000357,0.0,0.0,-0.0009123556136045296,0.0,0.03825188011703324,0.0,0.0,0.0,-0.01009287559277792,0.0,0.0003224869851868,0.0
6.762500000000357,0.0,0.0,-0.0009363878768711876,0.0,0.03825256525269509,0.0,0.0,0.0,-0.009150304863194497,0.0,0.0002208410061941167,0.0
6.765000000000358,0.0,0.0,-0.0009580968650376736,0.0,0.03825298691157832,0.0,0.0,0.0,-0.008217222088661597,0.0,0.0001165358732041485,0.0
6.767500000000358,0.0,0.0,-0.0009774668127536987,0.0,0.038253150719171,0.0,0.0,0.0,-0.007279085254896993,0.0,1.456009208186407e-05,0.0
6.770000000000358,0.0,0.0,-0.0009944883583746708,0.0,0.03825306270318934,0.0,0.0,0.0,-0.00631452546619575,0.0,-7.796107526181822e-05,0.0
6.772500000000359,0.0,0.0,-0.001008493749147201,0.0,0.03825292224828394,0.0,0.0,0.0,-0.004832326474469782,0.0,-1.756957846142718e-05,0.0
6.775000000000359,0.0,0.0,-0.001019381675367461,0.0,0.038252766533588,0.0,0.0,0.0,-0.003887290841953585,0.0,-0.0001095338031282319,0.0
6.77750000000036,0.0,0.0,-0.0010279357343106,0.0,0.03825237812360738,0.0,0.0,0.0,-0.002956354223319601,0.0,-0.0002011469144470784,0.0
6.78000000000036,0.0,0.0,-0.001034172075414837,0.0,0.03825176451231008,0.0,0.0,0.0,-0.00203312328138432,0.0,-0.000289695291671076,0.0
6.78250000000036,0.0,0.0,-0.00103811306672537,0.0,0.03825093353401657,0.0,0.0,0.0,-0.001120079841874252,0.0,-0.0003750410599619076,0.0
6.785000000000361,0.0,0.0,-0.001039787227009965,0.0,0.03824989336006359,0.0,0.0,0.0,-0.0001954838164367695,0.0,-0.0004498677063773723,0.0
6.787500000000361,0.0,0.0,-0.001038475652842958,0.0,0.03824887634950136,0.0,0.0,0.0,0.001369047607080173,0.0,-0.0003266367511347956,0.0
6.790000000000362,0.0,0.0,-0.001033353691368637,0.0,0.03824814834531626,0.0,0.0,0.0,0.002597794651190899,0.0,-0.000294443543817154,0.0
6.792500000000362,0.0,0.0,-0.001025753811432511,0.0,0.03824733629447417,0.0,0.0,0.0,0.003462225057810804,0.0,-0.0003609365357619477,0.0
6.795000000000362,0.0,0.0,-0.001016069305845431,0.0,0.03824634829689184,0.0,0.0,0.0,0.004284942930693481,0.0,-0.0004294233801569046,0.0
6.797500000000363,0.0,0.0,-0.001004358684145481,0.0,0.03824519395362289,0.0,0.0,0.0,0.005083120410102671,0.0,-0.0004940142557857068,0.0
6.800000000000363,0.0,0.0,-0.0009906862978913554,0.0,0.03824388314128551,0.0,0.0,0.0,0.005879320855088193,0.0,-0.0005470098457948245,0.0
6.802500000000363,0.0,0.0,-0.0009743579429718096,0.0,0.03824265838864666,0.0,0.0,0.0,0.007167516625638975,0.0,-0.0004374491047689576,0.0
6.805000000000364,0.0,0.0,-0.000955527574526398,0.0,0.03824150626750904,0.0,0.0,0.0,0.007886430143887528,0.0,-0.0004872332072299986,0.0
6.807500000000364,0.0,0.0,-0.0009349667621987508,0.0,0.03824022751319834,0.0,0.0,0.0,0.008561799385353126,0.0,-0.000535741050921575,0.0
6.810000000000365,0.0,0.0,-0.0009127621646275614,0.0,0.03823883297951367,0.0,0.0,0.0,0.009201467800166197,0.0,-0.0005798583805645649,0.0
6.812500000000365,0.0,0.0,-0.0008890050033905002,0.0,0.03823733386926661,0.0,0.0,0.0,0.009803861040730716,0.0,-0.0006194041109298696,0.0
6.815000000000365,0.0,0.0,-0.0008637908101647389,0.0,0.03823574179569377,0.0,0.0,0.0,0.01036710539920567,0.0,-0.0006542309902174086,0.0
6.817500000000366,0.0,0.0,-0.0008372198899060078,0.0,0.03823406868708999,0.0,0.0,0.0,0.01088925605190869,0.0,-0.000684234196244746,0.0
6.820000000000366,0.0,0.0,-0.0008093973896493361,0.0,0.03823232670302087,0.0,0.0,0.0,0.0113683841577991,0.0,-0.0007093335215327881,0.0
6.822500000000367,0.0,0.0,-0.000780433269088159,0.0,0.03823052818440336,0.0,0.0,0.0,0.01180256846684874,0.0,-0.0007294640842296314,0.0
6.825000000000367,0.0,0.0,-0.000750442128267023,0.0,0.03822868561224299,0.0,0.0,0.0,0.01219001787631367,0.0,-0.0007445786859726861,0.0
6.827500000000367,0.0,0.0,-0.000719542888037387,0.0,0.0382268115583032,0.0,0.0,0.0,0.01252906678654359,0.0,-0.0007546519077688026,0.0
6.830000000000368,0.0,0.0,-0.0006878585650548111,0.0,0.0382249186411268,0.0,0.0,0.0,0.01281810427852123,0.0,-0.0007596717350105153,0.0
6.832500000000368,0.0,0.0,-0.0006555160988958906,0.0,0.03822301947542705,0.0,0.0,0.0,0.01305560272944708,0.0,-0.0007596532347688555,0.0
6.835000000000369,0.0,0.0,-0.0006226458522859232,0.0,0.03822112663356451,0.0,0.0,0.0,0.01324035123073343,0.0,-0.0007546152161920219,0.0
6.837500000000369,0.0,0.0,-0.0005893817326368513,0.0,0.03821925259565246,0.0,0.0,0.0,0.01337072493258525,0.0,-0.0007446126535876971,0.0
6.840000000000369,0.0,0.0,-0.0005558613795947639,0.0,0.03821740968311282,0.0,0.0,0.0,0.01344536317769908,0.0,-0.0007297175130048266,0.0
6.84250000000037,0.0,0.0,-0.0005222254858724182,0.0,0.03821561002121877,0.0,0.0,0.0,0.01346318403448047,0.0,-0.0007100147314657448,0.0
6.84500000000037,0.0,0.0,-0.0004886161089265004,0.0,0.03821386555195041,0.0,0.0,0.0,0.01342417686793468,0.0,-0.000685566024860606,0.0
6.847500000000371,0.0,0.0,-0.0004551756084978012,0.0,0.03821218802526728,0.0,0.0,0.0,0.01332811065980329,0.0,-0.0006564632773974256,0.0
6.850000000000371,0.0,0.0,-0.0004220466600302155,0.0,0.03821058894033565,0.0,0.0,0.0,0.01317496376015338,0.0,-0.0006228152289644666,0.0
6.852500000000371,0.0,0.0,-0.0003893722662397555,0.0,0.03820907950078415,0.0,0.0,0.0,0.0129644961468132,0.0,-0.000584749557375547,0.0
6.855000000000372,0.0,0.0,-0.0003572955163040137,0.0,0.03820767057628499,0.0,0.0,0.0,0.01269687844110489,0.0,-0.000542405743307202,0.0
6.857500000000372,0.0,0.0,-0.0003259589411041658,0.0,0.03820637267486676,0.0,0.0,0.0,0.01237238661766497,0.0,-0.0004959336155254774,0.0
6.860000000000372,0.0,0.0,-0.000295504153311149,0.0,0.03820519590963831,0.0,0.0,0.0,0.01199147916764497,0.0,-0.0004454992708119035,0.0
6.862500000000373,0.0,0.0,-0.0002660712767211441,0.0,0.03820414995588457,0.0,0.0,0.0,0.0115548885788697,0.0,-0.0003912868611561216,0.0
6.865000000000373,0.0,0.0,-0.0002377989595562991,0.0,0.0382032439957047,0.0,0.0,0.0,0.01106306295102384,0.0,-0.0003335067679276298,0.0
6.867500000000374,0.0,0.0,-0.000210824065750857,0.0,0.03820248667944304,0.0,0.0,0.0,0.01051698138469065,0.0,-0.0002723740077239625,0.0
6.870000000000374,0.0,0.0,-0.0001852807888293915,0.0,0.03820188610842795,0.0,0.0,0.0,0.009917800985115743,0.0,-0.0002081127715783851,0.0
6.872500000000374,0.0,0.0,-0.0001613003108493379,0.0,0.03820144979394136,0.0,0.0,0.0,0.009266773778718766,0.0,-0.0001409708926012934,0.0
6.875000000000375,0.0,0.0,-0.0001390105594823573,0.0,0.03820118462119361,0.0,0.0,0.0,0.00856525111870559,0.0,-7.12013908560644e-05,0.0
6.877500000000375,0.0,0.0,-0.0001185364877765732,0.0,0.0382010967864553,0.0,0.0,0.0,0.007814261626369615,0.0,8.976309973023944e-07,0.0
6.880000000000376,0.0,0.0,-9.99995525316876e-05,0.0,0.03820119178365575,0.0,0.0,0.0,0.007015573327409329,0.0,7.506238828908397e-05,0.0
6.882500000000376,0.0,0.0,-8.351643727796718e-05,0.0,0.03820147442387269,0.0,0.0,0.0,0.006171236596791274,0.0,0.0001510103937620103,0.0
6.885000000000376,0.0,0.0,-6.919855562075798e-05,0.0,0.03820194880065631,0.0,0.0,0.0,0.005283416925056014,0.0,0.0002284501185117744,0.0
6.887500000000377,0.0,0.0,-5.715175457763231e-05,0.0,0.03820261826621563,0.0,0.0,0.0,0.00435440202476186,0.0,0.0003070800273043374,0.0
6.890000000000377,0.0,0.0,-4.747591075387449e-05,0.0,0.03820348540797341,0.0,0.0,0.0,0.003386680375274903,0.0,0.0003865898320386528,0.0
6.892500000000378,0.0,0.0,-4.026461273731347e-05,0.0,0.03820455204660266,0.0,0.0,0.0,0.002382793868500855,0.0,0.0004666764198321717,0.0
6.895000000000378,0.0,0.0,-3.560488322865307e-05,0.0,0.03820581922714645,0.0,0.0,0.0,0.001345453224571878,0.0,0.0005470224118971821,0.0
6.897500000000378,0.0,0.0,-3.357665586007649e-05,0.0,0.03820728721625938,0.0,0.0,0.0,0.0002776188147735201,0.0,0.0006273224678146409,0.0
6.900000000000379,0.0,0.0,-3.425236550631977e-05,0.0,0.03820895551210735,0.0,0.0,0.0,-0.0008176707906892781,0.0,0.0007072671447479043,0.0
6.902500000000379,0.0,0.0,-3.769681323458817e-05,0.0,0.038210822838899,0.0,0.0,0.0,-0.001937347161703785,0.0,0.0007865467215565162,0.0
6.90500000000038,0.0,0.0,-4.396712713914755e-05,0.0,0.03821288714761105,0.0,0.0,0.0,-0.003078340379151692,0.0,0.0008648523359954667,0.0
6.90750000000038,0.0,0.0,-5.311248445797601e-05,0.0,0.03821514562095869,0.0,0.0,0.0,-0.004237359810982702,0.0,0.0009418782427876734,0.0
6.91000000000038,0.0,0.0,-6.517384073847548e-05,0.0,0.03821759467493075,0.0,0.0,0.0,-0.005411118773364358,0.0,0.00101731680834362,0.0
6.912500000000381,0.0,0.0,-8.018386742046769e-05,0.0,0.03822022996687745,0.0,0.0,0.0,-0.006596276714577455,0.0,0.001090868756568162,0.0
6.915000000000381,0.0,0.0,-9.816679362205824e-05,0.0,0.03822304640699259,0.0,0.0,0.0,-0.00778942038666201,0.0,0.00116223565422694,0.0
6.917500000000381,0.0,0.0,-0.0001191384951637776,0.0,0.03822603815739375,0.0,0.0,0.0,-0.008987280388614455,0.0,0.001231117458450592,0.0
6.920000000000382,0.0,0.0,-0.0001431065341429985,0.0,0.0382291986439679,0.0,0.0,0.0,-0.01018647524130004,0.0,0.001297225225838602,0.0
6.922500000000382,0.0,0.0,-0.000170069954525035,0.0,0.03823252058935245,0.0,0.0,0.0,-0.01138357198762118,0.0,0.001360285292949547,0.0
6.925000000000383,0.0,0.0,-0.0002000192932906105,0.0,0.03823599604182527,0.0,0.0,0.0,-0.01257519798678398,0.0,0.001420031839548182,0.0
6.927500000000383,0.0,0.0,-0.0002329365899542364,0.0,0.03823961640373418,0.0,0.0,0.0,-0.01375792799051471,0.0,0.001476213935336886,0.0
6.930000000000383,0.0,0.0,-0.0002687954020894031,0.0,0.03824337247688545,0.0,0.0,0.0,-0.01492840169704081,0.0,0.001528602066676708,0.0
6.932500000000384,0.0,0.0,-0.0003075609467286452,0.0,0.03824725449596825,0.0,0.0,0.0,-0.01608330697458442,0.0,0.00157697205027415,0.0
6.935000000000384,0.0,0.0,-0.0003491900804366201,0.0,0.03825125215378281,0.0,0.0,0.0,-0.01721926768679437,0.0,0.001621114560616213,0.0
6.937500000000385,0.0,0.0,-0.0003936309659472639,0.0,0.03825535463493796,0.0,0.0,0.0,-0.01833270469401446,0.0,0.001660832356900687,0.0
6.940000000000385,0.0,0.0,-0.0004408223317207573,0.0,0.03825955060465967,0.0,0.0,0.0,-0.01941965049231511,0.0,0.001695907151341793,0.0
6.942500000000385,0.0,0.0,-0.0004906938783466442,0.0,0.03826382812124361,0.0,0.0,0.0,-0.02047684960188039,0.0,0.001726071742353701,0.0
6.945000000000386,0.0,0.0,-0.0005431668629644996,0.0,0.03826817458577116,0.0,0.0,0.0,-0.02150080302129442,0.0,0.001751067561191276,0.0
6.947500000000386,0.0,0.0,-0.0005981538497795323,0.0,0.03827257676701609,0.0,0.0,0.0,-0.02248805551219725,0.0,0.001770647350611461,0.0
6.950000000000387,0.0,0.0,-0.000655559155907311,0.0,0.03827702084241114,0.0,0.0,0.0,-0.02343546463436403,0.0,0.001784585273239723,0.0
6.952500000000387,0.0,0.0,-0.0007152797092273755,0.0,0.03828149244418003,0.0,0.0,0.0,-0.02434026123932408,0.0,0.00179267101783473,0.0
6.955000000000387,0.0,0.0,-0.0007772061190939669,0.0,0.03828597671061492,0.0,0.0,0.0,-0.02520015936275779,0.0,0.001794719736605015,0.0
6.957500000000388,0.0,0.0,-0.000841223300610986,0.0,0.0382904584063108,0.0,0.0,0.0,-0.02601288999778668,0.0,0.001790617338307107,0.0
6.960000000000388,0.0,0.0,-0.0009072110437225312,0.0,0.03829492211099167,0.0,0.0,0.0,-0.02677662181517763,0.0,0.001780329975055666,0.0
6.962500000000388,0.0,0.0,-0.0009750449459846612,0.0,0.03829935237219019,0.0,0.0,0.0,-0.02748983192819439,0.0,0.001763865699899838,0.0
6.965000000000389,0.0,0.0,-0.001044597505873647,0.0,0.03830373378723175,0.0,0.0,0.0,-0.02815156370443238,0.0,0.001741256273271498,0.0
6.967500000000389,0.0,0.0,-0.001115739031803667,0.0,0.03830805110761792,0.0,0.0,0.0,-0.02876102168963571,0.0,0.001712593276293911,0.0
6.97000000000039,0.0,0.0,-0.001188338017975343,0.0,0.03831228936064035,0.0,0.0,0.0,-0.02931754987327809,0.0,0.001678005707128841,0.0
6.97250000000039,0.0,0.0,-0.00126226171440242,0.0,0.038316433915547,0.0,0.0,0.0,-0.0298208087086309,0.0,0.001637638128674303,0.0
6.97500000000039,0.0,0.0,-0.001337376705685956,0.0,0.03832047053275695,0.0,0.0,0.0,-0.03027060532258141,0.0,0.001591658893262814,0.0
6.977500000000391,0.0,0.0,-0.001413549256102586,0.0,0.03832438540768878,0.0,0.0,0.0,-0.03066687633901431,0.0,0.001540247647365026,0.0
6.980000000000391,0.0,0.0,-0.001490645579677041,0.0,0.03832816522763242,0.0,0.0,0.0,-0.03100964492992033,0.0,0.001483618228491717,0.0
6.982500000000392,0.0,0.0,-0.001568532382773045,0.0,0.0383317972384563,0.0,0.0,0.0,-0.03129928207162148,0.0,0.001422003692004298,0.0
6.985000000000392,0.0,0.0,-0.001647077553542139,0.0,0.03833526930816164,0.0,0.0,0.0,-0.03153636092627689,0.0,0.001355668552319331,0.0
6.987500000000392,0.0,0.0,-0.001726149973176874,0.0,0.03833856993383091,0.0,0.0,0.0,-0.03172110313468598,0.0,0.00128485159077953,0.0
6.990000000000393,0.0,0.0,-0.001805619401024145,0.0,0.03834168822153758,0.0,0.0,0.0,-0.0318539897775558,0.0,0.001209801246512543,0.0
6.992500000000393,0.0,0.0,-0.001885356716681826,0.0,0.03834461391317086,0.0,0.0,0.0,-0.03193543602227605,0.0,0.001130777722789369,0.0
6.995000000000394,0.0,0.0,-0.001965234225741816,0.0,0.03834733742394603,0.0,0.0,0.0,-0.03196616742309341,0.0,0.001048059467427995,0.0
6.997500000000394,0.0,0.0,-0.00204512596691758,0.0,0.03834984985663199,0.0,0.0,0.0,-0.03194684483862725,0.0,0.0009619180688560272,0.0
7.000000000000394,0.0,0.0,-0.002124907706404737,0.0,0.03835214297883983,0.0,0.0,0.0,-0.03187818918427011,0.0,0.0008726137769432073,0.0
